fighterid,link
1,http://ufcstats.com/fighter-details/6e15f63b6c2e2c15
2,http://ufcstats.com/fighter-details/5d1b7e3dd9e11074
3,http://ufcstats.com/fighter-details/9560ff14eb3129f7
4,http://ufcstats.com/fighter-details/239d8e5359022f3b
5,http://ufcstats.com/fighter-details/64d47ef881a437a4
6,http://ufcstats.com/fighter-details/084532da3d25f3b8
7,http://ufcstats.com/fighter-details/20bccc9bb4ceb23e
8,http://ufcstats.com/fighter-details/5b03b61f9d90125e
9,http://ufcstats.com/fighter-details/8667caa0451d245b
10,http://ufcstats.com/fighter-details/095854a135e6db55
11,http://ufcstats.com/fighter-details/887961364be5ceb3
12,http://ufcstats.com/fighter-details/07bc580bdf3eb9c8
13,http://ufcstats.com/fighter-details/84b3e7d38f2d2ec5
14,http://ufcstats.com/fighter-details/f139d6836efd43dd
15,http://ufcstats.com/fighter-details/791c8437b341fba5
16,http://ufcstats.com/fighter-details/5d8006587d6a6711
17,http://ufcstats.com/fighter-details/0f3a990526c5e706
18,http://ufcstats.com/fighter-details/e56cee1ad697db04
19,http://ufcstats.com/fighter-details/51e2f44a8dbf6984
20,http://ufcstats.com/fighter-details/5078e1dacf9d25f4
21,http://ufcstats.com/fighter-details/73a78713bd899f4c
22,http://ufcstats.com/fighter-details/ba15006c804a8de0
23,http://ufcstats.com/fighter-details/5c637af9472ae7cc
24,http://ufcstats.com/fighter-details/59c438c81fbf3ece
25,http://ufcstats.com/fighter-details/c03520b5c88ed6b4
26,http://ufcstats.com/fighter-details/d661ce4da776fc20
27,http://ufcstats.com/fighter-details/a0f0004aadf10b71
28,http://ufcstats.com/fighter-details/17e97649403ba428
29,http://ufcstats.com/fighter-details/792be9a24df82ed6
30,http://ufcstats.com/fighter-details/4461d7e47375a895
31,http://ufcstats.com/fighter-details/056c493bbd76a918
32,http://ufcstats.com/fighter-details/6e743a33d56bdaa4
33,http://ufcstats.com/fighter-details/99df7d0a2a08a8a8
34,http://ufcstats.com/fighter-details/ef5dcb10d2bd4b0f
35,http://ufcstats.com/fighter-details/99bd51917728c25d
36,http://ufcstats.com/fighter-details/2e7878927067fdca
37,http://ufcstats.com/fighter-details/809bd1a871491508
38,http://ufcstats.com/fighter-details/fd406a32a6fb3a29
39,http://ufcstats.com/fighter-details/6a740daf1b279661
40,http://ufcstats.com/fighter-details/9d62c2d8ee151f08
41,http://ufcstats.com/fighter-details/ff62013d2fce6d13
42,http://ufcstats.com/fighter-details/1e4f273069fb9e85
43,http://ufcstats.com/fighter-details/7acbb0972e75281a
44,http://ufcstats.com/fighter-details/1e719d4b676dc19a
45,http://ufcstats.com/fighter-details/64a50dad704d1d49
46,http://ufcstats.com/fighter-details/4d8fa64202cee4c1
47,http://ufcstats.com/fighter-details/1c23ec2f1b71be40
48,http://ufcstats.com/fighter-details/6e8f1bcdda94ff45
49,http://ufcstats.com/fighter-details/841695e02c99a521
50,http://ufcstats.com/fighter-details/6d48a2df51749d91
51,http://ufcstats.com/fighter-details/8d11d9c13e2ccdf7
52,http://ufcstats.com/fighter-details/480779d7f9a424d3
53,http://ufcstats.com/fighter-details/eae48ff31db420c2
54,http://ufcstats.com/fighter-details/193b9d1858bc4df3
55,http://ufcstats.com/fighter-details/b1b0729d27936f2f
56,http://ufcstats.com/fighter-details/442c9011034ae1fd
57,http://ufcstats.com/fighter-details/0845c81e37d3bcb3
58,http://ufcstats.com/fighter-details/a495f599e787614f
59,http://ufcstats.com/fighter-details/0a1942069c9ad6b6
60,http://ufcstats.com/fighter-details/bf2c8e01b07d3eb1
61,http://ufcstats.com/fighter-details/fc08099550072fe4
62,http://ufcstats.com/fighter-details/6747ccd6d1acd266
63,http://ufcstats.com/fighter-details/f00ac08ab056af5d
64,http://ufcstats.com/fighter-details/98aa60cf58071fd6
65,http://ufcstats.com/fighter-details/fb37795db81f93f3
66,http://ufcstats.com/fighter-details/b1de86d835638319
67,http://ufcstats.com/fighter-details/9d19d9e4aa2662e8
68,http://ufcstats.com/fighter-details/de26d906f2874dd4
69,http://ufcstats.com/fighter-details/ab2b4ff41d6ebe0f
70,http://ufcstats.com/fighter-details/8d3273573b85be09
71,http://ufcstats.com/fighter-details/95aff2fd8d09a5f0
72,http://ufcstats.com/fighter-details/09a4447655fd4b7b
73,http://ufcstats.com/fighter-details/a4dc0f2b95df4cc1
74,http://ufcstats.com/fighter-details/4a6dff1b260bcf61
75,http://ufcstats.com/fighter-details/6a96ad1bc34fb113
76,http://ufcstats.com/fighter-details/d5bab53a1a603aac
77,http://ufcstats.com/fighter-details/ca28cdf526d6b6e9
78,http://ufcstats.com/fighter-details/52b6bf4528130e86
79,http://ufcstats.com/fighter-details/ac0874309da489b9
80,http://ufcstats.com/fighter-details/b5c19c34f12c917e
81,http://ufcstats.com/fighter-details/6b453bc35a823c3f
82,http://ufcstats.com/fighter-details/275aca31f61ba28c
83,http://ufcstats.com/fighter-details/132deb59abae64b1
84,http://ufcstats.com/fighter-details/1ebe20ebbfa15e29
85,http://ufcstats.com/fighter-details/45f7cb591c3ab00b
86,http://ufcstats.com/fighter-details/c32aeb1a59e6272d
87,http://ufcstats.com/fighter-details/f1fac969a1d70b08
88,http://ufcstats.com/fighter-details/7ee0fd831c0fe7c3
89,http://ufcstats.com/fighter-details/08af939f41b5a57b
90,http://ufcstats.com/fighter-details/c2299ec916bc7c56
91,http://ufcstats.com/fighter-details/35673bf5204524ee
92,http://ufcstats.com/fighter-details/260e9e0d4954aea6
93,http://ufcstats.com/fighter-details/9d83f6da776ff7d6
94,http://ufcstats.com/fighter-details/d1c65d2cf2925ddd
95,http://ufcstats.com/fighter-details/669970f7feba8ecd
96,http://ufcstats.com/fighter-details/68d4a891e5cf2029
97,http://ufcstats.com/fighter-details/2e45d08b3f2f02c8
98,http://ufcstats.com/fighter-details/d776b5814f2400b4
99,http://ufcstats.com/fighter-details/d6c0cdd7e467c440
100,http://ufcstats.com/fighter-details/6ac9bc2953c47345
101,http://ufcstats.com/fighter-details/b8bbdeff718dbb7d
102,http://ufcstats.com/fighter-details/e0c6edcb5b5d0b90
103,http://ufcstats.com/fighter-details/f0feeb2192937424
104,http://ufcstats.com/fighter-details/745fa7b605f8e2da
105,http://ufcstats.com/fighter-details/d1feea7a4bdcd503
106,http://ufcstats.com/fighter-details/9508cc6184cb2450
107,http://ufcstats.com/fighter-details/19c591115a58982c
108,http://ufcstats.com/fighter-details/72f890c5d421e705
109,http://ufcstats.com/fighter-details/01641ba5df0c69b0
110,http://ufcstats.com/fighter-details/c6aee362c7a7d482
111,http://ufcstats.com/fighter-details/67c1d46f4ed16f9e
112,http://ufcstats.com/fighter-details/2fe9032955c2e013
113,http://ufcstats.com/fighter-details/447f9858ae78f921
114,http://ufcstats.com/fighter-details/681399317dbf4701
115,http://ufcstats.com/fighter-details/06626b6287e1ae1e
116,http://ufcstats.com/fighter-details/eb393afdbe3293d5
117,http://ufcstats.com/fighter-details/a93f94c923c3a9cb
118,http://ufcstats.com/fighter-details/9384e71bca6c409d
119,http://ufcstats.com/fighter-details/41cc71cbf210e0fe
120,http://ufcstats.com/fighter-details/e00a3dee329a51f7
121,http://ufcstats.com/fighter-details/5987b2458f4b5290
122,http://ufcstats.com/fighter-details/b9f28e7045fdfce7
123,http://ufcstats.com/fighter-details/cc8c623cca88f54f
124,http://ufcstats.com/fighter-details/e3964ece586e0635
125,http://ufcstats.com/fighter-details/955da1675ad58a50
126,http://ufcstats.com/fighter-details/6a311920edd73c85
127,http://ufcstats.com/fighter-details/31ef8b67e13495b3
128,http://ufcstats.com/fighter-details/cffb87059e645bd1
129,http://ufcstats.com/fighter-details/46e0d677f91bacc0
130,http://ufcstats.com/fighter-details/850266b3dc4e506e
131,http://ufcstats.com/fighter-details/23dec7c47cb418f8
132,http://ufcstats.com/fighter-details/3eeec2f53cebdf12
133,http://ufcstats.com/fighter-details/97cf1a2c7c5e7889
134,http://ufcstats.com/fighter-details/ffe9703408fb5964
135,http://ufcstats.com/fighter-details/7d8435c56043b0ae
136,http://ufcstats.com/fighter-details/d66a46de8d705353
137,http://ufcstats.com/fighter-details/40f3cb27fc7305a1
138,http://ufcstats.com/fighter-details/a57cb948c4c70a47
139,http://ufcstats.com/fighter-details/70380ccdc81915b8
140,http://ufcstats.com/fighter-details/feedf3053472fe56
141,http://ufcstats.com/fighter-details/7cec3c4a5e7b6d68
142,http://ufcstats.com/fighter-details/253076a23d03dcd0
143,http://ufcstats.com/fighter-details/7f6ed67d3ed3c036
144,http://ufcstats.com/fighter-details/07a74004d964c7f4
145,http://ufcstats.com/fighter-details/7e9b36a9847db116
146,http://ufcstats.com/fighter-details/0e46690e55a8df75
147,http://ufcstats.com/fighter-details/117a06469813e4ef
148,http://ufcstats.com/fighter-details/ad5cb64af10fc946
149,http://ufcstats.com/fighter-details/4e6738062d469256
150,http://ufcstats.com/fighter-details/b9706f80d005036c
151,http://ufcstats.com/fighter-details/d3f5d33d61cd00c9
152,http://ufcstats.com/fighter-details/87f8699fdcc2c404
153,http://ufcstats.com/fighter-details/1235b31de15d0c6e
154,http://ufcstats.com/fighter-details/8e382b585a92affe
155,http://ufcstats.com/fighter-details/4a07b1988477502c
156,http://ufcstats.com/fighter-details/d35298b6df168456
157,http://ufcstats.com/fighter-details/c0d5c0c95c59050b
158,http://ufcstats.com/fighter-details/399afbabc02376b5
159,http://ufcstats.com/fighter-details/787bb1f087ccff8a
160,http://ufcstats.com/fighter-details/7dda2cf308f24a02
161,http://ufcstats.com/fighter-details/7447e9f28508106a
162,http://ufcstats.com/fighter-details/2b6fc1c02736833d
163,http://ufcstats.com/fighter-details/bc711b6dd95c1af6
164,http://ufcstats.com/fighter-details/279566840aa55bf2
165,http://ufcstats.com/fighter-details/41e83a89929d1327
166,http://ufcstats.com/fighter-details/333b9e5c723ac873
167,http://ufcstats.com/fighter-details/e90a2f22417af68e
168,http://ufcstats.com/fighter-details/b7b84ccd221be298
169,http://ufcstats.com/fighter-details/17734443a833cdf7
170,http://ufcstats.com/fighter-details/b07aed698fba8624
171,http://ufcstats.com/fighter-details/285ae0b4a68221f4
172,http://ufcstats.com/fighter-details/5b86d491d63890c5
173,http://ufcstats.com/fighter-details/849c5d9979df5357
174,http://ufcstats.com/fighter-details/f5779a2303ed76ec
175,http://ufcstats.com/fighter-details/cdb7b38b1b357f26
176,http://ufcstats.com/fighter-details/329e403448756217
177,http://ufcstats.com/fighter-details/7d6ceff6747f2de2
178,http://ufcstats.com/fighter-details/3329d692aea4dc28
179,http://ufcstats.com/fighter-details/7a5e8c94a86f9895
180,http://ufcstats.com/fighter-details/7f1bf0c255ec8756
181,http://ufcstats.com/fighter-details/0be6776db31d98ec
182,http://ufcstats.com/fighter-details/bc7d1ad49fcb2d08
183,http://ufcstats.com/fighter-details/43a59ce3bb40449e
184,http://ufcstats.com/fighter-details/d549cefc7c54ab78
185,http://ufcstats.com/fighter-details/2f181c0467965b98
186,http://ufcstats.com/fighter-details/3a46b268013afede
187,http://ufcstats.com/fighter-details/dd6103dd7127db1d
188,http://ufcstats.com/fighter-details/7c7332319c14094c
189,http://ufcstats.com/fighter-details/24656ef4d605c96f
190,http://ufcstats.com/fighter-details/34ff304266360297
191,http://ufcstats.com/fighter-details/a9e260472d321361
192,http://ufcstats.com/fighter-details/f1d64ae34e088832
193,http://ufcstats.com/fighter-details/113df4fde64735c6
194,http://ufcstats.com/fighter-details/31f8081c7600da93
195,http://ufcstats.com/fighter-details/dccb63727f2f5f74
196,http://ufcstats.com/fighter-details/873626e5547b5235
197,http://ufcstats.com/fighter-details/519e4fe37ce9ff75
198,http://ufcstats.com/fighter-details/700a674c042b7a96
199,http://ufcstats.com/fighter-details/7d420039bbfe7c1a
200,http://ufcstats.com/fighter-details/294aa73dbf37d281
201,http://ufcstats.com/fighter-details/b671bdf981ad527d
202,http://ufcstats.com/fighter-details/b7c5eb7cdbac6a63
203,http://ufcstats.com/fighter-details/312f7d7b2b2f7de4
204,http://ufcstats.com/fighter-details/1b35af4d1529adf6
205,http://ufcstats.com/fighter-details/4948e412fa6ab67d
206,http://ufcstats.com/fighter-details/3bc3f60b21cddc6a
207,http://ufcstats.com/fighter-details/7674b836ce0698a0
208,http://ufcstats.com/fighter-details/2c5f5749569eef66
209,http://ufcstats.com/fighter-details/07225ba28ae309b6
210,http://ufcstats.com/fighter-details/72db2a14ffa73ece
211,http://ufcstats.com/fighter-details/aa72b0f831d0bfe5
212,http://ufcstats.com/fighter-details/cc1a8b4b38b92c6d
213,http://ufcstats.com/fighter-details/6d4b63c767106d3a
214,http://ufcstats.com/fighter-details/58bbef3770bb2dfc
215,http://ufcstats.com/fighter-details/25f9a5f3e8a52618
216,http://ufcstats.com/fighter-details/39d309957c5c210d
217,http://ufcstats.com/fighter-details/1ae8f3c723aacff4
218,http://ufcstats.com/fighter-details/7facc9c45d792985
219,http://ufcstats.com/fighter-details/710f0f8c5d5c9d41
220,http://ufcstats.com/fighter-details/01c9e4013afce141
221,http://ufcstats.com/fighter-details/65adf3856c4d9256
222,http://ufcstats.com/fighter-details/b62d5280966b2460
223,http://ufcstats.com/fighter-details/71171fc96445bf65
224,http://ufcstats.com/fighter-details/764d39074a352e33
225,http://ufcstats.com/fighter-details/eff9074bc066f0f2
226,http://ufcstats.com/fighter-details/103e2e33a60683e1
227,http://ufcstats.com/fighter-details/e0d3d9b564f95635
228,http://ufcstats.com/fighter-details/2bd98ab77a8daa75
229,http://ufcstats.com/fighter-details/abb68e3c7ca128f2
230,http://ufcstats.com/fighter-details/d7c3816669784109
231,http://ufcstats.com/fighter-details/6fc506e1099afe20
232,http://ufcstats.com/fighter-details/72ea1984c52019b5
233,http://ufcstats.com/fighter-details/d802174b0c0c1f4e
234,http://ufcstats.com/fighter-details/e5549c82bfb5582d
235,http://ufcstats.com/fighter-details/65f09bacd3957381
236,http://ufcstats.com/fighter-details/009341ed974bad72
237,http://ufcstats.com/fighter-details/749f572d1d3161fb
238,http://ufcstats.com/fighter-details/fba03cd6cc28dc41
239,http://ufcstats.com/fighter-details/52c2ae6d2f2d2613
240,http://ufcstats.com/fighter-details/36b8f265bcd1b7a4
241,http://ufcstats.com/fighter-details/c1085e1701b13eca
242,http://ufcstats.com/fighter-details/2f815ed5f8278ba6
243,http://ufcstats.com/fighter-details/563a1d42bb0e3cef
244,http://ufcstats.com/fighter-details/b67d6bacc68d4c92
245,http://ufcstats.com/fighter-details/a44020ea2e8cd026
246,http://ufcstats.com/fighter-details/2cfba6c837c03ed0
247,http://ufcstats.com/fighter-details/6902fcf0610dd303
248,http://ufcstats.com/fighter-details/4144798612ef96e5
249,http://ufcstats.com/fighter-details/886264a0c9f4ea5e
250,http://ufcstats.com/fighter-details/64facb6cc564262d
251,http://ufcstats.com/fighter-details/0f1efce7d2571d10
252,http://ufcstats.com/fighter-details/9cdd2da1a9104a0b
253,http://ufcstats.com/fighter-details/3143bf892608139a
254,http://ufcstats.com/fighter-details/45f0cc9d18f35137
255,http://ufcstats.com/fighter-details/a09ed60aa67a3f67
256,http://ufcstats.com/fighter-details/3d074044a33825e7
257,http://ufcstats.com/fighter-details/32c3ee378671a5d9
258,http://ufcstats.com/fighter-details/4798e823ada58fe9
259,http://ufcstats.com/fighter-details/4333a8e70a672eb7
260,http://ufcstats.com/fighter-details/9014c02eff8b3d62
261,http://ufcstats.com/fighter-details/2e19380f34871c6a
262,http://ufcstats.com/fighter-details/70e1f8a821b72c8b
263,http://ufcstats.com/fighter-details/64ad3e3b0efa30bb
264,http://ufcstats.com/fighter-details/a9da3158dd2c2b5a
265,http://ufcstats.com/fighter-details/c5ccd878231c5407
266,http://ufcstats.com/fighter-details/a845f0735bc67405
267,http://ufcstats.com/fighter-details/6c3b2525436cf5d4
268,http://ufcstats.com/fighter-details/b39f7a6c2be17ee8
269,http://ufcstats.com/fighter-details/b4b496ec2197ee3e
270,http://ufcstats.com/fighter-details/69898645d600abdb
271,http://ufcstats.com/fighter-details/8ebc3a8da015d70c
272,http://ufcstats.com/fighter-details/5f61780fe5e9b6d0
273,http://ufcstats.com/fighter-details/af9f42e6894047fc
274,http://ufcstats.com/fighter-details/40a456a25d52ee65
275,http://ufcstats.com/fighter-details/ed7d329d7c29428d
276,http://ufcstats.com/fighter-details/723b64c0e9a8f348
277,http://ufcstats.com/fighter-details/ca80d72da81d7224
278,http://ufcstats.com/fighter-details/528b071cf3da7c56
279,http://ufcstats.com/fighter-details/d0fd0d9ee560dae7
280,http://ufcstats.com/fighter-details/87e4a3a5080ee7ce
281,http://ufcstats.com/fighter-details/4e30e4250cb08b61
282,http://ufcstats.com/fighter-details/545092d13c67aa49
283,http://ufcstats.com/fighter-details/f166e93d04a8c274
284,http://ufcstats.com/fighter-details/52ef95b5860fb28c
285,http://ufcstats.com/fighter-details/05339613bf8e9808
286,http://ufcstats.com/fighter-details/9a97acbfd5a08bfa
287,http://ufcstats.com/fighter-details/e132d47bd9efbbe0
288,http://ufcstats.com/fighter-details/7026eca45f65377b
289,http://ufcstats.com/fighter-details/8c0580d4fff106c1
290,http://ufcstats.com/fighter-details/71505842fb6455c3
291,http://ufcstats.com/fighter-details/262a7d06203657e6
292,http://ufcstats.com/fighter-details/f53d4f21d1b5f2dc
293,http://ufcstats.com/fighter-details/faf317c665546a36
294,http://ufcstats.com/fighter-details/32feae6d9a1e5047
295,http://ufcstats.com/fighter-details/baa9be02c3e3e038
296,http://ufcstats.com/fighter-details/866fd7b1a6c90e7f
297,http://ufcstats.com/fighter-details/d747eb273a40a920
298,http://ufcstats.com/fighter-details/ae7fe94f117f98cf
299,http://ufcstats.com/fighter-details/b08012bbe542592a
300,http://ufcstats.com/fighter-details/3df5493bb279226f
301,http://ufcstats.com/fighter-details/c051c2e12d692b8a
302,http://ufcstats.com/fighter-details/29162be25ebef5f0
303,http://ufcstats.com/fighter-details/3fa97913cfd205d3
304,http://ufcstats.com/fighter-details/5e9ca8dd7d783a75
305,http://ufcstats.com/fighter-details/60193e707634e560
306,http://ufcstats.com/fighter-details/81d2c551886bd5a1
307,http://ufcstats.com/fighter-details/c06d6b18862f9a53
308,http://ufcstats.com/fighter-details/70dd69b6a703257e
309,http://ufcstats.com/fighter-details/881bf86d4cba8578
310,http://ufcstats.com/fighter-details/4126a78111c0855a
311,http://ufcstats.com/fighter-details/9c393e836a852f30
312,http://ufcstats.com/fighter-details/476fe566d2df676e
313,http://ufcstats.com/fighter-details/eabf206b162b3b83
314,http://ufcstats.com/fighter-details/4bdedbdeedff7d1d
315,http://ufcstats.com/fighter-details/f6ad6a1e4d600e0d
316,http://ufcstats.com/fighter-details/1d2d98ddd05b38fb
317,http://ufcstats.com/fighter-details/f748267c4ab6c127
318,http://ufcstats.com/fighter-details/e1d40e8782d80bc2
319,http://ufcstats.com/fighter-details/92aed9d16794f42b
320,http://ufcstats.com/fighter-details/46e2011d92463b7e
321,http://ufcstats.com/fighter-details/49edd0d90f60fb7d
322,http://ufcstats.com/fighter-details/c9cf753cfdf77fc2
323,http://ufcstats.com/fighter-details/2dbc60c52de126d8
324,http://ufcstats.com/fighter-details/ec13c393d029297d
325,http://ufcstats.com/fighter-details/8b6e5dc2ba1edbe7
326,http://ufcstats.com/fighter-details/31dbfbe4e7a6727c
327,http://ufcstats.com/fighter-details/0c6d9ea8306c029e
328,http://ufcstats.com/fighter-details/f96856f9d69fd7e4
329,http://ufcstats.com/fighter-details/2caf993f53541fa1
330,http://ufcstats.com/fighter-details/8f765fd5775a8873
331,http://ufcstats.com/fighter-details/9c442aaf149ea982
332,http://ufcstats.com/fighter-details/e94085e821bd81de
333,http://ufcstats.com/fighter-details/c21f26bbde777573
334,http://ufcstats.com/fighter-details/8a65fd9ba31fd3f7
335,http://ufcstats.com/fighter-details/def8166ff24bd237
336,http://ufcstats.com/fighter-details/cb696ebfb6598724
337,http://ufcstats.com/fighter-details/f14cf73e51b29254
338,http://ufcstats.com/fighter-details/3cf18e01cb6cbde3
339,http://ufcstats.com/fighter-details/34b96d52db1d26e6
340,http://ufcstats.com/fighter-details/7498b3ac79a3b948
341,http://ufcstats.com/fighter-details/4729c93ba705a3bf
342,http://ufcstats.com/fighter-details/8c1ca54b5089d199
343,http://ufcstats.com/fighter-details/b2a78df161bd67f9
344,http://ufcstats.com/fighter-details/814e5233e2acf2ee
345,http://ufcstats.com/fighter-details/bb2c3c3a466224af
346,http://ufcstats.com/fighter-details/a13d755965a4ec9f
347,http://ufcstats.com/fighter-details/d2cd7a69cc55e7ed
348,http://ufcstats.com/fighter-details/595db60957de51d3
349,http://ufcstats.com/fighter-details/3f11fd1751fa83b1
350,http://ufcstats.com/fighter-details/7b3503352cd53abb
351,http://ufcstats.com/fighter-details/86bace9e4ad85542
352,http://ufcstats.com/fighter-details/a474aade8eb3a8f0
353,http://ufcstats.com/fighter-details/02f484417a6fa69d
354,http://ufcstats.com/fighter-details/709fadb644ee3f51
355,http://ufcstats.com/fighter-details/0d7b51c9d2649a6e
356,http://ufcstats.com/fighter-details/767755fd74662dbf
357,http://ufcstats.com/fighter-details/396fe87b84ac2e1c
358,http://ufcstats.com/fighter-details/5537efc6e496dd84
359,http://ufcstats.com/fighter-details/b997be68943010fc
360,http://ufcstats.com/fighter-details/13a0275fa13c4d26
361,http://ufcstats.com/fighter-details/a67d071163962af8
362,http://ufcstats.com/fighter-details/c96d9178c9ed9e62
363,http://ufcstats.com/fighter-details/d33da8a3d82bdb62
364,http://ufcstats.com/fighter-details/64b12fe31be7560c
365,http://ufcstats.com/fighter-details/0d65c432720accb9
366,http://ufcstats.com/fighter-details/6a1901c62ab3870f
367,http://ufcstats.com/fighter-details/8e5d953bdb9ae5e7
368,http://ufcstats.com/fighter-details/971246648e162f0d
369,http://ufcstats.com/fighter-details/7cbf7c78d3b34218
370,http://ufcstats.com/fighter-details/27b388f0aab49780
371,http://ufcstats.com/fighter-details/30cad5a751adcb48
372,http://ufcstats.com/fighter-details/327d5f279895110d
373,http://ufcstats.com/fighter-details/093e1f5bb73850be
374,http://ufcstats.com/fighter-details/32ab52e5de93092d
375,http://ufcstats.com/fighter-details/6d68c1afe954f121
376,http://ufcstats.com/fighter-details/abcf2cc6efc42031
377,http://ufcstats.com/fighter-details/8fd808923cffff82
378,http://ufcstats.com/fighter-details/5ec591b78349ba7e
379,http://ufcstats.com/fighter-details/ffd3224638c01b57
380,http://ufcstats.com/fighter-details/cad24459b28592ca
381,http://ufcstats.com/fighter-details/6add18754930182b
382,http://ufcstats.com/fighter-details/7478b7f959ba61f5
383,http://ufcstats.com/fighter-details/148bb103cfbf123e
384,http://ufcstats.com/fighter-details/f9ab66e67240db7b
385,http://ufcstats.com/fighter-details/b1e5bcaad32a3cac
386,http://ufcstats.com/fighter-details/b12fb759e02378de
387,http://ufcstats.com/fighter-details/a6eb54ae17a551be
388,http://ufcstats.com/fighter-details/a78a87d8c2bbb1cb
389,http://ufcstats.com/fighter-details/f14f644d41ade29f
390,http://ufcstats.com/fighter-details/48a9a128784d53d1
391,http://ufcstats.com/fighter-details/323d4ca260dfa0ba
392,http://ufcstats.com/fighter-details/351c4ec637380ad5
393,http://ufcstats.com/fighter-details/f2b3f4ef3f780168
394,http://ufcstats.com/fighter-details/8adcbd525fab8d9b
395,http://ufcstats.com/fighter-details/d964a59c48381cb6
396,http://ufcstats.com/fighter-details/d8c811df0386d5e8
397,http://ufcstats.com/fighter-details/a2d342ffc83913ed
398,http://ufcstats.com/fighter-details/147e70aa6cc48cfc
399,http://ufcstats.com/fighter-details/7eaa5e31c2dd86aa
400,http://ufcstats.com/fighter-details/22e07d3da1aa3475
401,http://ufcstats.com/fighter-details/d3f89fa685bd8420
402,http://ufcstats.com/fighter-details/450bcab0968562c4
403,http://ufcstats.com/fighter-details/83455a9d17f57dae
404,http://ufcstats.com/fighter-details/53c10176e3bc7416
405,http://ufcstats.com/fighter-details/e375cb5caf4717b6
406,http://ufcstats.com/fighter-details/8bd4200561c77a62
407,http://ufcstats.com/fighter-details/e1147d3d2dabe1ce
408,http://ufcstats.com/fighter-details/c0ac37a4a1133da9
409,http://ufcstats.com/fighter-details/06734ca9d88dec3a
410,http://ufcstats.com/fighter-details/8e9eb3fc86db0f7d
411,http://ufcstats.com/fighter-details/88be62d6c1e6dadb
412,http://ufcstats.com/fighter-details/1091d4d957141094
413,http://ufcstats.com/fighter-details/d9c6f19f958643e9
414,http://ufcstats.com/fighter-details/0fd5f4b838e890cc
415,http://ufcstats.com/fighter-details/28d421729451c8ca
416,http://ufcstats.com/fighter-details/da22387a0407a2dc
417,http://ufcstats.com/fighter-details/beecb672a279223e
418,http://ufcstats.com/fighter-details/d25240135aee03e5
419,http://ufcstats.com/fighter-details/3753714927f18437
420,http://ufcstats.com/fighter-details/69037fc7730e4225
421,http://ufcstats.com/fighter-details/8eb046f83e82bf26
422,http://ufcstats.com/fighter-details/150ff4cc642270b9
423,http://ufcstats.com/fighter-details/029eaff01e6bb8f0
424,http://ufcstats.com/fighter-details/2e5c2aa8e4ab9d82
425,http://ufcstats.com/fighter-details/8a1f3b5c526cd6e6
426,http://ufcstats.com/fighter-details/82a5152216251682
427,http://ufcstats.com/fighter-details/98a58c26c5b1ed17
428,http://ufcstats.com/fighter-details/511e82663651438d
429,http://ufcstats.com/fighter-details/4148802ae4a50768
430,http://ufcstats.com/fighter-details/60425d07ef4b91a7
431,http://ufcstats.com/fighter-details/18d01f7f8338ae72
432,http://ufcstats.com/fighter-details/3920d0cc288f9b0d
433,http://ufcstats.com/fighter-details/0cd0456d6029cec2
434,http://ufcstats.com/fighter-details/a01a62132460a98d
435,http://ufcstats.com/fighter-details/e803242fb2e41112
436,http://ufcstats.com/fighter-details/6370c1c1e12723d5
437,http://ufcstats.com/fighter-details/a67f5afa8d6a1b80
438,http://ufcstats.com/fighter-details/0c25d0a5e8cdbf19
439,http://ufcstats.com/fighter-details/f1ab6f37492c630a
440,http://ufcstats.com/fighter-details/fc0a4053eb8a3a59
441,http://ufcstats.com/fighter-details/d3df1add9d9a7efb
442,http://ufcstats.com/fighter-details/17923f676f100e16
443,http://ufcstats.com/fighter-details/4a28cb716c19157a
444,http://ufcstats.com/fighter-details/751de04455cfaac0
445,http://ufcstats.com/fighter-details/583ee11abddfc581
446,http://ufcstats.com/fighter-details/be9bdec19b7e9ffe
447,http://ufcstats.com/fighter-details/c15fa95b9a12fde4
448,http://ufcstats.com/fighter-details/3e8118c1ab52f211
449,http://ufcstats.com/fighter-details/b0d6a1d8ac3d563d
450,http://ufcstats.com/fighter-details/5442f1bc4b47eaf3
451,http://ufcstats.com/fighter-details/c68c68efaa5ca6ef
452,http://ufcstats.com/fighter-details/729d4bd5a6cd0a97
453,http://ufcstats.com/fighter-details/de594b35c45c2e9a
454,http://ufcstats.com/fighter-details/e99eb0ef25885de5
455,http://ufcstats.com/fighter-details/fb3e61720be4690c
456,http://ufcstats.com/fighter-details/3f4c3bc822bea45d
457,http://ufcstats.com/fighter-details/54f64b5e283b0ce7
458,http://ufcstats.com/fighter-details/853eb0dd5c0e2149
459,http://ufcstats.com/fighter-details/b6452706b373eea1
460,http://ufcstats.com/fighter-details/9256f591b30c073e
461,http://ufcstats.com/fighter-details/36541f1e6c5d4955
462,http://ufcstats.com/fighter-details/d8da10db80131bec
463,http://ufcstats.com/fighter-details/85497ffd934ecf7e
464,http://ufcstats.com/fighter-details/ab2a4b5e04dc5fe9
465,http://ufcstats.com/fighter-details/5444c5a201d3ee5a
466,http://ufcstats.com/fighter-details/c814b4c899793af6
467,http://ufcstats.com/fighter-details/e4a47b07044ddd72
468,http://ufcstats.com/fighter-details/fa6796c55d6c5440
469,http://ufcstats.com/fighter-details/739fd4fbb5d862f4
470,http://ufcstats.com/fighter-details/ae81a3ac7b260411
471,http://ufcstats.com/fighter-details/37f560436d745c18
472,http://ufcstats.com/fighter-details/6b56e94a59b7b134
473,http://ufcstats.com/fighter-details/07047eb7d17fb0a2
474,http://ufcstats.com/fighter-details/bd532e9a2b93870c
475,http://ufcstats.com/fighter-details/9f5e3c20ce40b344
476,http://ufcstats.com/fighter-details/da7f113b5ea39c43
477,http://ufcstats.com/fighter-details/f1b2aa7853d1ed6e
478,http://ufcstats.com/fighter-details/b9437600497350f3
479,http://ufcstats.com/fighter-details/47b63240018d5d86
480,http://ufcstats.com/fighter-details/f29a6350c69f4a33
481,http://ufcstats.com/fighter-details/d8c7c61b176e3994
482,http://ufcstats.com/fighter-details/c58f51dedb310998
483,http://ufcstats.com/fighter-details/523fa774700d7d3f
484,http://ufcstats.com/fighter-details/9c27f3217891f3f0
485,http://ufcstats.com/fighter-details/5c84f673b7bb7c15
486,http://ufcstats.com/fighter-details/1497e735d9f2560a
487,http://ufcstats.com/fighter-details/2c483cf443f38ece
488,http://ufcstats.com/fighter-details/b50a426a33da0012
489,http://ufcstats.com/fighter-details/3253b16d38ae087d
490,http://ufcstats.com/fighter-details/1af1170ed937cba7
491,http://ufcstats.com/fighter-details/e2f6b2769aaedd6c
492,http://ufcstats.com/fighter-details/2558ae2e5671e318
493,http://ufcstats.com/fighter-details/6551c64fbcd1a467
494,http://ufcstats.com/fighter-details/2997e7fe3c9d3d4a
495,http://ufcstats.com/fighter-details/57186c150c645200
496,http://ufcstats.com/fighter-details/c739c2995a275314
497,http://ufcstats.com/fighter-details/e2be0c1a9b886d92
498,http://ufcstats.com/fighter-details/001eb2ab0f30e7ea
499,http://ufcstats.com/fighter-details/fa07345cc9db5cc9
500,http://ufcstats.com/fighter-details/e4277e87a789d687
501,http://ufcstats.com/fighter-details/0abcf6bc47191219
502,http://ufcstats.com/fighter-details/a7151778b3381036
503,http://ufcstats.com/fighter-details/ac026518a9b4dc0f
504,http://ufcstats.com/fighter-details/02bb48869eb7ac8f
505,http://ufcstats.com/fighter-details/23024fdfc966410a
506,http://ufcstats.com/fighter-details/94426bb170c88115
507,http://ufcstats.com/fighter-details/49d2a08964c5eb11
508,http://ufcstats.com/fighter-details/902ec2cc48c8ae8a
509,http://ufcstats.com/fighter-details/5eb50529a8418b77
510,http://ufcstats.com/fighter-details/d945aae53e3e54e6
511,http://ufcstats.com/fighter-details/36e78278a77006d4
512,http://ufcstats.com/fighter-details/ac7c765882f2c68c
513,http://ufcstats.com/fighter-details/798e48f9e7f6ba22
514,http://ufcstats.com/fighter-details/a3a542074109b347
515,http://ufcstats.com/fighter-details/d0f3959b4a9747e6
516,http://ufcstats.com/fighter-details/e8b731feff72294b
517,http://ufcstats.com/fighter-details/262d32ebda89efc4
518,http://ufcstats.com/fighter-details/cd13728ae1151f46
519,http://ufcstats.com/fighter-details/12ebd7d157e91701
520,http://ufcstats.com/fighter-details/d008d785f6347dc2
521,http://ufcstats.com/fighter-details/7b433309b0fd12aa
522,http://ufcstats.com/fighter-details/6d1bffff14897645
523,http://ufcstats.com/fighter-details/1a2bf44edb8055b6
524,http://ufcstats.com/fighter-details/18968f97ad34f15c
525,http://ufcstats.com/fighter-details/b96619b3acd7d9da
526,http://ufcstats.com/fighter-details/cd2c4d30c6e13b47
527,http://ufcstats.com/fighter-details/38c7f72747f4f712
528,http://ufcstats.com/fighter-details/96924b0019b3aff1
529,http://ufcstats.com/fighter-details/1a9480fc288e55d7
530,http://ufcstats.com/fighter-details/aa0c573da7119292
531,http://ufcstats.com/fighter-details/38c5817ade8a8014
532,http://ufcstats.com/fighter-details/d4c9dcd330403612
533,http://ufcstats.com/fighter-details/09e62c450e754913
534,http://ufcstats.com/fighter-details/d9a56ecb6e94f02e
535,http://ufcstats.com/fighter-details/5fa2974cbd18e05c
536,http://ufcstats.com/fighter-details/1897b7b913736a7c
537,http://ufcstats.com/fighter-details/3c8a5200436e19f3
538,http://ufcstats.com/fighter-details/9673a497a9da119a
539,http://ufcstats.com/fighter-details/15ea371202eb25e1
540,http://ufcstats.com/fighter-details/af9efbfd63d39734
541,http://ufcstats.com/fighter-details/e1248941344b3288
542,http://ufcstats.com/fighter-details/4b93a88f3b1de35b
543,http://ufcstats.com/fighter-details/7826923b47f8d72a
544,http://ufcstats.com/fighter-details/cbf5e6f231b55443
545,http://ufcstats.com/fighter-details/4682bc59d5f55145
546,http://ufcstats.com/fighter-details/c41d426cc7326d1b
547,http://ufcstats.com/fighter-details/d1941565abf50b16
548,http://ufcstats.com/fighter-details/92a9aa9c93192871
549,http://ufcstats.com/fighter-details/3c26c420584d912d
550,http://ufcstats.com/fighter-details/8173f134396cb971
551,http://ufcstats.com/fighter-details/fbb60f24af5d5a02
552,http://ufcstats.com/fighter-details/d7e40dca3ae125be
553,http://ufcstats.com/fighter-details/efc67b07eed39794
554,http://ufcstats.com/fighter-details/eb8d8c2a95cfccb8
555,http://ufcstats.com/fighter-details/f7be1db194e03d7e
556,http://ufcstats.com/fighter-details/5ef94841c4bc3f86
557,http://ufcstats.com/fighter-details/077e3ace32b72be9
558,http://ufcstats.com/fighter-details/fe2babf95de24fb1
559,http://ufcstats.com/fighter-details/37098a6e6c27fb66
560,http://ufcstats.com/fighter-details/f2900678e98f6d6a
561,http://ufcstats.com/fighter-details/c77a953488e5607d
562,http://ufcstats.com/fighter-details/b909a9a9688b5284
563,http://ufcstats.com/fighter-details/fd55393021a8c255
564,http://ufcstats.com/fighter-details/51018a31ddf31eb2
565,http://ufcstats.com/fighter-details/6d38e41efa47a72d
566,http://ufcstats.com/fighter-details/4c88a1db5a46c6a4
567,http://ufcstats.com/fighter-details/5cdf5339728f580d
568,http://ufcstats.com/fighter-details/0d5cc0170c1a7e71
569,http://ufcstats.com/fighter-details/19f8a2f6eecd92ac
570,http://ufcstats.com/fighter-details/42ac4020cba261ad
571,http://ufcstats.com/fighter-details/7772b283d288dbe2
572,http://ufcstats.com/fighter-details/a68575214ecad140
573,http://ufcstats.com/fighter-details/d1053e55f00e53fe
574,http://ufcstats.com/fighter-details/07f959e6596307bb
575,http://ufcstats.com/fighter-details/e8fe9c15d348e778
576,http://ufcstats.com/fighter-details/b1f21ce050035d58
577,http://ufcstats.com/fighter-details/68d35296f566792b
578,http://ufcstats.com/fighter-details/c3d2b9bcb4cead6b
579,http://ufcstats.com/fighter-details/9e8f6c728eb01124
580,http://ufcstats.com/fighter-details/2f43a3e82661fa99
581,http://ufcstats.com/fighter-details/369ea36e450ae62a
582,http://ufcstats.com/fighter-details/cdb96af67d096b1e
583,http://ufcstats.com/fighter-details/5d495dec23d7c68e
584,http://ufcstats.com/fighter-details/6967153c7edb4d87
585,http://ufcstats.com/fighter-details/d0e1b42d41dab603
586,http://ufcstats.com/fighter-details/05fa626cb33d15b8
587,http://ufcstats.com/fighter-details/6fd953151d981979
588,http://ufcstats.com/fighter-details/7d0a1968b38ca439
589,http://ufcstats.com/fighter-details/efb96bf3e9ada36f
590,http://ufcstats.com/fighter-details/a52bc1e62cf0b7c6
591,http://ufcstats.com/fighter-details/bbab3baf66128ae2
592,http://ufcstats.com/fighter-details/a817e238b2747404
593,http://ufcstats.com/fighter-details/86d9dbe1bfcbade7
594,http://ufcstats.com/fighter-details/0d8011111be000b2
595,http://ufcstats.com/fighter-details/e13abac8089a801a
596,http://ufcstats.com/fighter-details/f2f140ce7532e327
597,http://ufcstats.com/fighter-details/7138a15258dabf20
598,http://ufcstats.com/fighter-details/aebaa8cec15b083d
599,http://ufcstats.com/fighter-details/f782f953bfe7b5f2
600,http://ufcstats.com/fighter-details/dda15dbfafb792df
601,http://ufcstats.com/fighter-details/a72a2a769fa5a2be
602,http://ufcstats.com/fighter-details/1338e2c7480bdf9e
603,http://ufcstats.com/fighter-details/2cd428e9606856fd
604,http://ufcstats.com/fighter-details/38c626ca912c7bac
605,http://ufcstats.com/fighter-details/11583163f45c7b31
606,http://ufcstats.com/fighter-details/f41b9f5efc7162d6
607,http://ufcstats.com/fighter-details/06e4245d16fc5315
608,http://ufcstats.com/fighter-details/a54660deb6a8489c
609,http://ufcstats.com/fighter-details/cd3d7e37ff2d679c
610,http://ufcstats.com/fighter-details/b6c37948cb226e8c
611,http://ufcstats.com/fighter-details/a53d30163304aa6e
612,http://ufcstats.com/fighter-details/eae431e70064e046
613,http://ufcstats.com/fighter-details/84f727cf0166d6f2
614,http://ufcstats.com/fighter-details/260bd4cef10b033f
615,http://ufcstats.com/fighter-details/cfc3e7bb44685289
616,http://ufcstats.com/fighter-details/9fe7af8b3fbe00a0
617,http://ufcstats.com/fighter-details/e4faa79383c9f214
618,http://ufcstats.com/fighter-details/6e344b71421103da
619,http://ufcstats.com/fighter-details/6c9b66b43663f2f7
620,http://ufcstats.com/fighter-details/af65aa688d13eedf
621,http://ufcstats.com/fighter-details/dc9572dd6ec74859
622,http://ufcstats.com/fighter-details/d247691a6c0e9034
623,http://ufcstats.com/fighter-details/aa171d55d4b5208f
624,http://ufcstats.com/fighter-details/0232cabbc30a2372
625,http://ufcstats.com/fighter-details/ee18ff42063174df
626,http://ufcstats.com/fighter-details/d2f43cfaf8ca3560
627,http://ufcstats.com/fighter-details/971dba22c622af12
628,http://ufcstats.com/fighter-details/01afe0916a40c7c5
629,http://ufcstats.com/fighter-details/242d36d241b43c12
630,http://ufcstats.com/fighter-details/e93b04e308913c2e
631,http://ufcstats.com/fighter-details/76e2870ffafbe38f
632,http://ufcstats.com/fighter-details/f626118b6da0e020
633,http://ufcstats.com/fighter-details/3a8176e15b9887c1
634,http://ufcstats.com/fighter-details/c47df9303d318c67
635,http://ufcstats.com/fighter-details/32490e80ddab1e5a
636,http://ufcstats.com/fighter-details/8677e67a75d65b8e
637,http://ufcstats.com/fighter-details/296a120cb880477b
638,http://ufcstats.com/fighter-details/3be16d817b36098b
639,http://ufcstats.com/fighter-details/d683f4870742b273
640,http://ufcstats.com/fighter-details/c940b42df95bbd28
641,http://ufcstats.com/fighter-details/17cb6d8e8187f304
642,http://ufcstats.com/fighter-details/07f72a2a7591b409
643,http://ufcstats.com/fighter-details/d28dee5c705991df
644,http://ufcstats.com/fighter-details/93b2b7caa457cbea
645,http://ufcstats.com/fighter-details/f2477cf43c4975cc
646,http://ufcstats.com/fighter-details/29af297d9f1de0f8
647,http://ufcstats.com/fighter-details/9e50097a89442158
648,http://ufcstats.com/fighter-details/f4d92416da98804b
649,http://ufcstats.com/fighter-details/03dee485905dbc9f
650,http://ufcstats.com/fighter-details/4aa58269d0664b5b
651,http://ufcstats.com/fighter-details/bf7ad5628363eec9
652,http://ufcstats.com/fighter-details/6d35bf94f7d30241
653,http://ufcstats.com/fighter-details/89839250eb25c9c1
654,http://ufcstats.com/fighter-details/b27a1fcb56a3035a
655,http://ufcstats.com/fighter-details/6bd02119599741a4
656,http://ufcstats.com/fighter-details/b8a85389d115e35a
657,http://ufcstats.com/fighter-details/c0badf3243907e59
658,http://ufcstats.com/fighter-details/d31a5546c0e9b213
659,http://ufcstats.com/fighter-details/1effd880e1f1bb30
660,http://ufcstats.com/fighter-details/c7c39e2fb70248b3
661,http://ufcstats.com/fighter-details/6a2f7c151031653d
662,http://ufcstats.com/fighter-details/f264ba50b007f39e
663,http://ufcstats.com/fighter-details/60a42bf82447c919
664,http://ufcstats.com/fighter-details/361d49960a196976
665,http://ufcstats.com/fighter-details/1a31ef98efce7a79
666,http://ufcstats.com/fighter-details/4f3064faf17aa711
667,http://ufcstats.com/fighter-details/c742287ed86a09bc
668,http://ufcstats.com/fighter-details/140567899d98978a
669,http://ufcstats.com/fighter-details/c730a0be691dc081
670,http://ufcstats.com/fighter-details/87c0b1c696ddfb43
671,http://ufcstats.com/fighter-details/3351aa64aa83c4d9
672,http://ufcstats.com/fighter-details/e4ba58725825412d
673,http://ufcstats.com/fighter-details/8e6654e9f0461b8f
674,http://ufcstats.com/fighter-details/fc169c387b4b465d
675,http://ufcstats.com/fighter-details/50db8711c70196cd
676,http://ufcstats.com/fighter-details/d910665038efc639
677,http://ufcstats.com/fighter-details/4b47e71384a9522f
678,http://ufcstats.com/fighter-details/74f9448b97bf8bec
679,http://ufcstats.com/fighter-details/37c5366d18ed6c05
680,http://ufcstats.com/fighter-details/8b1ed83b02303075
681,http://ufcstats.com/fighter-details/dc7927cd622676a7
682,http://ufcstats.com/fighter-details/578ef12674df1e6a
683,http://ufcstats.com/fighter-details/40cb680ae1cd331f
684,http://ufcstats.com/fighter-details/0bc697c5936a2d0a
685,http://ufcstats.com/fighter-details/d7fe8c6b7d2872e5
686,http://ufcstats.com/fighter-details/641ca2c2ed91b93c
687,http://ufcstats.com/fighter-details/c4d039123e62f6a9
688,http://ufcstats.com/fighter-details/9dedfdd91070ddd8
689,http://ufcstats.com/fighter-details/c62fbc117d57b943
690,http://ufcstats.com/fighter-details/e64b96c07d7ce999
691,http://ufcstats.com/fighter-details/6751eacd16bd59bc
692,http://ufcstats.com/fighter-details/04835018f90b118c
693,http://ufcstats.com/fighter-details/4f140403000158b5
694,http://ufcstats.com/fighter-details/dc07493a87dc0a6e
695,http://ufcstats.com/fighter-details/814ff3018127e8fc
696,http://ufcstats.com/fighter-details/68b8ebdfce9dbb61
697,http://ufcstats.com/fighter-details/91dac5e69e28d5b5
698,http://ufcstats.com/fighter-details/d35f734c56a89103
699,http://ufcstats.com/fighter-details/082eba4cd80f736f
700,http://ufcstats.com/fighter-details/22a92d7f62195791
701,http://ufcstats.com/fighter-details/0112352cb32f5026
702,http://ufcstats.com/fighter-details/040a74bb0a465c54
703,http://ufcstats.com/fighter-details/75353550928a7921
704,http://ufcstats.com/fighter-details/ca36633b80be4a78
705,http://ufcstats.com/fighter-details/9abc648e76c4493a
706,http://ufcstats.com/fighter-details/7be14eaed4c74856
707,http://ufcstats.com/fighter-details/8c169fbe1ac33637
708,http://ufcstats.com/fighter-details/3cf66c62d9069f43
709,http://ufcstats.com/fighter-details/a08ddd04eaffd81d
710,http://ufcstats.com/fighter-details/ca43de99b07b6b40
711,http://ufcstats.com/fighter-details/65db4065e2bc107d
712,http://ufcstats.com/fighter-details/eb70e786bbdf1d16
713,http://ufcstats.com/fighter-details/eb04b9d31e938edb
714,http://ufcstats.com/fighter-details/3738e68d2261e60f
715,http://ufcstats.com/fighter-details/a7897d200692ab64
716,http://ufcstats.com/fighter-details/3a314d9fa7c6825d
717,http://ufcstats.com/fighter-details/7af33fc4435017f1
718,http://ufcstats.com/fighter-details/876f478f796495f7
719,http://ufcstats.com/fighter-details/6e9f40c706f91f32
720,http://ufcstats.com/fighter-details/0a73acff6325c1e2
721,http://ufcstats.com/fighter-details/82d4c957649faf9b
722,http://ufcstats.com/fighter-details/a75a48bfe776b2c2
723,http://ufcstats.com/fighter-details/80d8aed0ca9b00f3
724,http://ufcstats.com/fighter-details/65cdf4ec31143d86
725,http://ufcstats.com/fighter-details/3e708ce33b6b18e6
726,http://ufcstats.com/fighter-details/a4a80dd7336ffd59
727,http://ufcstats.com/fighter-details/d317a5e2b3f88c5f
728,http://ufcstats.com/fighter-details/102a8fdf8cbf7467
729,http://ufcstats.com/fighter-details/02f8fedc18cbd26c
730,http://ufcstats.com/fighter-details/7aa3d6964eff4877
731,http://ufcstats.com/fighter-details/94527830000ab715
732,http://ufcstats.com/fighter-details/b4c57a8c2b773e82
733,http://ufcstats.com/fighter-details/b6203e0492a9336c
734,http://ufcstats.com/fighter-details/ec0dcceace7d25a3
735,http://ufcstats.com/fighter-details/436f970c9ea9169c
736,http://ufcstats.com/fighter-details/634e2fb70bde3fd5
737,http://ufcstats.com/fighter-details/de45aaae23dfa392
738,http://ufcstats.com/fighter-details/1d239d571e342453
739,http://ufcstats.com/fighter-details/1291edf2d566a71a
740,http://ufcstats.com/fighter-details/82529ce93cd9a2cf
741,http://ufcstats.com/fighter-details/d4270315cbcf2569
742,http://ufcstats.com/fighter-details/07797f10b9569cfc
743,http://ufcstats.com/fighter-details/009c4420727149ea
744,http://ufcstats.com/fighter-details/e530df53922f413e
745,http://ufcstats.com/fighter-details/6ad8e4296f7522d9
746,http://ufcstats.com/fighter-details/a331233f597090a5
747,http://ufcstats.com/fighter-details/a29db9cd4f9ccea5
748,http://ufcstats.com/fighter-details/e872e9a9a902c045
749,http://ufcstats.com/fighter-details/53c943c873cffe90
750,http://ufcstats.com/fighter-details/b5da8f7d05e85a55
751,http://ufcstats.com/fighter-details/12f91bfa8f1f723b
752,http://ufcstats.com/fighter-details/b4192a975027aab6
753,http://ufcstats.com/fighter-details/49e96ff8ab781589
754,http://ufcstats.com/fighter-details/830f60497fab345a
755,http://ufcstats.com/fighter-details/972c456ff38b2015
756,http://ufcstats.com/fighter-details/597499ac7a5aac62
757,http://ufcstats.com/fighter-details/7debc13b36343605
758,http://ufcstats.com/fighter-details/48812daf291a4e23
759,http://ufcstats.com/fighter-details/31bb0772f21cabd8
760,http://ufcstats.com/fighter-details/2526be54e6a0e62a
761,http://ufcstats.com/fighter-details/21b813b919776d90
762,http://ufcstats.com/fighter-details/ab943cd2c3c17825
763,http://ufcstats.com/fighter-details/7a47e068f8017019
764,http://ufcstats.com/fighter-details/cc7040fe76f0ef91
765,http://ufcstats.com/fighter-details/56f7d7ee06be4aab
766,http://ufcstats.com/fighter-details/9e92e1ca498d7244
767,http://ufcstats.com/fighter-details/7ab478c397cd68ef
768,http://ufcstats.com/fighter-details/ea7e5bc78d9de658
769,http://ufcstats.com/fighter-details/776d4262c4da38bf
770,http://ufcstats.com/fighter-details/5095b0920a3602aa
771,http://ufcstats.com/fighter-details/267f4a6568abe245
772,http://ufcstats.com/fighter-details/f998f5c102250d6e
773,http://ufcstats.com/fighter-details/dee294e9717012c2
774,http://ufcstats.com/fighter-details/547afe1017e72dbe
775,http://ufcstats.com/fighter-details/51c655162e462ceb
776,http://ufcstats.com/fighter-details/5e6294b37bbef029
777,http://ufcstats.com/fighter-details/4dcfb28c011c11b2
778,http://ufcstats.com/fighter-details/0978385b2bd9ef9b
779,http://ufcstats.com/fighter-details/da0995f19b749cfa
780,http://ufcstats.com/fighter-details/32c355b04fc57f3a
781,http://ufcstats.com/fighter-details/46d0a888d87d91ac
782,http://ufcstats.com/fighter-details/d80ee110748171ac
783,http://ufcstats.com/fighter-details/d05cb1e8d1b885d8
784,http://ufcstats.com/fighter-details/8e1f36476ef02a6a
785,http://ufcstats.com/fighter-details/d31cbcdd7d69536d
786,http://ufcstats.com/fighter-details/b4c6c904a9ffc5e8
787,http://ufcstats.com/fighter-details/e0b0cf71e0d69dd0
788,http://ufcstats.com/fighter-details/f6bcbd91b114ff58
789,http://ufcstats.com/fighter-details/725b1abc9a39d873
790,http://ufcstats.com/fighter-details/33efaf2d0941cfcf
791,http://ufcstats.com/fighter-details/92fa1401b7927da3
792,http://ufcstats.com/fighter-details/26e3f3928b1891d9
793,http://ufcstats.com/fighter-details/f3ca6908f78efebe
794,http://ufcstats.com/fighter-details/c21a036b4e012f1c
795,http://ufcstats.com/fighter-details/9edf2c9082cc2cd8
796,http://ufcstats.com/fighter-details/4cd8b03aee1d0138
797,http://ufcstats.com/fighter-details/fd7ab338e4953644
798,http://ufcstats.com/fighter-details/862b0b3375aa4b6e
799,http://ufcstats.com/fighter-details/c451d67c09c55418
800,http://ufcstats.com/fighter-details/f7467152fd9f18a2
801,http://ufcstats.com/fighter-details/ac40f7e3cbecdda4
802,http://ufcstats.com/fighter-details/21b5c82c1b89dab1
803,http://ufcstats.com/fighter-details/2c9d00968f818270
804,http://ufcstats.com/fighter-details/d0aaedcf7ccd0b45
805,http://ufcstats.com/fighter-details/6aae253467e8f9ce
806,http://ufcstats.com/fighter-details/0b362247806341e5
807,http://ufcstats.com/fighter-details/da816417a579a0bd
808,http://ufcstats.com/fighter-details/04c8b08b16a5b99e
809,http://ufcstats.com/fighter-details/c2a670b22d2e196f
810,http://ufcstats.com/fighter-details/a6cba6bb66c1a8c9
811,http://ufcstats.com/fighter-details/2975297f505e9447
812,http://ufcstats.com/fighter-details/6b7c7460855dbbb9
813,http://ufcstats.com/fighter-details/7832f2f62f04178f
814,http://ufcstats.com/fighter-details/305d73ede05e31ad
815,http://ufcstats.com/fighter-details/cda1099995b46cc2
816,http://ufcstats.com/fighter-details/6e00cfffd54653c4
817,http://ufcstats.com/fighter-details/f8f1ec513bcfef43
818,http://ufcstats.com/fighter-details/914a897455693650
819,http://ufcstats.com/fighter-details/fc6e681bf6658faf
820,http://ufcstats.com/fighter-details/f2925e6db404bf1d
821,http://ufcstats.com/fighter-details/c7d7fda69ec410d3
822,http://ufcstats.com/fighter-details/135d124172a0bea3
823,http://ufcstats.com/fighter-details/ee9ebceabfd16fa7
824,http://ufcstats.com/fighter-details/1788eee370f077b7
825,http://ufcstats.com/fighter-details/55fa6ce3e522c8bb
826,http://ufcstats.com/fighter-details/e7e01e266a9d4342
827,http://ufcstats.com/fighter-details/80fa8218c99f9c58
828,http://ufcstats.com/fighter-details/9ada30894bf04e19
829,http://ufcstats.com/fighter-details/37d752ec41ed84bb
830,http://ufcstats.com/fighter-details/029e1293e609fd74
831,http://ufcstats.com/fighter-details/950d0ef5c17157c5
832,http://ufcstats.com/fighter-details/2c010b26a3306969
833,http://ufcstats.com/fighter-details/e9a3aeb207578eea
834,http://ufcstats.com/fighter-details/036e96c1c12b8a59
835,http://ufcstats.com/fighter-details/8abac218746e04ca
836,http://ufcstats.com/fighter-details/31123249b0bbf52e
837,http://ufcstats.com/fighter-details/01b352b6a9074d5c
838,http://ufcstats.com/fighter-details/a20f234df70f2182
839,http://ufcstats.com/fighter-details/297a2b35444c245b
840,http://ufcstats.com/fighter-details/6c8072b61c276e67
841,http://ufcstats.com/fighter-details/eaa9402e5a7990ad
842,http://ufcstats.com/fighter-details/8d20d76af3f213ce
843,http://ufcstats.com/fighter-details/78f485f851891d68
844,http://ufcstats.com/fighter-details/3b0a516d2921e0d6
845,http://ufcstats.com/fighter-details/4ba8d454f762005d
846,http://ufcstats.com/fighter-details/06f36cf4bd97ec77
847,http://ufcstats.com/fighter-details/f9b200db02b488d9
848,http://ufcstats.com/fighter-details/34c2b3656f88f7ef
849,http://ufcstats.com/fighter-details/47b9e0e7703a4868
850,http://ufcstats.com/fighter-details/98215d037be5bcb7
851,http://ufcstats.com/fighter-details/b93c06d09d1c4ac0
852,http://ufcstats.com/fighter-details/87a1dc546b1c5caf
853,http://ufcstats.com/fighter-details/a0e6753c42698f13
854,http://ufcstats.com/fighter-details/d05412b513b19621
855,http://ufcstats.com/fighter-details/2f13e4020cea5b38
856,http://ufcstats.com/fighter-details/601964f9654f911a
857,http://ufcstats.com/fighter-details/ec23c1be628d8057
858,http://ufcstats.com/fighter-details/b1a3e0aca758b322
859,http://ufcstats.com/fighter-details/c0386644627a7ee5
860,http://ufcstats.com/fighter-details/441eacbe20e0e80b
861,http://ufcstats.com/fighter-details/a2ccf35a88346a91
862,http://ufcstats.com/fighter-details/029afd138865d20a
863,http://ufcstats.com/fighter-details/c878270af633eb11
864,http://ufcstats.com/fighter-details/5da33b8fbfa5ee95
865,http://ufcstats.com/fighter-details/2eeaefbfc7f9fcff
866,http://ufcstats.com/fighter-details/5c10da56d712ac9c
867,http://ufcstats.com/fighter-details/4a043165cf47cab2
868,http://ufcstats.com/fighter-details/da4628f173337902
869,http://ufcstats.com/fighter-details/aceffa19749c4dc0
870,http://ufcstats.com/fighter-details/adccbc19b22e19af
871,http://ufcstats.com/fighter-details/7ff97850e8c32bda
872,http://ufcstats.com/fighter-details/140745cbbcb023ac
873,http://ufcstats.com/fighter-details/49ee5024966efc0d
874,http://ufcstats.com/fighter-details/2f5cbecbbe18bac4
875,http://ufcstats.com/fighter-details/4959f10a62f3fec3
876,http://ufcstats.com/fighter-details/50a28b9f8314e008
877,http://ufcstats.com/fighter-details/2f6a993c7f547c13
878,http://ufcstats.com/fighter-details/9ce6d5a03af801b7
879,http://ufcstats.com/fighter-details/01fed6f61ebea01f
880,http://ufcstats.com/fighter-details/ce632027bf2a871b
881,http://ufcstats.com/fighter-details/84512339473dd300
882,http://ufcstats.com/fighter-details/df1eb4354d18a906
883,http://ufcstats.com/fighter-details/2804ce8dadab5770
884,http://ufcstats.com/fighter-details/0c258d1d8e16e5f1
885,http://ufcstats.com/fighter-details/f2688492b9a525a3
886,http://ufcstats.com/fighter-details/37ed1ab2f8b819f4
887,http://ufcstats.com/fighter-details/b4880ef2f838d4e1
888,http://ufcstats.com/fighter-details/5bf31a46becc1204
889,http://ufcstats.com/fighter-details/8c57c7b8c3bab0eb
890,http://ufcstats.com/fighter-details/34e516ab361afb1c
891,http://ufcstats.com/fighter-details/568bbad0eaced57c
892,http://ufcstats.com/fighter-details/773f7feacf96153e
893,http://ufcstats.com/fighter-details/1a54231796e24a3f
894,http://ufcstats.com/fighter-details/760a55d5b6098cbe
895,http://ufcstats.com/fighter-details/3eb4dc9a7d4ac906
896,http://ufcstats.com/fighter-details/2b68d9f125d07b42
897,http://ufcstats.com/fighter-details/b15862fcd6ded451
898,http://ufcstats.com/fighter-details/69888118d968ba52
899,http://ufcstats.com/fighter-details/c849740a3ff51931
900,http://ufcstats.com/fighter-details/684d3aee255a3d09
901,http://ufcstats.com/fighter-details/67f272324a030d00
902,http://ufcstats.com/fighter-details/cc351e408bbb7d43
903,http://ufcstats.com/fighter-details/12585614e0ed2626
904,http://ufcstats.com/fighter-details/0641c21bec209472
905,http://ufcstats.com/fighter-details/a8283a4f415e1eb9
906,http://ufcstats.com/fighter-details/98c23cb6da5b3352
907,http://ufcstats.com/fighter-details/5580771f383e141f
908,http://ufcstats.com/fighter-details/4e06913c91da5200
909,http://ufcstats.com/fighter-details/325ad0dd9126d3df
910,http://ufcstats.com/fighter-details/70fa1c64a2c439ef
911,http://ufcstats.com/fighter-details/afe8d5b39ff7fca2
912,http://ufcstats.com/fighter-details/87e2468b986ebb79
913,http://ufcstats.com/fighter-details/8355922d564b152c
914,http://ufcstats.com/fighter-details/a7e3f02fe2b2fe30
915,http://ufcstats.com/fighter-details/326a001926ffb7ec
916,http://ufcstats.com/fighter-details/77d7295d1b22c694
917,http://ufcstats.com/fighter-details/b4537562f88ac582
918,http://ufcstats.com/fighter-details/00e11b5c8b7bfeeb
919,http://ufcstats.com/fighter-details/fdbefee0827e1567
920,http://ufcstats.com/fighter-details/f703250471acaf96
921,http://ufcstats.com/fighter-details/9c65736747ca92ec
922,http://ufcstats.com/fighter-details/12e0fdc606f7e274
923,http://ufcstats.com/fighter-details/cdadae5363b66eef
924,http://ufcstats.com/fighter-details/10f3ba6cd2f44a97
925,http://ufcstats.com/fighter-details/d343df8ba11f4c4e
926,http://ufcstats.com/fighter-details/318572f6f74b760d
927,http://ufcstats.com/fighter-details/5f3805dda9661cba
928,http://ufcstats.com/fighter-details/dea070ed4a2a8281
929,http://ufcstats.com/fighter-details/d156513a19acf856
930,http://ufcstats.com/fighter-details/7559395ad833c074
931,http://ufcstats.com/fighter-details/3c6976f8182d9527
932,http://ufcstats.com/fighter-details/40093d1d2d78394e
933,http://ufcstats.com/fighter-details/6f7c616b98e18c29
934,http://ufcstats.com/fighter-details/98d961097baaf308
935,http://ufcstats.com/fighter-details/8be158ca1e5ea6a0
936,http://ufcstats.com/fighter-details/d7338bcb141abd2c
937,http://ufcstats.com/fighter-details/5f179af5fffeb9f6
938,http://ufcstats.com/fighter-details/37d5b176d438d2a5
939,http://ufcstats.com/fighter-details/1d00756835ca67c9
940,http://ufcstats.com/fighter-details/65578a75fa7900e3
941,http://ufcstats.com/fighter-details/f72465a784c1b084
942,http://ufcstats.com/fighter-details/c9a94278df042f46
943,http://ufcstats.com/fighter-details/82b4e942781b1046
944,http://ufcstats.com/fighter-details/1a08b01fdabb6ae2
945,http://ufcstats.com/fighter-details/0de720c0f1d4ab9c
946,http://ufcstats.com/fighter-details/5dd180c8b3196786
947,http://ufcstats.com/fighter-details/fc9a9559a05f2704
948,http://ufcstats.com/fighter-details/483a953b18d73bb3
949,http://ufcstats.com/fighter-details/3d6749c4267da18f
950,http://ufcstats.com/fighter-details/abd5fb12437eda21
951,http://ufcstats.com/fighter-details/5c126c6aac3ef364
952,http://ufcstats.com/fighter-details/79cb2a690b9ba5e8
953,http://ufcstats.com/fighter-details/e92901944ce91909
954,http://ufcstats.com/fighter-details/b6850671a008bf9a
955,http://ufcstats.com/fighter-details/c3ded6f7155f9ea4
956,http://ufcstats.com/fighter-details/62f7097c04311193
957,http://ufcstats.com/fighter-details/008ea710276c9606
958,http://ufcstats.com/fighter-details/79325a3c1a5c3bf4
959,http://ufcstats.com/fighter-details/dbac0a413af64bbe
960,http://ufcstats.com/fighter-details/d2bc285ead803db0
961,http://ufcstats.com/fighter-details/764342d39cdaa54a
962,http://ufcstats.com/fighter-details/cd7763bcadb5d4c8
963,http://ufcstats.com/fighter-details/2ebfbe72ed703925
964,http://ufcstats.com/fighter-details/016a8d958883167c
965,http://ufcstats.com/fighter-details/90da09db03e41748
966,http://ufcstats.com/fighter-details/f9d0cae37dabfafc
967,http://ufcstats.com/fighter-details/5f3da9a9610d8969
968,http://ufcstats.com/fighter-details/a6f3d15cb84334bb
969,http://ufcstats.com/fighter-details/cd2e5a390821fb48
970,http://ufcstats.com/fighter-details/6a8928652fc01bee
971,http://ufcstats.com/fighter-details/35b3772629e27a49
972,http://ufcstats.com/fighter-details/d4691518d012b9e7
973,http://ufcstats.com/fighter-details/4100c7a09497ad41
974,http://ufcstats.com/fighter-details/b1d19449397541dc
975,http://ufcstats.com/fighter-details/7be74a12d7352df2
976,http://ufcstats.com/fighter-details/0e5c4e72237461bb
977,http://ufcstats.com/fighter-details/ec18eb918121787c
978,http://ufcstats.com/fighter-details/56fcb2c4d99f9d1b
979,http://ufcstats.com/fighter-details/45e738622ea2c02c
980,http://ufcstats.com/fighter-details/fea79f9bc8c68769
981,http://ufcstats.com/fighter-details/70d2329a92864fdb
982,http://ufcstats.com/fighter-details/57b10fca4f9c9a7a
983,http://ufcstats.com/fighter-details/85073dbd1be65ed9
984,http://ufcstats.com/fighter-details/207773daeb4afa7b
985,http://ufcstats.com/fighter-details/80daefbed11ce998
986,http://ufcstats.com/fighter-details/ce175eaafe867d1f
987,http://ufcstats.com/fighter-details/4bd6b4800070b069
988,http://ufcstats.com/fighter-details/ef1182eb28c17d4e
989,http://ufcstats.com/fighter-details/8c39367b53eadf8a
990,http://ufcstats.com/fighter-details/4498b382c65a7faa
991,http://ufcstats.com/fighter-details/78a68f1dade6aaf7
992,http://ufcstats.com/fighter-details/4c2d90e335e6df19
993,http://ufcstats.com/fighter-details/687c15b2eddfaa63
994,http://ufcstats.com/fighter-details/8d03ce87ca14e778
995,http://ufcstats.com/fighter-details/07a2bdaa0afdd831
996,http://ufcstats.com/fighter-details/3033c1c080672475
997,http://ufcstats.com/fighter-details/4234f0097c83fa62
998,http://ufcstats.com/fighter-details/5f6f049d54728e88
999,http://ufcstats.com/fighter-details/5b8ba8f5512893b1
1000,http://ufcstats.com/fighter-details/8866c6f509c19089
1001,http://ufcstats.com/fighter-details/c549573c0df4d676
1002,http://ufcstats.com/fighter-details/19b7738321cfae42
1003,http://ufcstats.com/fighter-details/feaf00f3373435d6
1004,http://ufcstats.com/fighter-details/bd5403efbaa445c0
1005,http://ufcstats.com/fighter-details/bd58d34e39b7b12a
1006,http://ufcstats.com/fighter-details/39d91e95949de3d9
1007,http://ufcstats.com/fighter-details/8cb78f3a6c2a08f7
1008,http://ufcstats.com/fighter-details/047a91d3d9c79b05
1009,http://ufcstats.com/fighter-details/eebc23626e38f5dc
1010,http://ufcstats.com/fighter-details/59279a7c978f7da0
1011,http://ufcstats.com/fighter-details/e26bd53b751d61d9
1012,http://ufcstats.com/fighter-details/fcd448a2fe1a23cc
1013,http://ufcstats.com/fighter-details/6ebe96a116e79e52
1014,http://ufcstats.com/fighter-details/0d980975001ae3d8
1015,http://ufcstats.com/fighter-details/f1175ea3aafbf351
1016,http://ufcstats.com/fighter-details/a12a8314adc1c1c9
1017,http://ufcstats.com/fighter-details/78e501478a36a018
1018,http://ufcstats.com/fighter-details/dab8cfbb6b1db10a
1019,http://ufcstats.com/fighter-details/4a57ebb14315b251
1020,http://ufcstats.com/fighter-details/41498c2d1a87b154
1021,http://ufcstats.com/fighter-details/a2ea77e974c5889f
1022,http://ufcstats.com/fighter-details/fccf811c1e8b01c7
1023,http://ufcstats.com/fighter-details/673ea7dcc786b1b3
1024,http://ufcstats.com/fighter-details/8765559b6a29a421
1025,http://ufcstats.com/fighter-details/528c24b99fbaab79
1026,http://ufcstats.com/fighter-details/f57a8a52ca401ed9
1027,http://ufcstats.com/fighter-details/16a64f93f6678b7b
1028,http://ufcstats.com/fighter-details/61fb8098ccf81c7f
1029,http://ufcstats.com/fighter-details/18b602842a24f7c5
1030,http://ufcstats.com/fighter-details/49b130de1da2e1bf
1031,http://ufcstats.com/fighter-details/257b0c8d6f199895
1032,http://ufcstats.com/fighter-details/93b62c5f2ba18e51
1033,http://ufcstats.com/fighter-details/b3d21b2610dcfaeb
1034,http://ufcstats.com/fighter-details/3bb2dc8e87b10a46
1035,http://ufcstats.com/fighter-details/2f1a257d6777096d
1036,http://ufcstats.com/fighter-details/a17ad5a5048e8c3f
1037,http://ufcstats.com/fighter-details/4bf6b225ff6099c4
1038,http://ufcstats.com/fighter-details/b60c980f79b87ce8
1039,http://ufcstats.com/fighter-details/a6c20202c701e5ca
1040,http://ufcstats.com/fighter-details/e7bba7ce4d6c7b07
1041,http://ufcstats.com/fighter-details/dc3b9cf7641b7ab6
1042,http://ufcstats.com/fighter-details/bbc9ab95fa766493
1043,http://ufcstats.com/fighter-details/f0fad0e9f3b65752
1044,http://ufcstats.com/fighter-details/eee0ef3e2b14816b
1045,http://ufcstats.com/fighter-details/20999e27ddd94bda
1046,http://ufcstats.com/fighter-details/2e585c701f72fe55
1047,http://ufcstats.com/fighter-details/c7d297714d9ab1a4
1048,http://ufcstats.com/fighter-details/f4c49976c75c5ab2
1049,http://ufcstats.com/fighter-details/f9f07bb5a43535ed
1050,http://ufcstats.com/fighter-details/16690d100f995f8f
1051,http://ufcstats.com/fighter-details/c9587d81e1d33925
1052,http://ufcstats.com/fighter-details/e51fcd9cd84c0b93
1053,http://ufcstats.com/fighter-details/304a21d0595e1a08
1054,http://ufcstats.com/fighter-details/813550bc53b15fb0
1055,http://ufcstats.com/fighter-details/e9213f53ddeca978
1056,http://ufcstats.com/fighter-details/2c5a0b8317f8f27a
1057,http://ufcstats.com/fighter-details/e99821959a840bb8
1058,http://ufcstats.com/fighter-details/427b5953ac8e3a27
1059,http://ufcstats.com/fighter-details/03f982ca3735070c
1060,http://ufcstats.com/fighter-details/f6e5972c9d16c40e
1061,http://ufcstats.com/fighter-details/7a703c565ccaa18f
1062,http://ufcstats.com/fighter-details/cf946e03ba2e7666
1063,http://ufcstats.com/fighter-details/068f8a189a47fea6
1064,http://ufcstats.com/fighter-details/84ff027394f7e470
1065,http://ufcstats.com/fighter-details/ae071698e1a3ccd4
1066,http://ufcstats.com/fighter-details/9cd047a828dd7515
1067,http://ufcstats.com/fighter-details/96428b9e9bd048ea
1068,http://ufcstats.com/fighter-details/348dff4e03bd18c6
1069,http://ufcstats.com/fighter-details/928ae2e5b5f7a9ec
1070,http://ufcstats.com/fighter-details/2844b047183a1adb
1071,http://ufcstats.com/fighter-details/ccf5dc41417e9daf
1072,http://ufcstats.com/fighter-details/e17ac6410c8377f4
1073,http://ufcstats.com/fighter-details/c5a126ace82a6025
1074,http://ufcstats.com/fighter-details/f2b6fdb20675b11c
1075,http://ufcstats.com/fighter-details/1eff7bc0f815b270
1076,http://ufcstats.com/fighter-details/8614b7134913f5d5
1077,http://ufcstats.com/fighter-details/2af2f2e26c4c0402
1078,http://ufcstats.com/fighter-details/ebef46976554f975
1079,http://ufcstats.com/fighter-details/effd9de9937996f8
1080,http://ufcstats.com/fighter-details/2b074403b7c6cdb4
1081,http://ufcstats.com/fighter-details/90e0985df05e51bc
1082,http://ufcstats.com/fighter-details/a0e75f4a13eb73f1
1083,http://ufcstats.com/fighter-details/80eacd4da0617c57
1084,http://ufcstats.com/fighter-details/215a70f073a7b726
1085,http://ufcstats.com/fighter-details/003d82fa384ca1d0
1086,http://ufcstats.com/fighter-details/9c907996820d2d69
1087,http://ufcstats.com/fighter-details/ed2a8cc402173781
1088,http://ufcstats.com/fighter-details/122ac9b816d8b71c
1089,http://ufcstats.com/fighter-details/b4ad3a06ee4d660c
1090,http://ufcstats.com/fighter-details/ea3dcc417c322064
1091,http://ufcstats.com/fighter-details/52e76bb4b3e852f3
1092,http://ufcstats.com/fighter-details/6fb1ba67bef41b37
1093,http://ufcstats.com/fighter-details/acb36c908d415c4a
1094,http://ufcstats.com/fighter-details/1588b787bda7b540
1095,http://ufcstats.com/fighter-details/2ac4628c08ec5125
1096,http://ufcstats.com/fighter-details/539ed332b3078821
1097,http://ufcstats.com/fighter-details/9b7dfb3b7d99926a
1098,http://ufcstats.com/fighter-details/637bd06c32219f0b
1099,http://ufcstats.com/fighter-details/cbb682f5fcc44bfc
1100,http://ufcstats.com/fighter-details/40d8b74488743800
1101,http://ufcstats.com/fighter-details/63def5a5662a6917
1102,http://ufcstats.com/fighter-details/d21113c9ff3788ae
1103,http://ufcstats.com/fighter-details/eb29176b03dfa888
1104,http://ufcstats.com/fighter-details/36549928f90f1d36
1105,http://ufcstats.com/fighter-details/be68b375707dcb85
1106,http://ufcstats.com/fighter-details/01784fbc27c68b14
1107,http://ufcstats.com/fighter-details/cf65d56b0755ed3b
1108,http://ufcstats.com/fighter-details/e5010b1b94ca5755
1109,http://ufcstats.com/fighter-details/9cfbfae5fa1fdd93
1110,http://ufcstats.com/fighter-details/ec34349e7dffcde7
1111,http://ufcstats.com/fighter-details/899923ff6ab13917
1112,http://ufcstats.com/fighter-details/7bde387d50829adf
1113,http://ufcstats.com/fighter-details/1f454354805b6f75
1114,http://ufcstats.com/fighter-details/045f25b3a4c08e81
1115,http://ufcstats.com/fighter-details/f9a20a17d712ef7c
1116,http://ufcstats.com/fighter-details/ba1e6cb3d43f7430
1117,http://ufcstats.com/fighter-details/032cc3922d871c7f
1118,http://ufcstats.com/fighter-details/f300763147320d12
1119,http://ufcstats.com/fighter-details/ebc1f40e00e0c481
1120,http://ufcstats.com/fighter-details/d06f8869449ba7bd
1121,http://ufcstats.com/fighter-details/8f6a18831a120817
1122,http://ufcstats.com/fighter-details/e9ac7bfb65c25497
1123,http://ufcstats.com/fighter-details/af997f7611673880
1124,http://ufcstats.com/fighter-details/e87a13e02c01331d
1125,http://ufcstats.com/fighter-details/3f7dab21b6c971bc
1126,http://ufcstats.com/fighter-details/6eaec40f724852f4
1127,http://ufcstats.com/fighter-details/82e7929bf6c2b689
1128,http://ufcstats.com/fighter-details/6a11e325aa60ad02
1129,http://ufcstats.com/fighter-details/c3218c810959d279
1130,http://ufcstats.com/fighter-details/cbd3e590a85b18c5
1131,http://ufcstats.com/fighter-details/82cbb809d5ee565c
1132,http://ufcstats.com/fighter-details/06a80a685ea98573
1133,http://ufcstats.com/fighter-details/7c9f96f9a6a5cd50
1134,http://ufcstats.com/fighter-details/3c5005b66696d790
1135,http://ufcstats.com/fighter-details/7f0f171414d0a287
1136,http://ufcstats.com/fighter-details/56709e66f1c6008f
1137,http://ufcstats.com/fighter-details/3974fa35c917af1d
1138,http://ufcstats.com/fighter-details/37cc294027f55e4d
1139,http://ufcstats.com/fighter-details/2244d9a2b64b8c3b
1140,http://ufcstats.com/fighter-details/d967f0128c323de6
1141,http://ufcstats.com/fighter-details/99506df1af6c8b3b
1142,http://ufcstats.com/fighter-details/9ba2226646046b63
1143,http://ufcstats.com/fighter-details/73e09f837f3b5ecc
1144,http://ufcstats.com/fighter-details/492b202d2064e7a9
1145,http://ufcstats.com/fighter-details/1fcfc3709fe58151
1146,http://ufcstats.com/fighter-details/41f90012b86a11bf
1147,http://ufcstats.com/fighter-details/776a58a67665a171
1148,http://ufcstats.com/fighter-details/654ae722109a0d31
1149,http://ufcstats.com/fighter-details/ec52462a1b41f714
1150,http://ufcstats.com/fighter-details/0052de90691d4a93
1151,http://ufcstats.com/fighter-details/bebb4ae55ac2bf6f
1152,http://ufcstats.com/fighter-details/4d5197f331c47290
1153,http://ufcstats.com/fighter-details/f7d73e452b064bf2
1154,http://ufcstats.com/fighter-details/d61316139d68dbe3
1155,http://ufcstats.com/fighter-details/4e0692ad070976e4
1156,http://ufcstats.com/fighter-details/b53c46f613f6f248
1157,http://ufcstats.com/fighter-details/1cf7ccf64a5bf24e
1158,http://ufcstats.com/fighter-details/59a27d2e6d0802ac
1159,http://ufcstats.com/fighter-details/f57dd0bfa8c17813
1160,http://ufcstats.com/fighter-details/5331b25a60417ffb
1161,http://ufcstats.com/fighter-details/76ee3d666c648f6b
1162,http://ufcstats.com/fighter-details/b102c26727306ab6
1163,http://ufcstats.com/fighter-details/e5c9de15bb58b1c6
1164,http://ufcstats.com/fighter-details/7279654c7674cd24
1165,http://ufcstats.com/fighter-details/a4de54ea806fb525
1166,http://ufcstats.com/fighter-details/e2ccd9a9ace60de7
1167,http://ufcstats.com/fighter-details/be0b310a12eb80b4
1168,http://ufcstats.com/fighter-details/f77c68bb4be8516d
1169,http://ufcstats.com/fighter-details/88d7b6d8230e1f3f
1170,http://ufcstats.com/fighter-details/002ca196477ce572
1171,http://ufcstats.com/fighter-details/326f94d6cfb1bf25
1172,http://ufcstats.com/fighter-details/31d7446b184e3305
1173,http://ufcstats.com/fighter-details/103b06d8707895a9
1174,http://ufcstats.com/fighter-details/8fc9ae9c7527dfcb
1175,http://ufcstats.com/fighter-details/5e4eec08896c9423
1176,http://ufcstats.com/fighter-details/83b00f7597e5ac83
1177,http://ufcstats.com/fighter-details/025f0b1b58fbad01
1178,http://ufcstats.com/fighter-details/31bbd39c0a075d4e
1179,http://ufcstats.com/fighter-details/192520689012c7e4
1180,http://ufcstats.com/fighter-details/98a6b2361045898f
1181,http://ufcstats.com/fighter-details/78114b7199cef90c
1182,http://ufcstats.com/fighter-details/484acc7b0f856ce9
1183,http://ufcstats.com/fighter-details/fbf0537e420e698e
1184,http://ufcstats.com/fighter-details/31ee470ef5dc8d7f
1185,http://ufcstats.com/fighter-details/f797f0c57a83353e
1186,http://ufcstats.com/fighter-details/1bcaac2d99b90fce
1187,http://ufcstats.com/fighter-details/2c99576fefe53c7c
1188,http://ufcstats.com/fighter-details/e0f959f65d0406b4
1189,http://ufcstats.com/fighter-details/87aa9fb63d6b51a1
1190,http://ufcstats.com/fighter-details/9b7694d064a8a0ad
1191,http://ufcstats.com/fighter-details/d3fa5c5955397532
1192,http://ufcstats.com/fighter-details/1ddb480b601cefb1
1193,http://ufcstats.com/fighter-details/0b31f87be71ebbb1
1194,http://ufcstats.com/fighter-details/31a13532e724ca2b
1195,http://ufcstats.com/fighter-details/c17041f1bb5768d8
1196,http://ufcstats.com/fighter-details/e76d9f656ceb82ab
1197,http://ufcstats.com/fighter-details/3bad7ef643840f67
1198,http://ufcstats.com/fighter-details/2dc1bc1a02961656
1199,http://ufcstats.com/fighter-details/c5af5750e8bae4f0
1200,http://ufcstats.com/fighter-details/98e946879ba20c0f
1201,http://ufcstats.com/fighter-details/f86cb5f25d545e0e
1202,http://ufcstats.com/fighter-details/6256b2b1562cb8e1
1203,http://ufcstats.com/fighter-details/e7f51d9f9e9259e7
1204,http://ufcstats.com/fighter-details/c487223b0289bda9
1205,http://ufcstats.com/fighter-details/f923e012414c883e
1206,http://ufcstats.com/fighter-details/4c288a2b250bb576
1207,http://ufcstats.com/fighter-details/1fc64507a0cb38cf
1208,http://ufcstats.com/fighter-details/6e7506127408aa9e
1209,http://ufcstats.com/fighter-details/c3f6db17cea09ca7
1210,http://ufcstats.com/fighter-details/aec185309b4843d0
1211,http://ufcstats.com/fighter-details/f97c5433c77522d3
1212,http://ufcstats.com/fighter-details/9c44f290f5726d95
1213,http://ufcstats.com/fighter-details/225def29ecfe0fc1
1214,http://ufcstats.com/fighter-details/edd02825c29028fe
1215,http://ufcstats.com/fighter-details/de75d1c45a39e221
1216,http://ufcstats.com/fighter-details/72e5e5a6edfa8223
1217,http://ufcstats.com/fighter-details/bda04c573563cc2e
1218,http://ufcstats.com/fighter-details/35e1f9984ed64206
1219,http://ufcstats.com/fighter-details/8f5c8850b2484173
1220,http://ufcstats.com/fighter-details/8f4eeaf7a0df7c1a
1221,http://ufcstats.com/fighter-details/49858bf46dabf6fb
1222,http://ufcstats.com/fighter-details/68c7ad953455c73f
1223,http://ufcstats.com/fighter-details/714e1e0681ddb703
1224,http://ufcstats.com/fighter-details/d0e50a3d1b250708
1225,http://ufcstats.com/fighter-details/411539901068522f
1226,http://ufcstats.com/fighter-details/51a0c09cbe9b8472
1227,http://ufcstats.com/fighter-details/2c2caf2f2bab9df5
1228,http://ufcstats.com/fighter-details/d76ad9a08c4408ff
1229,http://ufcstats.com/fighter-details/cbf1c7ba5408a66f
1230,http://ufcstats.com/fighter-details/634bb0de2eb043b4
1231,http://ufcstats.com/fighter-details/55ee431411ccf07a
1232,http://ufcstats.com/fighter-details/3fa7688bfe48a493
1233,http://ufcstats.com/fighter-details/1641ef250e9de19b
1234,http://ufcstats.com/fighter-details/99bd87a300079ed9
1235,http://ufcstats.com/fighter-details/bb61823f76361297
1236,http://ufcstats.com/fighter-details/7c9c6a884be167fe
1237,http://ufcstats.com/fighter-details/dbc17725b887860a
1238,http://ufcstats.com/fighter-details/0d62719b1dcf7c40
1239,http://ufcstats.com/fighter-details/1de9ad94de18eeaf
1240,http://ufcstats.com/fighter-details/aa5b4eff51bdc7d1
1241,http://ufcstats.com/fighter-details/66e98b3bb5fc5250
1242,http://ufcstats.com/fighter-details/c482c8605455a213
1243,http://ufcstats.com/fighter-details/a851c35f58199231
1244,http://ufcstats.com/fighter-details/a9d6e047ce48ab63
1245,http://ufcstats.com/fighter-details/b9664eae2ac75262
1246,http://ufcstats.com/fighter-details/1e1dbd1cc5a7469e
1247,http://ufcstats.com/fighter-details/6e0e977beb909837
1248,http://ufcstats.com/fighter-details/b12a1d19ee383b7c
1249,http://ufcstats.com/fighter-details/2816ced060a21be3
1250,http://ufcstats.com/fighter-details/d6ead04919a894b1
1251,http://ufcstats.com/fighter-details/f046d724d2a84ac5
1252,http://ufcstats.com/fighter-details/e51e5cb722bd47a8
1253,http://ufcstats.com/fighter-details/73c7cfa551289285
1254,http://ufcstats.com/fighter-details/5b2325cd70dbe2ea
1255,http://ufcstats.com/fighter-details/34f88592c0ab7a54
1256,http://ufcstats.com/fighter-details/7e511f8d842a109d
1257,http://ufcstats.com/fighter-details/b8592b4a383696cd
1258,http://ufcstats.com/fighter-details/75afb06215a07341
1259,http://ufcstats.com/fighter-details/c268b2cfebccf652
1260,http://ufcstats.com/fighter-details/e45cfa47f504033a
1261,http://ufcstats.com/fighter-details/ac29d508d78384c9
1262,http://ufcstats.com/fighter-details/e70de1859b7ee78e
1263,http://ufcstats.com/fighter-details/65ddc8a9ac4e8531
1264,http://ufcstats.com/fighter-details/5aedf14771ca82d2
1265,http://ufcstats.com/fighter-details/f1928a52590c5532
1266,http://ufcstats.com/fighter-details/d2c55d1d2e67773b
1267,http://ufcstats.com/fighter-details/8f382b3baa954d2a
1268,http://ufcstats.com/fighter-details/4f732e58ed907eff
1269,http://ufcstats.com/fighter-details/ce1e867808ef5fce
1270,http://ufcstats.com/fighter-details/25af5e832f17b474
1271,http://ufcstats.com/fighter-details/a0c64f272b65d441
1272,http://ufcstats.com/fighter-details/c07efc18b231f170
1273,http://ufcstats.com/fighter-details/c80095f6092271a7
1274,http://ufcstats.com/fighter-details/47cd337b86b1af92
1275,http://ufcstats.com/fighter-details/198994b47f395af0
1276,http://ufcstats.com/fighter-details/0ff11cc094e887bc
1277,http://ufcstats.com/fighter-details/08e908ed6d18d6a0
1278,http://ufcstats.com/fighter-details/bf0e700106d00e55
1279,http://ufcstats.com/fighter-details/88cd34d836b4ebcd
1280,http://ufcstats.com/fighter-details/2296125b6c362355
1281,http://ufcstats.com/fighter-details/2747c60e42d9d75f
1282,http://ufcstats.com/fighter-details/87f19d19f4cb73f8
1283,http://ufcstats.com/fighter-details/f53c1f4ceeed8c08
1284,http://ufcstats.com/fighter-details/6f242453c91a5af0
1285,http://ufcstats.com/fighter-details/ef44e4ea9050f2ea
1286,http://ufcstats.com/fighter-details/b5b684eac99ae0a3
1287,http://ufcstats.com/fighter-details/3ecd936bd8814108
1288,http://ufcstats.com/fighter-details/72ffecf712673af1
1289,http://ufcstats.com/fighter-details/e51ee8ded927fc51
1290,http://ufcstats.com/fighter-details/2fc7e9701642ca38
1291,http://ufcstats.com/fighter-details/c03a5022f8439f2a
1292,http://ufcstats.com/fighter-details/eef9b891edbd4604
1293,http://ufcstats.com/fighter-details/acff437707625fc7
1294,http://ufcstats.com/fighter-details/840d2c82ea68b9aa
1295,http://ufcstats.com/fighter-details/ac5a7400da3a9a41
1296,http://ufcstats.com/fighter-details/35faad160d346839
1297,http://ufcstats.com/fighter-details/803bebcfb6d6f506
1298,http://ufcstats.com/fighter-details/78863e4a28204a6b
1299,http://ufcstats.com/fighter-details/5ef0088c1b19beeb
1300,http://ufcstats.com/fighter-details/34218661c44ed55d
1301,http://ufcstats.com/fighter-details/18e8b7070228e728
1302,http://ufcstats.com/fighter-details/9b1e3fb4f8cbd5b7
1303,http://ufcstats.com/fighter-details/d1528ac5675558b1
1304,http://ufcstats.com/fighter-details/7c3c48cf54a2848e
1305,http://ufcstats.com/fighter-details/065eb44700e641a4
1306,http://ufcstats.com/fighter-details/d4a31850a7457f1b
1307,http://ufcstats.com/fighter-details/3956bdc8ab2e54b3
1308,http://ufcstats.com/fighter-details/b12fc8a41e82d3a2
1309,http://ufcstats.com/fighter-details/bb1a2cdad6ff34db
1310,http://ufcstats.com/fighter-details/efa1f6b42c86793c
1311,http://ufcstats.com/fighter-details/02f2a9702ba3d167
1312,http://ufcstats.com/fighter-details/a2b12c3f3d60ff69
1313,http://ufcstats.com/fighter-details/51e86de150ee8be6
1314,http://ufcstats.com/fighter-details/7d96bc577e5178b2
1315,http://ufcstats.com/fighter-details/4c7781da8c6cae93
1316,http://ufcstats.com/fighter-details/e5bda12faabfc850
1317,http://ufcstats.com/fighter-details/cfb65863d5099327
1318,http://ufcstats.com/fighter-details/db1f2ed63b54b9a7
1319,http://ufcstats.com/fighter-details/26b63bc5c0c1f65d
1320,http://ufcstats.com/fighter-details/231cae8b77fbbcc1
1321,http://ufcstats.com/fighter-details/5d7bdab5e03e3216
1322,http://ufcstats.com/fighter-details/633a45d131192ffe
1323,http://ufcstats.com/fighter-details/0a95c474e61a6c44
1324,http://ufcstats.com/fighter-details/99bcdf5eac39898f
1325,http://ufcstats.com/fighter-details/ba5e253af86db1a8
1326,http://ufcstats.com/fighter-details/3dd949593346dbc3
1327,http://ufcstats.com/fighter-details/546f8599a63c29da
1328,http://ufcstats.com/fighter-details/81d9df19e255b8b6
1329,http://ufcstats.com/fighter-details/d81ac739417d7f53
1330,http://ufcstats.com/fighter-details/92437c6775b3f7d1
1331,http://ufcstats.com/fighter-details/990bd63726a577f8
1332,http://ufcstats.com/fighter-details/2f95a3c6d58b2aad
1333,http://ufcstats.com/fighter-details/6c7e25571490aa3b
1334,http://ufcstats.com/fighter-details/27b164b0d1833df0
1335,http://ufcstats.com/fighter-details/53ec9cb470e1a4ea
1336,http://ufcstats.com/fighter-details/8a304bfd6bf04a57
1337,http://ufcstats.com/fighter-details/d2036f31c035e0d1
1338,http://ufcstats.com/fighter-details/b76c6268dc1d3c05
1339,http://ufcstats.com/fighter-details/33a331684283900f
1340,http://ufcstats.com/fighter-details/2aa49b3766a59bcd
1341,http://ufcstats.com/fighter-details/74d35fbc9c6a61bd
1342,http://ufcstats.com/fighter-details/4bcb6eb12b4ad4aa
1343,http://ufcstats.com/fighter-details/917a5cb9821df261
1344,http://ufcstats.com/fighter-details/42a7e90605df3c8a
1345,http://ufcstats.com/fighter-details/ed9d8ee3a4239b1c
1346,http://ufcstats.com/fighter-details/9fa568ad2bf2cb0b
1347,http://ufcstats.com/fighter-details/4690d47bf725fd98
1348,http://ufcstats.com/fighter-details/882d62561063a927
1349,http://ufcstats.com/fighter-details/946db8a378903cc3
1350,http://ufcstats.com/fighter-details/683ea28a198936fe
1351,http://ufcstats.com/fighter-details/472f6f6e6d962f40
1352,http://ufcstats.com/fighter-details/f75c5ca0d91b9115
1353,http://ufcstats.com/fighter-details/523af801b3429015
1354,http://ufcstats.com/fighter-details/f5f6419c5f00abad
1355,http://ufcstats.com/fighter-details/0b8d512c79b4baf3
1356,http://ufcstats.com/fighter-details/5140122c3eecd307
1357,http://ufcstats.com/fighter-details/71002dbc1743b9a7
1358,http://ufcstats.com/fighter-details/55ed59d541f8b90c
1359,http://ufcstats.com/fighter-details/4665f9f909cd7214
1360,http://ufcstats.com/fighter-details/d50382dc0565a9e1
1361,http://ufcstats.com/fighter-details/199eb7cf6ae90294
1362,http://ufcstats.com/fighter-details/ec664422b22d9787
1363,http://ufcstats.com/fighter-details/8c020156779f7888
1364,http://ufcstats.com/fighter-details/a8c9d16fe2a14d72
1365,http://ufcstats.com/fighter-details/ee779c43a8926d52
1366,http://ufcstats.com/fighter-details/bc656db347f31e19
1367,http://ufcstats.com/fighter-details/75e5fec9f72910ef
1368,http://ufcstats.com/fighter-details/69f01b25dfabaf6b
1369,http://ufcstats.com/fighter-details/bdcbb976816fd256
1370,http://ufcstats.com/fighter-details/34e552520a934063
1371,http://ufcstats.com/fighter-details/09f579be4520394a
1372,http://ufcstats.com/fighter-details/01fcef7e3d051722
1373,http://ufcstats.com/fighter-details/1b38a2b897f6209c
1374,http://ufcstats.com/fighter-details/0ee783aa00e468f0
1375,http://ufcstats.com/fighter-details/f7a7f7118d4b01b6
1376,http://ufcstats.com/fighter-details/4b1d46a1b5c0fd11
1377,http://ufcstats.com/fighter-details/984d15d5dc7bfcf9
1378,http://ufcstats.com/fighter-details/9ccf8371fd80d45d
1379,http://ufcstats.com/fighter-details/39330403ad27c2bb
1380,http://ufcstats.com/fighter-details/907e60fd13407e1e
1381,http://ufcstats.com/fighter-details/e979c76341f19b22
1382,http://ufcstats.com/fighter-details/330bafba312face4
1383,http://ufcstats.com/fighter-details/ad56b3f00ca38dfd
1384,http://ufcstats.com/fighter-details/85ff1b9471d35238
1385,http://ufcstats.com/fighter-details/f5990c11974d8e9c
1386,http://ufcstats.com/fighter-details/f50d95223751e6ca
1387,http://ufcstats.com/fighter-details/544d7460b3e44393
1388,http://ufcstats.com/fighter-details/1999ffb5cebc314f
1389,http://ufcstats.com/fighter-details/6da99156486ed6c2
1390,http://ufcstats.com/fighter-details/9be6020024133293
1391,http://ufcstats.com/fighter-details/d024ed963e8bf7ea
1392,http://ufcstats.com/fighter-details/826475cc758e60e6
1393,http://ufcstats.com/fighter-details/68f6e96c5fa6e044
1394,http://ufcstats.com/fighter-details/cc900af167fbedfd
1395,http://ufcstats.com/fighter-details/2fee10d5cf86bfca
1396,http://ufcstats.com/fighter-details/a4e85a58fbce64b2
1397,http://ufcstats.com/fighter-details/fa37628269132d1a
1398,http://ufcstats.com/fighter-details/75a6a390fd5dca46
1399,http://ufcstats.com/fighter-details/b69f24c500d783e7
1400,http://ufcstats.com/fighter-details/71f048adbfed5b49
1401,http://ufcstats.com/fighter-details/8a56ea383fd26e52
1402,http://ufcstats.com/fighter-details/e14b5aa06eea9653
1403,http://ufcstats.com/fighter-details/04b39f4e8eb59d7c
1404,http://ufcstats.com/fighter-details/5866fc86183a9fb8
1405,http://ufcstats.com/fighter-details/2a4200ead401a9ce
1406,http://ufcstats.com/fighter-details/fae67903c4fe636b
1407,http://ufcstats.com/fighter-details/bd878a638e0e3be3
1408,http://ufcstats.com/fighter-details/404ecb2700844072
1409,http://ufcstats.com/fighter-details/c7be22a47a58365a
1410,http://ufcstats.com/fighter-details/b59037262c8fe060
1411,http://ufcstats.com/fighter-details/2db0c114414d4f06
1412,http://ufcstats.com/fighter-details/b96939f2b8d88e82
1413,http://ufcstats.com/fighter-details/2b93ebd9f5417ad2
1414,http://ufcstats.com/fighter-details/dd12382f28296f7b
1415,http://ufcstats.com/fighter-details/7dfb56f24fe5ddea
1416,http://ufcstats.com/fighter-details/05b43e0ead3df345
1417,http://ufcstats.com/fighter-details/efd2b3e9bb7965a4
1418,http://ufcstats.com/fighter-details/fcce75a25c14a804
1419,http://ufcstats.com/fighter-details/e9bc5748e6a76bb6
1420,http://ufcstats.com/fighter-details/b6e6c3b1dcaae0a1
1421,http://ufcstats.com/fighter-details/c727c7d31c50c4cf
1422,http://ufcstats.com/fighter-details/a8e6a69796280f17
1423,http://ufcstats.com/fighter-details/5e84a859c6a82288
1424,http://ufcstats.com/fighter-details/d761b3766e38c5db
1425,http://ufcstats.com/fighter-details/6506c1d34da9c013
1426,http://ufcstats.com/fighter-details/0941df56f6ac954b
1427,http://ufcstats.com/fighter-details/ed209f6618c82e41
1428,http://ufcstats.com/fighter-details/9123c54d0a2b72dd
1429,http://ufcstats.com/fighter-details/cd01f0b768a32475
1430,http://ufcstats.com/fighter-details/bf43fed8f29e1671
1431,http://ufcstats.com/fighter-details/1ebdcb7488d0ebee
1432,http://ufcstats.com/fighter-details/ec71a892fada28c7
1433,http://ufcstats.com/fighter-details/3be081c29bf734d9
1434,http://ufcstats.com/fighter-details/b0bd0c5425668b8f
1435,http://ufcstats.com/fighter-details/24174a3f44ce8e03
1436,http://ufcstats.com/fighter-details/203c957eac95dd87
1437,http://ufcstats.com/fighter-details/78d48d3874dacafd
1438,http://ufcstats.com/fighter-details/4ac1ecf8ce59ef23
1439,http://ufcstats.com/fighter-details/c76ec2bc3a57666a
1440,http://ufcstats.com/fighter-details/7dcf06c1967801c1
1441,http://ufcstats.com/fighter-details/d6285cba1d1052e0
1442,http://ufcstats.com/fighter-details/37e03538c960bac6
1443,http://ufcstats.com/fighter-details/66ab58d0b3783607
1444,http://ufcstats.com/fighter-details/449c890bd90f3374
1445,http://ufcstats.com/fighter-details/0dba4df5f34d5ff0
1446,http://ufcstats.com/fighter-details/3f11b5d4bd76a6d9
1447,http://ufcstats.com/fighter-details/96c336b463e0662c
1448,http://ufcstats.com/fighter-details/c8097968da5e5f13
1449,http://ufcstats.com/fighter-details/8d5350fa18b79e9a
1450,http://ufcstats.com/fighter-details/49a74b9fb2e45fdf
1451,http://ufcstats.com/fighter-details/e81dd0bb8a64b550
1452,http://ufcstats.com/fighter-details/76984112f697631f
1453,http://ufcstats.com/fighter-details/470fedbc8563ac47
1454,http://ufcstats.com/fighter-details/3236bf606fe9fa5b
1455,http://ufcstats.com/fighter-details/dd992d569aaebee6
1456,http://ufcstats.com/fighter-details/7195e2a932686f82
1457,http://ufcstats.com/fighter-details/cc81c92fe2254935
1458,http://ufcstats.com/fighter-details/2d447cc91bdaa545
1459,http://ufcstats.com/fighter-details/5f87a5c00b3d17ed
1460,http://ufcstats.com/fighter-details/1f4b04a926ef1287
1461,http://ufcstats.com/fighter-details/30ea504870f8597b
1462,http://ufcstats.com/fighter-details/9bcf8603ceb25680
1463,http://ufcstats.com/fighter-details/0749d968e932df53
1464,http://ufcstats.com/fighter-details/c13042265355a290
1465,http://ufcstats.com/fighter-details/68c11c27d4d56572
1466,http://ufcstats.com/fighter-details/71df36d6d8cf0d74
1467,http://ufcstats.com/fighter-details/0c670b443c3d269f
1468,http://ufcstats.com/fighter-details/2b6d855c6e280fb1
1469,http://ufcstats.com/fighter-details/6c2030e0a143a94b
1470,http://ufcstats.com/fighter-details/e25bcbcdaf6537a1
1471,http://ufcstats.com/fighter-details/8b5f9ea38184ded3
1472,http://ufcstats.com/fighter-details/443f60bec7c3c3d5
1473,http://ufcstats.com/fighter-details/9eef6584fab21fbb
1474,http://ufcstats.com/fighter-details/a36556bb1565e32d
1475,http://ufcstats.com/fighter-details/3f7c14c7eca7195d
1476,http://ufcstats.com/fighter-details/7ea1f74cef32f906
1477,http://ufcstats.com/fighter-details/3d5b1ce6097dbb49
1478,http://ufcstats.com/fighter-details/15ec018d144710db
1479,http://ufcstats.com/fighter-details/365fee2da473b177
1480,http://ufcstats.com/fighter-details/232c582f29f8f65e
1481,http://ufcstats.com/fighter-details/9fa3bd637edd9aa2
1482,http://ufcstats.com/fighter-details/1971869b7e054261
1483,http://ufcstats.com/fighter-details/c945adc22c2bfe8f
1484,http://ufcstats.com/fighter-details/06827d70c53ff0d9
1485,http://ufcstats.com/fighter-details/b71ce838b01f2cad
1486,http://ufcstats.com/fighter-details/f215cfbd4ba3c270
1487,http://ufcstats.com/fighter-details/b8aef0faf4ce9b31
1488,http://ufcstats.com/fighter-details/bf9bc96336922271
1489,http://ufcstats.com/fighter-details/f9081770e28ea2e1
1490,http://ufcstats.com/fighter-details/64360e618823a8e4
1491,http://ufcstats.com/fighter-details/1c86754617d9813a
1492,http://ufcstats.com/fighter-details/64788ee44b062ded
1493,http://ufcstats.com/fighter-details/eeabcd4dc6619129
1494,http://ufcstats.com/fighter-details/3ec1e4ba98c9c85a
1495,http://ufcstats.com/fighter-details/202b0467521c9d6f
1496,http://ufcstats.com/fighter-details/1a98c9dbb7fc3959
1497,http://ufcstats.com/fighter-details/8bdac25ce0bb874d
1498,http://ufcstats.com/fighter-details/638cfec7ec559d6e
1499,http://ufcstats.com/fighter-details/282fa667ff9c51ed
1500,http://ufcstats.com/fighter-details/c06a9b48d4132c8e
1501,http://ufcstats.com/fighter-details/48e093ea1f43a053
1502,http://ufcstats.com/fighter-details/0ccab7c889ede9ea
1503,http://ufcstats.com/fighter-details/3c660c90d48fc80d
1504,http://ufcstats.com/fighter-details/46a2f24feb258ae0
1505,http://ufcstats.com/fighter-details/57ab4d7c0bc09a30
1506,http://ufcstats.com/fighter-details/cb52f9490c2dc069
1507,http://ufcstats.com/fighter-details/83825fad27ab3581
1508,http://ufcstats.com/fighter-details/8ce87f7e3a9baed2
1509,http://ufcstats.com/fighter-details/e3779ef06e98f185
1510,http://ufcstats.com/fighter-details/494b0bfdbac74502
1511,http://ufcstats.com/fighter-details/28c55b4087a6f136
1512,http://ufcstats.com/fighter-details/7339d340aa2889cb
1513,http://ufcstats.com/fighter-details/3058888c33149a53
1514,http://ufcstats.com/fighter-details/165c244bcca3ed26
1515,http://ufcstats.com/fighter-details/303a05a7aa3ff761
1516,http://ufcstats.com/fighter-details/5823ceab56741617
1517,http://ufcstats.com/fighter-details/c169545ab0825f44
1518,http://ufcstats.com/fighter-details/2c1170b825f58e57
1519,http://ufcstats.com/fighter-details/5ea918ea81b7dee2
1520,http://ufcstats.com/fighter-details/c0ab242c40decc55
1521,http://ufcstats.com/fighter-details/cc6f9d1e89f3449a
1522,http://ufcstats.com/fighter-details/0e21976afc92e4d1
1523,http://ufcstats.com/fighter-details/3dd92ff9fb0412b3
1524,http://ufcstats.com/fighter-details/1536a25e16fc299b
1525,http://ufcstats.com/fighter-details/072a10e85f7d4bff
1526,http://ufcstats.com/fighter-details/dd4c16777fb2ccf9
1527,http://ufcstats.com/fighter-details/af62f99eb7606308
1528,http://ufcstats.com/fighter-details/8163cd7de0342652
1529,http://ufcstats.com/fighter-details/459e4dc69ec669b2
1530,http://ufcstats.com/fighter-details/4665cbf36b08193b
1531,http://ufcstats.com/fighter-details/1ccf4e7caff270df
1532,http://ufcstats.com/fighter-details/ff6a1f63c254127e
1533,http://ufcstats.com/fighter-details/fb41432b622992a9
1534,http://ufcstats.com/fighter-details/eff47295daf721a6
1535,http://ufcstats.com/fighter-details/5713c1d2fac539ac
1536,http://ufcstats.com/fighter-details/9c42a0de8e012870
1537,http://ufcstats.com/fighter-details/8349d55cdecd393a
1538,http://ufcstats.com/fighter-details/4b8fb0453a596b8e
1539,http://ufcstats.com/fighter-details/00a3ff40c4b2cf21
1540,http://ufcstats.com/fighter-details/6e0273f9478be71e
1541,http://ufcstats.com/fighter-details/4a1329cc8eb0928a
1542,http://ufcstats.com/fighter-details/94508d80e1f885fc
1543,http://ufcstats.com/fighter-details/cc98d857b148e33a
1544,http://ufcstats.com/fighter-details/0778f94eb5d588a5
1545,http://ufcstats.com/fighter-details/0c5c66ddd1886b83
1546,http://ufcstats.com/fighter-details/ab850a77a0fa487d
1547,http://ufcstats.com/fighter-details/ad3f53c454cbbead
1548,http://ufcstats.com/fighter-details/9a2d3567abc02e34
1549,http://ufcstats.com/fighter-details/d1e1fdcea7c8a90a
1550,http://ufcstats.com/fighter-details/159da492e000afbf
1551,http://ufcstats.com/fighter-details/8d9586726252dbf7
1552,http://ufcstats.com/fighter-details/784285b7ae7dd85f
1553,http://ufcstats.com/fighter-details/5b5307450405abf0
1554,http://ufcstats.com/fighter-details/dcbf01d605681ad1
1555,http://ufcstats.com/fighter-details/9450848a71d53776
1556,http://ufcstats.com/fighter-details/8f2deefe8c5dfb5d
1557,http://ufcstats.com/fighter-details/cd85b48dc880fabd
1558,http://ufcstats.com/fighter-details/80d918336163b80c
1559,http://ufcstats.com/fighter-details/7ea4a9f07df33a45
1560,http://ufcstats.com/fighter-details/3f1d23b01c552a13
1561,http://ufcstats.com/fighter-details/49f78022126bf4a4
1562,http://ufcstats.com/fighter-details/fe5a9547479396ab
1563,http://ufcstats.com/fighter-details/d0314416a7f26527
1564,http://ufcstats.com/fighter-details/9deff9e3e8d94d47
1565,http://ufcstats.com/fighter-details/175852708cb55776
1566,http://ufcstats.com/fighter-details/5904b0b38dc6718d
1567,http://ufcstats.com/fighter-details/513c6f1715e547a8
1568,http://ufcstats.com/fighter-details/23a6e307077c6ccc
1569,http://ufcstats.com/fighter-details/8a59d346dc976a10
1570,http://ufcstats.com/fighter-details/b8c0f30ee9a98b69
1571,http://ufcstats.com/fighter-details/9ab9912e0f8fa6d6
1572,http://ufcstats.com/fighter-details/8c822811eedc11ad
1573,http://ufcstats.com/fighter-details/e4d2564ea0e34e2b
1574,http://ufcstats.com/fighter-details/8270c00fae24c922
1575,http://ufcstats.com/fighter-details/12f1b140e248bdb9
1576,http://ufcstats.com/fighter-details/cbd5d3cdd862e90e
1577,http://ufcstats.com/fighter-details/e023fa2e648ea0f1
1578,http://ufcstats.com/fighter-details/55f446032177b119
1579,http://ufcstats.com/fighter-details/7cdd3e5d3aa9cb39
1580,http://ufcstats.com/fighter-details/2de91c2244ad7e89
1581,http://ufcstats.com/fighter-details/6ded9184b2284645
1582,http://ufcstats.com/fighter-details/56c9acc4e86046a2
1583,http://ufcstats.com/fighter-details/92b62174c175ce19
1584,http://ufcstats.com/fighter-details/83fd97284f4bb4a4
1585,http://ufcstats.com/fighter-details/270b89c00ef0c55c
1586,http://ufcstats.com/fighter-details/53278852bcd91e11
1587,http://ufcstats.com/fighter-details/d7adfcfdf7c6c1f8
1588,http://ufcstats.com/fighter-details/38ed5a2299230227
1589,http://ufcstats.com/fighter-details/1dafccb62a0f98ec
1590,http://ufcstats.com/fighter-details/7413b80dbb0f8f9f
1591,http://ufcstats.com/fighter-details/1ff9589f9065a9ed
1592,http://ufcstats.com/fighter-details/f5431394fb284bb9
1593,http://ufcstats.com/fighter-details/40ff198adda94b9f
1594,http://ufcstats.com/fighter-details/f9ae6914f604aa9f
1595,http://ufcstats.com/fighter-details/d221ee27afc7a60e
1596,http://ufcstats.com/fighter-details/4d44f37107f01b9b
1597,http://ufcstats.com/fighter-details/0c9c0a43d3f3f49d
1598,http://ufcstats.com/fighter-details/9b198c73e3d0d289
1599,http://ufcstats.com/fighter-details/cfaf010d5b389c09
1600,http://ufcstats.com/fighter-details/dfae5da5676e4194
1601,http://ufcstats.com/fighter-details/3623bd267a2eef2e
1602,http://ufcstats.com/fighter-details/14ff46596ad80609
1603,http://ufcstats.com/fighter-details/bcad7223af3c19da
1604,http://ufcstats.com/fighter-details/d512d9f204059f57
1605,http://ufcstats.com/fighter-details/7e47047d0971d566
1606,http://ufcstats.com/fighter-details/f40ec51dd4de47c3
1607,http://ufcstats.com/fighter-details/91ea901c458e95dd
1608,http://ufcstats.com/fighter-details/5c1ca0c72b599a3c
1609,http://ufcstats.com/fighter-details/b7ffa72aa148599a
1610,http://ufcstats.com/fighter-details/9f755fb04cc21499
1611,http://ufcstats.com/fighter-details/4638cc6479cc0afe
1612,http://ufcstats.com/fighter-details/8f0d576beba1cfcd
1613,http://ufcstats.com/fighter-details/938ad489fb7a1f31
1614,http://ufcstats.com/fighter-details/948880beac71f028
1615,http://ufcstats.com/fighter-details/ba280572acfba13f
1616,http://ufcstats.com/fighter-details/5f99b2bafb10305f
1617,http://ufcstats.com/fighter-details/c2e3e67b5911bfb7
1618,http://ufcstats.com/fighter-details/57bad6a84230f0c9
1619,http://ufcstats.com/fighter-details/f3a078277b3b8ff4
1620,http://ufcstats.com/fighter-details/ec2d13a87d3d9541
1621,http://ufcstats.com/fighter-details/8d49545dadf9b919
1622,http://ufcstats.com/fighter-details/36df8e119aec6175
1623,http://ufcstats.com/fighter-details/d1e7fc58d4225cdf
1624,http://ufcstats.com/fighter-details/cf615eb4b7862c76
1625,http://ufcstats.com/fighter-details/d53482bef23235ba
1626,http://ufcstats.com/fighter-details/aac6edb0d5e0b7e9
1627,http://ufcstats.com/fighter-details/22061ff217907c78
1628,http://ufcstats.com/fighter-details/236a37d96d476164
1629,http://ufcstats.com/fighter-details/6448e57a9533b7e4
1630,http://ufcstats.com/fighter-details/fc31f896cde2bc2e
1631,http://ufcstats.com/fighter-details/69a400af4420cd6a
1632,http://ufcstats.com/fighter-details/c1ea9d56cd953586
1633,http://ufcstats.com/fighter-details/2676b28836a5a836
1634,http://ufcstats.com/fighter-details/b0550072e5f0afa7
1635,http://ufcstats.com/fighter-details/aed06011bf62237b
1636,http://ufcstats.com/fighter-details/a00ec21cfbba17b6
1637,http://ufcstats.com/fighter-details/6905d45bd71b50a9
1638,http://ufcstats.com/fighter-details/0b64d0fed453ef7f
1639,http://ufcstats.com/fighter-details/30b577b112bef42d
1640,http://ufcstats.com/fighter-details/777dea713da2441d
1641,http://ufcstats.com/fighter-details/c136b2a8852da5bd
1642,http://ufcstats.com/fighter-details/4b4753d19489297f
1643,http://ufcstats.com/fighter-details/54578e5927adea53
1644,http://ufcstats.com/fighter-details/8a9c6c4301f6d088
1645,http://ufcstats.com/fighter-details/6e92eb1242b46636
1646,http://ufcstats.com/fighter-details/185fb0200a4605e6
1647,http://ufcstats.com/fighter-details/a3be148af5c7b088
1648,http://ufcstats.com/fighter-details/1fb80f46d3c105d9
1649,http://ufcstats.com/fighter-details/6c7020b859c7a3ce
1650,http://ufcstats.com/fighter-details/7a39bbac8cc0fa70
1651,http://ufcstats.com/fighter-details/6c011be66326ad97
1652,http://ufcstats.com/fighter-details/6e7c758f5cdec01a
1653,http://ufcstats.com/fighter-details/0d0351c20169a499
1654,http://ufcstats.com/fighter-details/c575ab451e3c5b1d
1655,http://ufcstats.com/fighter-details/e50cd77732d39967
1656,http://ufcstats.com/fighter-details/67a992d4cff22466
1657,http://ufcstats.com/fighter-details/99c7610aa74995d3
1658,http://ufcstats.com/fighter-details/132505067f08c54d
1659,http://ufcstats.com/fighter-details/ca2efc9d7d523c43
1660,http://ufcstats.com/fighter-details/369e1ce458ef50a6
1661,http://ufcstats.com/fighter-details/97a6bbe6e6566a94
1662,http://ufcstats.com/fighter-details/b2e3aca4cd363477
1663,http://ufcstats.com/fighter-details/32be4b7f7de1c905
1664,http://ufcstats.com/fighter-details/3c0437fbeda06962
1665,http://ufcstats.com/fighter-details/44470bfd9483c7ad
1666,http://ufcstats.com/fighter-details/bc8f6b42767e28df
1667,http://ufcstats.com/fighter-details/fe5ca7ef93c3f6a7
1668,http://ufcstats.com/fighter-details/cc900c6a71ed23f3
1669,http://ufcstats.com/fighter-details/6dd758d34da8d254
1670,http://ufcstats.com/fighter-details/d38e8c6ae2dfc051
1671,http://ufcstats.com/fighter-details/501b07aec9b8fc2d
1672,http://ufcstats.com/fighter-details/b4eeac608fc82f88
1673,http://ufcstats.com/fighter-details/52ba464d9068d871
1674,http://ufcstats.com/fighter-details/6809c31286b08d97
1675,http://ufcstats.com/fighter-details/2525a853486ee670
1676,http://ufcstats.com/fighter-details/72c4b253d2f5ebf2
1677,http://ufcstats.com/fighter-details/4f11e9ce318ffbcb
1678,http://ufcstats.com/fighter-details/ee9d73f4fee9cbdd
1679,http://ufcstats.com/fighter-details/60029bcf496bd707
1680,http://ufcstats.com/fighter-details/f95381efb3051d81
1681,http://ufcstats.com/fighter-details/22aa91e402d0fe1f
1682,http://ufcstats.com/fighter-details/a7ddae0be8b78147
1683,http://ufcstats.com/fighter-details/19db7ac26308178f
1684,http://ufcstats.com/fighter-details/9310418684bc896f
1685,http://ufcstats.com/fighter-details/8bbc0cfc01bc1ba1
1686,http://ufcstats.com/fighter-details/8bb6f4479685bbcc
1687,http://ufcstats.com/fighter-details/523f6ad11dbe9b53
1688,http://ufcstats.com/fighter-details/3f56b99447f00607
1689,http://ufcstats.com/fighter-details/81801f57bd0a7c41
1690,http://ufcstats.com/fighter-details/a566371ba2ad7152
1691,http://ufcstats.com/fighter-details/dbea8c1cb327ab3d
1692,http://ufcstats.com/fighter-details/7c6e87729e824ef4
1693,http://ufcstats.com/fighter-details/8a70ceb3edbe757b
1694,http://ufcstats.com/fighter-details/d0c29452d3272603
1695,http://ufcstats.com/fighter-details/bffeb123b21c9aad
1696,http://ufcstats.com/fighter-details/9fe85152f351e737
1697,http://ufcstats.com/fighter-details/3e61082025db8137
1698,http://ufcstats.com/fighter-details/8cad40a75e5c97f5
1699,http://ufcstats.com/fighter-details/e82d5f54daa85a7e
1700,http://ufcstats.com/fighter-details/2ff2e6e5abea3e53
1701,http://ufcstats.com/fighter-details/f2ad06f1007c481a
1702,http://ufcstats.com/fighter-details/39cc64bf0a269db9
1703,http://ufcstats.com/fighter-details/81b8b3fb019dc69d
1704,http://ufcstats.com/fighter-details/32ba186f4b0e3267
1705,http://ufcstats.com/fighter-details/e56daf7725a0b5ab
1706,http://ufcstats.com/fighter-details/aa6e591c2a2cdecd
1707,http://ufcstats.com/fighter-details/45230be0641f3f53
1708,http://ufcstats.com/fighter-details/bc3ec52ef70fc155
1709,http://ufcstats.com/fighter-details/32c03df3c9760069
1710,http://ufcstats.com/fighter-details/2153a7f8396a46cc
1711,http://ufcstats.com/fighter-details/f65dcb22dada2223
1712,http://ufcstats.com/fighter-details/05560764359161e4
1713,http://ufcstats.com/fighter-details/179f1948dc234f1f
1714,http://ufcstats.com/fighter-details/172c2135e70f87b7
1715,http://ufcstats.com/fighter-details/7b310409440c9102
1716,http://ufcstats.com/fighter-details/b9c03e7a4557e542
1717,http://ufcstats.com/fighter-details/57887765f831e228
1718,http://ufcstats.com/fighter-details/9eb069062a0cfc13
1719,http://ufcstats.com/fighter-details/ef7fa30364cbe7f2
1720,http://ufcstats.com/fighter-details/77350fd0e6d1dba8
1721,http://ufcstats.com/fighter-details/00debc804e2b1cd4
1722,http://ufcstats.com/fighter-details/1e7483dbff40b84b
1723,http://ufcstats.com/fighter-details/e18a19001a3f7c7d
1724,http://ufcstats.com/fighter-details/ffc088e64fab57e9
1725,http://ufcstats.com/fighter-details/49f4b511932f71e9
1726,http://ufcstats.com/fighter-details/e5ecaf884b6da2bc
1727,http://ufcstats.com/fighter-details/ffdeb4fbea09ce75
1728,http://ufcstats.com/fighter-details/893d51aaf024eddd
1729,http://ufcstats.com/fighter-details/c32fb8c0f6471a4d
1730,http://ufcstats.com/fighter-details/fd5b6598a3b70c0a
1731,http://ufcstats.com/fighter-details/4fcf6e0c4e0e6664
1732,http://ufcstats.com/fighter-details/5c2ce761399dc9c5
1733,http://ufcstats.com/fighter-details/0d1c163b206e8c5f
1734,http://ufcstats.com/fighter-details/960d6cae8879ba2b
1735,http://ufcstats.com/fighter-details/9b75954db8db2a08
1736,http://ufcstats.com/fighter-details/dd37fd509af89f15
1737,http://ufcstats.com/fighter-details/8ef4a91ac694b7ce
1738,http://ufcstats.com/fighter-details/064b7dc68d786254
1739,http://ufcstats.com/fighter-details/ddf3e0ea10ea6d8c
1740,http://ufcstats.com/fighter-details/abd2109bc4cb0291
1741,http://ufcstats.com/fighter-details/3a12a2f096a6d975
1742,http://ufcstats.com/fighter-details/3aa794cbe1e3484b
1743,http://ufcstats.com/fighter-details/33e00249ef08d3a4
1744,http://ufcstats.com/fighter-details/16b89be2f5c16fba
1745,http://ufcstats.com/fighter-details/4834ff149dc9542a
1746,http://ufcstats.com/fighter-details/7e208569469c8bc8
1747,http://ufcstats.com/fighter-details/e4e0f310b3cf23a8
1748,http://ufcstats.com/fighter-details/ed74afc8b5b47a61
1749,http://ufcstats.com/fighter-details/1d36f1ac66cf689d
1750,http://ufcstats.com/fighter-details/b4c96c3d9139bf0e
1751,http://ufcstats.com/fighter-details/a4dc47001f202bcd
1752,http://ufcstats.com/fighter-details/701e057d63c124d9
1753,http://ufcstats.com/fighter-details/9147679e1a4ad4a3
1754,http://ufcstats.com/fighter-details/993d385f5a475375
1755,http://ufcstats.com/fighter-details/902ab9197b83d0db
1756,http://ufcstats.com/fighter-details/3f52ce18fb98008f
1757,http://ufcstats.com/fighter-details/b6c4451cb13c9303
1758,http://ufcstats.com/fighter-details/1d4bbaabd8b60173
1759,http://ufcstats.com/fighter-details/a7de976620f2ed13
1760,http://ufcstats.com/fighter-details/7b39035fae7268b8
1761,http://ufcstats.com/fighter-details/3a524c6700addc24
1762,http://ufcstats.com/fighter-details/b72a60a0cadff408
1763,http://ufcstats.com/fighter-details/a20d7dfaba74c067
1764,http://ufcstats.com/fighter-details/a9bcf8717dd12532
1765,http://ufcstats.com/fighter-details/4ae4049426e0161d
1766,http://ufcstats.com/fighter-details/b7ad576b8ae115e6
1767,http://ufcstats.com/fighter-details/5fceb45939fc0c8a
1768,http://ufcstats.com/fighter-details/a54fc2d6fc224dc3
1769,http://ufcstats.com/fighter-details/8e8e4487c621aa1c
1770,http://ufcstats.com/fighter-details/129537073431e52e
1771,http://ufcstats.com/fighter-details/fe91d254db77a7fc
1772,http://ufcstats.com/fighter-details/89a407032911e27e
1773,http://ufcstats.com/fighter-details/b57edace7b647f07
1774,http://ufcstats.com/fighter-details/c295de4e10acd4c9
1775,http://ufcstats.com/fighter-details/5f04e3d58d9ce982
1776,http://ufcstats.com/fighter-details/85d0fafb8b75d634
1777,http://ufcstats.com/fighter-details/bad8be5827ea1bf1
1778,http://ufcstats.com/fighter-details/e9e7e1c8ff289e1b
1779,http://ufcstats.com/fighter-details/c4731f43693b96b8
1780,http://ufcstats.com/fighter-details/98f6da59d765ec94
1781,http://ufcstats.com/fighter-details/c10eb2f12c489f6d
1782,http://ufcstats.com/fighter-details/fb79582c410d049e
1783,http://ufcstats.com/fighter-details/d403b1a6f278c95e
1784,http://ufcstats.com/fighter-details/e7fe5315b1efeb92
1785,http://ufcstats.com/fighter-details/2284092f8b63273b
1786,http://ufcstats.com/fighter-details/1ed32eaaba9ffe10
1787,http://ufcstats.com/fighter-details/7abe471b61725980
1788,http://ufcstats.com/fighter-details/da1d8d76404bb6b5
1789,http://ufcstats.com/fighter-details/6bf5a7d3e081ade2
1790,http://ufcstats.com/fighter-details/8abf70f79e9e27c2
1791,http://ufcstats.com/fighter-details/b406da701c479076
1792,http://ufcstats.com/fighter-details/2650e2f846a30f64
1793,http://ufcstats.com/fighter-details/276c60b14b571dd4
1794,http://ufcstats.com/fighter-details/c4af2feb4b58bc3b
1795,http://ufcstats.com/fighter-details/36207c58e854cae5
1796,http://ufcstats.com/fighter-details/30a09e43f15f1d75
1797,http://ufcstats.com/fighter-details/ffc3e6daaa6da0b7
1798,http://ufcstats.com/fighter-details/3591d0d5d382a381
1799,http://ufcstats.com/fighter-details/d4f364dd076bb0e2
1800,http://ufcstats.com/fighter-details/d3c554d6e11fc9d6
1801,http://ufcstats.com/fighter-details/efb9a43415a56d34
1802,http://ufcstats.com/fighter-details/c06d554ce1713fd3
1803,http://ufcstats.com/fighter-details/173acb3f920082b8
1804,http://ufcstats.com/fighter-details/69e8c632135af48b
1805,http://ufcstats.com/fighter-details/2c6e81426dd7573c
1806,http://ufcstats.com/fighter-details/b959e8c7fd8390d2
1807,http://ufcstats.com/fighter-details/575360be653ad6a6
1808,http://ufcstats.com/fighter-details/d188a3b817860ec6
1809,http://ufcstats.com/fighter-details/ba043b03eb799063
1810,http://ufcstats.com/fighter-details/564c2f5f9eb45d67
1811,http://ufcstats.com/fighter-details/7bc96507e4b38d3b
1812,http://ufcstats.com/fighter-details/50d2f0018bcf9eef
1813,http://ufcstats.com/fighter-details/e5ca2bc2451a5956
1814,http://ufcstats.com/fighter-details/87f3bbf52e6c9dc9
1815,http://ufcstats.com/fighter-details/d2a9be6bf2de624c
1816,http://ufcstats.com/fighter-details/d6d5da3c209884bc
1817,http://ufcstats.com/fighter-details/2e25c1d983c26311
1818,http://ufcstats.com/fighter-details/d5b7fac960e58920
1819,http://ufcstats.com/fighter-details/bc7230f231701d66
1820,http://ufcstats.com/fighter-details/e5d03e4d966126bd
1821,http://ufcstats.com/fighter-details/fb8a3025ae722e64
1822,http://ufcstats.com/fighter-details/5431dccc09118234
1823,http://ufcstats.com/fighter-details/fc60ecf0671b9489
1824,http://ufcstats.com/fighter-details/1ad381c8994c4e5b
1825,http://ufcstats.com/fighter-details/f3a853544e4413c4
1826,http://ufcstats.com/fighter-details/d0a5ef38a7778ac2
1827,http://ufcstats.com/fighter-details/cf9d24e4bd0cf2ce
1828,http://ufcstats.com/fighter-details/bd21a1e3d41c97ee
1829,http://ufcstats.com/fighter-details/c1a5d3843596df92
1830,http://ufcstats.com/fighter-details/fe435e440b5de0ff
1831,http://ufcstats.com/fighter-details/44bc27bfa76dcd9e
1832,http://ufcstats.com/fighter-details/901cddcbfa079097
1833,http://ufcstats.com/fighter-details/5cafbc97dba2e797
1834,http://ufcstats.com/fighter-details/ccd1299e0345e0ce
1835,http://ufcstats.com/fighter-details/43563a32c3f10e95
1836,http://ufcstats.com/fighter-details/28f3c2258a1d8874
1837,http://ufcstats.com/fighter-details/5755960ebd0b16f6
1838,http://ufcstats.com/fighter-details/80dbeb1dd5b53e64
1839,http://ufcstats.com/fighter-details/d8d7b24d276c8cb0
1840,http://ufcstats.com/fighter-details/8f2939f5fd9cca1e
1841,http://ufcstats.com/fighter-details/15b1b21cd743d652
1842,http://ufcstats.com/fighter-details/ff4c3ab594c7fac3
1843,http://ufcstats.com/fighter-details/f8fe2053d73d7bcf
1844,http://ufcstats.com/fighter-details/915c8d39d4a0e7d1
1845,http://ufcstats.com/fighter-details/af90b10c785ced3e
1846,http://ufcstats.com/fighter-details/36fbaa49a09ff997
1847,http://ufcstats.com/fighter-details/10657c60ce349e0f
1848,http://ufcstats.com/fighter-details/db5dc7cb80d7d418
1849,http://ufcstats.com/fighter-details/16af2d5a6f28bee2
1850,http://ufcstats.com/fighter-details/0876d21328cf4a45
1851,http://ufcstats.com/fighter-details/d43a048a880efdff
1852,http://ufcstats.com/fighter-details/86f582852a5b240a
1853,http://ufcstats.com/fighter-details/7be63795363029e8
1854,http://ufcstats.com/fighter-details/3b9f723e2720a238
1855,http://ufcstats.com/fighter-details/6546af7ab545b90c
1856,http://ufcstats.com/fighter-details/658c3465581ae46b
1857,http://ufcstats.com/fighter-details/981ab7a0576f76a0
1858,http://ufcstats.com/fighter-details/b13da0b1a3aed3e7
1859,http://ufcstats.com/fighter-details/92b36014314b028b
1860,http://ufcstats.com/fighter-details/48d1f690b763934c
1861,http://ufcstats.com/fighter-details/bbfca6d5c27d9cd8
1862,http://ufcstats.com/fighter-details/b35ba64b6a2bbcb3
1863,http://ufcstats.com/fighter-details/7f955f71fa2ce7ac
1864,http://ufcstats.com/fighter-details/5dfe71ade71f3a4b
1865,http://ufcstats.com/fighter-details/b7f38813485745da
1866,http://ufcstats.com/fighter-details/896c322f56b8be5a
1867,http://ufcstats.com/fighter-details/1e327b281ef6a745
1868,http://ufcstats.com/fighter-details/c3bd649a9194e50c
1869,http://ufcstats.com/fighter-details/55f80a8aeffcdb33
1870,http://ufcstats.com/fighter-details/2924886ee9c4c527
1871,http://ufcstats.com/fighter-details/98b80a717b9bda17
1872,http://ufcstats.com/fighter-details/46baf0f57edfa4df
1873,http://ufcstats.com/fighter-details/8ddf9c51c5fdea75
1874,http://ufcstats.com/fighter-details/8f3df4c579cfbb69
1875,http://ufcstats.com/fighter-details/14aa21bc82cac57d
1876,http://ufcstats.com/fighter-details/3c921b1a30fdcbdd
1877,http://ufcstats.com/fighter-details/1abfb658cd4f8533
1878,http://ufcstats.com/fighter-details/e363b21261814830
1879,http://ufcstats.com/fighter-details/be4076c9e8d791e3
1880,http://ufcstats.com/fighter-details/cd12227edd3f134b
1881,http://ufcstats.com/fighter-details/0fb1e2694a39a02f
1882,http://ufcstats.com/fighter-details/fa315e6c77eee106
1883,http://ufcstats.com/fighter-details/a01e84abefd85ec0
1884,http://ufcstats.com/fighter-details/46fd223e3ced39b3
1885,http://ufcstats.com/fighter-details/23459ee7e373b98f
1886,http://ufcstats.com/fighter-details/8b69839f3555a67b
1887,http://ufcstats.com/fighter-details/eee7dafac7d672b5
1888,http://ufcstats.com/fighter-details/c9f6385af6df66d7
1889,http://ufcstats.com/fighter-details/19a8cce18a1cef9e
1890,http://ufcstats.com/fighter-details/c4fe2e9a06ea5bcb
1891,http://ufcstats.com/fighter-details/e0b74df14f52cd15
1892,http://ufcstats.com/fighter-details/88a9bc81271ccd89
1893,http://ufcstats.com/fighter-details/837d30395faca41e
1894,http://ufcstats.com/fighter-details/48e96d9cea6d4ab0
1895,http://ufcstats.com/fighter-details/acd9513399a8b09b
1896,http://ufcstats.com/fighter-details/a17322f99ddfd8e9
1897,http://ufcstats.com/fighter-details/f2c8ebbeafd45f2b
1898,http://ufcstats.com/fighter-details/7bd94b60d7521e4a
1899,http://ufcstats.com/fighter-details/a6bbd3df469c6bea
1900,http://ufcstats.com/fighter-details/cbd6f1abf955e628
1901,http://ufcstats.com/fighter-details/0d506315895efffc
1902,http://ufcstats.com/fighter-details/1a7745388839e52b
1903,http://ufcstats.com/fighter-details/49e49b54e5901d0d
1904,http://ufcstats.com/fighter-details/d23ccf4a6c221284
1905,http://ufcstats.com/fighter-details/a26198ba5093147e
1906,http://ufcstats.com/fighter-details/2c64c035485906aa
1907,http://ufcstats.com/fighter-details/b26d3e3746fb4024
1908,http://ufcstats.com/fighter-details/03c9994c5b8958ec
1909,http://ufcstats.com/fighter-details/27d65e9d0fba61ea
1910,http://ufcstats.com/fighter-details/a1b0715c4fd2dbd3
1911,http://ufcstats.com/fighter-details/4130a743d9d22163
1912,http://ufcstats.com/fighter-details/1eacf73d6a0055dc
1913,http://ufcstats.com/fighter-details/917e53fa0adea0d3
1914,http://ufcstats.com/fighter-details/5abf827d62f98fee
1915,http://ufcstats.com/fighter-details/54ed8dc6f8c31207
1916,http://ufcstats.com/fighter-details/16bf6a73bdd302cd
1917,http://ufcstats.com/fighter-details/ddbe4fa2ea573393
1918,http://ufcstats.com/fighter-details/4304992c2acc187b
1919,http://ufcstats.com/fighter-details/879f6cae48d25baa
1920,http://ufcstats.com/fighter-details/6ef65b6a152e49d5
1921,http://ufcstats.com/fighter-details/8e5bfd4e82352340
1922,http://ufcstats.com/fighter-details/b27b8881d7444114
1923,http://ufcstats.com/fighter-details/411d012af19ecb59
1924,http://ufcstats.com/fighter-details/98ec9f385cca47fc
1925,http://ufcstats.com/fighter-details/7d09200f6a77b20e
1926,http://ufcstats.com/fighter-details/fef3d17e27e916e7
1927,http://ufcstats.com/fighter-details/57bf89d42364d39e
1928,http://ufcstats.com/fighter-details/4417980b3e798abf
1929,http://ufcstats.com/fighter-details/a1f6999fe57236e0
1930,http://ufcstats.com/fighter-details/579fcdfcabd23a7b
1931,http://ufcstats.com/fighter-details/7c35f869033901ae
1932,http://ufcstats.com/fighter-details/d1a1314976c50bef
1933,http://ufcstats.com/fighter-details/e6c5908910cc26e4
1934,http://ufcstats.com/fighter-details/706f8e2b34e8e18b
1935,http://ufcstats.com/fighter-details/bfc2fc38a0e20211
1936,http://ufcstats.com/fighter-details/01d2ed8c502e3828
1937,http://ufcstats.com/fighter-details/64959f90b6dd9759
1938,http://ufcstats.com/fighter-details/a0602dd050bebefc
1939,http://ufcstats.com/fighter-details/f8dc544e7077d014
1940,http://ufcstats.com/fighter-details/6cadfd8f1d9e7685
1941,http://ufcstats.com/fighter-details/d023ae89a2a4a41e
1942,http://ufcstats.com/fighter-details/33011768c3c4dc9a
1943,http://ufcstats.com/fighter-details/7b143a54451263d9
1944,http://ufcstats.com/fighter-details/60ba33c3f555a7a3
1945,http://ufcstats.com/fighter-details/d34636a85f0f4c90
1946,http://ufcstats.com/fighter-details/1e35aa8955794580
1947,http://ufcstats.com/fighter-details/6f018c039b4d5d80
1948,http://ufcstats.com/fighter-details/5bb0a618ad03ac64
1949,http://ufcstats.com/fighter-details/6f81b6de2557739a
1950,http://ufcstats.com/fighter-details/c0c36a5b3d5bbdd5
1951,http://ufcstats.com/fighter-details/ccdd90bd1fc7dab6
1952,http://ufcstats.com/fighter-details/353de740bb6c7e75
1953,http://ufcstats.com/fighter-details/fea8acf9bfcf09ec
1954,http://ufcstats.com/fighter-details/7cf20446453f852b
1955,http://ufcstats.com/fighter-details/3a24769a4855040a
1956,http://ufcstats.com/fighter-details/e983c62faf677ab2
1957,http://ufcstats.com/fighter-details/7f6ef4e1227600bc
1958,http://ufcstats.com/fighter-details/c0eecd851dbf3146
1959,http://ufcstats.com/fighter-details/ecdf14f4f8643d39
1960,http://ufcstats.com/fighter-details/85980f5da429c0a6
1961,http://ufcstats.com/fighter-details/b0a6124751a56bc4
1962,http://ufcstats.com/fighter-details/8b260672a21d1fd6
1963,http://ufcstats.com/fighter-details/edad57b3dddf2168
1964,http://ufcstats.com/fighter-details/5a6e4d2f0c76a242
1965,http://ufcstats.com/fighter-details/b788862dd1c11eac
1966,http://ufcstats.com/fighter-details/879b8df81523d91b
1967,http://ufcstats.com/fighter-details/76729a829623e266
1968,http://ufcstats.com/fighter-details/182f2b78582de3d8
1969,http://ufcstats.com/fighter-details/0a97691039c4bbfb
1970,http://ufcstats.com/fighter-details/fdf18227faa596dd
1971,http://ufcstats.com/fighter-details/d897897060f10a3a
1972,http://ufcstats.com/fighter-details/c23e3d4875340d8d
1973,http://ufcstats.com/fighter-details/97a8f39186f489db
1974,http://ufcstats.com/fighter-details/c34e5849184b08c3
1975,http://ufcstats.com/fighter-details/0bcfe2513cb3bc39
1976,http://ufcstats.com/fighter-details/c6a33ff198aaaeeb
1977,http://ufcstats.com/fighter-details/10559c53de0b950e
1978,http://ufcstats.com/fighter-details/24b033b3daf1c9df
1979,http://ufcstats.com/fighter-details/d5f820c11a121050
1980,http://ufcstats.com/fighter-details/4f853e98886283cf
1981,http://ufcstats.com/fighter-details/75e0d3cc2262b732
1982,http://ufcstats.com/fighter-details/473ce3aa581251a2
1983,http://ufcstats.com/fighter-details/84ac950d4c1722dd
1984,http://ufcstats.com/fighter-details/322a56923b396b4d
1985,http://ufcstats.com/fighter-details/f59e9e49ef85b469
1986,http://ufcstats.com/fighter-details/92aafa8f4b26269b
1987,http://ufcstats.com/fighter-details/b2a2da86546ddb19
1988,http://ufcstats.com/fighter-details/0871254cd790c250
1989,http://ufcstats.com/fighter-details/fbf0947399d14323
1990,http://ufcstats.com/fighter-details/2b4faacc16d66898
1991,http://ufcstats.com/fighter-details/dcdd511ff757f15c
1992,http://ufcstats.com/fighter-details/9f842be1a5337be6
1993,http://ufcstats.com/fighter-details/c96e2ae6021144a1
1994,http://ufcstats.com/fighter-details/b0f316c60f8d3b47
1995,http://ufcstats.com/fighter-details/cc3147b49c7d7d92
1996,http://ufcstats.com/fighter-details/fcffee71cff5530e
1997,http://ufcstats.com/fighter-details/2f732dd9210d301f
1998,http://ufcstats.com/fighter-details/7a15f3694c5cbc02
1999,http://ufcstats.com/fighter-details/afc2a7ce0c763bd5
2000,http://ufcstats.com/fighter-details/2937cb502dda0808
2001,http://ufcstats.com/fighter-details/970beed85bc46b63
2002,http://ufcstats.com/fighter-details/86061eaba822bfea
2003,http://ufcstats.com/fighter-details/db6d5f691aea3fd3
2004,http://ufcstats.com/fighter-details/f34312c2ccfa0e00
2005,http://ufcstats.com/fighter-details/7bc475b0fc2020ab
2006,http://ufcstats.com/fighter-details/e9e1acc96536bb4f
2007,http://ufcstats.com/fighter-details/4f736494fc733095
2008,http://ufcstats.com/fighter-details/7a613f78dd7ee8f8
2009,http://ufcstats.com/fighter-details/e57fdbea1b828202
2010,http://ufcstats.com/fighter-details/de12bd65e2f46478
2011,http://ufcstats.com/fighter-details/1d1b85389a05df69
2012,http://ufcstats.com/fighter-details/b35a159f525764eb
2013,http://ufcstats.com/fighter-details/b2f88c04c4dd43ce
2014,http://ufcstats.com/fighter-details/ee624ee2a18f2a43
2015,http://ufcstats.com/fighter-details/2be6596a9db33bf5
2016,http://ufcstats.com/fighter-details/ece280745f8727b8
2017,http://ufcstats.com/fighter-details/a8ea84cbe1655f0a
2018,http://ufcstats.com/fighter-details/d18dbcb0f8e2b55d
2019,http://ufcstats.com/fighter-details/e4aaaa34535e32b6
2020,http://ufcstats.com/fighter-details/5b2d7906aa894274
2021,http://ufcstats.com/fighter-details/33b2f68ef95252e0
2022,http://ufcstats.com/fighter-details/cc84b68f862b466f
2023,http://ufcstats.com/fighter-details/53f84637dfffab7a
2024,http://ufcstats.com/fighter-details/11f8860028b68fcf
2025,http://ufcstats.com/fighter-details/51b1e2fd9872005b
2026,http://ufcstats.com/fighter-details/f1f9e48a0d150757
2027,http://ufcstats.com/fighter-details/8c8c92a12621d7e0
2028,http://ufcstats.com/fighter-details/0577808d22dfe79c
2029,http://ufcstats.com/fighter-details/80779d7441af1b52
2030,http://ufcstats.com/fighter-details/cb46dface0e28a2c
2031,http://ufcstats.com/fighter-details/f59f1d3a2ff13edd
2032,http://ufcstats.com/fighter-details/22edaf53ad59a967
2033,http://ufcstats.com/fighter-details/696002b59f09d73b
2034,http://ufcstats.com/fighter-details/d0d7160824278840
2035,http://ufcstats.com/fighter-details/56116a79e4deed06
2036,http://ufcstats.com/fighter-details/59583ff832fe9d68
2037,http://ufcstats.com/fighter-details/8a8a84b743ae7699
2038,http://ufcstats.com/fighter-details/210935fd21670f6d
2039,http://ufcstats.com/fighter-details/1cecc8fe6748a532
2040,http://ufcstats.com/fighter-details/e503aa5c252a1b4d
2041,http://ufcstats.com/fighter-details/497ba5b12a4bfc47
2042,http://ufcstats.com/fighter-details/8cb76103cd8a1562
2043,http://ufcstats.com/fighter-details/e2b8186b618b00c4
2044,http://ufcstats.com/fighter-details/83a477a7dba1ca58
2045,http://ufcstats.com/fighter-details/5df17b3620145578
2046,http://ufcstats.com/fighter-details/c7011de4765d2497
2047,http://ufcstats.com/fighter-details/668222c99c5c311d
2048,http://ufcstats.com/fighter-details/6224e8d0a34264eb
2049,http://ufcstats.com/fighter-details/a7d687e6ecb30981
2050,http://ufcstats.com/fighter-details/20205040232ed0f3
2051,http://ufcstats.com/fighter-details/a08d909a5be6f410
2052,http://ufcstats.com/fighter-details/a66395395b5f1394
2053,http://ufcstats.com/fighter-details/cb139171ed1b69fe
2054,http://ufcstats.com/fighter-details/621a6c59f88a44fe
2055,http://ufcstats.com/fighter-details/744e098e065cfdbe
2056,http://ufcstats.com/fighter-details/e6147d5ab3685899
2057,http://ufcstats.com/fighter-details/e26882820f9e8df5
2058,http://ufcstats.com/fighter-details/eea0274e153256a0
2059,http://ufcstats.com/fighter-details/91acd6910b802a9e
2060,http://ufcstats.com/fighter-details/d25b93992f285953
2061,http://ufcstats.com/fighter-details/02500fb9fd79a974
2062,http://ufcstats.com/fighter-details/b45d6b73f4ca4467
2063,http://ufcstats.com/fighter-details/79899ecf62020f6d
2064,http://ufcstats.com/fighter-details/be5cfd73617a5b1a
2065,http://ufcstats.com/fighter-details/2721bb808bb2523c
2066,http://ufcstats.com/fighter-details/68dd7b3783c19f9c
2067,http://ufcstats.com/fighter-details/934de214814b8ff4
2068,http://ufcstats.com/fighter-details/89b8d1bf1ff09d1d
2069,http://ufcstats.com/fighter-details/56bc9ccb609df534
2070,http://ufcstats.com/fighter-details/1f9c371c93dfd3a9
2071,http://ufcstats.com/fighter-details/234f3767ff0e5701
2072,http://ufcstats.com/fighter-details/0aa92558424ced9e
2073,http://ufcstats.com/fighter-details/8a0be41c0380188d
2074,http://ufcstats.com/fighter-details/aae99701b21554e4
2075,http://ufcstats.com/fighter-details/d7b2c0b53883ee80
2076,http://ufcstats.com/fighter-details/7691a80e6ca3e55b
2077,http://ufcstats.com/fighter-details/baed16f18348908e
2078,http://ufcstats.com/fighter-details/008dc37cca279def
2079,http://ufcstats.com/fighter-details/df2bf09c99594848
2080,http://ufcstats.com/fighter-details/28f62d866c59c709
2081,http://ufcstats.com/fighter-details/91186547a7f3f758
2082,http://ufcstats.com/fighter-details/aa1952ec0b3dd8e1
2083,http://ufcstats.com/fighter-details/054defd5420a551f
2084,http://ufcstats.com/fighter-details/9b68bf67c5695185
2085,http://ufcstats.com/fighter-details/2adb11835acd815b
2086,http://ufcstats.com/fighter-details/df05aa15b2d66f57
2087,http://ufcstats.com/fighter-details/6b5b9be990774f0e
2088,http://ufcstats.com/fighter-details/9ddfb3369a3b0394
2089,http://ufcstats.com/fighter-details/aac5ac38148f0528
2090,http://ufcstats.com/fighter-details/9b74de674c355425
2091,http://ufcstats.com/fighter-details/ccba80d4820ef557
2092,http://ufcstats.com/fighter-details/219a254e15d60135
2093,http://ufcstats.com/fighter-details/eaea0fc7b76525a8
2094,http://ufcstats.com/fighter-details/f1f37d667bcd0d27
2095,http://ufcstats.com/fighter-details/dc5a6b2fdb27e7dc
2096,http://ufcstats.com/fighter-details/b7d524c77c27389b
2097,http://ufcstats.com/fighter-details/1652f3213655b935
2098,http://ufcstats.com/fighter-details/9c669abd35b2522f
2099,http://ufcstats.com/fighter-details/3414b50b08a10600
2100,http://ufcstats.com/fighter-details/dbaaf42313af90fa
2101,http://ufcstats.com/fighter-details/a149d6bc670cdb60
2102,http://ufcstats.com/fighter-details/196ed28337adc630
2103,http://ufcstats.com/fighter-details/338a11d3674eb2d4
2104,http://ufcstats.com/fighter-details/8e893f269d5696b2
2105,http://ufcstats.com/fighter-details/9f7787e56a6bc0f4
2106,http://ufcstats.com/fighter-details/320edfb0332b7073
2107,http://ufcstats.com/fighter-details/c4b81cdecd5d6abe
2108,http://ufcstats.com/fighter-details/d58478ded5534695
2109,http://ufcstats.com/fighter-details/3dc3022232b79c7a
2110,http://ufcstats.com/fighter-details/349aaa3da11eb587
2111,http://ufcstats.com/fighter-details/132f860d02953f4c
2112,http://ufcstats.com/fighter-details/5b407acfe0ef9b76
2113,http://ufcstats.com/fighter-details/28ba5f27e473420c
2114,http://ufcstats.com/fighter-details/771b60ff889661c8
2115,http://ufcstats.com/fighter-details/93b9496275bbbf80
2116,http://ufcstats.com/fighter-details/d29b5c4f22c6357d
2117,http://ufcstats.com/fighter-details/852454c572675334
2118,http://ufcstats.com/fighter-details/2a8502954f49e682
2119,http://ufcstats.com/fighter-details/c11f50e9c1513ce9
2120,http://ufcstats.com/fighter-details/cac08b8685387ca5
2121,http://ufcstats.com/fighter-details/86dfed7cc24a9fa7
2122,http://ufcstats.com/fighter-details/029880cdbf5ca089
2123,http://ufcstats.com/fighter-details/6085ceb59087514b
2124,http://ufcstats.com/fighter-details/60c72f7459827881
2125,http://ufcstats.com/fighter-details/a0c139b34f11421a
2126,http://ufcstats.com/fighter-details/679a9054e2815943
2127,http://ufcstats.com/fighter-details/e86bc32f5997a8f7
2128,http://ufcstats.com/fighter-details/d10b35152277cf98
2129,http://ufcstats.com/fighter-details/010986ee359fb863
2130,http://ufcstats.com/fighter-details/b9415726dc3ec526
2131,http://ufcstats.com/fighter-details/a7f4d0902bb64092
2132,http://ufcstats.com/fighter-details/0b5b6876c2a4723f
2133,http://ufcstats.com/fighter-details/b9d0fd83bb8a147a
2134,http://ufcstats.com/fighter-details/85248da6e9e2f7e7
2135,http://ufcstats.com/fighter-details/01f022fa494188e2
2136,http://ufcstats.com/fighter-details/1f77fce698e80488
2137,http://ufcstats.com/fighter-details/a390eb8a9b2df298
2138,http://ufcstats.com/fighter-details/22e47b53e4ceb27c
2139,http://ufcstats.com/fighter-details/3ae10ac4df3df05c
2140,http://ufcstats.com/fighter-details/4c8d6fde2dde07c4
2141,http://ufcstats.com/fighter-details/013da757877044a2
2142,http://ufcstats.com/fighter-details/947eccadb72f4f6f
2143,http://ufcstats.com/fighter-details/23725c826c481e7f
2144,http://ufcstats.com/fighter-details/27541033b97c076d
2145,http://ufcstats.com/fighter-details/fb1538b46877a695
2146,http://ufcstats.com/fighter-details/ab8900ae1f1dfd4c
2147,http://ufcstats.com/fighter-details/aae0897825336b1a
2148,http://ufcstats.com/fighter-details/7e69a4b0961aa555
2149,http://ufcstats.com/fighter-details/5731cc327790b731
2150,http://ufcstats.com/fighter-details/1cf1310684a841f5
2151,http://ufcstats.com/fighter-details/52cae54377b433b7
2152,http://ufcstats.com/fighter-details/cce79e827569f26e
2153,http://ufcstats.com/fighter-details/dc0f07928009a127
2154,http://ufcstats.com/fighter-details/eb1723480fa2f96c
2155,http://ufcstats.com/fighter-details/a780d16cf7eed44d
2156,http://ufcstats.com/fighter-details/23a16ebe733e3041
2157,http://ufcstats.com/fighter-details/f0abbb6f3444dae7
2158,http://ufcstats.com/fighter-details/9f1641c08cf8fbe2
2159,http://ufcstats.com/fighter-details/052ceb8976695342
2160,http://ufcstats.com/fighter-details/21b8a0f5c231096f
2161,http://ufcstats.com/fighter-details/d2d37e8eeb3abc8d
2162,http://ufcstats.com/fighter-details/231926533134ec1f
2163,http://ufcstats.com/fighter-details/e4a9dbade7c7e1a7
2164,http://ufcstats.com/fighter-details/53bb0d40905b87c0
2165,http://ufcstats.com/fighter-details/a6959da32f0e6b5d
2166,http://ufcstats.com/fighter-details/af5b208e97f5d382
2167,http://ufcstats.com/fighter-details/2db7fa8db6bc9632
2168,http://ufcstats.com/fighter-details/a6d8bfe9e0c8153b
2169,http://ufcstats.com/fighter-details/0541480fbf719d86
2170,http://ufcstats.com/fighter-details/8fa2b06572365321
2171,http://ufcstats.com/fighter-details/5a558ba1ff5e9121
2172,http://ufcstats.com/fighter-details/e78f601035d677f2
2173,http://ufcstats.com/fighter-details/4f2fcbefb668689d
2174,http://ufcstats.com/fighter-details/5eedbf1e9601be35
2175,http://ufcstats.com/fighter-details/fa8b9e6b0c2269f8
2176,http://ufcstats.com/fighter-details/3c241737a6069b9f
2177,http://ufcstats.com/fighter-details/37b1696e6d115957
2178,http://ufcstats.com/fighter-details/69b69c0178c4004d
2179,http://ufcstats.com/fighter-details/38b50fd1e1b5b656
2180,http://ufcstats.com/fighter-details/e0ec3c3b6b611f7e
2181,http://ufcstats.com/fighter-details/1fd4fbdcc67de844
2182,http://ufcstats.com/fighter-details/daf1b84aebd6602b
2183,http://ufcstats.com/fighter-details/a56607a451e4c70d
2184,http://ufcstats.com/fighter-details/75f871836d41f90f
2185,http://ufcstats.com/fighter-details/04643fd03d9159cc
2186,http://ufcstats.com/fighter-details/480b702debcb5433
2187,http://ufcstats.com/fighter-details/fd87b1bbfcde9d5e
2188,http://ufcstats.com/fighter-details/20bcc9966affb19c
2189,http://ufcstats.com/fighter-details/51b0bb73a1da34bc
2190,http://ufcstats.com/fighter-details/edd8d5d8089a35f8
2191,http://ufcstats.com/fighter-details/3bbcd63a016d9715
2192,http://ufcstats.com/fighter-details/058e4e08a1ad8aba
2193,http://ufcstats.com/fighter-details/a421465acbe59c77
2194,http://ufcstats.com/fighter-details/ec33146e43e58933
2195,http://ufcstats.com/fighter-details/cc300e9aa3063431
2196,http://ufcstats.com/fighter-details/aa79d5399571068e
2197,http://ufcstats.com/fighter-details/5669b828e7e11329
2198,http://ufcstats.com/fighter-details/1efa064872f089d0
2199,http://ufcstats.com/fighter-details/55a7b2d4e54ffac9
2200,http://ufcstats.com/fighter-details/aa03a3ca00ac6827
2201,http://ufcstats.com/fighter-details/d74cba8566291bfa
2202,http://ufcstats.com/fighter-details/049d698d773eb3e1
2203,http://ufcstats.com/fighter-details/59aaf2730b84698a
2204,http://ufcstats.com/fighter-details/d632d156c0549e07
2205,http://ufcstats.com/fighter-details/d35c3ed553b71fa2
2206,http://ufcstats.com/fighter-details/9ca265dfe8323db3
2207,http://ufcstats.com/fighter-details/0359313549d230a1
2208,http://ufcstats.com/fighter-details/a8d521d913df4e31
2209,http://ufcstats.com/fighter-details/a6fd2173d5e2d7f0
2210,http://ufcstats.com/fighter-details/83d0de122f2f9664
2211,http://ufcstats.com/fighter-details/3138fab619faf4d1
2212,http://ufcstats.com/fighter-details/58bc81376286b3d3
2213,http://ufcstats.com/fighter-details/36a432f22144843e
2214,http://ufcstats.com/fighter-details/725a834930c2b5bf
2215,http://ufcstats.com/fighter-details/9583662df31d943f
2216,http://ufcstats.com/fighter-details/7d21de9c6d7c98b2
2217,http://ufcstats.com/fighter-details/b05086131c6f5dc5
2218,http://ufcstats.com/fighter-details/2f3f12002564bb55
2219,http://ufcstats.com/fighter-details/b2acebbef8da14ea
2220,http://ufcstats.com/fighter-details/f1b2a4365799c48b
2221,http://ufcstats.com/fighter-details/de62052b2ede65ba
2222,http://ufcstats.com/fighter-details/8d26912cd2aeb366
2223,http://ufcstats.com/fighter-details/eae4aec1a5a8ff01
2224,http://ufcstats.com/fighter-details/8fd1f27e86661ede
2225,http://ufcstats.com/fighter-details/3795fca327cbcf23
2226,http://ufcstats.com/fighter-details/b23fca14c7b79935
2227,http://ufcstats.com/fighter-details/04c15b52c3cc1cab
2228,http://ufcstats.com/fighter-details/68c6cd5287b473a7
2229,http://ufcstats.com/fighter-details/b51841e7c594090d
2230,http://ufcstats.com/fighter-details/46e2ca71fd5089cb
2231,http://ufcstats.com/fighter-details/dd8aec6de7035943
2232,http://ufcstats.com/fighter-details/5114f1b5ad4cdf72
2233,http://ufcstats.com/fighter-details/d1dcd4e96464a53d
2234,http://ufcstats.com/fighter-details/b18fb36a4aa00093
2235,http://ufcstats.com/fighter-details/cbf94e4c4af4ff6d
2236,http://ufcstats.com/fighter-details/91d73ee59347ac16
2237,http://ufcstats.com/fighter-details/3ba3b5cc94498437
2238,http://ufcstats.com/fighter-details/abbc737317f66b81
2239,http://ufcstats.com/fighter-details/7f0b4a75ef3039a3
2240,http://ufcstats.com/fighter-details/7649c4c95b824488
2241,http://ufcstats.com/fighter-details/04d5718ed2661e8c
2242,http://ufcstats.com/fighter-details/cbe79765d44bd172
2243,http://ufcstats.com/fighter-details/b732b326c362fb62
2244,http://ufcstats.com/fighter-details/d1152823307d7e7c
2245,http://ufcstats.com/fighter-details/6b7bc7eaf2465387
2246,http://ufcstats.com/fighter-details/a8aba6fd8a463043
2247,http://ufcstats.com/fighter-details/80c0bed43da0e27b
2248,http://ufcstats.com/fighter-details/1208ffc5be6e31ad
2249,http://ufcstats.com/fighter-details/6803d4d6908354ac
2250,http://ufcstats.com/fighter-details/5be86bb2f78fef2f
2251,http://ufcstats.com/fighter-details/7450525c7ba032a0
2252,http://ufcstats.com/fighter-details/93ce4ac89e3d7652
2253,http://ufcstats.com/fighter-details/a0b91014e9d16a76
2254,http://ufcstats.com/fighter-details/f74e037b97917027
2255,http://ufcstats.com/fighter-details/8f2d9ee27f206f1f
2256,http://ufcstats.com/fighter-details/288aaa8f82040e02
2257,http://ufcstats.com/fighter-details/05866d8c3a321856
2258,http://ufcstats.com/fighter-details/42078a86d3dd037b
2259,http://ufcstats.com/fighter-details/394f55ebca199124
2260,http://ufcstats.com/fighter-details/b034747dc1d15491
2261,http://ufcstats.com/fighter-details/cd7bafbeee1f29a0
2262,http://ufcstats.com/fighter-details/ad3041e61896b975
2263,http://ufcstats.com/fighter-details/622f015c81a9b13a
2264,http://ufcstats.com/fighter-details/c8136ab8aa32c974
2265,http://ufcstats.com/fighter-details/da97d6c97d09c030
2266,http://ufcstats.com/fighter-details/9d4522df6fc49a47
2267,http://ufcstats.com/fighter-details/40a604761ca7d64d
2268,http://ufcstats.com/fighter-details/35dc6220b113b7ec
2269,http://ufcstats.com/fighter-details/c9bbf1a0285a8076
2270,http://ufcstats.com/fighter-details/2961be02cfb0d2c1
2271,http://ufcstats.com/fighter-details/1411c630ba711b64
2272,http://ufcstats.com/fighter-details/88c8f47241d90040
2273,http://ufcstats.com/fighter-details/2a542ee8a8b83559
2274,http://ufcstats.com/fighter-details/4f95f74620a6b7a4
2275,http://ufcstats.com/fighter-details/6a92caba39b64752
2276,http://ufcstats.com/fighter-details/25433871e4eee0f4
2277,http://ufcstats.com/fighter-details/c6d8ae3b016d5ad5
2278,http://ufcstats.com/fighter-details/1a1a4d7a29041d77
2279,http://ufcstats.com/fighter-details/863d06a7ef8bc98c
2280,http://ufcstats.com/fighter-details/45bc8f98d62bd096
2281,http://ufcstats.com/fighter-details/6ad9058b7c7898b0
2282,http://ufcstats.com/fighter-details/d3de4a24f7eefac8
2283,http://ufcstats.com/fighter-details/c4b6099f0d25f75e
2284,http://ufcstats.com/fighter-details/3c48019bc387b80c
2285,http://ufcstats.com/fighter-details/f12f979b657ab876
2286,http://ufcstats.com/fighter-details/318e629d1eb7aa49
2287,http://ufcstats.com/fighter-details/5f6038bcdb95e3e4
2288,http://ufcstats.com/fighter-details/ee4b670e159f4a33
2289,http://ufcstats.com/fighter-details/2f1700b3a4a09bc7
2290,http://ufcstats.com/fighter-details/68d76fd9ecf7431d
2291,http://ufcstats.com/fighter-details/b2f743746e8dcfa2
2292,http://ufcstats.com/fighter-details/4f4dac51adc1af4f
2293,http://ufcstats.com/fighter-details/ac70a4f1db1b8c40
2294,http://ufcstats.com/fighter-details/afdb76fbd86f6d11
2295,http://ufcstats.com/fighter-details/918d9d89d4d52acc
2296,http://ufcstats.com/fighter-details/d468288756ae3982
2297,http://ufcstats.com/fighter-details/330ec26453c44a59
2298,http://ufcstats.com/fighter-details/91720876db0ee468
2299,http://ufcstats.com/fighter-details/44260175069b6276
2300,http://ufcstats.com/fighter-details/5330fe7e4c3af81c
2301,http://ufcstats.com/fighter-details/2b06b6ad5db63348
2302,http://ufcstats.com/fighter-details/476414d2f18cd059
2303,http://ufcstats.com/fighter-details/aebfb84d1f6d2d8c
2304,http://ufcstats.com/fighter-details/15edcf67ccf5be84
2305,http://ufcstats.com/fighter-details/d1759b2b7be9be56
2306,http://ufcstats.com/fighter-details/546015aa2ad945fd
2307,http://ufcstats.com/fighter-details/3410cf010558dc8b
2308,http://ufcstats.com/fighter-details/710d93f1508f7104
2309,http://ufcstats.com/fighter-details/c3ea8deeba00462b
2310,http://ufcstats.com/fighter-details/d8022d5526b1d937
2311,http://ufcstats.com/fighter-details/7c0847d3854a95f2
2312,http://ufcstats.com/fighter-details/817e0bdf08efce2e
2313,http://ufcstats.com/fighter-details/e091482fa6648261
2314,http://ufcstats.com/fighter-details/8caca5857ce0e30b
2315,http://ufcstats.com/fighter-details/663b76da637402c3
2316,http://ufcstats.com/fighter-details/4908c5ee68a50ee5
2317,http://ufcstats.com/fighter-details/6ef58dabef8beb15
2318,http://ufcstats.com/fighter-details/b14a68c533f4a4aa
2319,http://ufcstats.com/fighter-details/d814f5192e58fb2f
2320,http://ufcstats.com/fighter-details/b5ea750025697880
2321,http://ufcstats.com/fighter-details/84a067c46306a737
2322,http://ufcstats.com/fighter-details/0597a4528ebd1307
2323,http://ufcstats.com/fighter-details/7215953cd5c6254d
2324,http://ufcstats.com/fighter-details/6aa1cbc1466e9a0b
2325,http://ufcstats.com/fighter-details/388abbf8832b5adf
2326,http://ufcstats.com/fighter-details/7b6e40a73b567072
2327,http://ufcstats.com/fighter-details/275cafc9de131c83
2328,http://ufcstats.com/fighter-details/6776260cb0aef647
2329,http://ufcstats.com/fighter-details/43612456979e5d5e
2330,http://ufcstats.com/fighter-details/cbfd1d34356a004c
2331,http://ufcstats.com/fighter-details/e670f8cc2969a789
2332,http://ufcstats.com/fighter-details/821cd80aab70d5f9
2333,http://ufcstats.com/fighter-details/75bbd2206a15319f
2334,http://ufcstats.com/fighter-details/ad32471f01e7b1a5
2335,http://ufcstats.com/fighter-details/ea3ef6206c7907d5
2336,http://ufcstats.com/fighter-details/1ea8df62b3f8fea6
2337,http://ufcstats.com/fighter-details/63b65af1c5cb02cb
2338,http://ufcstats.com/fighter-details/bf41b5131545da12
2339,http://ufcstats.com/fighter-details/1209b5134401ca53
2340,http://ufcstats.com/fighter-details/15df64c02b6b0fde
2341,http://ufcstats.com/fighter-details/f3388d2cf7ab3f64
2342,http://ufcstats.com/fighter-details/a85998eb79650b2c
2343,http://ufcstats.com/fighter-details/83c6c3e0f8bde8ee
2344,http://ufcstats.com/fighter-details/e5c38954c006f15c
2345,http://ufcstats.com/fighter-details/c4b9296214f4c09c
2346,http://ufcstats.com/fighter-details/5b5b9c6f6f270369
2347,http://ufcstats.com/fighter-details/2067a177a2842fbf
2348,http://ufcstats.com/fighter-details/b369533a577fa97c
2349,http://ufcstats.com/fighter-details/712c4db78b9373d1
2350,http://ufcstats.com/fighter-details/d26934530dc5b248
2351,http://ufcstats.com/fighter-details/06f0ffa6446c5b6d
2352,http://ufcstats.com/fighter-details/af49a6c491ca22a3
2353,http://ufcstats.com/fighter-details/8c3f3c43c8ceb778
2354,http://ufcstats.com/fighter-details/155bfc7ed36622df
2355,http://ufcstats.com/fighter-details/429e7d3725852ce9
2356,http://ufcstats.com/fighter-details/0bc7e61d204f2137
2357,http://ufcstats.com/fighter-details/2549d63da9c456cb
2358,http://ufcstats.com/fighter-details/7d3caf0f96f1b33d
2359,http://ufcstats.com/fighter-details/4123fd4dcc1fe937
2360,http://ufcstats.com/fighter-details/21321cdfba797c52
2361,http://ufcstats.com/fighter-details/7342fcc41a4817fa
2362,http://ufcstats.com/fighter-details/f5ff7bcdcfeba3ad
2363,http://ufcstats.com/fighter-details/6888e31ce88f5b17
2364,http://ufcstats.com/fighter-details/62918a2118de08b2
2365,http://ufcstats.com/fighter-details/49efbdc6c9f650c4
2366,http://ufcstats.com/fighter-details/27fc9218a3653e3c
2367,http://ufcstats.com/fighter-details/2ee09ec2a0695eb9
2368,http://ufcstats.com/fighter-details/22d1e00e1aabb7c9
2369,http://ufcstats.com/fighter-details/e361e5c858af6ff1
2370,http://ufcstats.com/fighter-details/02e52b3a595f0786
2371,http://ufcstats.com/fighter-details/94609dd91731d428
2372,http://ufcstats.com/fighter-details/ce47f49e5c386a9c
2373,http://ufcstats.com/fighter-details/030f08370fd1c2bb
2374,http://ufcstats.com/fighter-details/6d7886b094b471ac
2375,http://ufcstats.com/fighter-details/782a2a17d3e38fdf
2376,http://ufcstats.com/fighter-details/453ee00c3e1ae9dd
