Date,Weight,Link,Round,Time
"December 13, 2025",Flyweight,http://ufcstats.com/fight-details/a5a81a39ccf9b680,1,3:18
"December 13, 2025",Featherweight,http://ufcstats.com/fight-details/24bb03f0a3415fbe,2,1:29
"December 13, 2025",Middleweight,http://ufcstats.com/fight-details/d000cb692343cdcd,3,5:00
"December 13, 2025",Featherweight,http://ufcstats.com/fight-details/93ca562453f65b8d,1,1:14
"December 13, 2025",Heavyweight,http://ufcstats.com/fight-details/47149f3187661509,3,5:00
"December 13, 2025",Catch Weight,http://ufcstats.com/fight-details/fc4ab243d21b795d,3,5:00
"December 13, 2025",Welterweight,http://ufcstats.com/fight-details/0fca825e14429c1f,1,3:14
"December 13, 2025",Featherweight,http://ufcstats.com/fight-details/225e93ebed9b71b8,3,5:00
"December 13, 2025",Heavyweight,http://ufcstats.com/fight-details/a2523a8565fe4361,2,3:49
"December 13, 2025",Women's Bantamweight,http://ufcstats.com/fight-details/ceb5b0f1f6daddf6,3,5:00
"December 13, 2025",Heavyweight,http://ufcstats.com/fight-details/ac56a1052c4c8f63,3,5:00
"December 13, 2025",Women's Flyweight,http://ufcstats.com/fight-details/71170fb7ade3e1f4,1,2:05
"December 06, 2025",Bantamweight,http://ufcstats.com/fight-details/4a0db214d9721d6e,5,5:00
"December 06, 2025",Flyweight,http://ufcstats.com/fight-details/dfa692db6d39330c,1,0:26
"December 06, 2025",Flyweight,http://ufcstats.com/fight-details/fbbb9e72900b71f5,2,2:24
"December 06, 2025",Bantamweight,http://ufcstats.com/fight-details/1dc29f4c6fcdd356,3,5:00
"December 06, 2025",Light Heavyweight,http://ufcstats.com/fight-details/6d6ab10cbaa45e8c,3,5:00
"December 06, 2025",Lightweight,http://ufcstats.com/fight-details/c797b58d85c840a4,1,2:25
"December 06, 2025",Lightweight,http://ufcstats.com/fight-details/b3d2ac2244e4f791,1,2:30
"December 06, 2025",Women's Flyweight,http://ufcstats.com/fight-details/2417cc7bc1eea75b,3,5:00
"December 06, 2025",Lightweight,http://ufcstats.com/fight-details/10a57b983e59f727,2,4:59
"December 06, 2025",Middleweight,http://ufcstats.com/fight-details/3c683da1924b6c44,3,5:00
"December 06, 2025",Lightweight,http://ufcstats.com/fight-details/7af407397532f7cf,1,2:24
"December 06, 2025",Light Heavyweight,http://ufcstats.com/fight-details/ea660db65bfa998f,1,1:29
"December 06, 2025",Middleweight,http://ufcstats.com/fight-details/964ea1777695851b,1,1:09
"December 06, 2025",Featherweight,http://ufcstats.com/fight-details/40fa4f8b4b93884e,3,0:21
"November 22, 2025",Lightweight,http://ufcstats.com/fight-details/5f5b626e67529056,2,3:34
"November 22, 2025",Welterweight,http://ufcstats.com/fight-details/b2218930b982d9b6,3,5:00
"November 22, 2025",Light Heavyweight,http://ufcstats.com/fight-details/870d374f8d9af65a,1,1:27
"November 22, 2025",Welterweight,http://ufcstats.com/fight-details/8ed609d80e135d94,1,2:46
"November 22, 2025",Heavyweight,http://ufcstats.com/fight-details/e8307c7686c42d8c,1,1:22
"November 22, 2025",Flyweight,http://ufcstats.com/fight-details/00ee51bba08b7a08,3,2:18
"November 22, 2025",Featherweight,http://ufcstats.com/fight-details/5e6a74db89f5410c,2,0:30
"November 22, 2025",Welterweight,http://ufcstats.com/fight-details/c49485cedb878cf0,3,5:00
"November 22, 2025",Flyweight,http://ufcstats.com/fight-details/443f30a4a856584a,3,0:22
"November 22, 2025",Light Heavyweight,http://ufcstats.com/fight-details/f5564a9eeebd4ea0,1,0:33
"November 22, 2025",Bantamweight,http://ufcstats.com/fight-details/6f0231915cc28507,3,5:00
"November 22, 2025",Middleweight,http://ufcstats.com/fight-details/335064c3380e2f10,1,1:26
"November 22, 2025",Lightweight,http://ufcstats.com/fight-details/46f81d5ecd974c1c,3,5:00
"November 22, 2025",Heavyweight,http://ufcstats.com/fight-details/9027e156c6f1988a,3,5:00
"November 15, 2025",Welterweight,http://ufcstats.com/fight-details/856f6ee049373843,5,5:00
"November 15, 2025",Women's Flyweight,http://ufcstats.com/fight-details/7606f6b6c19f2d73,5,5:00
"November 15, 2025",Welterweight,http://ufcstats.com/fight-details/477af74ea3cbba8b,1,3:27
"November 15, 2025",Welterweight,http://ufcstats.com/fight-details/3c60884853766487,2,1:28
"November 15, 2025",Lightweight,http://ufcstats.com/fight-details/9b5f190cd3f5ce16,1,0:16
"November 15, 2025",Middleweight,http://ufcstats.com/fight-details/292b83afa418635f,3,2:24
"November 15, 2025",Middleweight,http://ufcstats.com/fight-details/ebb012c5f3fd0cbb,3,5:00
"November 15, 2025",Women's Flyweight,http://ufcstats.com/fight-details/909cd8633507a0c8,2,4:44
"November 15, 2025",Featherweight,http://ufcstats.com/fight-details/e313286b307334a7,3,5:00
"November 15, 2025",Middleweight,http://ufcstats.com/fight-details/9bbdc2a2ab334541,1,0:50
"November 15, 2025",Featherweight,http://ufcstats.com/fight-details/e3cbd663732f4a98,3,5:00
"November 15, 2025",Women's Strawweight,http://ufcstats.com/fight-details/6c2c6a6e3f4d04db,3,5:00
"November 15, 2025",Middleweight,http://ufcstats.com/fight-details/c037cf1f7b429d5e,3,1:38
"November 15, 2025",Lightweight,http://ufcstats.com/fight-details/1a5378e32e8519ef,3,5:00
"November 08, 2025",Welterweight,http://ufcstats.com/fight-details/4e224ebb6394611d,2,1:40
"November 08, 2025",Flyweight,http://ufcstats.com/fight-details/f7e9bd2d6f81aeae,1,2:54
"November 08, 2025",Welterweight,http://ufcstats.com/fight-details/b23fa678cc65cf5b,1,1:03
"November 08, 2025",Lightweight,http://ufcstats.com/fight-details/20971ed9a842b0cb,2,4:30
"November 08, 2025",Middleweight,http://ufcstats.com/fight-details/ac4343150638b635,2,3:20
"November 08, 2025",Featherweight,http://ufcstats.com/fight-details/e3d657dd88864ba7,3,5:00
"November 08, 2025",Bantamweight,http://ufcstats.com/fight-details/c6d56aad93f98249,3,5:00
"November 08, 2025",Women's Bantamweight,http://ufcstats.com/fight-details/80eae31bc0a94a65,3,5:00
"November 08, 2025",Heavyweight,http://ufcstats.com/fight-details/87dcb3eab20f6ac1,1,0:56
"November 08, 2025",Women's Strawweight,http://ufcstats.com/fight-details/9126633d921afb57,3,5:00
"November 08, 2025",Bantamweight,http://ufcstats.com/fight-details/238c274c90587e21,2,4:23
"November 08, 2025",Catch Weight,http://ufcstats.com/fight-details/84b66bf7fba2d59d,2,1:38
"November 01, 2025",Featherweight,http://ufcstats.com/fight-details/747d922b329b7f30,1,3:34
"November 01, 2025",Heavyweight,http://ufcstats.com/fight-details/9d9390b550d77e06,1,3:59
"November 01, 2025",Welterweight,http://ufcstats.com/fight-details/b0f68344e01884ff,3,5:00
"November 01, 2025",Featherweight,http://ufcstats.com/fight-details/767b78b67c7da17c,1,3:41
"November 01, 2025",Welterweight,http://ufcstats.com/fight-details/71c8ca7442bcb757,3,4:29
"November 01, 2025",Catch Weight,http://ufcstats.com/fight-details/f41c2c82d5117230,2,3:13
"November 01, 2025",Light Heavyweight,http://ufcstats.com/fight-details/f063bcccbbb9edc5,1,3:33
"November 01, 2025",Bantamweight,http://ufcstats.com/fight-details/58f6248da3cdf3ce,3,5:00
"November 01, 2025",Middleweight,http://ufcstats.com/fight-details/c245be6698c1e378,2,1:25
"November 01, 2025",Women's Bantamweight,http://ufcstats.com/fight-details/760150e9951e65fa,3,5:00
"November 01, 2025",Women's Strawweight,http://ufcstats.com/fight-details/32927d50acedb507,3,5:00
"November 01, 2025",Welterweight,http://ufcstats.com/fight-details/e6031b5937294176,3,5:00
"November 01, 2025",Women's Strawweight,http://ufcstats.com/fight-details/7add5901fac6ab82,3,4:36
"October 25, 2025",Heavyweight,http://ufcstats.com/fight-details/6390c8e74630473e,1,4:35
"October 25, 2025",Women's Strawweight,http://ufcstats.com/fight-details/7d3da3c4153717de,5,5:00
"October 25, 2025",Bantamweight,http://ufcstats.com/fight-details/e69f9b4b9cae12a4,3,5:00
"October 25, 2025",Heavyweight,http://ufcstats.com/fight-details/b42a3386a7dccb3d,3,5:00
"October 25, 2025",Light Heavyweight,http://ufcstats.com/fight-details/ef12d2aaaadaf6d0,1,3:11
"October 25, 2025",Lightweight,http://ufcstats.com/fight-details/cb902d73389ed34b,1,2:30
"October 25, 2025",Middleweight,http://ufcstats.com/fight-details/0230a9dd2739add4,3,5:00
"October 25, 2025",Lightweight,http://ufcstats.com/fight-details/e9c034cec33b3479,3,5:00
"October 25, 2025",Heavyweight,http://ufcstats.com/fight-details/f2c2a49fed32bd75,1,1:24
"October 25, 2025",Featherweight,http://ufcstats.com/fight-details/bd7394f07247d9ca,3,5:00
"October 25, 2025",Heavyweight,http://ufcstats.com/fight-details/3fdb4c4b39218cf4,3,5:00
"October 25, 2025",Flyweight,http://ufcstats.com/fight-details/22dd728012944f0a,3,5:00
"October 25, 2025",Women's Strawweight,http://ufcstats.com/fight-details/ef1519c8c1d20977,3,5:00
"October 18, 2025",Middleweight,http://ufcstats.com/fight-details/d61373d9fdf01a12,4,5:00
"October 18, 2025",Welterweight,http://ufcstats.com/fight-details/cdd565a16975c711,3,5:00
"October 18, 2025",Bantamweight,http://ufcstats.com/fight-details/857d274e47aa8c4e,3,5:00
"October 18, 2025",Women's Flyweight,http://ufcstats.com/fight-details/c82acd7b17915591,1,1:14
"October 18, 2025",Bantamweight,http://ufcstats.com/fight-details/a18edcb638ba7e39,1,3:05
"October 18, 2025",Lightweight,http://ufcstats.com/fight-details/3af1bdc5a510bba9,3,5:00
"October 18, 2025",Lightweight,http://ufcstats.com/fight-details/ecdbb3a5216b815e,3,1:16
"October 18, 2025",Bantamweight,http://ufcstats.com/fight-details/970f083af8368f57,1,0:21
"October 18, 2025",Flyweight,http://ufcstats.com/fight-details/668a44403a130043,3,2:15
"October 18, 2025",Middleweight,http://ufcstats.com/fight-details/096e00355c8c84ac,3,5:00
"October 18, 2025",Women's Strawweight,http://ufcstats.com/fight-details/8d9458121f0c4b95,3,2:50
"October 18, 2025",Middleweight,http://ufcstats.com/fight-details/87ac0e5face106b4,3,0:55
"October 18, 2025",Women's Bantamweight,http://ufcstats.com/fight-details/dec301fd5e99ca46,3,4:32
"October 11, 2025",Lightweight,http://ufcstats.com/fight-details/79865287be90e4be,2,2:48
"October 11, 2025",Bantamweight,http://ufcstats.com/fight-details/f295eb2a7b0ba4b7,3,5:00
"October 11, 2025",Welterweight,http://ufcstats.com/fight-details/6188b7fb3f8daacc,3,5:00
"October 11, 2025",Heavyweight,http://ufcstats.com/fight-details/03377f7bf8a2d5ff,2,4:10
"October 11, 2025",Featherweight,http://ufcstats.com/fight-details/2aef1a91d26dde42,1,3:02
"October 11, 2025",Featherweight,http://ufcstats.com/fight-details/cff0abc02974fb4a,1,1:42
"October 11, 2025",Flyweight,http://ufcstats.com/fight-details/766b0b26c40525de,1,4:42
"October 11, 2025",Heavyweight,http://ufcstats.com/fight-details/a815dafc89adf33b,3,0:26
"October 11, 2025",Women's Bantamweight,http://ufcstats.com/fight-details/546f971f9d8e0a33,2,2:14
"October 11, 2025",Flyweight,http://ufcstats.com/fight-details/434abaea90ccd299,3,5:00
"October 11, 2025",Women's Strawweight,http://ufcstats.com/fight-details/c547b3e95bcc5f24,3,2:56
"October 11, 2025",Bantamweight,http://ufcstats.com/fight-details/0f9e7d0d04e24b74,2,3:55
"October 04, 2025",Light Heavyweight,http://ufcstats.com/fight-details/0de1ef0b9f3a79c0,1,1:20
"October 04, 2025",Bantamweight,http://ufcstats.com/fight-details/a8511df8285f5c91,5,5:00
"October 04, 2025",Light Heavyweight,http://ufcstats.com/fight-details/2560ea97b2cce4ef,3,3:04
"October 04, 2025",Featherweight,http://ufcstats.com/fight-details/84ebd144d5e79c88,1,1:38
"October 04, 2025",Middleweight,http://ufcstats.com/fight-details/d006dd2513bd376d,2,1:46
"October 04, 2025",Middleweight,http://ufcstats.com/fight-details/9418ebb3db2a4bae,1,1:41
"October 04, 2025",Catch Weight,http://ufcstats.com/fight-details/7b34aa1eb09b8301,2,0:21
"October 04, 2025",Bantamweight,http://ufcstats.com/fight-details/b09ecdc8ef0f0d20,3,5:00
"October 04, 2025",Middleweight,http://ufcstats.com/fight-details/1c7cc3a22ab7d907,1,4:58
"October 04, 2025",Welterweight,http://ufcstats.com/fight-details/a951090fb402fd20,3,5:00
"October 04, 2025",Women's Bantamweight,http://ufcstats.com/fight-details/8353b491afa7bc32,3,5:00
"October 04, 2025",Bantamweight,http://ufcstats.com/fight-details/e53fd165a3bc1f8e,3,5:00
"October 04, 2025",Welterweight,http://ufcstats.com/fight-details/b98bc1ecb94ef4a5,2,2:24
"October 04, 2025",Women's Flyweight,http://ufcstats.com/fight-details/98883348ddb3be33,3,5:00
"September 27, 2025",Light Heavyweight,http://ufcstats.com/fight-details/a3ee907c77544cde,1,4:27
"September 27, 2025",Light Heavyweight,http://ufcstats.com/fight-details/f5fb8b182020c59d,1,3:19
"September 27, 2025",Featherweight,http://ufcstats.com/fight-details/38248c5d13f273e6,3,5:00
"September 27, 2025",Welterweight,http://ufcstats.com/fight-details/1ff24d5f760e0491,3,3:08
"September 27, 2025",Lightweight,http://ufcstats.com/fight-details/8abad36b4c5e4070,1,4:08
"September 27, 2025",Light Heavyweight,http://ufcstats.com/fight-details/dc31d3260dea7dcf,3,5:00
"September 27, 2025",Middleweight,http://ufcstats.com/fight-details/93a0a19c2c1cfe66,1,2:41
"September 27, 2025",Lightweight,http://ufcstats.com/fight-details/e2dc4fb7b5c0ce76,3,5:00
"September 27, 2025",Bantamweight,http://ufcstats.com/fight-details/81127436605d3c88,3,5:00
"September 27, 2025",Women's Bantamweight,http://ufcstats.com/fight-details/44cd8c9f622e155f,3,5:00
"September 27, 2025",Heavyweight,http://ufcstats.com/fight-details/140937779a2466a7,1,1:55
"September 27, 2025",Women's Strawweight,http://ufcstats.com/fight-details/e35f7504d83b8b07,3,5:00
"September 13, 2025",Featherweight,http://ufcstats.com/fight-details/de1a3734be60e6a1,2,4:48
"September 13, 2025",Bantamweight,http://ufcstats.com/fight-details/944b929130b23c2a,3,5:00
"September 13, 2025",Lightweight,http://ufcstats.com/fight-details/7cbfeba85f86d1bf,3,2:27
"September 13, 2025",Middleweight,http://ufcstats.com/fight-details/114d2f6fcd3f6f00,3,5:00
"September 13, 2025",Lightweight,http://ufcstats.com/fight-details/202c47db69768356,2,3:46
"September 13, 2025",Bantamweight,http://ufcstats.com/fight-details/8a884a7930d75ca9,1,2:48
"September 13, 2025",Middleweight,http://ufcstats.com/fight-details/07a378b257aad5a9,1,4:21
"September 13, 2025",Lightweight,http://ufcstats.com/fight-details/352839a03b428e74,3,5:00
"September 13, 2025",Women's Strawweight,http://ufcstats.com/fight-details/9474f64347aade7a,3,5:00
"September 13, 2025",Flyweight,http://ufcstats.com/fight-details/3dc1a6335d890650,3,5:00
"September 13, 2025",Middleweight,http://ufcstats.com/fight-details/d822ebc7dbc6c259,1,0:51
"September 13, 2025",Flyweight,http://ufcstats.com/fight-details/a1e193425e716b42,3,0:47
"September 13, 2025",Women's Bantamweight,http://ufcstats.com/fight-details/c4a6174b0698652e,3,5:00
"September 13, 2025",Welterweight,http://ufcstats.com/fight-details/3dd2fde7bff79c51,1,4:27
"September 06, 2025",Middleweight,http://ufcstats.com/fight-details/5bcd8abf6da01dae,5,5:00
"September 06, 2025",Lightweight,http://ufcstats.com/fight-details/d14fea43712707f0,2,2:56
"September 06, 2025",Light Heavyweight,http://ufcstats.com/fight-details/0149e875b31e57f8,1,5:00
"September 06, 2025",Lightweight,http://ufcstats.com/fight-details/69b31593175f77ec,2,3:18
"September 06, 2025",Welterweight,http://ufcstats.com/fight-details/a47123ae6e048f11,3,2:02
"September 06, 2025",Featherweight,http://ufcstats.com/fight-details/b53031bf4bd0a330,3,5:00
"September 06, 2025",Light Heavyweight,http://ufcstats.com/fight-details/4080b4310d82b42d,1,4:42
"September 06, 2025",Heavyweight,http://ufcstats.com/fight-details/23dbe713c4294c66,1,2:03
"September 06, 2025",Lightweight,http://ufcstats.com/fight-details/5cd2dd6075fadcce,1,3:21
"September 06, 2025",Welterweight,http://ufcstats.com/fight-details/420211200a35c1d1,1,3:01
"September 06, 2025",Middleweight,http://ufcstats.com/fight-details/b3253e2c2d111030,3,1:43
"September 06, 2025",Welterweight,http://ufcstats.com/fight-details/d56a59a4c79cf515,1,0:54
"September 06, 2025",Women's Strawweight,http://ufcstats.com/fight-details/a38010639e61885c,2,1:58
"August 23, 2025",Light Heavyweight,http://ufcstats.com/fight-details/2eecf0c36192e40c,2,2:37
"August 23, 2025",Catch Weight,http://ufcstats.com/fight-details/58080e8989927500,5,5:00
"August 23, 2025",Heavyweight,http://ufcstats.com/fight-details/5538d15c4eeac3b3,3,5:00
"August 23, 2025",Flyweight,http://ufcstats.com/fight-details/ce6bd165bef82bd7,3,5:00
"August 23, 2025",Welterweight,http://ufcstats.com/fight-details/1452c20d964c0a63,1,3:33
"August 23, 2025",Lightweight,http://ufcstats.com/fight-details/0b1460c666e66d39,3,5:00
"August 23, 2025",Flyweight,http://ufcstats.com/fight-details/1ab1ed99a4bc5494,2,4:35
"August 23, 2025",Lightweight,http://ufcstats.com/fight-details/f55749e32ce5c6f3,3,5:00
"August 23, 2025",Middleweight,http://ufcstats.com/fight-details/130e622d4d2aee3e,1,0:43
"August 23, 2025",Featherweight,http://ufcstats.com/fight-details/f0b7caa90faf47e5,1,0:37
"August 23, 2025",Bantamweight,http://ufcstats.com/fight-details/2f6065fe0804d1d8,3,5:00
"August 23, 2025",Light Heavyweight,http://ufcstats.com/fight-details/7fc5f1dc2df84ac7,1,2:45
"August 16, 2025",Middleweight,http://ufcstats.com/fight-details/12cedec11b37ddc0,5,5:00
"August 16, 2025",Featherweight,http://ufcstats.com/fight-details/9fa6a029f7f8241c,1,3:21
"August 16, 2025",Welterweight,http://ufcstats.com/fight-details/42585ce706c086de,1,4:59
"August 16, 2025",Middleweight,http://ufcstats.com/fight-details/9939d7073462e07e,3,5:00
"August 16, 2025",Flyweight,http://ufcstats.com/fight-details/82338ba457fbe87f,2,4:39
"August 16, 2025",Middleweight,http://ufcstats.com/fight-details/5efd13a12be06706,2,2:01
"August 16, 2025",Middleweight,http://ufcstats.com/fight-details/5b880d10b0ed7acc,1,3:03
"August 16, 2025",Women's Strawweight,http://ufcstats.com/fight-details/a2eafd9e1d5031b1,3,5:00
"August 16, 2025",Lightweight,http://ufcstats.com/fight-details/1d8dc0fb5d47357f,1,4:58
"August 16, 2025",Lightweight,http://ufcstats.com/fight-details/bc63f1b2e52f603e,3,5:00
"August 16, 2025",Women's Flyweight,http://ufcstats.com/fight-details/88020d22cf905792,3,5:00
"August 16, 2025",Flyweight,http://ufcstats.com/fight-details/68c423c7119004f3,2,3:04
"August 09, 2025",Middleweight,http://ufcstats.com/fight-details/68fe62bac7fd8bb0,4,2:45
"August 09, 2025",Bantamweight,http://ufcstats.com/fight-details/37d58369782cb86b,3,5:00
"August 09, 2025",Women's Strawweight,http://ufcstats.com/fight-details/646c79a7ecd12e5f,3,5:00
"August 09, 2025",Featherweight,http://ufcstats.com/fight-details/98d6771af9b0ebe5,3,5:00
"August 09, 2025",Bantamweight,http://ufcstats.com/fight-details/ed5383b50ffcdded,3,5:00
"August 09, 2025",Middleweight,http://ufcstats.com/fight-details/75a84211f50c53f5,1,3:53
"August 09, 2025",Light Heavyweight,http://ufcstats.com/fight-details/3d6571790c21527c,3,5:00
"August 09, 2025",Bantamweight,http://ufcstats.com/fight-details/ae7a8f19743e8154,1,4:10
"August 09, 2025",Women's Bantamweight,http://ufcstats.com/fight-details/aef44145740741b3,1,2:24
"August 09, 2025",Welterweight,http://ufcstats.com/fight-details/7d923267c44dd93b,1,1:03
"August 09, 2025",Women's Flyweight,http://ufcstats.com/fight-details/6ef50ed03b116b60,3,5:00
"August 09, 2025",Light Heavyweight,http://ufcstats.com/fight-details/857e8facd8ff7c36,3,5:00
"August 02, 2025",Flyweight,http://ufcstats.com/fight-details/282c8c6c1ed82bfb,2,1:06
"August 02, 2025",Lightweight,http://ufcstats.com/fight-details/426a69e343822ab3,3,5:00
"August 02, 2025",Lightweight,http://ufcstats.com/fight-details/878941394f9e3538,3,5:00
"August 02, 2025",Women's Bantamweight,http://ufcstats.com/fight-details/c62ed8a6002b5360,3,5:00
"August 02, 2025",Welterweight,http://ufcstats.com/fight-details/ac57250e3de89d5d,2,4:39
"August 02, 2025",Featherweight,http://ufcstats.com/fight-details/111e66eb922449e4,3,5:00
"August 02, 2025",Bantamweight,http://ufcstats.com/fight-details/eeeffa7f514e0c0e,1,1:02
"August 02, 2025",Middleweight,http://ufcstats.com/fight-details/45781930d64da456,3,5:00
"August 02, 2025",Middleweight,http://ufcstats.com/fight-details/b3c695728e177fd4,2,1:31
"August 02, 2025",Featherweight,http://ufcstats.com/fight-details/07c2af68b6dbc4ec,1,3:39
"August 02, 2025",Flyweight,http://ufcstats.com/fight-details/b47db03affb279c3,3,5:00
"August 02, 2025",Women's Strawweight,http://ufcstats.com/fight-details/d98d6b2c13557a87,3,5:00
"July 26, 2025",Middleweight,http://ufcstats.com/fight-details/6b8be0ee3e569ad2,5,5:00
"July 26, 2025",Bantamweight,http://ufcstats.com/fight-details/d4d4ee045b0ca695,3,5:00
"July 26, 2025",Middleweight,http://ufcstats.com/fight-details/582d66ce97309e29,3,5:00
"July 26, 2025",Flyweight,http://ufcstats.com/fight-details/887c61da1a78a5e1,3,5:00
"July 26, 2025",Light Heavyweight,http://ufcstats.com/fight-details/77f960d82cda0b76,1,4:18
"July 26, 2025",Bantamweight,http://ufcstats.com/fight-details/e72c691b7c68b03a,3,5:00
"July 26, 2025",Welterweight,http://ufcstats.com/fight-details/7c075e3383198e14,1,0:42
"July 26, 2025",Bantamweight,http://ufcstats.com/fight-details/017a825c7820d12e,3,5:00
"July 26, 2025",Women's Strawweight,http://ufcstats.com/fight-details/3e6067763978d862,2,2:59
"July 26, 2025",Light Heavyweight,http://ufcstats.com/fight-details/f9dac7702609669f,3,5:00
"July 26, 2025",Featherweight,http://ufcstats.com/fight-details/23ddf51ce630028d,2,5:00
"July 26, 2025",Heavyweight,http://ufcstats.com/fight-details/0a598768f5c8d540,3,5:00
"July 19, 2025",Lightweight,http://ufcstats.com/fight-details/d7507e2741fd4d05,5,5:00
"July 19, 2025",Middleweight,http://ufcstats.com/fight-details/23c963be9de38205,3,5:00
"July 19, 2025",Welterweight,http://ufcstats.com/fight-details/5dde61734080ac4a,3,5:00
"July 19, 2025",Featherweight,http://ufcstats.com/fight-details/acc961fd5cf5c62e,3,5:00
"July 19, 2025",Lightweight,http://ufcstats.com/fight-details/a95b03e9b5a91e47,3,5:00
"July 19, 2025",Bantamweight,http://ufcstats.com/fight-details/d2cb92fdf6a497e9,3,5:00
"July 19, 2025",Middleweight,http://ufcstats.com/fight-details/8e1feda9141602f1,3,5:00
"July 19, 2025",Welterweight,http://ufcstats.com/fight-details/df2ed8b509fbdbdc,3,5:00
"July 19, 2025",Middleweight,http://ufcstats.com/fight-details/72e477b41f44e358,1,1:10
"July 19, 2025",Welterweight,http://ufcstats.com/fight-details/37bc72d5d211b189,1,4:06
"July 19, 2025",Light Heavyweight,http://ufcstats.com/fight-details/798652dbea086910,1,4:42
"July 19, 2025",Heavyweight,http://ufcstats.com/fight-details/182ee320edb1b5ed,1,2:47
"July 19, 2025",Middleweight,http://ufcstats.com/fight-details/74099d470e8d2765,1,3:35
"July 19, 2025",Women's Flyweight,http://ufcstats.com/fight-details/a602c68147b752b2,3,1:30
"July 12, 2025",Heavyweight,http://ufcstats.com/fight-details/0adfc21045c02555,1,0:35
"July 12, 2025",Welterweight,http://ufcstats.com/fight-details/2a03bc4c491b4c9a,3,5:00
"July 12, 2025",Featherweight,http://ufcstats.com/fight-details/f368475c366c6d85,3,5:00
"July 12, 2025",Featherweight,http://ufcstats.com/fight-details/4e5d4a36eaaa3a78,3,0:27
"July 12, 2025",Heavyweight,http://ufcstats.com/fight-details/4b75d3b7738cb278,1,4:16
"July 12, 2025",Light Heavyweight,http://ufcstats.com/fight-details/b19bf99c7eb796bc,2,4:25
"July 12, 2025",Welterweight,http://ufcstats.com/fight-details/236f811290163dca,3,5:00
"July 12, 2025",Welterweight,http://ufcstats.com/fight-details/d5e3be7a07c48b08,1,1:09
"July 12, 2025",Women's Flyweight,http://ufcstats.com/fight-details/46bc1338a50cbeac,3,5:00
"July 12, 2025",Heavyweight,http://ufcstats.com/fight-details/5c650ae2193ab1bc,1,0:54
"July 12, 2025",Lightweight,http://ufcstats.com/fight-details/7f33fbdc35afd721,2,4:08
"July 12, 2025",Women's Strawweight,http://ufcstats.com/fight-details/120d66cb0da0f3c3,3,2:36
"June 28, 2025",Lightweight,http://ufcstats.com/fight-details/7a64d63e12618ba7,1,2:27
"June 28, 2025",Flyweight,http://ufcstats.com/fight-details/8308464729ea7c40,3,1:55
"June 28, 2025",Flyweight,http://ufcstats.com/fight-details/f722b96ae6862843,3,5:00
"June 28, 2025",Lightweight,http://ufcstats.com/fight-details/1ea9ad3b6e1cba79,3,5:00
"June 28, 2025",Bantamweight,http://ufcstats.com/fight-details/f6a3c78f15ff26c7,3,5:00
"June 28, 2025",Middleweight,http://ufcstats.com/fight-details/958522de54ccc536,1,4:21
"June 28, 2025",Featherweight,http://ufcstats.com/fight-details/2f523b757f7f33a2,1,0:26
"June 28, 2025",Women's Flyweight,http://ufcstats.com/fight-details/815ff62ca8e217be,3,5:00
"June 28, 2025",Lightweight,http://ufcstats.com/fight-details/d7be78c400e7e0f9,1,0:55
"June 28, 2025",Welterweight,http://ufcstats.com/fight-details/9bff9fe298e63357,2,4:03
"June 28, 2025",Heavyweight,http://ufcstats.com/fight-details/043172689e415438,3,5:00
"June 21, 2025",Light Heavyweight,http://ufcstats.com/fight-details/03bc32bdb5a33496,5,5:00
"June 21, 2025",Lightweight,http://ufcstats.com/fight-details/a1afc16e21d1a807,3,5:00
"June 21, 2025",Heavyweight,http://ufcstats.com/fight-details/8e5744c664fec3e9,3,5:00
"June 21, 2025",Catch Weight,http://ufcstats.com/fight-details/36ec204f47e4d613,1,4:35
"June 21, 2025",Lightweight,http://ufcstats.com/fight-details/7513a00037094075,2,4:17
"June 21, 2025",Featherweight,http://ufcstats.com/fight-details/19764211af05674c,3,5:00
"June 21, 2025",Welterweight,http://ufcstats.com/fight-details/e512b80bbaea36c2,3,5:00
"June 21, 2025",Middleweight,http://ufcstats.com/fight-details/5fcf18bcd2a020f1,3,5:00
"June 21, 2025",Women's Bantamweight,http://ufcstats.com/fight-details/fff3218758c513b8,3,5:00
"June 21, 2025",Women's Bantamweight,http://ufcstats.com/fight-details/2bfc0212f2cae65b,3,5:00
"June 21, 2025",Flyweight,http://ufcstats.com/fight-details/8c140756bf43dcc2,3,5:00
"June 21, 2025",Heavyweight,http://ufcstats.com/fight-details/a12d3a6c8aaf87ca,3,5:00
"June 14, 2025",Welterweight,http://ufcstats.com/fight-details/d75b3d3c2b209b75,5,5:00
"June 14, 2025",Women's Flyweight,http://ufcstats.com/fight-details/79dfbbdd14fbbd11,3,5:00
"June 14, 2025",Middleweight,http://ufcstats.com/fight-details/e5bd7e6e2a50a843,3,5:00
"June 14, 2025",Bantamweight,http://ufcstats.com/fight-details/1714950933f88ab9,3,5:00
"June 14, 2025",Middleweight,http://ufcstats.com/fight-details/08c04f18b0f58d71,3,0:36
"June 14, 2025",Light Heavyweight,http://ufcstats.com/fight-details/ec2034b134ae71cd,3,5:00
"June 14, 2025",Light Heavyweight,http://ufcstats.com/fight-details/13e2ff8b3a122094,1,4:59
"June 14, 2025",Welterweight,http://ufcstats.com/fight-details/e861e9cc0118c670,3,5:00
"June 14, 2025",Bantamweight,http://ufcstats.com/fight-details/f6454f2e508626ec,1,2:37
"June 14, 2025",Flyweight,http://ufcstats.com/fight-details/b39b8ff0d7de211a,2,0:11
"June 14, 2025",Bantamweight,http://ufcstats.com/fight-details/59c4fdb3c0673066,3,5:00
"June 14, 2025",Welterweight,http://ufcstats.com/fight-details/2ae7404681deb3b3,3,4:03
"June 14, 2025",Women's Flyweight,http://ufcstats.com/fight-details/ab325ea526824723,3,5:00
"June 07, 2025",Bantamweight,http://ufcstats.com/fight-details/e61d83e4e1f9c4d7,3,4:42
"June 07, 2025",Women's Bantamweight,http://ufcstats.com/fight-details/81b84b34f0357fa5,2,4:55
"June 07, 2025",Middleweight,http://ufcstats.com/fight-details/e28e829800466aca,3,5:00
"June 07, 2025",Bantamweight,http://ufcstats.com/fight-details/df5dac45fc585fb0,3,5:00
"June 07, 2025",Welterweight,http://ufcstats.com/fight-details/2129acab2280bd29,2,1:03
"June 07, 2025",Flyweight,http://ufcstats.com/fight-details/b6a87389bdc36a00,3,4:01
"June 07, 2025",Light Heavyweight,http://ufcstats.com/fight-details/01100a90b584215d,1,3:25
"June 07, 2025",Heavyweight,http://ufcstats.com/fight-details/ac977a0389682124,3,5:00
"June 07, 2025",Welterweight,http://ufcstats.com/fight-details/f0488a4486a64af0,3,5:00
"June 07, 2025",Women's Flyweight,http://ufcstats.com/fight-details/d078e9046aa86307,3,5:00
"June 07, 2025",Featherweight,http://ufcstats.com/fight-details/9f4a0de31375ba04,1,0:28
"June 07, 2025",Lightweight,http://ufcstats.com/fight-details/2e4064e0e6d4d92e,3,5:00
"June 07, 2025",Lightweight,http://ufcstats.com/fight-details/0e8599eca8ccfa32,3,5:00
"May 31, 2025",Lightweight,http://ufcstats.com/fight-details/212527d462690304,3,5:00
"May 31, 2025",Welterweight,http://ufcstats.com/fight-details/305d8c85b35a7d4e,1,3:16
"May 31, 2025",Light Heavyweight,http://ufcstats.com/fight-details/7aaa810540132a4b,1,1:50
"May 31, 2025",Women's Featherweight,http://ufcstats.com/fight-details/106918bfbe24335d,3,5:00
"May 31, 2025",Middleweight,http://ufcstats.com/fight-details/ad68450307a21ab1,3,5:00
"May 31, 2025",Flyweight,http://ufcstats.com/fight-details/baa2ee0bf7f97079,3,5:00
"May 31, 2025",Lightweight,http://ufcstats.com/fight-details/2521fed000747f47,1,1:39
"May 31, 2025",Lightweight,http://ufcstats.com/fight-details/ae89ba793121fe0c,3,5:00
"May 31, 2025",Women's Strawweight,http://ufcstats.com/fight-details/73240bea13ed5e71,3,5:00
"May 17, 2025",Welterweight,http://ufcstats.com/fight-details/a81ad236a2f221f2,1,3:39
"May 17, 2025",Lightweight,http://ufcstats.com/fight-details/dcb27eef6441268c,3,5:00
"May 17, 2025",Middleweight,http://ufcstats.com/fight-details/b3044bf646306e7f,3,5:00
"May 17, 2025",Featherweight,http://ufcstats.com/fight-details/fe2acfdaaaec3dba,3,5:00
"May 17, 2025",Lightweight,http://ufcstats.com/fight-details/a9a6cca4bbf7a5db,2,3:43
"May 17, 2025",Lightweight,http://ufcstats.com/fight-details/8ba31cf0b3164b72,1,3:37
"May 17, 2025",Featherweight,http://ufcstats.com/fight-details/d6e2bc6e6c0cc4fe,1,2:54
"May 17, 2025",Women's Bantamweight,http://ufcstats.com/fight-details/f75fe8b384b0db11,2,4:59
"May 17, 2025",Women's Strawweight,http://ufcstats.com/fight-details/66887532be2de5ee,2,0:30
"May 17, 2025",Flyweight,http://ufcstats.com/fight-details/18a7dc86279066f8,1,2:26
"May 17, 2025",Women's Strawweight,http://ufcstats.com/fight-details/afdd95ae7b7cdb0c,3,5:00
"May 10, 2025",Welterweight,http://ufcstats.com/fight-details/b873c116e39c9920,5,5:00
"May 10, 2025",Women's Flyweight,http://ufcstats.com/fight-details/9e9d1764a015f313,5,5:00
"May 10, 2025",Featherweight,http://ufcstats.com/fight-details/891b2faf1bff38ee,3,5:00
"May 10, 2025",Women's Flyweight,http://ufcstats.com/fight-details/0f53eb509d0ffeb9,3,5:00
"May 10, 2025",Lightweight,http://ufcstats.com/fight-details/c7190cd03e53fb61,2,2:35
"May 10, 2025",Welterweight,http://ufcstats.com/fight-details/2521234a4bf7c615,2,0:26
"May 10, 2025",Women's Flyweight,http://ufcstats.com/fight-details/4db2d86ebe8c8abd,1,2:40
"May 10, 2025",Light Heavyweight,http://ufcstats.com/fight-details/c812457a810dde39,3,5:00
"May 10, 2025",Light Heavyweight,http://ufcstats.com/fight-details/99aa1f28e22bb6dd,3,5:00
"May 10, 2025",Middleweight,http://ufcstats.com/fight-details/6ecfa439ef900bcc,1,1:27
"May 10, 2025",Featherweight,http://ufcstats.com/fight-details/0e0a4282cd6c86d7,3,5:00
"May 10, 2025",Bantamweight,http://ufcstats.com/fight-details/c20bd12ae7f04eff,1,1:04
"May 03, 2025",Bantamweight,http://ufcstats.com/fight-details/9b3bade95e1dd484,2,4:08
"May 03, 2025",Middleweight,http://ufcstats.com/fight-details/380242601a2c5991,2,1:53
"May 03, 2025",Welterweight,http://ufcstats.com/fight-details/191ee545160a4e09,3,1:12
"May 03, 2025",Bantamweight,http://ufcstats.com/fight-details/5ce29056e0cd2df9,3,5:00
"May 03, 2025",Bantamweight,http://ufcstats.com/fight-details/6ccd10adc968e1f0,3,5:00
"May 03, 2025",Lightweight,http://ufcstats.com/fight-details/9039959b41901412,3,5:00
"May 03, 2025",Women's Bantamweight,http://ufcstats.com/fight-details/2707dc2245335cc1,3,5:00
"May 03, 2025",Middleweight,http://ufcstats.com/fight-details/77ed474dfc5359ea,1,2:44
"May 03, 2025",Women's Strawweight,http://ufcstats.com/fight-details/6e26a6293ea6ba62,2,2:07
"May 03, 2025",Bantamweight,http://ufcstats.com/fight-details/97b32ff27fd457a8,2,1:54
"May 03, 2025",Heavyweight,http://ufcstats.com/fight-details/c445401709421fa4,3,5:00
"May 03, 2025",Women's Flyweight,http://ufcstats.com/fight-details/469f887278324e63,3,5:00
"April 26, 2025",Welterweight,http://ufcstats.com/fight-details/633f4b5ec767769d,5,5:00
"April 26, 2025",Light Heavyweight,http://ufcstats.com/fight-details/a526a72ade275f46,1,4:03
"April 26, 2025",Featherweight,http://ufcstats.com/fight-details/4072abf0b0c179f2,3,5:00
"April 26, 2025",Middleweight,http://ufcstats.com/fight-details/9bbd45774fb4a6eb,3,5:00
"April 26, 2025",Welterweight,http://ufcstats.com/fight-details/fbf83609dc96f32e,2,1:39
"April 26, 2025",Middleweight,http://ufcstats.com/fight-details/62fbdd4f0bcd3c2a,1,4:54
"April 26, 2025",Flyweight,http://ufcstats.com/fight-details/d8d22dcc1f6912e7,3,5:00
"April 26, 2025",Lightweight,http://ufcstats.com/fight-details/97770b38df67b276,3,5:00
"April 26, 2025",Featherweight,http://ufcstats.com/fight-details/6f3cb7ce84185dd3,3,5:00
"April 26, 2025",Bantamweight,http://ufcstats.com/fight-details/7d51649373d42571,3,5:00
"April 26, 2025",Bantamweight,http://ufcstats.com/fight-details/c2c20a04a78d9143,1,1:59
"April 26, 2025",Women's Strawweight,http://ufcstats.com/fight-details/e7b3ca036835b7c2,2,1:49
"April 26, 2025",Featherweight,http://ufcstats.com/fight-details/23201d09a78d446d,2,3:55
"April 26, 2025",Women's Bantamweight,http://ufcstats.com/fight-details/7fd6770fe2d4f258,1,2:31
"April 12, 2025",Featherweight,http://ufcstats.com/fight-details/e733f148060bef2a,5,5:00
"April 12, 2025",Lightweight,http://ufcstats.com/fight-details/d05cb4c4135ce402,3,3:07
"April 12, 2025",Featherweight,http://ufcstats.com/fight-details/d3be5a4e0ec273e2,3,5:00
"April 12, 2025",Featherweight,http://ufcstats.com/fight-details/8c540eb4afe8c43e,2,3:52
"April 12, 2025",Light Heavyweight,http://ufcstats.com/fight-details/b2d731415bd367df,1,2:24
"April 12, 2025",Featherweight,http://ufcstats.com/fight-details/fc43d60cbd6b0e6a,3,1:12
"April 12, 2025",Women's Strawweight,http://ufcstats.com/fight-details/0eccebee160137b1,3,5:00
"April 12, 2025",Lightweight,http://ufcstats.com/fight-details/11eb27a1ac74d225,3,5:00
"April 12, 2025",Featherweight,http://ufcstats.com/fight-details/08e7a39eb7482ebf,1,4:15
"April 12, 2025",Middleweight,http://ufcstats.com/fight-details/4bbda6c1f6cf9d4e,1,2:49
"April 12, 2025",Flyweight,http://ufcstats.com/fight-details/fd98843926965cbd,3,5:00
"April 12, 2025",Middleweight,http://ufcstats.com/fight-details/b87d6f71d901355b,2,3:16
"April 12, 2025",Women's Bantamweight,http://ufcstats.com/fight-details/0e71e69359db4d1e,2,1:52
"April 05, 2025",Featherweight,http://ufcstats.com/fight-details/86a1be10255eea4e,5,5:00
"April 05, 2025",Featherweight,http://ufcstats.com/fight-details/a160e94fdb66de17,3,5:00
"April 05, 2025",Bantamweight,http://ufcstats.com/fight-details/fc3825dd1b67e39d,2,3:48
"April 05, 2025",Middleweight,http://ufcstats.com/fight-details/0c80eef2f4570543,3,5:00
"April 05, 2025",Flyweight,http://ufcstats.com/fight-details/de9422207df2de64,2,1:54
"April 05, 2025",Middleweight,http://ufcstats.com/fight-details/d1368ca941c1fefc,3,5:00
"April 05, 2025",Women's Flyweight,http://ufcstats.com/fight-details/76641669c1607b7a,1,4:13
"April 05, 2025",Welterweight,http://ufcstats.com/fight-details/58811a4e36c53b89,1,5:00
"April 05, 2025",Women's Strawweight,http://ufcstats.com/fight-details/fd088ce1481315a5,3,5:00
"April 05, 2025",Bantamweight,http://ufcstats.com/fight-details/4b1aec2395ebca14,3,5:00
"April 05, 2025",Heavyweight,http://ufcstats.com/fight-details/96cc199d78732d11,3,5:00
"April 05, 2025",Women's Strawweight,http://ufcstats.com/fight-details/cca4d763b1c6de0a,3,5:00
"March 29, 2025",Flyweight,http://ufcstats.com/fight-details/33e301872e2b5680,5,5:00
"March 29, 2025",Lightweight,http://ufcstats.com/fight-details/8fc8d66ad0074ab0,1,1:45
"March 29, 2025",Flyweight,http://ufcstats.com/fight-details/ab4a91a59c01d6b6,1,2:30
"March 29, 2025",Bantamweight,http://ufcstats.com/fight-details/0f20c1d7c44fa5fe,3,5:00
"March 29, 2025",Bantamweight,http://ufcstats.com/fight-details/55376d5c205fa844,1,4:38
"March 29, 2025",Flyweight,http://ufcstats.com/fight-details/5ba7dd466e30169f,3,5:00
"March 29, 2025",Middleweight,http://ufcstats.com/fight-details/64fe6e61a24dbf39,1,3:32
"March 29, 2025",Featherweight,http://ufcstats.com/fight-details/41cdbcc0f3635b8f,3,5:00
"March 29, 2025",Women's Strawweight,http://ufcstats.com/fight-details/7efca050bc7be8ac,3,5:00
"March 29, 2025",Lightweight,http://ufcstats.com/fight-details/7e3fc760b26b6ae4,3,5:00
"March 29, 2025",Featherweight,http://ufcstats.com/fight-details/e2e2537a345367d4,1,4:06
"March 29, 2025",Lightweight,http://ufcstats.com/fight-details/9f66d450af690df5,3,5:00
"March 22, 2025",Welterweight,http://ufcstats.com/fight-details/371ed8497799998e,4,1:39
"March 22, 2025",Light Heavyweight,http://ufcstats.com/fight-details/6d9ea9f436ed354d,3,5:00
"March 22, 2025",Welterweight,http://ufcstats.com/fight-details/96c6be6b22385967,3,5:00
"March 22, 2025",Women's Strawweight,http://ufcstats.com/fight-details/b5b4b69bccb9ff4a,1,4:32
"March 22, 2025",Lightweight,http://ufcstats.com/fight-details/8e6640c007ad603d,2,3:42
"March 22, 2025",Featherweight,http://ufcstats.com/fight-details/9779eb1aae1d4654,3,5:00
"March 22, 2025",Lightweight,http://ufcstats.com/fight-details/2a1071689c3af9df,3,5:00
"March 22, 2025",Flyweight,http://ufcstats.com/fight-details/e5a88f5c686173c4,3,5:00
"March 22, 2025",Heavyweight,http://ufcstats.com/fight-details/dd229687cb62c871,3,5:00
"March 22, 2025",Middleweight,http://ufcstats.com/fight-details/8af2b589d5e9c1ae,3,5:00
"March 22, 2025",Women's Strawweight,http://ufcstats.com/fight-details/a693622ad8c0d672,2,3:22
"March 22, 2025",Bantamweight,http://ufcstats.com/fight-details/1b02588149d126bf,3,5:00
"March 22, 2025",Lightweight,http://ufcstats.com/fight-details/265dbd9be8caa7de,3,5:00
"March 15, 2025",Middleweight,http://ufcstats.com/fight-details/67f7163e536d62e2,5,5:00
"March 15, 2025",Welterweight,http://ufcstats.com/fight-details/c83133ee114945ed,2,2:19
"March 15, 2025",Lightweight,http://ufcstats.com/fight-details/d8f40b82364b6411,3,5:00
"March 15, 2025",Bantamweight,http://ufcstats.com/fight-details/ab1aa23060d4e87b,2,4:09
"March 15, 2025",Light Heavyweight,http://ufcstats.com/fight-details/e56403718205b494,2,1:28
"March 15, 2025",Featherweight,http://ufcstats.com/fight-details/36db86c39ed09997,1,3:09
"March 15, 2025",Heavyweight,http://ufcstats.com/fight-details/74bc22b367cca118,2,4:48
"March 15, 2025",Bantamweight,http://ufcstats.com/fight-details/29d9c5a3f2b78903,3,5:00
"March 15, 2025",Bantamweight,http://ufcstats.com/fight-details/cb3eb07b7152366e,1,3:16
"March 15, 2025",Women's Strawweight,http://ufcstats.com/fight-details/5fa6543868367f4b,3,5:00
"March 15, 2025",Flyweight,http://ufcstats.com/fight-details/5d8af316413ea2f7,3,3:05
"March 15, 2025",Women's Bantamweight,http://ufcstats.com/fight-details/1c62a7444808d97f,1,2:46
"March 15, 2025",Women's Flyweight,http://ufcstats.com/fight-details/a8f8245096eaf0cd,1,1:40
"March 08, 2025",Light Heavyweight,http://ufcstats.com/fight-details/9e05fe95a4fc63bc,5,5:00
"March 08, 2025",Lightweight,http://ufcstats.com/fight-details/a2f31cf3a28a7730,3,5:00
"March 08, 2025",Lightweight,http://ufcstats.com/fight-details/a3cd6a65aaa9f104,1,2:29
"March 08, 2025",Women's Strawweight,http://ufcstats.com/fight-details/79f1c9f97d83ec83,3,5:00
"March 08, 2025",Lightweight,http://ufcstats.com/fight-details/231968c02cdfe65e,1,2:07
"March 08, 2025",Flyweight,http://ufcstats.com/fight-details/af3e43049bc86fe9,3,5:00
"March 08, 2025",Middleweight,http://ufcstats.com/fight-details/e61cb905f6152183,2,4:27
"March 08, 2025",Welterweight,http://ufcstats.com/fight-details/cab4937435d081d0,1,4:16
"March 08, 2025",Featherweight,http://ufcstats.com/fight-details/19fe7177254802d1,3,5:00
"March 08, 2025",Middleweight,http://ufcstats.com/fight-details/96c2f85b46e98e91,3,5:00
"March 01, 2025",Flyweight,http://ufcstats.com/fight-details/9d8a37f130db13e5,3,2:16
"March 01, 2025",Middleweight,http://ufcstats.com/fight-details/6bdf0756fb57aced,1,4:45
"March 01, 2025",Lightweight,http://ufcstats.com/fight-details/061990783b9bdb36,3,5:00
"March 01, 2025",Featherweight,http://ufcstats.com/fight-details/0dfdc94c1da32e20,3,5:00
"March 01, 2025",Welterweight,http://ufcstats.com/fight-details/d6c3b730dc9f21a5,1,3:10
"March 01, 2025",Heavyweight,http://ufcstats.com/fight-details/a857acedb53ee959,2,0:39
"March 01, 2025",Featherweight,http://ufcstats.com/fight-details/dd1df7f5a54fd9fc,3,5:00
"March 01, 2025",Featherweight,http://ufcstats.com/fight-details/1de799f17556b501,3,5:00
"March 01, 2025",Women's Flyweight,http://ufcstats.com/fight-details/1ada4b9ee5810e0f,3,5:00
"March 01, 2025",Flyweight,http://ufcstats.com/fight-details/206b8c14546d71f1,3,5:00
"February 22, 2025",Bantamweight,http://ufcstats.com/fight-details/b959e2c1d16ff832,3,5:00
"February 22, 2025",Middleweight,http://ufcstats.com/fight-details/0cdca4c22b8d3ab5,3,5:00
"February 22, 2025",Catch Weight,http://ufcstats.com/fight-details/19c8092496e94b85,3,5:00
"February 22, 2025",Featherweight,http://ufcstats.com/fight-details/8ef7723b6a8b45e1,1,4:15
"February 22, 2025",Light Heavyweight,http://ufcstats.com/fight-details/c0d8a231d2f1d1af,3,5:00
"February 22, 2025",Light Heavyweight,http://ufcstats.com/fight-details/08763e87e10b9709,1,2:51
"February 22, 2025",Featherweight,http://ufcstats.com/fight-details/3ded9bfdfb75f39b,1,4:30
"February 22, 2025",Middleweight,http://ufcstats.com/fight-details/e011819e721c4a2a,2,3:24
"February 22, 2025",Bantamweight,http://ufcstats.com/fight-details/bc6d70ab959dce70,1,3:58
"February 22, 2025",Catch Weight,http://ufcstats.com/fight-details/615f7f894bafad82,2,4:13
"February 22, 2025",Middleweight,http://ufcstats.com/fight-details/e9dfc2f009a77a8d,2,0:33
"February 22, 2025",Light Heavyweight,http://ufcstats.com/fight-details/b6475543ab6d20c9,1,2:12
"February 15, 2025",Middleweight,http://ufcstats.com/fight-details/365e2d891b98b86d,4,0:21
"February 15, 2025",Featherweight,http://ufcstats.com/fight-details/68913a422f548ccc,3,5:00
"February 15, 2025",Middleweight,http://ufcstats.com/fight-details/f5386c98fea7f5d4,1,1:35
"February 15, 2025",Lightweight,http://ufcstats.com/fight-details/ce1436a9b58902a7,1,5:00
"February 15, 2025",Middleweight,http://ufcstats.com/fight-details/875b249ebe45a66b,3,5:00
"February 15, 2025",Featherweight,http://ufcstats.com/fight-details/2a493f15e079a7ff,1,2:58
"February 15, 2025",Women's Strawweight,http://ufcstats.com/fight-details/f4817d5cbe9be532,3,5:00
"February 15, 2025",Flyweight,http://ufcstats.com/fight-details/2ae33fce63a75df9,3,5:00
"February 15, 2025",Welterweight,http://ufcstats.com/fight-details/7b9f169016746f81,2,4:58
"February 15, 2025",Bantamweight,http://ufcstats.com/fight-details/07b357090cc91c2c,3,5:00
"February 15, 2025",Heavyweight,http://ufcstats.com/fight-details/3b2a24db4eeaeede,1,1:17
"February 15, 2025",Women's Bantamweight,http://ufcstats.com/fight-details/58668a0736602842,3,5:00
"February 08, 2025",Middleweight,http://ufcstats.com/fight-details/d13849f49f99bf01,5,5:00
"February 08, 2025",Women's Strawweight,http://ufcstats.com/fight-details/03c2a836d033be8f,5,5:00
"February 08, 2025",Heavyweight,http://ufcstats.com/fight-details/8435f90fbd50c7a5,1,0:35
"February 08, 2025",Light Heavyweight,http://ufcstats.com/fight-details/de85ef2fd4769070,3,5:00
"February 08, 2025",Welterweight,http://ufcstats.com/fight-details/4ce53d8a26693f06,3,5:00
"February 08, 2025",Featherweight,http://ufcstats.com/fight-details/c35a53be30bfd066,3,2:06
"February 08, 2025",Lightweight,http://ufcstats.com/fight-details/64641156360b1b81,3,5:00
"February 08, 2025",Women's Flyweight,http://ufcstats.com/fight-details/946cae1beed2baec,3,5:00
"February 08, 2025",Bantamweight,http://ufcstats.com/fight-details/c7fadbdfdc14c282,3,5:00
"February 08, 2025",Lightweight,http://ufcstats.com/fight-details/1f70a4516a70abf2,3,5:00
"February 08, 2025",Welterweight,http://ufcstats.com/fight-details/8bc8bb0021337de7,3,5:00
"February 08, 2025",Lightweight,http://ufcstats.com/fight-details/4218d1d1ce6d322c,1,0:19
"February 01, 2025",Middleweight,http://ufcstats.com/fight-details/85e79748b75eb30e,2,0:30
"February 01, 2025",Middleweight,http://ufcstats.com/fight-details/426e7a3de68117b0,3,5:00
"February 01, 2025",Heavyweight,http://ufcstats.com/fight-details/3c00f34f20c8a189,3,5:00
"February 01, 2025",Bantamweight,http://ufcstats.com/fight-details/70b8dca3addcf4de,3,5:00
"February 01, 2025",Lightweight,http://ufcstats.com/fight-details/775788423f5eeb99,3,5:00
"February 01, 2025",Featherweight,http://ufcstats.com/fight-details/940f586104bf8bc8,3,5:00
"February 01, 2025",Heavyweight,http://ufcstats.com/fight-details/43bbaf06603b0f0c,1,3:12
"February 01, 2025",Lightweight,http://ufcstats.com/fight-details/e97e71a593e4c28d,1,2:01
"February 01, 2025",Women's Flyweight,http://ufcstats.com/fight-details/91bf33ada75d6061,3,5:00
"February 01, 2025",Featherweight,http://ufcstats.com/fight-details/750257171ad29a2c,2,4:22
"February 01, 2025",Heavyweight,http://ufcstats.com/fight-details/984ce1062186f3ce,3,5:00
"January 18, 2025",Lightweight,http://ufcstats.com/fight-details/daef1691c7d6b1e4,1,4:05
"January 18, 2025",Bantamweight,http://ufcstats.com/fight-details/f39941b3743bf18c,5,5:00
"January 18, 2025",Light Heavyweight,http://ufcstats.com/fight-details/959fea398ffa5778,3,3:01
"January 18, 2025",Heavyweight,http://ufcstats.com/fight-details/54d48b33e7240452,1,4:53
"January 18, 2025",Middleweight,http://ufcstats.com/fight-details/69d63c057aebffaf,1,3:31
"January 18, 2025",Bantamweight,http://ufcstats.com/fight-details/d14f98b24691d082,3,5:00
"January 18, 2025",Middleweight,http://ufcstats.com/fight-details/938081fae11dcbbf,1,3:04
"January 18, 2025",Light Heavyweight,http://ufcstats.com/fight-details/a6db8eb1fb3eebf2,2,3:33
"January 18, 2025",Lightweight,http://ufcstats.com/fight-details/aa3fca085d476636,3,5:00
"January 18, 2025",Women's Bantamweight,http://ufcstats.com/fight-details/340fcdcabc49f142,3,5:00
"January 18, 2025",Bantamweight,http://ufcstats.com/fight-details/e5e3d396a9b1c5ae,3,5:00
"January 18, 2025",Bantamweight,http://ufcstats.com/fight-details/95ba27bea09cd84e,3,5:00
"January 18, 2025",Flyweight,http://ufcstats.com/fight-details/e294a1e5723011db,3,5:00
"January 11, 2025",Women's Strawweight,http://ufcstats.com/fight-details/f46308108eb9261a,3,4:56
"January 11, 2025",Welterweight,http://ufcstats.com/fight-details/ce4fc800a7456d18,3,3:13
"January 11, 2025",Middleweight,http://ufcstats.com/fight-details/a2a5809ed8a01b45,1,4:16
"January 11, 2025",Middleweight,http://ufcstats.com/fight-details/aa38e39397dbea72,3,4:59
"January 11, 2025",Featherweight,http://ufcstats.com/fight-details/03c1865919daeaa4,3,5:00
"January 11, 2025",Welterweight,http://ufcstats.com/fight-details/32cc31b76b32ade1,1,0:31
"January 11, 2025",Flyweight,http://ufcstats.com/fight-details/8a3281b0d7c168af,1,2:04
"January 11, 2025",Middleweight,http://ufcstats.com/fight-details/8d68863242695224,1,3:04
"January 11, 2025",Lightweight,http://ufcstats.com/fight-details/54fa6e32330a8cca,3,5:00
"January 11, 2025",Welterweight,http://ufcstats.com/fight-details/58eda5a58a89f739,1,1:13
"January 11, 2025",Women's Flyweight,http://ufcstats.com/fight-details/b33e3a6d15700bb1,3,5:00
"January 11, 2025",Light Heavyweight,http://ufcstats.com/fight-details/817cd15077a9419e,3,5:00
"January 11, 2025",Women's Strawweight,http://ufcstats.com/fight-details/f01851055b8309e0,2,4:27
"January 11, 2025",Lightweight,http://ufcstats.com/fight-details/192619174bd1ad77,3,5:00
"December 14, 2024",Welterweight,http://ufcstats.com/fight-details/00c6a2ef07ca51da,3,4:42
"December 14, 2024",Featherweight,http://ufcstats.com/fight-details/7521015554088962,3,1:36
"December 14, 2024",Flyweight,http://ufcstats.com/fight-details/1a635a5e4551e7d5,3,1:57
"December 14, 2024",Light Heavyweight,http://ufcstats.com/fight-details/7b1bc4ff776f12c1,3,3:44
"December 14, 2024",Bantamweight,http://ufcstats.com/fight-details/5238f6470d0557fb,3,5:00
"December 14, 2024",Light Heavyweight,http://ufcstats.com/fight-details/2b6a75175bbca4e9,3,5:00
"December 14, 2024",Lightweight,http://ufcstats.com/fight-details/9c24c03131d5b49a,2,2:03
"December 14, 2024",Lightweight,http://ufcstats.com/fight-details/b0be38110c2d8b84,1,2:48
"December 14, 2024",Featherweight,http://ufcstats.com/fight-details/ebeeed2595266bbc,1,4:58
"December 14, 2024",Featherweight,http://ufcstats.com/fight-details/cf258c17234d649e,3,5:00
"December 14, 2024",Women's Flyweight,http://ufcstats.com/fight-details/e5f9d59d00fe3c73,3,5:00
"December 14, 2024",Bantamweight,http://ufcstats.com/fight-details/b40e4deb48658851,3,5:00
"December 14, 2024",Women's Strawweight,http://ufcstats.com/fight-details/edf7ce89ad672e85,3,5:00
"December 07, 2024",Flyweight,http://ufcstats.com/fight-details/e761c5009c09b295,2,2:05
"December 07, 2024",Welterweight,http://ufcstats.com/fight-details/1569186ee820ea87,5,5:00
"December 07, 2024",Heavyweight,http://ufcstats.com/fight-details/f706508c52f337a6,3,5:00
"December 07, 2024",Featherweight,http://ufcstats.com/fight-details/0292b9c31c0089ac,3,0:39
"December 07, 2024",Featherweight,http://ufcstats.com/fight-details/089388c9f00ce9c6,3,3:21
"December 07, 2024",Light Heavyweight,http://ufcstats.com/fight-details/97caf8fca9d9603b,2,4:46
"December 07, 2024",Welterweight,http://ufcstats.com/fight-details/4914f7bd073c6359,1,0:52
"December 07, 2024",Featherweight,http://ufcstats.com/fight-details/df30514e0674d598,3,5:00
"December 07, 2024",Welterweight,http://ufcstats.com/fight-details/7c0d0a28a8fba102,3,5:00
"December 07, 2024",Catch Weight,http://ufcstats.com/fight-details/0f16d83859d608c7,2,4:51
"December 07, 2024",Flyweight,http://ufcstats.com/fight-details/d38029cf47e54cf7,3,5:00
"December 07, 2024",Welterweight,http://ufcstats.com/fight-details/a5c57b0f49e9f61c,3,1:56
"December 07, 2024",Lightweight,http://ufcstats.com/fight-details/72b12a837290b327,1,3:41
"December 07, 2024",Heavyweight,http://ufcstats.com/fight-details/eb94412f15c62650,1,4:51
"November 23, 2024",Bantamweight,http://ufcstats.com/fight-details/f53573316a4f349f,5,5:00
"November 23, 2024",Women's Strawweight,http://ufcstats.com/fight-details/f0c4aff7dd1ec4e9,3,5:00
"November 23, 2024",Welterweight,http://ufcstats.com/fight-details/bec57d7cce0e6257,1,3:49
"November 23, 2024",Women's Flyweight,http://ufcstats.com/fight-details/64d6d51219e0664c,2,3:49
"November 23, 2024",Light Heavyweight,http://ufcstats.com/fight-details/02ec66f311dce539,3,5:00
"November 23, 2024",Light Heavyweight,http://ufcstats.com/fight-details/56d2c00dfd391fcf,1,2:25
"November 23, 2024",Bantamweight,http://ufcstats.com/fight-details/9c207acb12c17a67,3,5:00
"November 23, 2024",Flyweight,http://ufcstats.com/fight-details/828de4f5585c908c,1,2:36
"November 23, 2024",Women's Strawweight,http://ufcstats.com/fight-details/baee9b2491c986e2,3,0:46
"November 23, 2024",Flyweight,http://ufcstats.com/fight-details/5dab54e34c2cfe01,3,5:00
"November 23, 2024",Flyweight,http://ufcstats.com/fight-details/38f1c83c19e99fa2,3,5:00
"November 23, 2024",Bantamweight,http://ufcstats.com/fight-details/f5f28a8b472b8012,3,1:28
"November 23, 2024",Lightweight,http://ufcstats.com/fight-details/86a2f07e0bf20297,3,5:00
"November 16, 2024",Heavyweight,http://ufcstats.com/fight-details/b35e47f2f58ef026,3,4:29
"November 16, 2024",Lightweight,http://ufcstats.com/fight-details/4f4189009a190e35,5,5:00
"November 16, 2024",Middleweight,http://ufcstats.com/fight-details/cfd3e62c638fbd1f,3,5:00
"November 16, 2024",Women's Flyweight,http://ufcstats.com/fight-details/8545a2495db16538,3,5:00
"November 16, 2024",Catch Weight,http://ufcstats.com/fight-details/55eebc2ee92bf00a,3,5:00
"November 16, 2024",Bantamweight,http://ufcstats.com/fight-details/2a930e2d7e1f87a9,3,5:00
"November 16, 2024",Lightweight,http://ufcstats.com/fight-details/35c8223cc967fe0a,1,2:44
"November 16, 2024",Lightweight,http://ufcstats.com/fight-details/c565e2baa27cc7e5,3,5:00
"November 16, 2024",Heavyweight,http://ufcstats.com/fight-details/6c1faa6284428e5d,2,5:00
"November 16, 2024",Welterweight,http://ufcstats.com/fight-details/00414fc5519233b4,1,2:55
"November 16, 2024",Welterweight,http://ufcstats.com/fight-details/9676a4e9362e4bfd,3,0:40
"November 16, 2024",Women's Flyweight,http://ufcstats.com/fight-details/40e2a7b65794ac05,3,5:00
"November 09, 2024",Welterweight,http://ufcstats.com/fight-details/73f451d894a1d4ca,1,4:50
"November 09, 2024",Middleweight,http://ufcstats.com/fight-details/154138c8fc89c315,3,1:44
"November 09, 2024",Bantamweight,http://ufcstats.com/fight-details/e6685759ed2af90d,3,5:00
"November 09, 2024",Women's Strawweight,http://ufcstats.com/fight-details/c31d9cac7534d879,3,5:00
"November 09, 2024",Middleweight,http://ufcstats.com/fight-details/ea6427379a83bd01,1,2:44
"November 09, 2024",Women's Strawweight,http://ufcstats.com/fight-details/e62033cb1e79aa81,3,5:00
"November 09, 2024",Welterweight,http://ufcstats.com/fight-details/c9d2a718f39274c0,1,1:15
"November 09, 2024",Welterweight,http://ufcstats.com/fight-details/6b9ed3867dd42b3b,1,0:51
"November 09, 2024",Bantamweight,http://ufcstats.com/fight-details/6fd1edb58d271f7c,1,4:19
"November 09, 2024",Middleweight,http://ufcstats.com/fight-details/582846744e379178,1,1:23
"November 09, 2024",Women's Bantamweight,http://ufcstats.com/fight-details/32f2965b4f4c4ebf,2,1:20
"November 02, 2024",Flyweight,http://ufcstats.com/fight-details/799acf3ae8a5df0a,5,5:00
"November 02, 2024",Women's Flyweight,http://ufcstats.com/fight-details/18729b11614406bf,5,5:00
"November 02, 2024",Light Heavyweight,http://ufcstats.com/fight-details/7edf2fe3a8776a44,3,5:00
"November 02, 2024",Women's Flyweight,http://ufcstats.com/fight-details/eaa885cf7ae31e0b,3,2:28
"November 02, 2024",Middleweight,http://ufcstats.com/fight-details/6ad594777cce2d7d,1,4:28
"November 02, 2024",Welterweight,http://ufcstats.com/fight-details/d29a82322bb083d9,3,5:00
"November 02, 2024",Bantamweight,http://ufcstats.com/fight-details/b989d4d7e220b3c1,3,5:00
"November 02, 2024",Bantamweight,http://ufcstats.com/fight-details/24581e2b39fe3319,2,3:43
"November 02, 2024",Featherweight,http://ufcstats.com/fight-details/5256ba94641a4284,2,0:59
"November 02, 2024",Heavyweight,http://ufcstats.com/fight-details/de084f0d65421cfa,3,5:00
"November 02, 2024",Bantamweight,http://ufcstats.com/fight-details/f93b074dfd47b4b4,3,5:00
"November 02, 2024",Bantamweight,http://ufcstats.com/fight-details/c9cef59a5de32219,3,5:00
"November 02, 2024",Women's Flyweight,http://ufcstats.com/fight-details/f0723cda67db3954,3,5:00
"October 26, 2024",Featherweight,http://ufcstats.com/fight-details/ebf7cea27b83c432,3,1:34
"October 26, 2024",Middleweight,http://ufcstats.com/fight-details/b8bf186f884678ea,1,3:34
"October 26, 2024",Light Heavyweight,http://ufcstats.com/fight-details/b09f54654b0f95f5,3,5:00
"October 26, 2024",Featherweight,http://ufcstats.com/fight-details/cc11a0762f246fa4,3,5:00
"October 26, 2024",Middleweight,http://ufcstats.com/fight-details/108434acbbd75d26,2,4:52
"October 26, 2024",Light Heavyweight,http://ufcstats.com/fight-details/781a2ea50f5ae68f,1,0:51
"October 26, 2024",Welterweight,http://ufcstats.com/fight-details/1d65c141776949d6,1,1:30
"October 26, 2024",Catch Weight,http://ufcstats.com/fight-details/919e3c5cc6999cb3,3,5:00
"October 26, 2024",Middleweight,http://ufcstats.com/fight-details/af6eeea1cfe33240,3,3:14
"October 26, 2024",Heavyweight,http://ufcstats.com/fight-details/df7928de73fc2fe8,1,4:27
"October 26, 2024",Featherweight,http://ufcstats.com/fight-details/5c783cd188425783,3,5:00
"October 26, 2024",Middleweight,http://ufcstats.com/fight-details/bde635a4f345bc3e,3,5:00
"October 26, 2024",Welterweight,http://ufcstats.com/fight-details/6114076c689e8457,3,5:00
"October 19, 2024",Middleweight,http://ufcstats.com/fight-details/a2f2c64f9fb3fb1c,5,2:22
"October 19, 2024",Bantamweight,http://ufcstats.com/fight-details/f01b97e864cb4b8b,3,5:00
"October 19, 2024",Flyweight,http://ufcstats.com/fight-details/503d7342cc08109f,3,5:00
"October 19, 2024",Bantamweight,http://ufcstats.com/fight-details/a2f46e94aa6b0c64,3,5:00
"October 19, 2024",Featherweight,http://ufcstats.com/fight-details/0599f35e6679de02,3,5:00
"October 19, 2024",Flyweight,http://ufcstats.com/fight-details/c61923255389e67c,3,5:00
"October 19, 2024",Bantamweight,http://ufcstats.com/fight-details/308f6cb830019ea9,3,5:00
"October 19, 2024",Women's Bantamweight,http://ufcstats.com/fight-details/fc73ecbd83b7f159,3,4:33
"October 19, 2024",Women's Strawweight,http://ufcstats.com/fight-details/53f7f1b4834387a8,3,5:00
"October 19, 2024",Women's Strawweight,http://ufcstats.com/fight-details/4277b02a4dadac40,3,5:00
"October 19, 2024",Heavyweight,http://ufcstats.com/fight-details/32b8c6c4b735d712,3,5:00
"October 12, 2024",Flyweight,http://ufcstats.com/fight-details/998bde5639c61adb,5,5:00
"October 12, 2024",Middleweight,http://ufcstats.com/fight-details/6fa2dae90bda4742,3,5:00
"October 12, 2024",Welterweight,http://ufcstats.com/fight-details/ee5c0b8a757992af,3,5:00
"October 12, 2024",Lightweight,http://ufcstats.com/fight-details/98c29ba02cee5ba3,2,1:42
"October 12, 2024",Welterweight,http://ufcstats.com/fight-details/f690949d90ff1dee,3,5:00
"October 12, 2024",Flyweight,http://ufcstats.com/fight-details/f1cc9169813c4a3e,1,2:50
"October 12, 2024",Featherweight,http://ufcstats.com/fight-details/69a5895fde58432c,1,4:06
"October 12, 2024",Welterweight,http://ufcstats.com/fight-details/57415110bd494c79,3,5:00
"October 12, 2024",Heavyweight,http://ufcstats.com/fight-details/85854504ce1aa97a,2,2:15
"October 12, 2024",Women's Strawweight,http://ufcstats.com/fight-details/48dd2c9cb39bd2d4,3,5:00
"October 12, 2024",Bantamweight,http://ufcstats.com/fight-details/b23554da35a84fbc,3,5:00
"October 12, 2024",Flyweight,http://ufcstats.com/fight-details/de484433eef22e1d,2,2:12
"October 05, 2024",Light Heavyweight,http://ufcstats.com/fight-details/8c5e06c71f392f33,4,4:32
"October 05, 2024",Women's Bantamweight,http://ufcstats.com/fight-details/1d68bb733de24b06,5,5:00
"October 05, 2024",Bantamweight,http://ufcstats.com/fight-details/3d7d82fff71e395a,3,5:00
"October 05, 2024",Middleweight,http://ufcstats.com/fight-details/5931cd9cf5da5f75,1,5:00
"October 05, 2024",Women's Bantamweight,http://ufcstats.com/fight-details/9ea124a13d071186,3,5:00
"October 05, 2024",Welterweight,http://ufcstats.com/fight-details/69bca5091b2a31f6,3,2:17
"October 05, 2024",Women's Strawweight,http://ufcstats.com/fight-details/eb73b63bbd7b88a7,3,5:00
"October 05, 2024",Lightweight,http://ufcstats.com/fight-details/e8aad69aace1d31f,3,5:00
"October 05, 2024",Middleweight,http://ufcstats.com/fight-details/ed5b6681ab4e83e5,3,5:00
"October 05, 2024",Light Heavyweight,http://ufcstats.com/fight-details/58dec0a39cdefa3f,1,1:35
"October 05, 2024",Women's Strawweight,http://ufcstats.com/fight-details/58e5fc1914c4e641,3,5:00
"October 05, 2024",Welterweight,http://ufcstats.com/fight-details/84b3577229880760,1,3:19
"September 28, 2024",Lightweight,http://ufcstats.com/fight-details/7ca4c91bab696b89,2,5:00
"September 28, 2024",Middleweight,http://ufcstats.com/fight-details/62ff1e5deb124ff5,3,5:00
"September 28, 2024",Featherweight,http://ufcstats.com/fight-details/19706d8ba0edf9cd,3,5:00
"September 28, 2024",Welterweight,http://ufcstats.com/fight-details/45f00a42a17f8e2a,2,3:47
"September 28, 2024",Featherweight,http://ufcstats.com/fight-details/f114929ed709606e,2,0:27
"September 28, 2024",Lightweight,http://ufcstats.com/fight-details/d806aacf5b6ba7f6,3,2:59
"September 28, 2024",Light Heavyweight,http://ufcstats.com/fight-details/89b772f864acb637,3,5:00
"September 28, 2024",Light Heavyweight,http://ufcstats.com/fight-details/3599e9de4ae0e171,3,5:00
"September 28, 2024",Lightweight,http://ufcstats.com/fight-details/e01019fbfe0e9528,3,5:00
"September 28, 2024",Bantamweight,http://ufcstats.com/fight-details/d063d46208c560b1,3,5:00
"September 28, 2024",Women's Bantamweight,http://ufcstats.com/fight-details/7ba432e218edc17d,1,3:52
"September 28, 2024",Flyweight,http://ufcstats.com/fight-details/47d978a984a163aa,3,5:00
"September 28, 2024",Women's Bantamweight,http://ufcstats.com/fight-details/a187670c5ee1ec5f,3,5:00
"September 28, 2024",Lightweight,http://ufcstats.com/fight-details/eedc7fccf7037949,1,3:34
"September 14, 2024",Bantamweight,http://ufcstats.com/fight-details/3146e5a47a922976,5,5:00
"September 14, 2024",Women's Flyweight,http://ufcstats.com/fight-details/6f83cfae0c800ef8,5,5:00
"September 14, 2024",Featherweight,http://ufcstats.com/fight-details/2335e75ce63805b6,3,5:00
"September 14, 2024",Lightweight,http://ufcstats.com/fight-details/27d98a8ee6608e27,3,5:00
"September 14, 2024",Flyweight,http://ufcstats.com/fight-details/78b506e5092a27fd,3,5:00
"September 14, 2024",Women's Bantamweight,http://ufcstats.com/fight-details/2397e2a92710705a,3,5:00
"September 14, 2024",Lightweight,http://ufcstats.com/fight-details/3733d100f7bd5590,1,4:02
"September 14, 2024",Women's Strawweight,http://ufcstats.com/fight-details/c60a317c7767abb7,1,3:02
"September 14, 2024",Flyweight,http://ufcstats.com/fight-details/dae8ad2e03aa4a9a,3,5:00
"September 14, 2024",Bantamweight,http://ufcstats.com/fight-details/3cdc6fea724be133,3,5:00
"September 07, 2024",Welterweight,http://ufcstats.com/fight-details/ee9ade72b44dfa06,5,5:00
"September 07, 2024",Women's Flyweight,http://ufcstats.com/fight-details/bcfaf1dd78f12f97,3,5:00
"September 07, 2024",Featherweight,http://ufcstats.com/fight-details/453e6f2665c85fd7,1,3:59
"September 07, 2024",Bantamweight,http://ufcstats.com/fight-details/fe59646ebad8b6e4,2,0:29
"September 07, 2024",Lightweight,http://ufcstats.com/fight-details/75fa9c0bb31caaa3,3,5:00
"September 07, 2024",Lightweight,http://ufcstats.com/fight-details/b80c6eba11c54778,2,4:14
"September 07, 2024",Featherweight,http://ufcstats.com/fight-details/abfd5ac6cf186d8a,2,4:19
"September 07, 2024",Flyweight,http://ufcstats.com/fight-details/69bde5bae0d6ec4f,3,5:00
"September 07, 2024",Featherweight,http://ufcstats.com/fight-details/6e9876d2be2bbd02,3,5:00
"September 07, 2024",Women's Strawweight,http://ufcstats.com/fight-details/f1613b372748c8bb,1,3:28
"September 07, 2024",Middleweight,http://ufcstats.com/fight-details/f734b497add754af,3,5:00
"September 07, 2024",Featherweight,http://ufcstats.com/fight-details/0c418b9cdfd525c9,2,1:14
"August 24, 2024",Middleweight,http://ufcstats.com/fight-details/15805ae1eea3343e,5,5:00
"August 24, 2024",Women's Strawweight,http://ufcstats.com/fight-details/70afe9e0d2422252,3,5:00
"August 24, 2024",Middleweight,http://ufcstats.com/fight-details/5c5523a6bf83e44f,2,1:49
"August 24, 2024",Featherweight,http://ufcstats.com/fight-details/bad06a5380d762b8,2,1:30
"August 24, 2024",Welterweight,http://ufcstats.com/fight-details/ae50a1a655b1a8f6,1,4:39
"August 24, 2024",Middleweight,http://ufcstats.com/fight-details/2cbd53e43d3f606b,2,4:12
"August 24, 2024",Lightweight,http://ufcstats.com/fight-details/560f1e26c2a6690a,3,5:00
"August 24, 2024",Middleweight,http://ufcstats.com/fight-details/d2caa1ddb9de7481,3,5:00
"August 24, 2024",Lightweight,http://ufcstats.com/fight-details/ba8eda6993922ba0,3,5:00
"August 24, 2024",Women's Bantamweight,http://ufcstats.com/fight-details/903d588b30a471e8,3,5:00
"August 24, 2024",Women's Flyweight,http://ufcstats.com/fight-details/d4127baf74b0e791,1,1:02
"August 17, 2024",Middleweight,http://ufcstats.com/fight-details/6c44af21414e4143,4,3:38
"August 17, 2024",Flyweight,http://ufcstats.com/fight-details/bf8c5effd23f69c4,1,4:04
"August 17, 2024",Lightweight,http://ufcstats.com/fight-details/059f5cf0e9e37627,3,5:00
"August 17, 2024",Heavyweight,http://ufcstats.com/fight-details/dd3d8f7066c145b7,3,5:00
"August 17, 2024",Welterweight,http://ufcstats.com/fight-details/3c319d4659e6c8fd,2,4:02
"August 17, 2024",Heavyweight,http://ufcstats.com/fight-details/ea4ff1d77928b029,1,4:56
"August 17, 2024",Featherweight,http://ufcstats.com/fight-details/43ebfc8914a39061,3,5:00
"August 17, 2024",Women's Flyweight,http://ufcstats.com/fight-details/b9d5c77ae7a8109b,3,5:00
"August 17, 2024",Featherweight,http://ufcstats.com/fight-details/bfff6cf22c1c569c,3,0:48
"August 17, 2024",Lightweight,http://ufcstats.com/fight-details/ce75f5ecbc0d3dfd,3,5:00
"August 17, 2024",Welterweight,http://ufcstats.com/fight-details/ea824ac4b8ed8a35,3,5:00
"August 17, 2024",Flyweight,http://ufcstats.com/fight-details/075a102456080ab2,1,2:39
"August 10, 2024",Heavyweight,http://ufcstats.com/fight-details/84973bbdffaf0d0e,1,1:44
"August 10, 2024",Featherweight,http://ufcstats.com/fight-details/e72a2130e7387637,3,5:00
"August 10, 2024",Welterweight,http://ufcstats.com/fight-details/7b4284bd3033a319,3,5:00
"August 10, 2024",Bantamweight,http://ufcstats.com/fight-details/6aa89b7b5350b8e2,3,5:00
"August 10, 2024",Women's Bantamweight,http://ufcstats.com/fight-details/e0b14afd93af5638,3,5:00
"August 10, 2024",Bantamweight,http://ufcstats.com/fight-details/1332c1037c955d82,2,1:55
"August 10, 2024",Women's Bantamweight,http://ufcstats.com/fight-details/a7ac1dfcdc083694,3,5:00
"August 10, 2024",Heavyweight,http://ufcstats.com/fight-details/6bcaa0de4003cc41,3,5:00
"August 10, 2024",Featherweight,http://ufcstats.com/fight-details/cd9851b8eadb53a9,1,3:52
"August 10, 2024",Women's Strawweight,http://ufcstats.com/fight-details/1b5d5af1bc0a34c7,3,5:00
"August 03, 2024",Bantamweight,http://ufcstats.com/fight-details/33655fd07cfbe034,5,5:00
"August 03, 2024",Middleweight,http://ufcstats.com/fight-details/b38450d9aa0f52b8,3,5:00
"August 03, 2024",Bantamweight,http://ufcstats.com/fight-details/bb85e207eba236bc,3,5:00
"August 03, 2024",Welterweight,http://ufcstats.com/fight-details/2d39c26876246223,1,3:44
"August 03, 2024",Women's Strawweight,http://ufcstats.com/fight-details/d0d74672150ddea3,3,5:00
"August 03, 2024",Lightweight,http://ufcstats.com/fight-details/de767dd5216bcad9,3,3:36
"August 03, 2024",Light Heavyweight,http://ufcstats.com/fight-details/fbbb703581440496,2,3:18
"August 03, 2024",Lightweight,http://ufcstats.com/fight-details/1cd63899011c4bf6,1,4:45
"August 03, 2024",Heavyweight,http://ufcstats.com/fight-details/637f792270a0c746,3,5:00
"August 03, 2024",Lightweight,http://ufcstats.com/fight-details/77df662671ce11c5,3,5:00
"August 03, 2024",Women's Strawweight,http://ufcstats.com/fight-details/f80143e1f3c3d319,3,5:00
"August 03, 2024",Lightweight,http://ufcstats.com/fight-details/d038ff5ac21094f3,3,5:00
"August 03, 2024",Middleweight,http://ufcstats.com/fight-details/e6851877e33d343f,3,5:00
"July 27, 2024",Welterweight,http://ufcstats.com/fight-details/ec5163539a133f17,5,5:00
"July 27, 2024",Heavyweight,http://ufcstats.com/fight-details/ec434314c5438fc7,1,1:00
"July 27, 2024",Lightweight,http://ufcstats.com/fight-details/3e2bde19e752f64b,1,3:22
"July 27, 2024",Middleweight,http://ufcstats.com/fight-details/f02fed4e98048471,3,5:00
"July 27, 2024",Featherweight,http://ufcstats.com/fight-details/8a2e28da18ba6a25,3,5:00
"July 27, 2024",Featherweight,http://ufcstats.com/fight-details/45e6a9b56ee3a9d1,3,5:00
"July 27, 2024",Women's Strawweight,http://ufcstats.com/fight-details/678eda89a096dde8,3,5:00
"July 27, 2024",Bantamweight,http://ufcstats.com/fight-details/9d8c32c60df0e287,3,5:00
"July 27, 2024",Flyweight,http://ufcstats.com/fight-details/d6e240c47ba6034d,3,5:00
"July 27, 2024",Welterweight,http://ufcstats.com/fight-details/16b0a16ab2e20fdb,3,5:00
"July 27, 2024",Light Heavyweight,http://ufcstats.com/fight-details/026bb9fd1b3f239d,3,3:12
"July 27, 2024",Welterweight,http://ufcstats.com/fight-details/3183dfe66fcdd25f,1,2:50
"July 27, 2024",Heavyweight,http://ufcstats.com/fight-details/a5558e8fec59a687,1,3:23
"July 27, 2024",Women's Strawweight,http://ufcstats.com/fight-details/dff2ef8fdde8c502,3,5:00
"July 20, 2024",Women's Strawweight,http://ufcstats.com/fight-details/4a00db8aeff200a2,2,4:48
"July 20, 2024",Featherweight,http://ufcstats.com/fight-details/120ec60ad18cf6c5,1,1:36
"July 20, 2024",Lightweight,http://ufcstats.com/fight-details/9eaa33f874bbb999,3,5:00
"July 20, 2024",Flyweight,http://ufcstats.com/fight-details/94541dd979e0b4bd,2,2:58
"July 20, 2024",Featherweight,http://ufcstats.com/fight-details/ec8bc554a0646638,2,3:38
"July 20, 2024",Featherweight,http://ufcstats.com/fight-details/6e6567a98ea78891,1,1:05
"July 20, 2024",Bantamweight,http://ufcstats.com/fight-details/40c18c6d64463809,1,3:58
"July 20, 2024",Women's Flyweight,http://ufcstats.com/fight-details/e655774643881e6c,3,5:00
"July 20, 2024",Lightweight,http://ufcstats.com/fight-details/b3f1253d0a991791,3,5:00
"July 20, 2024",Women's Flyweight,http://ufcstats.com/fight-details/c3ef9edf73626521,3,5:00
"July 20, 2024",Heavyweight,http://ufcstats.com/fight-details/836e9bc5c1f6acd3,3,5:00
"July 13, 2024",Women's Flyweight,http://ufcstats.com/fight-details/1394ce1832ddefe0,5,5:00
"July 13, 2024",Welterweight,http://ufcstats.com/fight-details/dff8e4ef87d69516,3,5:00
"July 13, 2024",Lightweight,http://ufcstats.com/fight-details/54de03e04f571735,3,1:28
"July 13, 2024",Welterweight,http://ufcstats.com/fight-details/dad759ec50508147,3,5:00
"July 13, 2024",Featherweight,http://ufcstats.com/fight-details/a63bb85cc39389c7,1,4:49
"July 13, 2024",Middleweight,http://ufcstats.com/fight-details/46fa8e79fe8a9539,1,0:37
"July 13, 2024",Flyweight,http://ufcstats.com/fight-details/80108a70c4afa6c2,3,0:20
"July 13, 2024",Women's Flyweight,http://ufcstats.com/fight-details/582afc25875911d1,3,5:00
"July 13, 2024",Bantamweight,http://ufcstats.com/fight-details/5eebde8fb4d67259,1,0:18
"July 13, 2024",Women's Flyweight,http://ufcstats.com/fight-details/e06bfd0100eccbad,1,3:27
"July 13, 2024",Middleweight,http://ufcstats.com/fight-details/d8e8d41282fc90dc,3,5:00
"July 13, 2024",Welterweight,http://ufcstats.com/fight-details/25747d81ae5c6564,2,1:46
"June 29, 2024",Light Heavyweight,http://ufcstats.com/fight-details/bca5d01f8775f852,2,0:13
"June 29, 2024",Catch Weight,http://ufcstats.com/fight-details/fc8ad0c7fc70dde7,3,5:00
"June 29, 2024",Light Heavyweight,http://ufcstats.com/fight-details/bf878c083a6b30ad,3,5:00
"June 29, 2024",Women's Bantamweight,http://ufcstats.com/fight-details/a571c622ab89b3d9,2,1:58
"June 29, 2024",Welterweight,http://ufcstats.com/fight-details/fbf77262d8da342b,3,5:00
"June 29, 2024",Middleweight,http://ufcstats.com/fight-details/daa6b47be304ec86,1,1:25
"June 29, 2024",Featherweight,http://ufcstats.com/fight-details/08489fdfb56ee19c,3,5:00
"June 29, 2024",Featherweight,http://ufcstats.com/fight-details/2b7883b304b3df1c,2,1:22
"June 29, 2024",Bantamweight,http://ufcstats.com/fight-details/5f8a92f10e5451ce,1,0:19
"June 29, 2024",Women's Strawweight,http://ufcstats.com/fight-details/2517029ff9c1a1a2,3,5:00
"June 29, 2024",Heavyweight,http://ufcstats.com/fight-details/3bbc222130d9dac7,3,5:00
"June 29, 2024",Flyweight,http://ufcstats.com/fight-details/7856621db043423d,3,5:00
"June 29, 2024",Bantamweight,http://ufcstats.com/fight-details/bbe3d8a37a276511,3,5:00
"June 22, 2024",Middleweight,http://ufcstats.com/fight-details/eba46dbf9cdd83c0,1,1:49
"June 22, 2024",Heavyweight,http://ufcstats.com/fight-details/cd3bb8a2824fbf22,3,5:00
"June 22, 2024",Middleweight,http://ufcstats.com/fight-details/8ddd53a7ed3754d5,3,5:00
"June 22, 2024",Middleweight,http://ufcstats.com/fight-details/fbbf5391ea25521b,3,2:27
"June 22, 2024",Light Heavyweight,http://ufcstats.com/fight-details/9d5f562e0572058c,1,2:28
"June 22, 2024",Lightweight,http://ufcstats.com/fight-details/774fb0c0c1c2bc6a,3,5:00
"June 22, 2024",Featherweight,http://ufcstats.com/fight-details/8bd5f20f49434c65,3,1:15
"June 22, 2024",Welterweight,http://ufcstats.com/fight-details/de1acb6803ab3f14,3,5:00
"June 22, 2024",Bantamweight,http://ufcstats.com/fight-details/8db5cf5df713a7e9,3,5:00
"June 22, 2024",Light Heavyweight,http://ufcstats.com/fight-details/0ac2da3dbaf2fce2,3,5:00
"June 22, 2024",Bantamweight,http://ufcstats.com/fight-details/c0d6feef69ccb330,3,5:00
"June 15, 2024",Flyweight,http://ufcstats.com/fight-details/7f14be4e45bca6bd,2,2:59
"June 15, 2024",Bantamweight,http://ufcstats.com/fight-details/6bdb93f9b4581bf6,3,5:00
"June 15, 2024",Featherweight,http://ufcstats.com/fight-details/78a7bf038e56881d,3,5:00
"June 15, 2024",Bantamweight,http://ufcstats.com/fight-details/fea3a0643218e16b,3,1:52
"June 15, 2024",Flyweight,http://ufcstats.com/fight-details/3b1438e9ec64990e,3,5:00
"June 15, 2024",Welterweight,http://ufcstats.com/fight-details/ab7bc93bdf4132c4,3,5:00
"June 15, 2024",Flyweight,http://ufcstats.com/fight-details/6f31285305881fe3,3,5:00
"June 15, 2024",Women's Flyweight,http://ufcstats.com/fight-details/19ef5890b20f903a,3,5:00
"June 15, 2024",Featherweight,http://ufcstats.com/fight-details/e47523ac32bfa24c,1,1:49
"June 15, 2024",Featherweight,http://ufcstats.com/fight-details/94f5b35b2b6c72b1,3,1:50
"June 15, 2024",Women's Strawweight,http://ufcstats.com/fight-details/06713afc60301c0c,3,5:00
"June 08, 2024",Middleweight,http://ufcstats.com/fight-details/052f53e006b28132,4,1:34
"June 08, 2024",Light Heavyweight,http://ufcstats.com/fight-details/2d12ae4683bbf433,1,2:00
"June 08, 2024",Bantamweight,http://ufcstats.com/fight-details/b34abcfe4c2e8a57,2,2:22
"June 08, 2024",Middleweight,http://ufcstats.com/fight-details/dcc0c53100fa1dd2,1,4:51
"June 08, 2024",Middleweight,http://ufcstats.com/fight-details/3b12094dd48c2dc5,1,0:20
"June 08, 2024",Welterweight,http://ufcstats.com/fight-details/393f9bc7b51791a6,3,5:00
"June 08, 2024",Lightweight,http://ufcstats.com/fight-details/251983e1bdae20fe,3,5:00
"June 08, 2024",Welterweight,http://ufcstats.com/fight-details/8afe89f5c451b372,1,4:47
"June 08, 2024",Bantamweight,http://ufcstats.com/fight-details/4c0adccb34c1d995,3,5:00
"June 08, 2024",Women's Flyweight,http://ufcstats.com/fight-details/a91fdb21a7ff52e5,3,5:00
"June 08, 2024",Bantamweight,http://ufcstats.com/fight-details/e976815e397c40e1,3,5:00
"June 08, 2024",Women's Strawweight,http://ufcstats.com/fight-details/790a8cd528233e50,3,5:00
"June 08, 2024",Bantamweight,http://ufcstats.com/fight-details/753735b48b1c20b9,3,5:00
"June 08, 2024",Women's Strawweight,http://ufcstats.com/fight-details/b20640f9b2634de1,3,5:00
"June 01, 2024",Lightweight,http://ufcstats.com/fight-details/1a0031e2072f21b6,5,2:42
"June 01, 2024",Middleweight,http://ufcstats.com/fight-details/9e7538a788e6d789,5,5:00
"June 01, 2024",Middleweight,http://ufcstats.com/fight-details/605c16fa5a803b15,1,1:34
"June 01, 2024",Welterweight,http://ufcstats.com/fight-details/b5d5b8e06ccb70a3,3,5:00
"June 01, 2024",Welterweight,http://ufcstats.com/fight-details/fd2d814a8a23798f,3,5:00
"June 01, 2024",Middleweight,http://ufcstats.com/fight-details/ee24be90a01f552e,3,5:00
"June 01, 2024",Heavyweight,http://ufcstats.com/fight-details/c0af8cf5befb2dcf,1,2:27
"June 01, 2024",Lightweight,http://ufcstats.com/fight-details/cf306c4714530f31,3,5:00
"June 01, 2024",Welterweight,http://ufcstats.com/fight-details/b7575b0ec9f81741,3,5:00
"June 01, 2024",Welterweight,http://ufcstats.com/fight-details/7d9bb6fda0ea1ee0,3,5:00
"June 01, 2024",Women's Bantamweight,http://ufcstats.com/fight-details/2554b31a07f34e1a,3,5:00
"June 01, 2024",Flyweight,http://ufcstats.com/fight-details/f1d3eec12662d8d7,3,5:00
"May 18, 2024",Featherweight,http://ufcstats.com/fight-details/17aa636aa98678d3,5,5:00
"May 18, 2024",Welterweight,http://ufcstats.com/fight-details/85ddb65429a9d517,1,1:30
"May 18, 2024",Welterweight,http://ufcstats.com/fight-details/20220ace492af368,3,5:00
"May 18, 2024",Bantamweight,http://ufcstats.com/fight-details/5dcade01fc840da6,1,2:47
"May 18, 2024",Women's Strawweight,http://ufcstats.com/fight-details/2a43df4cc047a28b,2,4:12
"May 18, 2024",Lightweight,http://ufcstats.com/fight-details/b5df5a0a0bda9256,1,3:50
"May 18, 2024",Light Heavyweight,http://ufcstats.com/fight-details/68ee31dd0853cdc9,1,3:43
"May 18, 2024",Women's Bantamweight,http://ufcstats.com/fight-details/3aea9c60d25fc93b,3,0:37
"May 18, 2024",Middleweight,http://ufcstats.com/fight-details/fc2bdd67c1a056a4,3,5:00
"May 18, 2024",Women's Strawweight,http://ufcstats.com/fight-details/28c6de749d0d0e9d,2,3:16
"May 18, 2024",Bantamweight,http://ufcstats.com/fight-details/63605e9f3e71d738,3,5:00
"May 18, 2024",Women's Strawweight,http://ufcstats.com/fight-details/069df63733dcf697,3,5:00
"May 11, 2024",Heavyweight,http://ufcstats.com/fight-details/6f0f84075fa1a4b0,3,0:49
"May 11, 2024",Welterweight,http://ufcstats.com/fight-details/b78a222fb448aed4,3,5:00
"May 11, 2024",Light Heavyweight,http://ufcstats.com/fight-details/a049c12f43914449,1,0:12
"May 11, 2024",Lightweight,http://ufcstats.com/fight-details/6c67aa7063717a0c,3,4:51
"May 11, 2024",Featherweight,http://ufcstats.com/fight-details/8aa07b6cc40f0cb2,3,5:00
"May 11, 2024",Heavyweight,http://ufcstats.com/fight-details/e98eb6de29c62c9c,3,5:00
"May 11, 2024",Lightweight,http://ufcstats.com/fight-details/420a5e3b4010ebef,2,3:00
"May 11, 2024",Lightweight,http://ufcstats.com/fight-details/8d9bcbb48888a5a3,1,0:37
"May 11, 2024",Women's Strawweight,http://ufcstats.com/fight-details/13d8d5cd83e5b57e,3,5:00
"May 11, 2024",Welterweight,http://ufcstats.com/fight-details/ec5d705232983b87,3,5:00
"May 11, 2024",Flyweight,http://ufcstats.com/fight-details/4b45f190122a1ce1,3,5:00
"May 11, 2024",Women's Flyweight,http://ufcstats.com/fight-details/ccf3b6eda4c2a564,3,5:00
"May 04, 2024",Flyweight,http://ufcstats.com/fight-details/3f419fce8ba8aa0e,5,5:00
"May 04, 2024",Bantamweight,http://ufcstats.com/fight-details/b3d88eaea611a4a8,3,5:00
"May 04, 2024",Light Heavyweight,http://ufcstats.com/fight-details/a8718a3419a11e15,1,2:00
"May 04, 2024",Middleweight,http://ufcstats.com/fight-details/3e74caa9fff4a5eb,1,0:54
"May 04, 2024",Middleweight,http://ufcstats.com/fight-details/2db0998b24c11ea0,2,2:10
"May 04, 2024",Featherweight,http://ufcstats.com/fight-details/c456b1950208e0b2,2,3:35
"May 04, 2024",Women's Strawweight,http://ufcstats.com/fight-details/c84a29f426f1aab7,3,5:00
"May 04, 2024",Lightweight,http://ufcstats.com/fight-details/8a121f9c48f3773c,3,5:00
"May 04, 2024",Lightweight,http://ufcstats.com/fight-details/2faf5b8d708f8e94,3,5:00
"May 04, 2024",Lightweight,http://ufcstats.com/fight-details/b9de363e6b406853,1,4:42
"May 04, 2024",Women's Flyweight,http://ufcstats.com/fight-details/4661e9ca9354021e,3,5:00
"May 04, 2024",Lightweight,http://ufcstats.com/fight-details/89db7aca37b87711,3,5:00
"May 04, 2024",Flyweight,http://ufcstats.com/fight-details/fe0f1b418e6d3ecb,2,1:35
"April 27, 2024",Flyweight,http://ufcstats.com/fight-details/a0cae57eae875820,2,2:16
"April 27, 2024",Light Heavyweight,http://ufcstats.com/fight-details/f41e83de703acf85,2,3:16
"April 27, 2024",Women's Flyweight,http://ufcstats.com/fight-details/45de6d0b9cf5451c,3,5:00
"April 27, 2024",Heavyweight,http://ufcstats.com/fight-details/dae70ccdf9e7475e,2,2:12
"April 27, 2024",Featherweight,http://ufcstats.com/fight-details/7ca5604d99220e88,3,5:00
"April 27, 2024",Welterweight,http://ufcstats.com/fight-details/6ea77cb62aa2f276,1,2:09
"April 27, 2024",Bantamweight,http://ufcstats.com/fight-details/55231cc4112334b4,3,2:36
"April 27, 2024",Lightweight,http://ufcstats.com/fight-details/681cd3cc6299d652,3,5:00
"April 27, 2024",Heavyweight,http://ufcstats.com/fight-details/417049c7a3d65ccc,3,5:00
"April 27, 2024",Women's Strawweight,http://ufcstats.com/fight-details/4915c8a588513c22,3,5:00
"April 27, 2024",Lightweight,http://ufcstats.com/fight-details/0a85b3ad328205ff,1,4:33
"April 27, 2024",Women's Flyweight,http://ufcstats.com/fight-details/1631f70535ae5dcc,3,1:29
"April 27, 2024",Lightweight,http://ufcstats.com/fight-details/0976778a6e6cf8a8,3,5:00
"April 13, 2024",Light Heavyweight,http://ufcstats.com/fight-details/e4931f3ab3bf4141,1,3:14
"April 13, 2024",Women's Strawweight,http://ufcstats.com/fight-details/66eddbe35056c06d,5,5:00
"April 13, 2024",Lightweight,http://ufcstats.com/fight-details/cf5e8f98159c3971,5,4:59
"April 13, 2024",Lightweight,http://ufcstats.com/fight-details/01f7c28804746979,3,5:00
"April 13, 2024",Middleweight,http://ufcstats.com/fight-details/0c2e3988793b418c,2,3:38
"April 13, 2024",Light Heavyweight,http://ufcstats.com/fight-details/eda1e8c285a0a788,2,3:17
"April 13, 2024",Featherweight,http://ufcstats.com/fight-details/d95f21817a56eb05,3,5:00
"April 13, 2024",Women's Bantamweight,http://ufcstats.com/fight-details/b1ac165326d8f29e,2,1:47
"April 13, 2024",Featherweight,http://ufcstats.com/fight-details/538ca98010ed00ec,1,1:29
"April 13, 2024",Lightweight,http://ufcstats.com/fight-details/18824fa5c15c212f,2,4:11
"April 13, 2024",Women's Strawweight,http://ufcstats.com/fight-details/603afedc31d95999,3,5:00
"April 13, 2024",Lightweight,http://ufcstats.com/fight-details/efdad54c8550e6e0,3,5:00
"April 13, 2024",Bantamweight,http://ufcstats.com/fight-details/3ab0d8b344d2ebea,2,4:02
"April 06, 2024",Middleweight,http://ufcstats.com/fight-details/3ce96bb0c69b39be,5,5:00
"April 06, 2024",Featherweight,http://ufcstats.com/fight-details/9c22ddb8d8fc1838,3,5:00
"April 06, 2024",Featherweight,http://ufcstats.com/fight-details/32375b4435fea5e6,3,5:00
"April 06, 2024",Lightweight,http://ufcstats.com/fight-details/6ff21ea2c75c48ed,1,3:34
"April 06, 2024",Lightweight,http://ufcstats.com/fight-details/47f8812a335b6ce9,3,5:00
"April 06, 2024",Welterweight,http://ufcstats.com/fight-details/0b9cd718d7e329e8,3,5:00
"April 06, 2024",Heavyweight,http://ufcstats.com/fight-details/ff5a8078ea85bbc7,3,5:00
"April 06, 2024",Women's Bantamweight,http://ufcstats.com/fight-details/188e6416157e5a1f,3,5:00
"April 06, 2024",Bantamweight,http://ufcstats.com/fight-details/5c3b8819dbe98114,3,5:00
"April 06, 2024",Bantamweight,http://ufcstats.com/fight-details/1f7566c90343a680,2,4:59
"April 06, 2024",Middleweight,http://ufcstats.com/fight-details/3cf5e0ebb5f8322c,2,2:13
"April 06, 2024",Women's Bantamweight,http://ufcstats.com/fight-details/1685eecc7ef37fb5,2,3:06
"March 30, 2024",Women's Flyweight,http://ufcstats.com/fight-details/e6d4fdad2b3422d1,5,5:00
"March 30, 2024",Welterweight,http://ufcstats.com/fight-details/de12349f334c964e,2,3:17
"March 30, 2024",Middleweight,http://ufcstats.com/fight-details/77992b8727382373,3,2:18
"March 30, 2024",Middleweight,http://ufcstats.com/fight-details/e30250daa73005a8,1,3:18
"March 30, 2024",Featherweight,http://ufcstats.com/fight-details/91aa08e910fb4412,1,4:00
"March 30, 2024",Welterweight,http://ufcstats.com/fight-details/eb9f9f61507497a5,3,5:00
"March 30, 2024",Featherweight,http://ufcstats.com/fight-details/636b01ee49925e49,1,4:43
"March 30, 2024",Women's Strawweight,http://ufcstats.com/fight-details/99dc6d45cbdfa322,3,5:00
"March 30, 2024",Featherweight,http://ufcstats.com/fight-details/976abc27a4e5e26a,2,2:00
"March 30, 2024",Featherweight,http://ufcstats.com/fight-details/f59cefe16905d62c,3,0:22
"March 30, 2024",Light Heavyweight,http://ufcstats.com/fight-details/697e38075fd41819,3,1:32
"March 30, 2024",Middleweight,http://ufcstats.com/fight-details/ce33085fc5205bab,2,0:39
"March 30, 2024",Bantamweight,http://ufcstats.com/fight-details/17e8ab0065e9085f,3,5:00
"March 23, 2024",Women's Flyweight,http://ufcstats.com/fight-details/faf19712bd7ea41e,5,5:00
"March 23, 2024",Heavyweight,http://ufcstats.com/fight-details/cd6452a463ec8a28,3,5:00
"March 23, 2024",Middleweight,http://ufcstats.com/fight-details/d564e3a6c77d0c85,1,4:33
"March 23, 2024",Bantamweight,http://ufcstats.com/fight-details/127be512f86618b2,2,0:21
"March 23, 2024",Featherweight,http://ufcstats.com/fight-details/72f123ddb4cc9d1c,2,1:50
"March 23, 2024",Featherweight,http://ufcstats.com/fight-details/a1294453a28beda3,1,2:45
"March 23, 2024",Lightweight,http://ufcstats.com/fight-details/de7cb625bdec0f91,3,5:00
"March 23, 2024",Featherweight,http://ufcstats.com/fight-details/8c8337ce8437fe2e,1,2:15
"March 23, 2024",Bantamweight,http://ufcstats.com/fight-details/48ff3f1bcefbf965,3,5:00
"March 23, 2024",Featherweight,http://ufcstats.com/fight-details/0e6782b758451063,3,5:00
"March 23, 2024",Women's Bantamweight,http://ufcstats.com/fight-details/f1c3abce15ef053e,3,5:00
"March 23, 2024",Flyweight,http://ufcstats.com/fight-details/f4ea27d942a390a5,2,2:52
"March 23, 2024",Heavyweight,http://ufcstats.com/fight-details/3223b7e196a07224,3,5:00
"March 16, 2024",Heavyweight,http://ufcstats.com/fight-details/8bc0c220f7dcefa7,1,4:08
"March 16, 2024",Welterweight,http://ufcstats.com/fight-details/a7fd9da657bbce8e,2,1:00
"March 16, 2024",Light Heavyweight,http://ufcstats.com/fight-details/35f9beb94b4ef9e2,3,5:00
"March 16, 2024",Featherweight,http://ufcstats.com/fight-details/acc7392d48cc09a0,3,5:00
"March 16, 2024",Women's Bantamweight,http://ufcstats.com/fight-details/2f414494f2b6f426,1,3:54
"March 16, 2024",Middleweight,http://ufcstats.com/fight-details/569e0ba18701c305,2,4:23
"March 16, 2024",Lightweight,http://ufcstats.com/fight-details/4f20f3ada1489823,2,1:43
"March 16, 2024",Women's Bantamweight,http://ufcstats.com/fight-details/711ec0545552455b,3,5:00
"March 16, 2024",Flyweight,http://ufcstats.com/fight-details/451df53c13185584,1,4:27
"March 16, 2024",Featherweight,http://ufcstats.com/fight-details/c26f27667c230391,3,5:00
"March 16, 2024",Women's Strawweight,http://ufcstats.com/fight-details/66873dde4077bd5d,1,1:38
"March 16, 2024",Lightweight,http://ufcstats.com/fight-details/537b3cef39d2d573,3,0:15
"March 16, 2024",Bantamweight,http://ufcstats.com/fight-details/f1cbd73e7be64d28,3,5:00
"March 09, 2024",Bantamweight,http://ufcstats.com/fight-details/894c44c3d04aaf6f,5,5:00
"March 09, 2024",Lightweight,http://ufcstats.com/fight-details/6e73ebbd089aff5e,2,2:32
"March 09, 2024",Welterweight,http://ufcstats.com/fight-details/270edfb687c0d20c,3,5:00
"March 09, 2024",Welterweight,http://ufcstats.com/fight-details/68f7f992603192c6,3,3:43
"March 09, 2024",Bantamweight,http://ufcstats.com/fight-details/9861b6d04e6ed43c,3,5:00
"March 09, 2024",Heavyweight,http://ufcstats.com/fight-details/0133019a4f1055ee,2,0:36
"March 09, 2024",Women's Flyweight,http://ufcstats.com/fight-details/33658a3ca932d15d,3,5:00
"March 09, 2024",Lightweight,http://ufcstats.com/fight-details/8baff440b82afd2b,3,5:00
"March 09, 2024",Bantamweight,http://ufcstats.com/fight-details/ebb758b49e82d0ed,3,5:00
"March 09, 2024",Light Heavyweight,http://ufcstats.com/fight-details/7bc7af11050e861b,3,5:00
"March 09, 2024",Middleweight,http://ufcstats.com/fight-details/f0a9dfbb6f6ac852,1,1:01
"March 09, 2024",Heavyweight,http://ufcstats.com/fight-details/cbdf29f36b343f6f,1,0:18
"March 09, 2024",Flyweight,http://ufcstats.com/fight-details/3d3dde60e3d59c1c,3,5:00
"March 09, 2024",Women's Flyweight,http://ufcstats.com/fight-details/3677ce6c1ee06a83,3,5:00
"March 02, 2024",Heavyweight,http://ufcstats.com/fight-details/838fd9d2b14e0790,4,5:00
"March 02, 2024",Light Heavyweight,http://ufcstats.com/fight-details/df3cc5ec78d05a71,3,5:00
"March 02, 2024",Flyweight,http://ufcstats.com/fight-details/5a82757b553c40fc,3,5:00
"March 02, 2024",Bantamweight,http://ufcstats.com/fight-details/dcf5014e56649c2f,3,5:00
"March 02, 2024",Flyweight,http://ufcstats.com/fight-details/024beecfd3f0ed7a,2,0:26
"March 02, 2024",Middleweight,http://ufcstats.com/fight-details/32bd7ed48f5aea7e,3,5:00
"March 02, 2024",Bantamweight,http://ufcstats.com/fight-details/cde2f88251b73305,3,4:41
"March 02, 2024",Bantamweight,http://ufcstats.com/fight-details/a7d397cd0f2ac93a,3,5:00
"March 02, 2024",Middleweight,http://ufcstats.com/fight-details/3ea7d69a1238f26a,2,1:57
"March 02, 2024",Lightweight,http://ufcstats.com/fight-details/4e566db7d26df001,1,4:36
"March 02, 2024",Lightweight,http://ufcstats.com/fight-details/ba8f219260e212f8,3,0:49
"February 24, 2024",Flyweight,http://ufcstats.com/fight-details/74f5cbecac011abb,5,5:00
"February 24, 2024",Featherweight,http://ufcstats.com/fight-details/3b05a4ced6dd74f5,3,0:58
"February 24, 2024",Lightweight,http://ufcstats.com/fight-details/ecbece0cbd60029e,3,5:00
"February 24, 2024",Women's Strawweight,http://ufcstats.com/fight-details/6e4acb2aaa2cee56,3,5:00
"February 24, 2024",Lightweight,http://ufcstats.com/fight-details/673a156925dfb31d,1,1:46
"February 24, 2024",Bantamweight,http://ufcstats.com/fight-details/063e7ce759c52f81,3,2:04
"February 24, 2024",Flyweight,http://ufcstats.com/fight-details/d1d3b6ab8a56e973,3,5:00
"February 24, 2024",Flyweight,http://ufcstats.com/fight-details/1c03c1bb62f3aed6,1,2:17
"February 24, 2024",Lightweight,http://ufcstats.com/fight-details/a376f6d5806d0c90,3,5:00
"February 24, 2024",Flyweight,http://ufcstats.com/fight-details/5e8c710f9f27aff8,2,4:59
"February 24, 2024",Flyweight,http://ufcstats.com/fight-details/93ddc6b233d1956a,3,5:00
"February 24, 2024",Featherweight,http://ufcstats.com/fight-details/50dae6b76c9c6490,1,0:44
"February 17, 2024",Featherweight,http://ufcstats.com/fight-details/bec3154a11df3299,2,3:32
"February 17, 2024",Middleweight,http://ufcstats.com/fight-details/01432891260084a4,3,5:00
"February 17, 2024",Welterweight,http://ufcstats.com/fight-details/8fb0092430448368,3,5:00
"February 17, 2024",Bantamweight,http://ufcstats.com/fight-details/9785420602b452f7,3,5:00
"February 17, 2024",Middleweight,http://ufcstats.com/fight-details/f87a3fa07f0009c9,2,3:23
"February 17, 2024",Women's Strawweight,http://ufcstats.com/fight-details/2aeb3ec2d8c05dc8,3,5:00
"February 17, 2024",Heavyweight,http://ufcstats.com/fight-details/1456a3f96ac7e35b,2,1:14
"February 17, 2024",Bantamweight,http://ufcstats.com/fight-details/e92fb5c609e20b49,3,5:00
"February 17, 2024",Light Heavyweight,http://ufcstats.com/fight-details/aeb3e4d9710207a4,1,1:41
"February 17, 2024",Welterweight,http://ufcstats.com/fight-details/ef13ed466e0b42d8,3,1:18
"February 17, 2024",Welterweight,http://ufcstats.com/fight-details/9ddaa62cc806958d,3,5:00
"February 17, 2024",Women's Flyweight,http://ufcstats.com/fight-details/b7d238437d6644ce,3,5:00
"February 10, 2024",Middleweight,http://ufcstats.com/fight-details/406f2aacd1d1faf9,5,5:00
"February 10, 2024",Featherweight,http://ufcstats.com/fight-details/25259e230be9cdc9,1,2:43
"February 10, 2024",Middleweight,http://ufcstats.com/fight-details/17050a7b673dc49d,3,5:00
"February 10, 2024",Middleweight,http://ufcstats.com/fight-details/e7938bac3ec8b442,3,0:55
"February 10, 2024",Lightweight,http://ufcstats.com/fight-details/5304956aada097e8,3,5:00
"February 10, 2024",Middleweight,http://ufcstats.com/fight-details/9d8473ae274ed625,1,4:48
"February 10, 2024",Welterweight,http://ufcstats.com/fight-details/246fef4b19c3a7ed,2,4:03
"February 10, 2024",Lightweight,http://ufcstats.com/fight-details/edf46d6962be7e8d,3,5:00
"February 10, 2024",Women's Strawweight,http://ufcstats.com/fight-details/c3986c1a56a6e94d,3,5:00
"February 10, 2024",Light Heavyweight,http://ufcstats.com/fight-details/dbfd7616dec2b6d5,3,5:00
"February 10, 2024",Welterweight,http://ufcstats.com/fight-details/08f7a60bd84a6b3c,3,5:00
"February 10, 2024",Light Heavyweight,http://ufcstats.com/fight-details/ad26bf55ff201f4f,1,3:38
"February 10, 2024",Featherweight,http://ufcstats.com/fight-details/478a637045ad49fb,2,2:12
"February 10, 2024",Bantamweight,http://ufcstats.com/fight-details/6cd542650d886c22,2,3:28
"February 03, 2024",Middleweight,http://ufcstats.com/fight-details/767ceb4a0cb43ade,5,5:00
"February 03, 2024",Lightweight,http://ufcstats.com/fight-details/733e675fd7c0052a,3,5:00
"February 03, 2024",Welterweight,http://ufcstats.com/fight-details/af6d56860ba4d259,1,3:17
"February 03, 2024",Women's Flyweight,http://ufcstats.com/fight-details/7b1882dc76786d77,3,5:00
"February 03, 2024",Middleweight,http://ufcstats.com/fight-details/415ea2520b7ba720,1,0:11
"February 03, 2024",Welterweight,http://ufcstats.com/fight-details/330d86bfaa4155fe,1,4:47
"February 03, 2024",Women's Strawweight,http://ufcstats.com/fight-details/d4ace70b3661ee6c,1,4:59
"February 03, 2024",Flyweight,http://ufcstats.com/fight-details/ca7d61e167d7789c,3,5:00
"February 03, 2024",Welterweight,http://ufcstats.com/fight-details/4cff9aeef3ac75c1,1,0:32
"February 03, 2024",Featherweight,http://ufcstats.com/fight-details/e1930496b33fa636,3,5:00
"February 03, 2024",Women's Flyweight,http://ufcstats.com/fight-details/c28d40498150de90,3,4:52
"February 03, 2024",Lightweight,http://ufcstats.com/fight-details/e396c509fb47b037,3,5:00
"February 03, 2024",Heavyweight,http://ufcstats.com/fight-details/df9847839c73a678,3,5:00
"January 20, 2024",Middleweight,http://ufcstats.com/fight-details/14e53999507c76a7,5,5:00
"January 20, 2024",Women's Bantamweight,http://ufcstats.com/fight-details/faf15b752fb8924c,5,5:00
"January 20, 2024",Welterweight,http://ufcstats.com/fight-details/97817609ed46baa0,3,4:45
"January 20, 2024",Middleweight,http://ufcstats.com/fight-details/ba5005d1116fa45f,3,5:00
"January 20, 2024",Featherweight,http://ufcstats.com/fight-details/1a7cd191f0cf160c,3,5:00
"January 20, 2024",Bantamweight,http://ufcstats.com/fight-details/670e4754d8d3d172,3,5:00
"January 20, 2024",Featherweight,http://ufcstats.com/fight-details/331ddc1141e934d1,3,5:00
"January 20, 2024",Bantamweight,http://ufcstats.com/fight-details/43d90683078fcee5,3,5:00
"January 20, 2024",Women's Strawweight,http://ufcstats.com/fight-details/dff2685afd98ed9e,2,3:12
"January 20, 2024",Welterweight,http://ufcstats.com/fight-details/a10e2d5416972b9c,1,2:03
"January 20, 2024",Women's Bantamweight,http://ufcstats.com/fight-details/7736eb6bd5c1ff4a,3,4:21
"January 20, 2024",Flyweight,http://ufcstats.com/fight-details/ab105e5a56b5ee90,2,1:17
"January 13, 2024",Light Heavyweight,http://ufcstats.com/fight-details/f2b407019b2a5c15,2,2:42
"January 13, 2024",Lightweight,http://ufcstats.com/fight-details/640f2ae3995b3b4f,3,3:25
"January 13, 2024",Bantamweight,http://ufcstats.com/fight-details/a8239866e1222eae,3,5:00
"January 13, 2024",Middleweight,http://ufcstats.com/fight-details/d0d99889c6abd8e1,1,4:55
"January 13, 2024",Heavyweight,http://ufcstats.com/fight-details/6f13fe34cb3ca906,3,5:00
"January 13, 2024",Welterweight,http://ufcstats.com/fight-details/5f622d812b8f407f,3,5:00
"January 13, 2024",Bantamweight,http://ufcstats.com/fight-details/03de7404decde12f,2,3:29
"January 13, 2024",Bantamweight,http://ufcstats.com/fight-details/477c3b9de012e4b3,3,5:00
"January 13, 2024",Featherweight,http://ufcstats.com/fight-details/0494ebcee93e717b,1,4:12
"January 13, 2024",Lightweight,http://ufcstats.com/fight-details/5344e76e26503716,1,1:03
"January 13, 2024",Flyweight,http://ufcstats.com/fight-details/fd29123ff92789e4,2,4:31
"December 16, 2023",Welterweight,http://ufcstats.com/fight-details/3fa8ee3fdc04fe36,5,5:00
"December 16, 2023",Flyweight,http://ufcstats.com/fight-details/4896b36f1333d25c,5,5:00
"December 16, 2023",Welterweight,http://ufcstats.com/fight-details/1efc813ccd7a5aba,2,4:56
"December 16, 2023",Lightweight,http://ufcstats.com/fight-details/ac8628d945a78b03,3,5:00
"December 16, 2023",Featherweight,http://ufcstats.com/fight-details/3b21a9f48bac4a44,1,1:57
"December 16, 2023",Light Heavyweight,http://ufcstats.com/fight-details/521a0e016878d174,3,5:00
"December 16, 2023",Women's Bantamweight,http://ufcstats.com/fight-details/609d994bfe440ec3,3,5:00
"December 16, 2023",Bantamweight,http://ufcstats.com/fight-details/f8a8871d167fc929,1,3:42
"December 16, 2023",Women's Flyweight,http://ufcstats.com/fight-details/c442899c21d58779,2,1:18
"December 16, 2023",Flyweight,http://ufcstats.com/fight-details/4ec249e549309b16,2,4:25
"December 16, 2023",Featherweight,http://ufcstats.com/fight-details/abb6e2169ba580d2,1,3:32
"December 16, 2023",Heavyweight,http://ufcstats.com/fight-details/fce6522f42b48f18,2,0:56
"December 09, 2023",Bantamweight,http://ufcstats.com/fight-details/f9ec8bedc15ece93,5,5:00
"December 09, 2023",Light Heavyweight,http://ufcstats.com/fight-details/91093a019d32af2e,3,0:56
"December 09, 2023",Lightweight,http://ufcstats.com/fight-details/acc57a9c114b694a,1,1:44
"December 09, 2023",Bantamweight,http://ufcstats.com/fight-details/fbedeb4e4b019b94,1,4:02
"December 09, 2023",Middleweight,http://ufcstats.com/fight-details/1afc4f372a125c74,3,5:00
"December 09, 2023",Welterweight,http://ufcstats.com/fight-details/3adab28c5c6a9254,3,5:00
"December 09, 2023",Flyweight,http://ufcstats.com/fight-details/35addc4646509286,2,3:59
"December 09, 2023",Lightweight,http://ufcstats.com/fight-details/5ac1725f775c6f00,2,1:01
"December 09, 2023",Women's Bantamweight,http://ufcstats.com/fight-details/5a6e894e4b6cc703,3,5:00
"December 09, 2023",Flyweight,http://ufcstats.com/fight-details/84f6de7c99779e5f,2,0:55
"December 09, 2023",Women's Strawweight,http://ufcstats.com/fight-details/acde7c89bd724af8,3,5:00
"December 02, 2023",Lightweight,http://ufcstats.com/fight-details/9feb9500b0fedfcd,1,1:04
"December 02, 2023",Lightweight,http://ufcstats.com/fight-details/03eecf1926d9c77c,1,2:49
"December 02, 2023",Bantamweight,http://ufcstats.com/fight-details/246d06693b5ca1e8,3,5:00
"December 02, 2023",Welterweight,http://ufcstats.com/fight-details/39c4ae4624052f9f,3,1:43
"December 02, 2023",Lightweight,http://ufcstats.com/fight-details/20bfa549cb2cabe7,3,5:00
"December 02, 2023",Middleweight,http://ufcstats.com/fight-details/02713b2d25f74d43,2,4:10
"December 02, 2023",Women's Bantamweight,http://ufcstats.com/fight-details/626c82ed45fdcf59,3,1:15
"December 02, 2023",Middleweight,http://ufcstats.com/fight-details/0320a6a967069571,1,1:49
"December 02, 2023",Lightweight,http://ufcstats.com/fight-details/d0602cdc04d2c159,1,1:41
"December 02, 2023",Light Heavyweight,http://ufcstats.com/fight-details/0dc2fc8d39e226a3,2,4:17
"December 02, 2023",Welterweight,http://ufcstats.com/fight-details/32813f5f46f045e8,2,1:11
"December 02, 2023",Women's Flyweight,http://ufcstats.com/fight-details/d0ac2cc5c57c4e66,3,5:00
"November 18, 2023",Middleweight,http://ufcstats.com/fight-details/7990b6716a53b2cd,3,0:38
"November 18, 2023",Welterweight,http://ufcstats.com/fight-details/73ebbfb998edc1f1,3,5:00
"November 18, 2023",Lightweight,http://ufcstats.com/fight-details/5be63144ac46f97e,1,2:58
"November 18, 2023",Bantamweight,http://ufcstats.com/fight-details/2ae243f518948794,3,0:58
"November 18, 2023",Women's Strawweight,http://ufcstats.com/fight-details/bd4d2522cb0d1a23,3,3:53
"November 18, 2023",Welterweight,http://ufcstats.com/fight-details/b210b99d9c1c9196,2,4:12
"November 18, 2023",Featherweight,http://ufcstats.com/fight-details/62b64802ea49e2fd,2,3:54
"November 18, 2023",Bantamweight,http://ufcstats.com/fight-details/c1aef0f60a5b62e3,3,4:49
"November 18, 2023",Middleweight,http://ufcstats.com/fight-details/16109688429c09de,2,4:24
"November 18, 2023",Heavyweight,http://ufcstats.com/fight-details/36f10b949b935b8c,3,5:00
"November 18, 2023",Featherweight,http://ufcstats.com/fight-details/f0fe73e650b746f2,1,1:31
"November 18, 2023",Women's Bantamweight,http://ufcstats.com/fight-details/6997693d552600dd,3,5:00
"November 18, 2023",Lightweight,http://ufcstats.com/fight-details/6e5a3d6b6ed84ac3,3,3:11
"November 18, 2023",Flyweight,http://ufcstats.com/fight-details/9abf0b60a44a82d1,3,5:00
"November 11, 2023",Light Heavyweight,http://ufcstats.com/fight-details/b1f2ec122beda7a5,2,4:08
"November 11, 2023",Heavyweight,http://ufcstats.com/fight-details/db49619221b282af,1,1:09
"November 11, 2023",Women's Strawweight,http://ufcstats.com/fight-details/6fd67582d8adb1c7,2,3:15
"November 11, 2023",Lightweight,http://ufcstats.com/fight-details/9fe98de1eac21f2e,1,1:31
"November 11, 2023",Featherweight,http://ufcstats.com/fight-details/128ab9aa4802c73f,1,1:30
"November 11, 2023",Flyweight,http://ufcstats.com/fight-details/5704e73f91b9e7f7,3,5:00
"November 11, 2023",Women's Strawweight,http://ufcstats.com/fight-details/a0362d60d2e1db0d,3,5:00
"November 11, 2023",Lightweight,http://ufcstats.com/fight-details/480c4dbd2e792d86,1,3:08
"November 11, 2023",Lightweight,http://ufcstats.com/fight-details/83a0fff04494bfc4,3,5:00
"November 11, 2023",Lightweight,http://ufcstats.com/fight-details/4c025d1fff9e9fce,1,4:42
"November 11, 2023",Catch Weight,http://ufcstats.com/fight-details/57333b7bff20ece0,3,5:00
"November 11, 2023",Flyweight,http://ufcstats.com/fight-details/8a0fc4624578a7e4,3,5:00
"November 11, 2023",Featherweight,http://ufcstats.com/fight-details/1cf69de0eea46877,1,0:49
"November 04, 2023",Heavyweight,http://ufcstats.com/fight-details/ac37849f627a79c4,5,5:00
"November 04, 2023",Welterweight,http://ufcstats.com/fight-details/3a81276a9641c6a1,2,4:33
"November 04, 2023",Heavyweight,http://ufcstats.com/fight-details/119bc264e2bb9877,3,5:00
"November 04, 2023",Middleweight,http://ufcstats.com/fight-details/7d474fbf31894108,3,5:00
"November 04, 2023",Catch Weight,http://ufcstats.com/fight-details/ff8f92cf8fb1b76c,1,4:01
"November 04, 2023",Welterweight,http://ufcstats.com/fight-details/b5ea6535748edbce,3,5:00
"November 04, 2023",Light Heavyweight,http://ufcstats.com/fight-details/6532b71560ae39e0,2,1:03
"November 04, 2023",Women's Strawweight,http://ufcstats.com/fight-details/7df5998eca143c04,3,5:00
"November 04, 2023",Women's Strawweight,http://ufcstats.com/fight-details/9e2bb8d5961b44d4,2,2:14
"November 04, 2023",Lightweight,http://ufcstats.com/fight-details/3c69bed42893da75,3,5:00
"October 21, 2023",Lightweight,http://ufcstats.com/fight-details/0ea435ddf02deb60,1,3:06
"October 21, 2023",Middleweight,http://ufcstats.com/fight-details/f23e9729b2b73c27,3,5:00
"October 21, 2023",Light Heavyweight,http://ufcstats.com/fight-details/821960adf5bfa15c,1,3:13
"October 21, 2023",Middleweight,http://ufcstats.com/fight-details/7024385b5107bd4b,1,2:07
"October 21, 2023",Bantamweight,http://ufcstats.com/fight-details/ed3334d108b257a6,1,1:13
"October 21, 2023",Flyweight,http://ufcstats.com/fight-details/e9256316716499b8,3,3:03
"October 21, 2023",Lightweight,http://ufcstats.com/fight-details/3c6fb6bf9b7afd40,3,5:00
"October 21, 2023",Bantamweight,http://ufcstats.com/fight-details/0d1af8c6a5793185,2,0:15
"October 21, 2023",Middleweight,http://ufcstats.com/fight-details/43de9ff6064361e1,3,5:00
"October 21, 2023",Lightweight,http://ufcstats.com/fight-details/75c5f923f966b53b,3,3:00
"October 21, 2023",Featherweight,http://ufcstats.com/fight-details/b84c447bb74febe2,3,5:00
"October 21, 2023",Women's Strawweight,http://ufcstats.com/fight-details/18e5af00a8478a0e,3,5:00
"October 21, 2023",Middleweight,http://ufcstats.com/fight-details/539732694ab2c8d6,3,5:00
"October 14, 2023",Featherweight,http://ufcstats.com/fight-details/824859c7580eb35b,5,5:00
"October 14, 2023",Women's Flyweight,http://ufcstats.com/fight-details/751cf3d52fce1d1f,3,5:00
"October 14, 2023",Bantamweight,http://ufcstats.com/fight-details/0d6d212fcdf47f2e,2,2:26
"October 14, 2023",Middleweight,http://ufcstats.com/fight-details/6acd1c591170f597,1,1:06
"October 14, 2023",Bantamweight,http://ufcstats.com/fight-details/0197a61472fc351d,3,5:00
"October 14, 2023",Featherweight,http://ufcstats.com/fight-details/3a8af8ee23444b72,3,2:23
"October 14, 2023",Women's Bantamweight,http://ufcstats.com/fight-details/5b7b5b01f4dcbd9c,3,5:00
"October 14, 2023",Lightweight,http://ufcstats.com/fight-details/7f7d2abc21f171ca,1,0:20
"October 14, 2023",Women's Bantamweight,http://ufcstats.com/fight-details/1ba282da76ca82ad,3,5:00
"October 14, 2023",Bantamweight,http://ufcstats.com/fight-details/a74a8c1e0a49070d,3,5:00
"October 14, 2023",Women's Strawweight,http://ufcstats.com/fight-details/85a130a4b655c8f5,3,5:00
"October 07, 2023",Lightweight,http://ufcstats.com/fight-details/1aa4c2fa5ffaff00,1,0:33
"October 07, 2023",Middleweight,http://ufcstats.com/fight-details/e966de63c8e6b1d5,2,2:05
"October 07, 2023",Welterweight,http://ufcstats.com/fight-details/eb76a5b76a68e4c4,3,5:00
"October 07, 2023",Lightweight,http://ufcstats.com/fight-details/68095e551ff6bbfd,1,2:36
"October 07, 2023",Featherweight,http://ufcstats.com/fight-details/b638646fb297228d,3,5:00
"October 07, 2023",Women's Strawweight,http://ufcstats.com/fight-details/b6a6ba08898f3b6a,3,5:00
"October 07, 2023",Flyweight,http://ufcstats.com/fight-details/eb7b0a6f06dbdb4f,1,4:40
"October 07, 2023",Women's Strawweight,http://ufcstats.com/fight-details/5ee83e03aaff5fa1,3,5:00
"October 07, 2023",Bantamweight,http://ufcstats.com/fight-details/df146b0592259e5d,3,5:00
"October 07, 2023",Women's Flyweight,http://ufcstats.com/fight-details/cc4fcfede19bc196,3,5:00
"September 23, 2023",Lightweight,http://ufcstats.com/fight-details/23a604f460289271,2,2:03
"September 23, 2023",Featherweight,http://ufcstats.com/fight-details/da1b37edb8ccd3e6,3,5:00
"September 23, 2023",Women's Strawweight,http://ufcstats.com/fight-details/d8335b728604b222,2,2:42
"September 23, 2023",Welterweight,http://ufcstats.com/fight-details/bf647be41de365e4,2,4:32
"September 23, 2023",Featherweight,http://ufcstats.com/fight-details/6e1bf1b163b3aeab,1,3:12
"September 23, 2023",Bantamweight,http://ufcstats.com/fight-details/b78545b32a97ac44,3,5:00
"September 23, 2023",Welterweight,http://ufcstats.com/fight-details/b3c7a5a97978d156,3,1:15
"September 23, 2023",Middleweight,http://ufcstats.com/fight-details/1496969c1497dc85,1,4:15
"September 23, 2023",Heavyweight,http://ufcstats.com/fight-details/49ede01b061cfae3,3,5:00
"September 23, 2023",Women's Strawweight,http://ufcstats.com/fight-details/adb411b0f418ce33,3,5:00
"September 23, 2023",Women's Bantamweight,http://ufcstats.com/fight-details/0732e6b6eb0a607d,3,5:00
"September 16, 2023",Women's Flyweight,http://ufcstats.com/fight-details/b395c89e19a3fec4,5,5:00
"September 16, 2023",Welterweight,http://ufcstats.com/fight-details/697efaf0d162e877,3,5:00
"September 16, 2023",Bantamweight,http://ufcstats.com/fight-details/c0ca4c201d086ea8,1,0:54
"September 16, 2023",Lightweight,http://ufcstats.com/fight-details/2e1435c160bfe8b2,2,3:26
"September 16, 2023",Featherweight,http://ufcstats.com/fight-details/a5d76e93a5052e3f,3,5:00
"September 16, 2023",Women's Strawweight,http://ufcstats.com/fight-details/79f03eca3fe5cdb3,2,3:38
"September 16, 2023",Middleweight,http://ufcstats.com/fight-details/7a0813ec0fadc84e,2,4:44
"September 16, 2023",Flyweight,http://ufcstats.com/fight-details/5d3e046b6bcd49f5,1,3:47
"September 16, 2023",Women's Flyweight,http://ufcstats.com/fight-details/bcec26b425194e40,3,5:00
"September 16, 2023",Lightweight,http://ufcstats.com/fight-details/58b2fdad7af9be02,1,3:38
"September 16, 2023",Women's Strawweight,http://ufcstats.com/fight-details/11318a7807cee8ca,3,5:00
"September 09, 2023",Middleweight,http://ufcstats.com/fight-details/7f16e7725245bb2d,5,5:00
"September 09, 2023",Heavyweight,http://ufcstats.com/fight-details/e4ed294e16e16d81,2,4:37
"September 09, 2023",Flyweight,http://ufcstats.com/fight-details/222bb2c67a87d312,3,5:00
"September 09, 2023",Heavyweight,http://ufcstats.com/fight-details/f9d2137f380e66bf,1,1:22
"September 09, 2023",Light Heavyweight,http://ufcstats.com/fight-details/3e1c27f17433f9e4,1,2:12
"September 09, 2023",Light Heavyweight,http://ufcstats.com/fight-details/a3d75cc363a6544b,3,4:49
"September 09, 2023",Featherweight,http://ufcstats.com/fight-details/09a7f0979a58e6ea,2,3:19
"September 09, 2023",Lightweight,http://ufcstats.com/fight-details/0aae15358d8606b9,3,5:00
"September 09, 2023",Lightweight,http://ufcstats.com/fight-details/bfff5a3777841344,3,5:00
"September 09, 2023",Welterweight,http://ufcstats.com/fight-details/56809feb4fe7ea61,3,5:00
"September 09, 2023",Featherweight,http://ufcstats.com/fight-details/5d481ff494bf40da,1,0:59
"September 09, 2023",Welterweight,http://ufcstats.com/fight-details/65c89e0c92e51bb8,1,4:49
"September 02, 2023",Heavyweight,http://ufcstats.com/fight-details/ea006bae605e2a6b,2,3:44
"September 02, 2023",Women's Flyweight,http://ufcstats.com/fight-details/4eaf54ad3c82b6fa,3,5:00
"September 02, 2023",Lightweight,http://ufcstats.com/fight-details/dfa8fd0b82b37fa1,2,4:44
"September 02, 2023",Light Heavyweight,http://ufcstats.com/fight-details/5098d052525da54f,1,3:46
"September 02, 2023",Featherweight,http://ufcstats.com/fight-details/1c29c53ff032c5c1,3,2:20
"September 02, 2023",Featherweight,http://ufcstats.com/fight-details/0d41a3fa5efef91b,1,3:51
"September 02, 2023",Bantamweight,http://ufcstats.com/fight-details/1b9a127f9dadaad9,3,5:00
"September 02, 2023",Welterweight,http://ufcstats.com/fight-details/1be27d95bba03f17,3,5:00
"September 02, 2023",Women's Bantamweight,http://ufcstats.com/fight-details/e3a5a7ede88a2555,3,5:00
"September 02, 2023",Bantamweight,http://ufcstats.com/fight-details/ac73c6888ee9322c,1,4:15
"September 02, 2023",Catch Weight,http://ufcstats.com/fight-details/2a48d0a98c21e736,3,5:00
"August 26, 2023",Featherweight,http://ufcstats.com/fight-details/96704d7ba3a452d9,3,0:23
"August 26, 2023",Light Heavyweight,http://ufcstats.com/fight-details/c53b0f678fe2f16a,3,5:00
"August 26, 2023",Featherweight,http://ufcstats.com/fight-details/dd617f6ab4916ec4,3,5:00
"August 26, 2023",Bantamweight,http://ufcstats.com/fight-details/de89bea7b0dcd2d3,3,5:00
"August 26, 2023",Women's Flyweight,http://ufcstats.com/fight-details/5531317352862978,3,5:00
"August 26, 2023",Heavyweight,http://ufcstats.com/fight-details/f7bc845ce74f5fe7,1,1:24
"August 26, 2023",Heavyweight,http://ufcstats.com/fight-details/bfc9989751bd0d04,1,3:01
"August 26, 2023",Bantamweight,http://ufcstats.com/fight-details/48231fbd1af53674,1,4:16
"August 26, 2023",Middleweight,http://ufcstats.com/fight-details/293c5f4c9aca5c54,1,4:16
"August 26, 2023",Welterweight,http://ufcstats.com/fight-details/da6b863cf684e0ae,3,5:00
"August 26, 2023",Welterweight,http://ufcstats.com/fight-details/977250a28d3b8a3f,1,3:49
"August 26, 2023",Women's Flyweight,http://ufcstats.com/fight-details/23865dfc8361ac62,2,4:49
"August 26, 2023",Featherweight,http://ufcstats.com/fight-details/b65b37c0e00074d9,3,5:00
"August 19, 2023",Bantamweight,http://ufcstats.com/fight-details/ee796ecb4ee8680b,2,0:51
"August 19, 2023",Women's Strawweight,http://ufcstats.com/fight-details/845e38dfbfea6e53,5,5:00
"August 19, 2023",Welterweight,http://ufcstats.com/fight-details/78d2c01dc963f204,3,5:00
"August 19, 2023",Bantamweight,http://ufcstats.com/fight-details/fd4d30036a3f3efb,3,5:00
"August 19, 2023",Bantamweight,http://ufcstats.com/fight-details/621e6f0929a3dbfc,3,5:00
"August 19, 2023",Middleweight,http://ufcstats.com/fight-details/1a95cc401f68f4c8,3,5:00
"August 19, 2023",Middleweight,http://ufcstats.com/fight-details/f995ed679ef8bdf4,1,1:43
"August 19, 2023",Lightweight,http://ufcstats.com/fight-details/62d53ad8f8769666,2,2:39
"August 19, 2023",Bantamweight,http://ufcstats.com/fight-details/e9754f597ec50f6f,3,5:00
"August 19, 2023",Middleweight,http://ufcstats.com/fight-details/9f7c28381b6913c8,3,5:00
"August 19, 2023",Women's Flyweight,http://ufcstats.com/fight-details/8c7b5b21b3532027,3,5:00
"August 19, 2023",Women's Flyweight,http://ufcstats.com/fight-details/f329bd89e375d6df,1,4:59
"August 12, 2023",Welterweight,http://ufcstats.com/fight-details/e346f2b7af63e804,5,5:00
"August 12, 2023",Featherweight,http://ufcstats.com/fight-details/1b1fd32485861655,3,5:00
"August 12, 2023",Light Heavyweight,http://ufcstats.com/fight-details/c57a4810c932b296,1,2:40
"August 12, 2023",Women's Strawweight,http://ufcstats.com/fight-details/c2f730cb33df5221,2,3:42
"August 12, 2023",Middleweight,http://ufcstats.com/fight-details/560a971c6ab8b854,3,5:00
"August 12, 2023",Middleweight,http://ufcstats.com/fight-details/9a9479663bedf8b4,3,5:00
"August 12, 2023",Bantamweight,http://ufcstats.com/fight-details/2c160a1d1fdbf0b0,1,2:19
"August 12, 2023",Lightweight,http://ufcstats.com/fight-details/9576d9cba5cf5c4e,1,1:25
"August 12, 2023",Featherweight,http://ufcstats.com/fight-details/9479ba3cdcb1e513,1,4:48
"August 12, 2023",Heavyweight,http://ufcstats.com/fight-details/d5929b7fbc801ce4,1,4:11
"August 12, 2023",Women's Strawweight,http://ufcstats.com/fight-details/ca2aa660bea0cb60,3,3:41
"August 12, 2023",Bantamweight,http://ufcstats.com/fight-details/91a5480f48bfaa71,1,3:47
"August 12, 2023",Women's Flyweight,http://ufcstats.com/fight-details/e3573545220ca4ea,1,3:41
"August 05, 2023",Catch Weight,http://ufcstats.com/fight-details/554163b1c8c05522,5,5:00
"August 05, 2023",Women's Strawweight,http://ufcstats.com/fight-details/ec2358459ffbe7de,2,1:31
"August 05, 2023",Light Heavyweight,http://ufcstats.com/fight-details/2c54be25b09fce50,1,1:22
"August 05, 2023",Featherweight,http://ufcstats.com/fight-details/79bfba62da6242a6,1,1:38
"August 05, 2023",Light Heavyweight,http://ufcstats.com/fight-details/2c0496a5f39ab8a4,3,5:00
"August 05, 2023",Lightweight,http://ufcstats.com/fight-details/531ce3d8011fa1f6,3,5:00
"August 05, 2023",Bantamweight,http://ufcstats.com/fight-details/e5cb9dfc1189d77d,3,5:00
"August 05, 2023",Welterweight,http://ufcstats.com/fight-details/bda7992779a005fa,3,1:50
"August 05, 2023",Featherweight,http://ufcstats.com/fight-details/1b0d5e65fdfc62cf,3,5:00
"August 05, 2023",Flyweight,http://ufcstats.com/fight-details/38901948cff43ff9,3,5:00
"August 05, 2023",Featherweight,http://ufcstats.com/fight-details/436a1ce6b0c6b4bb,3,5:00
"August 05, 2023",Flyweight,http://ufcstats.com/fight-details/6b5c225814a924ed,2,3:11
"July 29, 2023",Lightweight,http://ufcstats.com/fight-details/c27e33ee8ef53866,2,1:00
"July 29, 2023",Light Heavyweight,http://ufcstats.com/fight-details/800a35b3a7e52308,3,5:00
"July 29, 2023",Heavyweight,http://ufcstats.com/fight-details/eff6ec2b2f1fb27b,1,0:33
"July 29, 2023",Lightweight,http://ufcstats.com/fight-details/f1eca70738ca073e,3,4:54
"July 29, 2023",Welterweight,http://ufcstats.com/fight-details/cbf1e76186a0c8b3,1,2:39
"July 29, 2023",Welterweight,http://ufcstats.com/fight-details/4327fe98e1b6f222,1,1:13
"July 29, 2023",Flyweight,http://ufcstats.com/fight-details/e5ac7343b6d45188,3,5:00
"July 29, 2023",Middleweight,http://ufcstats.com/fight-details/5116f9398bfca446,2,0:33
"July 29, 2023",Welterweight,http://ufcstats.com/fight-details/7a8f218c07347c88,2,2:37
"July 29, 2023",Welterweight,http://ufcstats.com/fight-details/3de326b65aa6245d,3,2:36
"July 29, 2023",Women's Flyweight,http://ufcstats.com/fight-details/74fef059e229d217,3,2:11
"July 22, 2023",Heavyweight,http://ufcstats.com/fight-details/90e46589a18064bc,1,1:13
"July 22, 2023",Women's Flyweight,http://ufcstats.com/fight-details/743a04674ab72ee0,1,1:55
"July 22, 2023",Featherweight,http://ufcstats.com/fight-details/9541cf21e031354c,3,5:00
"July 22, 2023",Middleweight,http://ufcstats.com/fight-details/8104fe27bdc46914,2,4:40
"July 22, 2023",Lightweight,http://ufcstats.com/fight-details/c4caa8a4f32a0eed,3,5:00
"July 22, 2023",Featherweight,http://ufcstats.com/fight-details/3c4305abc2e302d0,3,5:00
"July 22, 2023",Bantamweight,http://ufcstats.com/fight-details/b4e2037f180c1e0e,3,5:00
"July 22, 2023",Welterweight,http://ufcstats.com/fight-details/d54ebd2a3435a357,2,4:57
"July 22, 2023",Lightweight,http://ufcstats.com/fight-details/319b96f615a0a154,2,4:26
"July 22, 2023",Heavyweight,http://ufcstats.com/fight-details/89b96bc5f3e824c5,3,5:00
"July 22, 2023",Middleweight,http://ufcstats.com/fight-details/8b341eb556c97c23,3,5:00
"July 22, 2023",Women's Bantamweight,http://ufcstats.com/fight-details/a0bc695b35f155f1,3,5:00
"July 22, 2023",Lightweight,http://ufcstats.com/fight-details/a8a4c9f98ff73839,3,5:00
"July 22, 2023",Women's Strawweight,http://ufcstats.com/fight-details/c81d1facf185467d,3,5:00
"July 22, 2023",Flyweight,http://ufcstats.com/fight-details/d918da575ee1bc35,1,3:26
"July 15, 2023",Women's Bantamweight,http://ufcstats.com/fight-details/73370221b3fa3676,2,0:38
"July 15, 2023",Welterweight,http://ufcstats.com/fight-details/3352c65f3f6d9b2a,3,5:00
"July 15, 2023",Lightweight,http://ufcstats.com/fight-details/b52dccbe69864d2a,1,4:05
"July 15, 2023",Middleweight,http://ufcstats.com/fight-details/6adfe44b110c1510,2,4:45
"July 15, 2023",Women's Featherweight,http://ufcstats.com/fight-details/81b7a6aa147bd912,3,5:00
"July 15, 2023",Lightweight,http://ufcstats.com/fight-details/e4620f3fa451a3a4,2,1:07
"July 15, 2023",Featherweight,http://ufcstats.com/fight-details/8362b372adb2f302,3,5:00
"July 15, 2023",Women's Strawweight,http://ufcstats.com/fight-details/eb30c9c975e15436,1,0:34
"July 15, 2023",Featherweight,http://ufcstats.com/fight-details/b4cc389bb4af3707,3,5:00
"July 15, 2023",Lightweight,http://ufcstats.com/fight-details/3624f4ae9c1d703e,3,5:00
"July 15, 2023",Flyweight,http://ufcstats.com/fight-details/dae80502466c8726,3,5:00
"July 15, 2023",Lightweight,http://ufcstats.com/fight-details/57785c9be5b4526d,3,5:00
"July 15, 2023",Women's Bantamweight,http://ufcstats.com/fight-details/cae7de0873e03947,3,5:00
"July 08, 2023",Featherweight,http://ufcstats.com/fight-details/4b12a4b48755cd6b,3,4:19
"July 08, 2023",Flyweight,http://ufcstats.com/fight-details/0f24f3bc1b39ea45,5,5:00
"July 08, 2023",Middleweight,http://ufcstats.com/fight-details/4ec5d9bd1442e6c1,2,2:23
"July 08, 2023",Lightweight,http://ufcstats.com/fight-details/b6ea8880cc7af439,3,5:00
"July 08, 2023",Middleweight,http://ufcstats.com/fight-details/1ffe6e8df6dbefd2,1,0:38
"July 08, 2023",Welterweight,http://ufcstats.com/fight-details/20d8f6b4b7c8bae7,1,0:38
"July 08, 2023",Catch Weight,http://ufcstats.com/fight-details/d3a9aceeb7e23580,3,5:00
"July 08, 2023",Women's Strawweight,http://ufcstats.com/fight-details/ef270d8cf29d071b,1,0:20
"July 08, 2023",Light Heavyweight,http://ufcstats.com/fight-details/6ef12db5b099ec81,2,1:55
"July 08, 2023",Light Heavyweight,http://ufcstats.com/fight-details/69f67a4a690eb15d,3,3:42
"July 08, 2023",Bantamweight,http://ufcstats.com/fight-details/dbf8a4b0870a47d1,1,3:10
"July 08, 2023",Flyweight,http://ufcstats.com/fight-details/420f7e6530dbc727,1,0:17
"July 08, 2023",Lightweight,http://ufcstats.com/fight-details/5b71958ee063a6e8,3,5:00
"July 01, 2023",Middleweight,http://ufcstats.com/fight-details/f557405652165aa3,2,4:20
"July 01, 2023",Lightweight,http://ufcstats.com/fight-details/4dc5a41f357a7d85,3,5:00
"July 01, 2023",Welterweight,http://ufcstats.com/fight-details/0548a24a9bf8d7a0,3,5:00
"July 01, 2023",Women's Flyweight,http://ufcstats.com/fight-details/ea29714dcfb07ce2,3,5:00
"July 01, 2023",Lightweight,http://ufcstats.com/fight-details/cd137988da724076,1,4:48
"July 01, 2023",Middleweight,http://ufcstats.com/fight-details/288f7fb936c1523c,1,1:17
"July 01, 2023",Welterweight,http://ufcstats.com/fight-details/962e74250884e4c1,1,0:55
"July 01, 2023",Featherweight,http://ufcstats.com/fight-details/f5a6acc99bc5c634,1,2:54
"July 01, 2023",Women's Featherweight,http://ufcstats.com/fight-details/fe370c518cf7873e,3,5:00
"July 01, 2023",Lightweight,http://ufcstats.com/fight-details/454265014520a3f8,3,3:17
"July 01, 2023",Women's Flyweight,http://ufcstats.com/fight-details/dffc65202afb881d,3,5:00
"July 01, 2023",Heavyweight,http://ufcstats.com/fight-details/bd2e14ee959f9b77,3,5:00
"June 24, 2023",Featherweight,http://ufcstats.com/fight-details/c3ef3cb03edde8bb,5,5:00
"June 24, 2023",Women's Flyweight,http://ufcstats.com/fight-details/07cb64236ae7aaea,2,3:42
"June 24, 2023",Heavyweight,http://ufcstats.com/fight-details/2874ea5d2f783e23,1,0:29
"June 24, 2023",Featherweight,http://ufcstats.com/fight-details/582806c33ce6dcf6,2,4:13
"June 24, 2023",Middleweight,http://ufcstats.com/fight-details/9124740fe7816d70,1,4:39
"June 24, 2023",Welterweight,http://ufcstats.com/fight-details/ced01368259428f5,3,5:00
"June 24, 2023",Welterweight,http://ufcstats.com/fight-details/42922bab8a3e1828,3,5:00
"June 24, 2023",Lightweight,http://ufcstats.com/fight-details/8b296724a6844865,2,2:36
"June 24, 2023",Women's Strawweight,http://ufcstats.com/fight-details/c22de92b9d9030dc,3,5:00
"June 24, 2023",Flyweight,http://ufcstats.com/fight-details/c2cdeb207cce5ceb,3,5:00
"June 24, 2023",Lightweight,http://ufcstats.com/fight-details/f18d44292036d5de,3,5:00
"June 24, 2023",Featherweight,http://ufcstats.com/fight-details/fcc1191761e365f9,3,5:00
"June 24, 2023",Middleweight,http://ufcstats.com/fight-details/7b909acede0a26eb,3,5:00
"June 17, 2023",Middleweight,http://ufcstats.com/fight-details/175d9e1ac0725145,5,5:00
"June 17, 2023",Lightweight,http://ufcstats.com/fight-details/6c2199524d762b11,3,3:25
"June 17, 2023",Middleweight,http://ufcstats.com/fight-details/5d9b84493f1ed114,3,5:00
"June 17, 2023",Featherweight,http://ufcstats.com/fight-details/76fd6919d828d5c2,2,1:48
"June 17, 2023",Lightweight,http://ufcstats.com/fight-details/98458778348ea5d7,1,1:50
"June 17, 2023",Welterweight,http://ufcstats.com/fight-details/870672b1b443311e,3,5:00
"June 17, 2023",Flyweight,http://ufcstats.com/fight-details/bc1be168c064f028,2,1:03
"June 17, 2023",Bantamweight,http://ufcstats.com/fight-details/7ba54a10f28c9496,1,2:25
"June 17, 2023",Flyweight,http://ufcstats.com/fight-details/8ea12c7360fa0f6b,3,4:59
"June 17, 2023",Women's Flyweight,http://ufcstats.com/fight-details/9cfb84817a43b63c,3,5:00
"June 17, 2023",Bantamweight,http://ufcstats.com/fight-details/9a2d3ebab827d333,1,2:20
"June 17, 2023",Light Heavyweight,http://ufcstats.com/fight-details/8794031c523bf534,3,5:00
"June 10, 2023",Women's Bantamweight,http://ufcstats.com/fight-details/69bc7ca8ce831731,5,5:00
"June 10, 2023",Lightweight,http://ufcstats.com/fight-details/40e8bf8ce508c436,1,4:10
"June 10, 2023",Welterweight,http://ufcstats.com/fight-details/e9d5ffcacf7d8757,2,1:06
"June 10, 2023",Featherweight,http://ufcstats.com/fight-details/46c67efd68a0b15d,3,5:00
"June 10, 2023",Middleweight,http://ufcstats.com/fight-details/5311298f79414125,3,5:00
"June 10, 2023",Middleweight,http://ufcstats.com/fight-details/96eaf07b34538b8b,2,3:04
"June 10, 2023",Women's Flyweight,http://ufcstats.com/fight-details/47a5d4bb68352055,3,5:00
"June 10, 2023",Bantamweight,http://ufcstats.com/fight-details/e24b65cd8721349a,1,1:04
"June 10, 2023",Featherweight,http://ufcstats.com/fight-details/7ee8b91d7f80f8a7,3,5:00
"June 10, 2023",Flyweight,http://ufcstats.com/fight-details/947ea1122c04ba18,3,5:00
"June 10, 2023",Women's Strawweight,http://ufcstats.com/fight-details/1676c64a94be0557,3,5:00
"June 03, 2023",Flyweight,http://ufcstats.com/fight-details/d7ae0993c7a378ee,5,5:00
"June 03, 2023",Featherweight,http://ufcstats.com/fight-details/7be3e513a31f6570,3,5:00
"June 03, 2023",Lightweight,http://ufcstats.com/fight-details/e2f4cd4a9a579488,1,0:23
"June 03, 2023",Flyweight,http://ufcstats.com/fight-details/913d8a35095591d5,3,5:00
"June 03, 2023",Women's Flyweight,http://ufcstats.com/fight-details/4d0029ad31bdd85a,1,1:45
"June 03, 2023",Welterweight,http://ufcstats.com/fight-details/a122968e96068800,3,5:00
"June 03, 2023",Bantamweight,http://ufcstats.com/fight-details/84f60cb00b8d4187,3,5:00
"June 03, 2023",Heavyweight,http://ufcstats.com/fight-details/5459c3bb88d031f9,2,3:17
"June 03, 2023",Bantamweight,http://ufcstats.com/fight-details/c98f62eb74e69bcb,3,5:00
"June 03, 2023",Lightweight,http://ufcstats.com/fight-details/ad7bd4b3ee923498,2,2:59
"June 03, 2023",Women's Strawweight,http://ufcstats.com/fight-details/dfc62aa72446e4a8,3,5:00
"June 03, 2023",Bantamweight,http://ufcstats.com/fight-details/72bb7605e340a8fe,2,3:54
"June 03, 2023",Light Heavyweight,http://ufcstats.com/fight-details/99808befeece3a8a,3,5:00
"May 20, 2023",Women's Strawweight,http://ufcstats.com/fight-details/cb9654746447b934,5,5:00
"May 20, 2023",Middleweight,http://ufcstats.com/fight-details/3638ee66c7d34fe0,3,1:01
"May 20, 2023",Catch Weight,http://ufcstats.com/fight-details/924f982f0d9d2142,3,5:00
"May 20, 2023",Welterweight,http://ufcstats.com/fight-details/73700c8c5107f719,2,4:15
"May 20, 2023",Lightweight,http://ufcstats.com/fight-details/12683e06369d1a83,2,1:50
"May 20, 2023",Lightweight,http://ufcstats.com/fight-details/49bd9a2f1fbebd1f,2,2:37
"May 20, 2023",Women's Strawweight,http://ufcstats.com/fight-details/33007109c9ca1ede,3,5:00
"May 20, 2023",Welterweight,http://ufcstats.com/fight-details/7d583e4002622848,2,2:55
"May 20, 2023",Heavyweight,http://ufcstats.com/fight-details/fb70b62915fdcec6,3,5:00
"May 20, 2023",Lightweight,http://ufcstats.com/fight-details/eca400aeeb2763d1,3,5:00
"May 20, 2023",Women's Flyweight,http://ufcstats.com/fight-details/744cbe6e49d4f41c,1,2:58
"May 20, 2023",Welterweight,http://ufcstats.com/fight-details/8502f245aabd64ac,3,5:00
"May 13, 2023",Heavyweight,http://ufcstats.com/fight-details/755202fce24b8f83,1,3:43
"May 13, 2023",Light Heavyweight,http://ufcstats.com/fight-details/c501576b8ec35758,3,5:00
"May 13, 2023",Welterweight,http://ufcstats.com/fight-details/b0f4c7788782e26e,1,2:57
"May 13, 2023",Light Heavyweight,http://ufcstats.com/fight-details/dae2484418631ff5,1,2:09
"May 13, 2023",Welterweight,http://ufcstats.com/fight-details/838a022ca5d99cc1,2,2:09
"May 13, 2023",Welterweight,http://ufcstats.com/fight-details/f2ced83baf0457fc,1,4:09
"May 13, 2023",Heavyweight,http://ufcstats.com/fight-details/3387f430abb7e39f,3,5:00
"May 13, 2023",Catch Weight,http://ufcstats.com/fight-details/14e689e60419d469,3,5:00
"May 13, 2023",Women's Flyweight,http://ufcstats.com/fight-details/6ca856d1950d8f7f,3,1:55
"May 13, 2023",Welterweight,http://ufcstats.com/fight-details/81fda78adcaedbc7,1,0:14
"May 13, 2023",Women's Bantamweight,http://ufcstats.com/fight-details/acfcf75f0215b7ab,3,4:20
"May 06, 2023",Bantamweight,http://ufcstats.com/fight-details/e3aad51099a23ba4,5,5:00
"May 06, 2023",Welterweight,http://ufcstats.com/fight-details/ed707998b13d0101,5,5:00
"May 06, 2023",Women's Strawweight,http://ufcstats.com/fight-details/11a5a852313d1f5b,1,2:20
"May 06, 2023",Featherweight,http://ufcstats.com/fight-details/069ab7e7b8b5d262,3,5:00
"May 06, 2023",Featherweight,http://ufcstats.com/fight-details/0c6e3c1f03cd4061,3,5:00
"May 06, 2023",Lightweight,http://ufcstats.com/fight-details/3f8b4aeb3baf4724,1,4:08
"May 06, 2023",Light Heavyweight,http://ufcstats.com/fight-details/c3ca708aaf4262a7,2,2:28
"May 06, 2023",Welterweight,http://ufcstats.com/fight-details/4c9bbd9758be1168,3,5:00
"May 06, 2023",Women's Strawweight,http://ufcstats.com/fight-details/5f44d6d9e6bbecff,3,5:00
"May 06, 2023",Heavyweight,http://ufcstats.com/fight-details/2372578d3f554c65,1,2:10
"May 06, 2023",Middleweight,http://ufcstats.com/fight-details/d22de60b7a3d908c,1,2:10
"May 06, 2023",Middleweight,http://ufcstats.com/fight-details/93fb6c7e590487f9,2,3:21
"April 29, 2023",Bantamweight,http://ufcstats.com/fight-details/2b1ac5d8f98639bf,5,1:10
"April 29, 2023",Middleweight,http://ufcstats.com/fight-details/ecec1b0dd64ca2ae,2,2:49
"April 29, 2023",Middleweight,http://ufcstats.com/fight-details/37ae5c09d6f03f33,2,1:28
"April 29, 2023",Featherweight,http://ufcstats.com/fight-details/e0e2c1fc1a178d89,1,1:41
"April 29, 2023",Heavyweight,http://ufcstats.com/fight-details/8dbfbd8f8bd0f00b,3,5:00
"April 29, 2023",Welterweight,http://ufcstats.com/fight-details/c02d44564cb006a9,3,5:00
"April 29, 2023",Heavyweight,http://ufcstats.com/fight-details/5d11b618f24082dd,3,5:00
"April 29, 2023",Flyweight,http://ufcstats.com/fight-details/ca63933f8c898fa2,3,5:00
"April 29, 2023",Women's Bantamweight,http://ufcstats.com/fight-details/f9345fa82bf43847,1,2:11
"April 29, 2023",Catch Weight,http://ufcstats.com/fight-details/88a63555728c2025,2,2:03
"April 29, 2023",Women's Bantamweight,http://ufcstats.com/fight-details/e434035be5453be0,3,5:00
"April 22, 2023",Heavyweight,http://ufcstats.com/fight-details/856468ba24a37fcc,1,3:08
"April 22, 2023",Middleweight,http://ufcstats.com/fight-details/d00d5ef4ae0ac01b,1,3:35
"April 22, 2023",Lightweight,http://ufcstats.com/fight-details/640d52630f4f8a61,1,4:35
"April 22, 2023",Women's Flyweight,http://ufcstats.com/fight-details/20c0f50c11509301,3,5:00
"April 22, 2023",Welterweight,http://ufcstats.com/fight-details/06d9fb9c995f1e4f,3,5:00
"April 22, 2023",Lightweight,http://ufcstats.com/fight-details/16628e25a043043a,1,1:35
"April 22, 2023",Bantamweight,http://ufcstats.com/fight-details/034cbbec91f67852,1,3:42
"April 22, 2023",Women's Featherweight,http://ufcstats.com/fight-details/01aa5949ac6851f3,3,5:00
"April 22, 2023",Heavyweight,http://ufcstats.com/fight-details/8beab5f941dae8e0,3,5:00
"April 22, 2023",Featherweight,http://ufcstats.com/fight-details/a941c4e25ddddfff,3,5:00
"April 22, 2023",Bantamweight,http://ufcstats.com/fight-details/277233ca9ea25674,3,4:21
"April 15, 2023",Featherweight,http://ufcstats.com/fight-details/6049301b4deea035,5,5:00
"April 15, 2023",Featherweight,http://ufcstats.com/fight-details/83c81018bb3aeebf,1,2:37
"April 15, 2023",Light Heavyweight,http://ufcstats.com/fight-details/792f139c2b9fd294,3,5:00
"April 15, 2023",Light Heavyweight,http://ufcstats.com/fight-details/995e79b951da945b,1,2:05
"April 15, 2023",Bantamweight,http://ufcstats.com/fight-details/d856812dc733690a,3,5:00
"April 15, 2023",Lightweight,http://ufcstats.com/fight-details/bdbddbc00d07dc4b,3,5:00
"April 15, 2023",Featherweight,http://ufcstats.com/fight-details/b01e6e97d66681c5,2,1:40
"April 15, 2023",Flyweight,http://ufcstats.com/fight-details/bbde45b2c766bb67,1,2:09
"April 15, 2023",Light Heavyweight,http://ufcstats.com/fight-details/50e675146cda6e7c,3,4:13
"April 15, 2023",Women's Strawweight,http://ufcstats.com/fight-details/68c1b833ed8849a3,2,4:21
"April 15, 2023",Lightweight,http://ufcstats.com/fight-details/cef255a992ba7af3,3,5:00
"April 15, 2023",Women's Strawweight,http://ufcstats.com/fight-details/5de3a1bbcf705b58,2,2:42
"April 15, 2023",Bantamweight,http://ufcstats.com/fight-details/119559fd8124fee3,3,5:00
"April 15, 2023",Women's Bantamweight,http://ufcstats.com/fight-details/8b2b2562884821a7,3,5:00
"April 08, 2023",Middleweight,http://ufcstats.com/fight-details/fe143cb868adfded,2,4:21
"April 08, 2023",Welterweight,http://ufcstats.com/fight-details/71ea7d7985dad804,3,5:00
"April 08, 2023",Bantamweight,http://ufcstats.com/fight-details/678d27af287476f8,1,2:57
"April 08, 2023",Welterweight,http://ufcstats.com/fight-details/3165b03ddc6d3b6e,3,3:16
"April 08, 2023",Bantamweight,http://ufcstats.com/fight-details/2cb34fc074f7a9ae,3,5:00
"April 08, 2023",Middleweight,http://ufcstats.com/fight-details/bbc76ff9e1b1b142,3,5:00
"April 08, 2023",Women's Strawweight,http://ufcstats.com/fight-details/95349402616097cd,3,5:00
"April 08, 2023",Middleweight,http://ufcstats.com/fight-details/28e3d939eb043664,1,3:15
"April 08, 2023",Women's Strawweight,http://ufcstats.com/fight-details/780147f2ed2637d1,3,5:00
"April 08, 2023",Catch Weight,http://ufcstats.com/fight-details/d7022b6058dbb26b,3,5:00
"April 08, 2023",Featherweight,http://ufcstats.com/fight-details/0810cdbeb9dd4d02,2,0:36
"April 08, 2023",Women's Strawweight,http://ufcstats.com/fight-details/355a2f4090c0ca31,3,5:00
"March 25, 2023",Bantamweight,http://ufcstats.com/fight-details/33fa6793a7f984ac,5,5:00
"March 25, 2023",Women's Bantamweight,http://ufcstats.com/fight-details/1c2d0db1c9eed052,3,5:00
"March 25, 2023",Featherweight,http://ufcstats.com/fight-details/bce8ece2ff26b4d4,2,4:11
"March 25, 2023",Women's Flyweight,http://ufcstats.com/fight-details/9433730f95d52fc8,3,5:00
"March 25, 2023",Middleweight,http://ufcstats.com/fight-details/2f382615155e32b9,3,5:00
"March 25, 2023",Featherweight,http://ufcstats.com/fight-details/c6cc6ae23cbf8a27,2,2:50
"March 25, 2023",Featherweight,http://ufcstats.com/fight-details/b9e037a45f8850fb,3,5:00
"March 25, 2023",Welterweight,http://ufcstats.com/fight-details/07e39fd5f4f23270,3,5:00
"March 25, 2023",Flyweight,http://ufcstats.com/fight-details/16bd47ba50891833,2,4:04
"March 25, 2023",Flyweight,http://ufcstats.com/fight-details/6f6fec9c78244174,3,5:00
"March 18, 2023",Welterweight,http://ufcstats.com/fight-details/c483ac06b1e33c3b,5,5:00
"March 18, 2023",Lightweight,http://ufcstats.com/fight-details/90a83875e1d11238,3,5:00
"March 18, 2023",Welterweight,http://ufcstats.com/fight-details/019b4d006800504b,1,4:51
"March 18, 2023",Women's Flyweight,http://ufcstats.com/fight-details/dd9cbf6d6284de26,3,5:00
"March 18, 2023",Middleweight,http://ufcstats.com/fight-details/5e9c027fb24efc2b,3,5:00
"March 18, 2023",Featherweight,http://ufcstats.com/fight-details/13f5be7a2ea5577e,2,4:27
"March 18, 2023",Lightweight,http://ufcstats.com/fight-details/cdaf65287d9a0ecb,3,5:00
"March 18, 2023",Lightweight,http://ufcstats.com/fight-details/9f8cf5ac0807d64e,1,1:15
"March 18, 2023",Flyweight,http://ufcstats.com/fight-details/f40ac11da3bd7f8e,3,4:32
"March 18, 2023",Featherweight,http://ufcstats.com/fight-details/533984c3ff4b4858,3,5:00
"March 18, 2023",Middleweight,http://ufcstats.com/fight-details/38094db8e3539cba,1,1:52
"March 18, 2023",Flyweight,http://ufcstats.com/fight-details/6068385c48de6801,1,1:01
"March 18, 2023",Women's Flyweight,http://ufcstats.com/fight-details/8a3e7085e8e5a6e9,3,5:00
"March 18, 2023",Lightweight,http://ufcstats.com/fight-details/938c2c71b84e56ff,3,5:00
"March 18, 2023",Women's Flyweight,http://ufcstats.com/fight-details/53d6d5ad08ac0694,3,5:00
"March 11, 2023",Bantamweight,http://ufcstats.com/fight-details/0ccd2593c88209e4,5,5:00
"March 11, 2023",Heavyweight,http://ufcstats.com/fight-details/3b561a154aa2bbb2,1,2:16
"March 11, 2023",Catch Weight,http://ufcstats.com/fight-details/d6945828f5fa7492,1,3:38
"March 11, 2023",Bantamweight,http://ufcstats.com/fight-details/b9539d5e379b3edc,3,5:00
"March 11, 2023",Bantamweight,http://ufcstats.com/fight-details/2c58a97f2fe6c985,1,3:18
"March 11, 2023",Light Heavyweight,http://ufcstats.com/fight-details/8d5b88e0ff253617,3,5:00
"March 11, 2023",Heavyweight,http://ufcstats.com/fight-details/e9c6bac0d1a5ec0f,3,5:00
"March 11, 2023",Bantamweight,http://ufcstats.com/fight-details/804c350ce714770f,3,4:43
"March 11, 2023",Middleweight,http://ufcstats.com/fight-details/3cf3771274a4f8b1,2,3:00
"March 11, 2023",Bantamweight,http://ufcstats.com/fight-details/c4e4954beb59eca6,3,5:00
"March 11, 2023",Women's Flyweight,http://ufcstats.com/fight-details/8e5ce3308c0e2046,3,5:00
"March 11, 2023",Flyweight,http://ufcstats.com/fight-details/c3af2b6ab1262fef,2,1:23
"March 11, 2023",Welterweight,http://ufcstats.com/fight-details/ccb5e29cd0347110,3,5:00
"March 04, 2023",Heavyweight,http://ufcstats.com/fight-details/636fd144716a3084,1,2:04
"March 04, 2023",Women's Flyweight,http://ufcstats.com/fight-details/a69afe4a88c0ca12,4,4:34
"March 04, 2023",Welterweight,http://ufcstats.com/fight-details/22fc6b3f4e48cfa3,3,4:17
"March 04, 2023",Lightweight,http://ufcstats.com/fight-details/d6d034e98ce85246,3,5:00
"March 04, 2023",Middleweight,http://ufcstats.com/fight-details/2b9daf452ab40b9b,1,2:54
"March 04, 2023",Bantamweight,http://ufcstats.com/fight-details/ec490d4224d3bc78,3,5:00
"March 04, 2023",Middleweight,http://ufcstats.com/fight-details/c2fc4c1e0c769655,2,4:59
"March 04, 2023",Women's Flyweight,http://ufcstats.com/fight-details/009feda296ae589c,3,5:00
"March 04, 2023",Middleweight,http://ufcstats.com/fight-details/c29e2c49e1e417c8,2,4:12
"March 04, 2023",Welterweight,http://ufcstats.com/fight-details/ed9f8f702585ed44,3,4:22
"March 04, 2023",Bantamweight,http://ufcstats.com/fight-details/0eb16f1307f66a11,3,5:00
"March 04, 2023",Women's Strawweight,http://ufcstats.com/fight-details/c3b9b97467f828d1,2,2:14
"March 04, 2023",Bantamweight,http://ufcstats.com/fight-details/cd20dac4daa4f93a,3,5:00
"March 04, 2023",Lightweight,http://ufcstats.com/fight-details/ee2354d638c078fd,3,5:00
"February 25, 2023",Middleweight,http://ufcstats.com/fight-details/2ba11e0bf32829d6,3,4:25
"February 25, 2023",Heavyweight,http://ufcstats.com/fight-details/d6357dab7ccdf2db,3,5:00
"February 25, 2023",Women's Flyweight,http://ufcstats.com/fight-details/5737084215c45792,2,2:51
"February 25, 2023",Welterweight,http://ufcstats.com/fight-details/00a94d5fc7ce55cf,1,4:15
"February 25, 2023",Lightweight,http://ufcstats.com/fight-details/83fa3a382acc7bdc,1,4:59
"February 25, 2023",Women's Flyweight,http://ufcstats.com/fight-details/faac24c1b3d6368a,3,5:00
"February 25, 2023",Lightweight,http://ufcstats.com/fight-details/a7f66f13f953352f,1,2:27
"February 25, 2023",Catch Weight,http://ufcstats.com/fight-details/63670e1b8f164d4a,3,5:00
"February 25, 2023",Lightweight,http://ufcstats.com/fight-details/12d9b4a3931be5ec,2,4:55
"February 25, 2023",Lightweight,http://ufcstats.com/fight-details/02615499125b4b5d,3,5:00
"February 18, 2023",Women's Flyweight,http://ufcstats.com/fight-details/dcc3da324eb5f26c,2,1:37
"February 18, 2023",Light Heavyweight,http://ufcstats.com/fight-details/3f837b469ba33c7c,3,5:00
"February 18, 2023",Heavyweight,http://ufcstats.com/fight-details/3e90b7fd1e9f86bd,3,5:00
"February 18, 2023",Light Heavyweight,http://ufcstats.com/fight-details/dc6f69f923744948,3,5:00
"February 18, 2023",Lightweight,http://ufcstats.com/fight-details/682ff095649c9a5c,3,5:00
"February 18, 2023",Lightweight,http://ufcstats.com/fight-details/d45d9c7d60f332da,3,0:38
"February 18, 2023",Women's Bantamweight,http://ufcstats.com/fight-details/c3a4187fc821bfff,2,4:45
"February 18, 2023",Featherweight,http://ufcstats.com/fight-details/43ec12079ccc371c,3,5:00
"February 18, 2023",Light Heavyweight,http://ufcstats.com/fight-details/3d46d635f9ae5e68,1,0:49
"February 18, 2023",Welterweight,http://ufcstats.com/fight-details/435ba9b407b844ef,2,1:37
"February 18, 2023",Flyweight,http://ufcstats.com/fight-details/40781a64c4cea877,1,3:13
"February 11, 2023",Lightweight,http://ufcstats.com/fight-details/256894b49303537b,5,5:00
"February 11, 2023",Featherweight,http://ufcstats.com/fight-details/2208b9f471a201d9,2,4:19
"February 11, 2023",Welterweight,http://ufcstats.com/fight-details/4f672dd40867d8c6,1,2:13
"February 11, 2023",Heavyweight,http://ufcstats.com/fight-details/da22d5a717ae9e35,1,1:06
"February 11, 2023",Light Heavyweight,http://ufcstats.com/fight-details/ec03739c836fadc8,3,5:00
"February 11, 2023",Light Heavyweight,http://ufcstats.com/fight-details/ca2672e68fedf4b7,3,5:00
"February 11, 2023",Featherweight,http://ufcstats.com/fight-details/8b7bc2af1e15b668,2,2:02
"February 11, 2023",Flyweight,http://ufcstats.com/fight-details/16dbe70eb7007f17,1,0:59
"February 11, 2023",Lightweight,http://ufcstats.com/fight-details/a37a6b6f9551a6e8,3,5:00
"February 11, 2023",Featherweight,http://ufcstats.com/fight-details/28af78600d6580f1,3,5:00
"February 11, 2023",Women's Strawweight,http://ufcstats.com/fight-details/51a12878b151d67b,2,0:44
"February 11, 2023",Featherweight,http://ufcstats.com/fight-details/5c962ea13cb9b937,3,5:00
"February 11, 2023",Lightweight,http://ufcstats.com/fight-details/0ac5fc42ba039211,3,5:00
"February 04, 2023",Heavyweight,http://ufcstats.com/fight-details/caeeb398f73d213a,1,3:05
"February 04, 2023",Light Heavyweight,http://ufcstats.com/fight-details/7a1abc0230af730c,3,5:00
"February 04, 2023",Heavyweight,http://ufcstats.com/fight-details/8741e6a3a5a22a7f,3,5:00
"February 04, 2023",Featherweight,http://ufcstats.com/fight-details/01e8868086004dd8,3,5:00
"February 04, 2023",Welterweight,http://ufcstats.com/fight-details/c63d8062c89c4c33,1,4:36
"February 04, 2023",Lightweight,http://ufcstats.com/fight-details/b1b20c686dfe3204,2,3:44
"February 04, 2023",Featherweight,http://ufcstats.com/fight-details/765482eb58e8db48,3,5:00
"February 04, 2023",Bantamweight,http://ufcstats.com/fight-details/a8067e65eb737a09,1,0:33
"February 04, 2023",Flyweight,http://ufcstats.com/fight-details/98094a500529d442,3,3:11
"February 04, 2023",Middleweight,http://ufcstats.com/fight-details/983fab4080743ed0,1,4:05
"February 04, 2023",Flyweight,http://ufcstats.com/fight-details/a26ca06cce403ce2,1,4:20
"January 21, 2023",Light Heavyweight,http://ufcstats.com/fight-details/dde7d29cc443e263,5,5:00
"January 21, 2023",Flyweight,http://ufcstats.com/fight-details/0462bcc27498f7c4,3,5:00
"January 21, 2023",Welterweight,http://ufcstats.com/fight-details/1c51f405e5c46572,1,4:15
"January 21, 2023",Women's Flyweight,http://ufcstats.com/fight-details/0221982930283140,3,5:00
"January 21, 2023",Light Heavyweight,http://ufcstats.com/fight-details/2d1ac675e6c1e6ea,1,2:16
"January 21, 2023",Light Heavyweight,http://ufcstats.com/fight-details/a3ef3d05ddd80a94,1,4:05
"January 21, 2023",Middleweight,http://ufcstats.com/fight-details/5ad8aa57c8d69680,1,4:13
"January 21, 2023",Lightweight,http://ufcstats.com/fight-details/8cdcdfb76d1670dd,2,4:05
"January 21, 2023",Welterweight,http://ufcstats.com/fight-details/7ed9e8f3258446c7,1,0:49
"January 21, 2023",Heavyweight,http://ufcstats.com/fight-details/fffdc57255274be1,2,2:56
"January 21, 2023",Bantamweight,http://ufcstats.com/fight-details/354dc211166a3982,3,5:00
"January 21, 2023",Lightweight,http://ufcstats.com/fight-details/911b73db91738da6,2,2:17
"January 21, 2023",Welterweight,http://ufcstats.com/fight-details/f09c3d8a26806761,3,5:00
"January 21, 2023",Women's Featherweight,http://ufcstats.com/fight-details/fcf385ae75191b57,3,5:00
"January 21, 2023",Bantamweight,http://ufcstats.com/fight-details/1d35e4c0941d1397,2,2:18
"January 14, 2023",Light Heavyweight,http://ufcstats.com/fight-details/868c83e734dbbceb,5,5:00
"January 14, 2023",Featherweight,http://ufcstats.com/fight-details/c88a7dbe7717d2da,2,4:13
"January 14, 2023",Middleweight,http://ufcstats.com/fight-details/d4420be78065de03,2,3:19
"January 14, 2023",Women's Bantamweight,http://ufcstats.com/fight-details/622cc4ef46913020,3,5:00
"January 14, 2023",Bantamweight,http://ufcstats.com/fight-details/a4c7d59d340794c0,1,4:40
"January 14, 2023",Bantamweight,http://ufcstats.com/fight-details/5a2fa552e70958d4,3,5:00
"January 14, 2023",Middleweight,http://ufcstats.com/fight-details/5305049e4215d263,2,0:28
"January 14, 2023",Lightweight,http://ufcstats.com/fight-details/76b6058cddda9238,3,5:00
"January 14, 2023",Flyweight,http://ufcstats.com/fight-details/c9144a294c73b06f,1,3:16
"January 14, 2023",Featherweight,http://ufcstats.com/fight-details/9f09e77e46f15766,3,5:00
"January 14, 2023",Flyweight,http://ufcstats.com/fight-details/b6723b9c6ff4d594,1,4:33
"December 17, 2022",Middleweight,http://ufcstats.com/fight-details/4ea48bf2407b405d,5,5:00
"December 17, 2022",Lightweight,http://ufcstats.com/fight-details/ce7744d45a698aa6,3,5:00
"December 17, 2022",Flyweight,http://ufcstats.com/fight-details/d95eeba3de7ecac5,3,2:13
"December 17, 2022",Featherweight,http://ufcstats.com/fight-details/9c1a2ac64c98d2f6,1,3:04
"December 17, 2022",Lightweight,http://ufcstats.com/fight-details/c335f44e4f3515ea,2,2:45
"December 17, 2022",Middleweight,http://ufcstats.com/fight-details/e0444752d18fda7f,1,3:16
"December 17, 2022",Women's Strawweight,http://ufcstats.com/fight-details/c960184a583f1861,3,5:00
"December 17, 2022",Welterweight,http://ufcstats.com/fight-details/5f4e944ff1bdcd9c,3,5:00
"December 17, 2022",Bantamweight,http://ufcstats.com/fight-details/ed6203e849a2bf28,2,3:50
"December 17, 2022",Lightweight,http://ufcstats.com/fight-details/efc64d8aae5628c9,3,5:00
"December 17, 2022",Welterweight,http://ufcstats.com/fight-details/8f00da6ea8186ce2,3,5:00
"December 17, 2022",Flyweight,http://ufcstats.com/fight-details/f87a7812733f7e8f,3,5:00
"December 17, 2022",Bantamweight,http://ufcstats.com/fight-details/ccb7e2851319345d,3,5:00
"December 10, 2022",Light Heavyweight,http://ufcstats.com/fight-details/3c3a9c1ec0604fc2,5,5:00
"December 10, 2022",Lightweight,http://ufcstats.com/fight-details/144cd3f62591a5fb,3,5:00
"December 10, 2022",Catch Weight,http://ufcstats.com/fight-details/11f65de5348e4bc4,3,2:29
"December 10, 2022",Middleweight,http://ufcstats.com/fight-details/ecab8b8b36727b8d,3,2:43
"December 10, 2022",Featherweight,http://ufcstats.com/fight-details/4a17876e99f6baf3,2,3:10
"December 10, 2022",Bantamweight,http://ufcstats.com/fight-details/fd7421f421e802bd,1,2:44
"December 10, 2022",Heavyweight,http://ufcstats.com/fight-details/1779cc4ae925df01,1,0:23
"December 10, 2022",Middleweight,http://ufcstats.com/fight-details/4e9d76ed54f1f352,2,4:41
"December 10, 2022",Middleweight,http://ufcstats.com/fight-details/a346180c8b109469,2,2:49
"December 10, 2022",Featherweight,http://ufcstats.com/fight-details/a1a5d06b0e7ada62,2,4:30
"December 10, 2022",Featherweight,http://ufcstats.com/fight-details/2d9d966e0e8df232,3,3:41
"December 10, 2022",Bantamweight,http://ufcstats.com/fight-details/5bc31abb5842942a,3,4:13
"December 03, 2022",Welterweight,http://ufcstats.com/fight-details/a419e6df765aa755,4,5:00
"December 03, 2022",Welterweight,http://ufcstats.com/fight-details/f17813d03fcd8e7a,2,3:20
"December 03, 2022",Flyweight,http://ufcstats.com/fight-details/5a8f7afc5ea69537,2,1:44
"December 03, 2022",Heavyweight,http://ufcstats.com/fight-details/972e17c1b98fca06,1,0:54
"December 03, 2022",Middleweight,http://ufcstats.com/fight-details/a71764d5da04e3bc,2,4:06
"December 03, 2022",Middleweight,http://ufcstats.com/fight-details/ca0f0a35a1fcb453,2,2:45
"December 03, 2022",Welterweight,http://ufcstats.com/fight-details/7fbf09533c59e43f,3,3:26
"December 03, 2022",Women's Strawweight,http://ufcstats.com/fight-details/0c9faf26efe2cdcc,3,5:00
"December 03, 2022",Lightweight,http://ufcstats.com/fight-details/7bd6969c4ed979f9,3,5:00
"December 03, 2022",Lightweight,http://ufcstats.com/fight-details/92c1d9a6d313cb0c,3,5:00
"December 03, 2022",Featherweight,http://ufcstats.com/fight-details/be977e524ef56aa4,3,5:00
"December 03, 2022",Lightweight,http://ufcstats.com/fight-details/30abc50a2e71c576,3,5:00
"December 03, 2022",Featherweight,http://ufcstats.com/fight-details/1114cd1515cf3b8f,2,1:14
"December 03, 2022",Women's Strawweight,http://ufcstats.com/fight-details/2cec230248d7eb97,2,4:06
"November 19, 2022",Light Heavyweight,http://ufcstats.com/fight-details/c33257dd0605c7de,2,1:02
"November 19, 2022",Heavyweight,http://ufcstats.com/fight-details/110f539523a4b571,3,5:00
"November 19, 2022",Welterweight,http://ufcstats.com/fight-details/c317f85a8266313e,3,1:03
"November 19, 2022",Welterweight,http://ufcstats.com/fight-details/d0c01840c72429c6,1,3:24
"November 19, 2022",Flyweight,http://ufcstats.com/fight-details/b4cfb34e8224fd77,3,5:00
"November 19, 2022",Women's Flyweight,http://ufcstats.com/fight-details/144443d4dbf43990,3,5:00
"November 19, 2022",Bantamweight,http://ufcstats.com/fight-details/594435375d641f63,3,5:00
"November 19, 2022",Bantamweight,http://ufcstats.com/fight-details/0f2983fe7753403f,3,5:00
"November 19, 2022",Women's Strawweight,http://ufcstats.com/fight-details/bd064deb3494b41a,3,5:00
"November 19, 2022",Bantamweight,http://ufcstats.com/fight-details/a3696c847ef6c7f9,3,5:00
"November 19, 2022",Women's Flyweight,http://ufcstats.com/fight-details/33719a2d9c69ed17,3,1:27
"November 12, 2022",Middleweight,http://ufcstats.com/fight-details/04f32bb0c0d3a8cc,5,2:01
"November 12, 2022",Women's Strawweight,http://ufcstats.com/fight-details/85b5d59f8eea976a,2,1:05
"November 12, 2022",Lightweight,http://ufcstats.com/fight-details/4bf3010fdeea9d93,3,2:00
"November 12, 2022",Bantamweight,http://ufcstats.com/fight-details/09afa6ce4747a1a2,1,2:01
"November 12, 2022",Lightweight,http://ufcstats.com/fight-details/77c78d0a71b10692,2,4:06
"November 12, 2022",Lightweight,http://ufcstats.com/fight-details/1f922cfe6178e830,1,3:20
"November 12, 2022",Light Heavyweight,http://ufcstats.com/fight-details/6f22afbc5f8e0bd3,1,1:20
"November 12, 2022",Women's Flyweight,http://ufcstats.com/fight-details/93da91272d4a7ce3,1,3:37
"November 12, 2022",Middleweight,http://ufcstats.com/fight-details/65ce9335b93d9c57,3,5:00
"November 12, 2022",Lightweight,http://ufcstats.com/fight-details/40707ddc9fdea500,1,2:30
"November 12, 2022",Women's Strawweight,http://ufcstats.com/fight-details/ff2e4b411f695017,3,5:00
"November 12, 2022",Featherweight,http://ufcstats.com/fight-details/7f93b2f38497caec,1,4:51
"November 12, 2022",Bantamweight,http://ufcstats.com/fight-details/bee95769a221af9a,3,5:00
"November 12, 2022",Light Heavyweight,http://ufcstats.com/fight-details/db026ff6eee4d174,1,3:44
"November 05, 2022",Women's Strawweight,http://ufcstats.com/fight-details/abfc03893551ae73,3,0:54
"November 05, 2022",Welterweight,http://ufcstats.com/fight-details/b279559f15ecf29b,3,3:33
"November 05, 2022",Featherweight,http://ufcstats.com/fight-details/2664805fde34fb1b,1,1:07
"November 05, 2022",Flyweight,http://ufcstats.com/fight-details/3adecfc4727a8d73,1,2:11
"November 05, 2022",Lightweight,http://ufcstats.com/fight-details/1535fb6549fa8bab,3,2:05
"November 05, 2022",Women's Flyweight,http://ufcstats.com/fight-details/71afa8354da2491e,3,5:00
"November 05, 2022",Bantamweight,http://ufcstats.com/fight-details/2ab395e21080b10a,1,4:54
"November 05, 2022",Women's Strawweight,http://ufcstats.com/fight-details/5475f5b6bad40989,1,0:47
"November 05, 2022",Bantamweight,http://ufcstats.com/fight-details/31cb98ce37fd87dd,3,5:00
"November 05, 2022",Flyweight,http://ufcstats.com/fight-details/cfca30d3ef3c86b9,2,2:39
"November 05, 2022",Women's Bantamweight,http://ufcstats.com/fight-details/b87ac039e3b13940,1,3:06
"October 29, 2022",Featherweight,http://ufcstats.com/fight-details/a554a72bb0377213,2,0:08
"October 29, 2022",Welterweight,http://ufcstats.com/fight-details/bf59d9f8bd9536f3,3,5:00
"October 29, 2022",Heavyweight,http://ufcstats.com/fight-details/5b6bdaf89e493674,3,5:00
"October 29, 2022",Middleweight,http://ufcstats.com/fight-details/6a7db3750822d7be,2,0:49
"October 29, 2022",Light Heavyweight,http://ufcstats.com/fight-details/98b7dd0ddc52cffb,3,5:00
"October 29, 2022",Middleweight,http://ufcstats.com/fight-details/f32d918ee06cb83b,1,4:09
"October 29, 2022",Heavyweight,http://ufcstats.com/fight-details/5dcba156bd13e0c3,1,1:50
"October 29, 2022",Middleweight,http://ufcstats.com/fight-details/d6d141afdd31c3f1,2,3:04
"October 29, 2022",Featherweight,http://ufcstats.com/fight-details/86dff1593d8b9a1f,1,1:32
"October 29, 2022",Flyweight,http://ufcstats.com/fight-details/44abbf6b947be6de,3,5:00
"October 29, 2022",Bantamweight,http://ufcstats.com/fight-details/fdb9d29cf0edc16a,1,4:07
"October 22, 2022",Lightweight,http://ufcstats.com/fight-details/523815acf1bb2420,2,3:16
"October 22, 2022",Bantamweight,http://ufcstats.com/fight-details/1f0d4572e0facbea,2,3:44
"October 22, 2022",Bantamweight,http://ufcstats.com/fight-details/5c3c4bcc6c746ca0,3,5:00
"October 22, 2022",Lightweight,http://ufcstats.com/fight-details/69f39e5d959311b1,3,5:00
"October 22, 2022",Women's Flyweight,http://ufcstats.com/fight-details/25f3e4fa781c1c8a,3,5:00
"October 22, 2022",Welterweight,http://ufcstats.com/fight-details/d325a1483d78ae75,2,4:47
"October 22, 2022",Middleweight,http://ufcstats.com/fight-details/2d36e2c10ee349fe,3,5:00
"October 22, 2022",Light Heavyweight,http://ufcstats.com/fight-details/f4d8266a42a41dff,3,5:00
"October 22, 2022",Welterweight,http://ufcstats.com/fight-details/cea6760d7bfbe19b,3,5:00
"October 22, 2022",Middleweight,http://ufcstats.com/fight-details/1b204fc28bb023e6,3,5:00
"October 22, 2022",Flyweight,http://ufcstats.com/fight-details/1e8c33b1917fe1b7,3,4:26
"October 22, 2022",Women's Bantamweight,http://ufcstats.com/fight-details/4011cdf1f182804c,3,5:00
"October 15, 2022",Women's Flyweight,http://ufcstats.com/fight-details/904cf687d22bb486,5,5:00
"October 15, 2022",Bantamweight,http://ufcstats.com/fight-details/1af23e7aa71a1d17,2,4:19
"October 15, 2022",Middleweight,http://ufcstats.com/fight-details/759c55755d70f7ba,2,3:12
"October 15, 2022",Bantamweight,http://ufcstats.com/fight-details/96d4fe315722d1c1,3,5:00
"October 15, 2022",Light Heavyweight,http://ufcstats.com/fight-details/59695aae245cca73,1,1:28
"October 15, 2022",Bantamweight,http://ufcstats.com/fight-details/8252a314c778b8e6,3,5:00
"October 15, 2022",Middleweight,http://ufcstats.com/fight-details/860050f211b44d10,3,5:00
"October 15, 2022",Featherweight,http://ufcstats.com/fight-details/b4bbc1b7efa770f5,1,2:02
"October 15, 2022",Women's Strawweight,http://ufcstats.com/fight-details/60bd4d2878c85f70,3,5:00
"October 15, 2022",Flyweight,http://ufcstats.com/fight-details/fac560495e61d34c,2,4:19
"October 15, 2022",Welterweight,http://ufcstats.com/fight-details/84b04e8d6b251c54,1,1:33
"October 01, 2022",Women's Strawweight,http://ufcstats.com/fight-details/d33814971932422a,5,5:00
"October 01, 2022",Welterweight,http://ufcstats.com/fight-details/7d0d2cecab358ba1,3,5:00
"October 01, 2022",Bantamweight,http://ufcstats.com/fight-details/a73e33dfce8fcfd8,3,5:00
"October 01, 2022",Featherweight,http://ufcstats.com/fight-details/1aedd959f1523a27,1,0:30
"October 01, 2022",Lightweight,http://ufcstats.com/fight-details/330506571d2778b1,3,5:00
"October 01, 2022",Catch Weight,http://ufcstats.com/fight-details/63f6af6d5f7b82ad,2,4:28
"October 01, 2022",Heavyweight,http://ufcstats.com/fight-details/de93fda66d203c26,3,5:00
"October 01, 2022",Lightweight,http://ufcstats.com/fight-details/ecc56a86a1eead9d,2,3:08
"October 01, 2022",Middleweight,http://ufcstats.com/fight-details/8c9ff13791378784,1,4:17
"October 01, 2022",Catch Weight,http://ufcstats.com/fight-details/ad59e2de1ab5c8d2,1,4:15
"October 01, 2022",Bantamweight,http://ufcstats.com/fight-details/6c79db79da9ae874,1,1:04
"September 17, 2022",Bantamweight,http://ufcstats.com/fight-details/df370b97ea49e6b4,4,5:00
"September 17, 2022",Middleweight,http://ufcstats.com/fight-details/bd06f1c2d7e6c4a0,2,1:27
"September 17, 2022",Featherweight,http://ufcstats.com/fight-details/adb78db5ba8ccc0f,3,5:00
"September 17, 2022",Middleweight,http://ufcstats.com/fight-details/160c17b8fcb0e2a1,1,3:55
"September 17, 2022",Heavyweight,http://ufcstats.com/fight-details/3cbd3565dd631cc4,3,5:00
"September 17, 2022",Middleweight,http://ufcstats.com/fight-details/ce5ebaf8caf8c4a7,3,1:53
"September 17, 2022",Featherweight,http://ufcstats.com/fight-details/f521ecde1e96a1bd,1,1:09
"September 17, 2022",Welterweight,http://ufcstats.com/fight-details/46b9acec12a35d37,3,5:00
"September 17, 2022",Women's Strawweight,http://ufcstats.com/fight-details/ec0740be19b2ef90,3,5:00
"September 17, 2022",Lightweight,http://ufcstats.com/fight-details/35d06627d91b840d,3,5:00
"September 17, 2022",Women's Flyweight,http://ufcstats.com/fight-details/d9f5d05b07bae09e,2,2:19
"September 17, 2022",Bantamweight,http://ufcstats.com/fight-details/be73f75b52b06f14,3,5:00
"September 17, 2022",Lightweight,http://ufcstats.com/fight-details/8a044e5400b4318f,1,3:49
"September 10, 2022",Welterweight,http://ufcstats.com/fight-details/7e8fd03e070d0c25,4,2:52
"September 10, 2022",Catch Weight,http://ufcstats.com/fight-details/0111e6a64b5184c6,1,2:13
"September 10, 2022",Catch Weight,http://ufcstats.com/fight-details/d3e23d7d207d3ccf,3,5:00
"September 10, 2022",Catch Weight,http://ufcstats.com/fight-details/989b8d362742f40b,3,2:21
"September 10, 2022",Light Heavyweight,http://ufcstats.com/fight-details/d869eaea38426f06,1,4:37
"September 10, 2022",Featherweight,http://ufcstats.com/fight-details/0e6d624086f7952e,3,5:00
"September 10, 2022",Catch Weight,http://ufcstats.com/fight-details/301f230c90c4bd7d,1,4:27
"September 10, 2022",Middleweight,http://ufcstats.com/fight-details/77acb96700e89c92,2,4:52
"September 10, 2022",Heavyweight,http://ufcstats.com/fight-details/bf334cb4e63f3430,2,2:24
"September 10, 2022",Women's Featherweight,http://ufcstats.com/fight-details/db3e26d02d790c97,3,5:00
"September 10, 2022",Bantamweight,http://ufcstats.com/fight-details/6010f681e54ba2cd,3,5:00
"September 10, 2022",Women's Strawweight,http://ufcstats.com/fight-details/a5cf273faa3982b7,3,5:00
"September 10, 2022",Welterweight,http://ufcstats.com/fight-details/86d57e8ef2191316,3,5:00
"September 03, 2022",Heavyweight,http://ufcstats.com/fight-details/810c9da07970c4a6,3,4:23
"September 03, 2022",Middleweight,http://ufcstats.com/fight-details/b8ca1acdf3dc2f58,3,5:00
"September 03, 2022",Middleweight,http://ufcstats.com/fight-details/20f316f96c9e4458,3,5:00
"September 03, 2022",Middleweight,http://ufcstats.com/fight-details/1a191251620a84ca,3,1:09
"September 03, 2022",Featherweight,http://ufcstats.com/fight-details/398db40015b3c81c,3,5:00
"September 03, 2022",Featherweight,http://ufcstats.com/fight-details/acc9a109b00a99e1,3,5:00
"September 03, 2022",Middleweight,http://ufcstats.com/fight-details/cf9035f2fc2e232f,1,0:19
"September 03, 2022",Lightweight,http://ufcstats.com/fight-details/7bced112f3229b1b,3,5:00
"September 03, 2022",Lightweight,http://ufcstats.com/fight-details/fd47032108b85cf0,3,5:00
"September 03, 2022",Lightweight,http://ufcstats.com/fight-details/3e2f00991f511607,2,0:16
"September 03, 2022",Bantamweight,http://ufcstats.com/fight-details/ca7fd237c16cec84,1,3:15
"September 03, 2022",Women's Featherweight,http://ufcstats.com/fight-details/ce62a50e97d497f9,2,4:54
"August 20, 2022",Welterweight,http://ufcstats.com/fight-details/f70c817388602681,5,4:04
"August 20, 2022",Middleweight,http://ufcstats.com/fight-details/2de6652160cc7b9f,3,5:00
"August 20, 2022",Bantamweight,http://ufcstats.com/fight-details/2ac3ce1f62b3c4b9,3,5:00
"August 20, 2022",Women's Bantamweight,http://ufcstats.com/fight-details/2cd9e3796be57a79,2,4:04
"August 20, 2022",Light Heavyweight,http://ufcstats.com/fight-details/5abcf9f282983acc,1,1:05
"August 20, 2022",Heavyweight,http://ufcstats.com/fight-details/e0b98f3cf4a7cc3b,3,5:00
"August 20, 2022",Lightweight,http://ufcstats.com/fight-details/0cf7a4593fd44e59,3,5:00
"August 20, 2022",Featherweight,http://ufcstats.com/fight-details/2ac9b3ccb43422d8,3,5:00
"August 20, 2022",Welterweight,http://ufcstats.com/fight-details/4dac5258f22be059,3,5:00
"August 20, 2022",Flyweight,http://ufcstats.com/fight-details/6b9f82291930bfec,1,4:34
"August 20, 2022",Bantamweight,http://ufcstats.com/fight-details/d497d74a0df9e35e,3,5:00
"August 20, 2022",Flyweight,http://ufcstats.com/fight-details/06d6cde7479711ee,1,3:39
"August 13, 2022",Bantamweight,http://ufcstats.com/fight-details/11cc331fa40ede63,4,2:17
"August 13, 2022",Featherweight,http://ufcstats.com/fight-details/efd7efba85092c6f,3,5:00
"August 13, 2022",Women's Strawweight,http://ufcstats.com/fight-details/833d67f423315d18,3,5:00
"August 13, 2022",Light Heavyweight,http://ufcstats.com/fight-details/d19e010f071a4b45,3,1:18
"August 13, 2022",Women's Bantamweight,http://ufcstats.com/fight-details/abd50fad1e7b030b,1,1:05
"August 13, 2022",Middleweight,http://ufcstats.com/fight-details/38b6ef176439c39b,3,1:39
"August 13, 2022",Catch Weight,http://ufcstats.com/fight-details/5f31f3e32669f5b9,3,5:00
"August 13, 2022",Heavyweight,http://ufcstats.com/fight-details/b96c8fef6c9f92db,3,5:00
"August 13, 2022",Women's Flyweight,http://ufcstats.com/fight-details/8986373b4a6e90b6,3,5:00
"August 13, 2022",Lightweight,http://ufcstats.com/fight-details/f858f91453555291,1,3:33
"August 13, 2022",Flyweight,http://ufcstats.com/fight-details/0823f97be9c3a62e,1,2:59
"August 13, 2022",Catch Weight,http://ufcstats.com/fight-details/7f9a331bc3100afd,1,2:09
"August 13, 2022",Bantamweight,http://ufcstats.com/fight-details/e05a18b6ce22fa1f,3,5:00
"August 06, 2022",Light Heavyweight,http://ufcstats.com/fight-details/a8bc6e005077bb0b,4,2:31
"August 06, 2022",Welterweight,http://ufcstats.com/fight-details/a6b328733d610e2b,3,2:01
"August 06, 2022",Heavyweight,http://ufcstats.com/fight-details/36f38c2534ef646b,2,0:36
"August 06, 2022",Women's Flyweight,http://ufcstats.com/fight-details/2b11aa4b90b1dd41,3,3:57
"August 06, 2022",Heavyweight,http://ufcstats.com/fight-details/044d210d7b1eb519,2,3:42
"August 06, 2022",Lightweight,http://ufcstats.com/fight-details/b530bb13aac1e48b,1,2:17
"August 06, 2022",Middleweight,http://ufcstats.com/fight-details/eda397c27787afa4,1,1:56
"August 06, 2022",Welterweight,http://ufcstats.com/fight-details/4adef20ce69217be,1,0:44
"August 06, 2022",Women's Strawweight,http://ufcstats.com/fight-details/b5274277ef6707c9,2,1:03
"August 06, 2022",Women's Bantamweight,http://ufcstats.com/fight-details/a274ed04c36d40d4,1,1:17
"July 30, 2022",Women's Bantamweight,http://ufcstats.com/fight-details/72c3e5eacde4f0e5,5,5:00
"July 30, 2022",Flyweight,http://ufcstats.com/fight-details/5a1ce88ec1f75160,3,4:34
"July 30, 2022",Heavyweight,http://ufcstats.com/fight-details/52f87252af59e23b,1,0:55
"July 30, 2022",Flyweight,http://ufcstats.com/fight-details/96b62bd56b252bab,1,1:31
"July 30, 2022",Light Heavyweight,http://ufcstats.com/fight-details/058c2724dec1add1,2,3:09
"July 30, 2022",Welterweight,http://ufcstats.com/fight-details/579b5770129b328a,3,5:00
"July 30, 2022",Lightweight,http://ufcstats.com/fight-details/81a18de517a3336a,3,1:30
"July 30, 2022",Heavyweight,http://ufcstats.com/fight-details/5a2b86570110191b,3,5:00
"July 30, 2022",Lightweight,http://ufcstats.com/fight-details/189b9af881b96de6,3,5:00
"July 30, 2022",Welterweight,http://ufcstats.com/fight-details/e492dc60d8e44866,3,1:09
"July 30, 2022",Women's Bantamweight,http://ufcstats.com/fight-details/0366e183296fea07,3,5:00
"July 30, 2022",Light Heavyweight,http://ufcstats.com/fight-details/1ed550f094ca7745,2,3:33
"July 30, 2022",Welterweight,http://ufcstats.com/fight-details/66f7bb31d24b3b36,3,5:00
"July 23, 2022",Heavyweight,http://ufcstats.com/fight-details/d0fb381cacbb0446,1,0:15
"July 23, 2022",Middleweight,http://ufcstats.com/fight-details/925a36a4af600291,3,5:00
"July 23, 2022",Lightweight,http://ufcstats.com/fight-details/8e02bdaac8ed50e5,2,2:46
"July 23, 2022",Light Heavyweight,http://ufcstats.com/fight-details/1ff520024da5b3b2,1,1:07
"July 23, 2022",Women's Flyweight,http://ufcstats.com/fight-details/a57969d4ba7d4a79,1,3:52
"July 23, 2022",Light Heavyweight,http://ufcstats.com/fight-details/47b1cd4e3e2595f8,3,5:00
"July 23, 2022",Lightweight,http://ufcstats.com/fight-details/b0d06858fb725654,3,5:00
"July 23, 2022",Lightweight,http://ufcstats.com/fight-details/dd6dbe644f599795,3,5:00
"July 23, 2022",Featherweight,http://ufcstats.com/fight-details/f6fd50bf69bb59e6,3,5:00
"July 23, 2022",Featherweight,http://ufcstats.com/fight-details/3d35f25d9792a69a,2,4:10
"July 23, 2022",Flyweight,http://ufcstats.com/fight-details/2dbf9d8d6915711e,3,5:00
"July 23, 2022",Lightweight,http://ufcstats.com/fight-details/a1029686c3f1bead,3,5:00
"July 23, 2022",Women's Flyweight,http://ufcstats.com/fight-details/e600b78e5a652dc0,3,5:00
"July 23, 2022",Welterweight,http://ufcstats.com/fight-details/1c84dafe38694c05,3,5:00
"July 16, 2022",Featherweight,http://ufcstats.com/fight-details/7503d5c892f238fb,1,4:11
"July 16, 2022",Women's Strawweight,http://ufcstats.com/fight-details/e57bfadb506e4f51,2,1:48
"July 16, 2022",Welterweight,http://ufcstats.com/fight-details/dd456668731bd52a,2,4:38
"July 16, 2022",Flyweight,http://ufcstats.com/fight-details/8e4024cb49c963f2,2,4:24
"July 16, 2022",Featherweight,http://ufcstats.com/fight-details/d439374c1fc95581,3,5:00
"July 16, 2022",Women's Flyweight,http://ufcstats.com/fight-details/4965d8eab468b839,3,5:00
"July 16, 2022",Middleweight,http://ufcstats.com/fight-details/ebefe958473b3843,2,0:28
"July 16, 2022",Bantamweight,http://ufcstats.com/fight-details/74b8a36293758342,2,3:28
"July 16, 2022",Featherweight,http://ufcstats.com/fight-details/4dd2bcd2b025204e,2,1:50
"July 16, 2022",Light Heavyweight,http://ufcstats.com/fight-details/a5d2f0fed3ce2899,1,3:13
"July 16, 2022",Middleweight,http://ufcstats.com/fight-details/9f3326195672c2b9,3,5:00
"July 16, 2022",Women's Strawweight,http://ufcstats.com/fight-details/b1af3bd0f8266a90,3,5:00
"July 09, 2022",Lightweight,http://ufcstats.com/fight-details/be69cbf1f1671c8e,5,0:18
"July 09, 2022",Middleweight,http://ufcstats.com/fight-details/6c60e58f8e9e7a4c,3,5:00
"July 09, 2022",Bantamweight,http://ufcstats.com/fight-details/bba6cc8760da34ab,3,5:00
"July 09, 2022",Heavyweight,http://ufcstats.com/fight-details/cd63b4144a45b611,3,3:10
"July 09, 2022",Bantamweight,http://ufcstats.com/fight-details/c58b3223b5caa18a,3,5:00
"July 09, 2022",Lightweight,http://ufcstats.com/fight-details/a103b30f6898de7e,3,5:00
"July 09, 2022",Middleweight,http://ufcstats.com/fight-details/04e1ff7aeda2a018,1,3:50
"July 09, 2022",Women's Flyweight,http://ufcstats.com/fight-details/81cbb709dedc914d,3,5:00
"July 09, 2022",Featherweight,http://ufcstats.com/fight-details/a652918360fe9a72,2,3:13
"July 09, 2022",Light Heavyweight,http://ufcstats.com/fight-details/478bc7d1288e043e,3,2:19
"July 09, 2022",Bantamweight,http://ufcstats.com/fight-details/fb3f5a65da9f2ac7,3,5:00
"July 02, 2022",Middleweight,http://ufcstats.com/fight-details/a7eaf7b101166d3e,5,5:00
"July 02, 2022",Featherweight,http://ufcstats.com/fight-details/4047e98132306cd5,5,5:00
"July 02, 2022",Middleweight,http://ufcstats.com/fight-details/0308bcdd00cc72e2,1,2:36
"July 02, 2022",Welterweight,http://ufcstats.com/fight-details/12a33d16e1d4e2d9,2,4:47
"July 02, 2022",Bantamweight,http://ufcstats.com/fight-details/39dccca8e8083072,2,3:09
"July 02, 2022",Lightweight,http://ufcstats.com/fight-details/98411542ca0e847d,1,0:45
"July 02, 2022",Welterweight,http://ufcstats.com/fight-details/459bc7c0b47719c3,2,1:32
"July 02, 2022",Welterweight,http://ufcstats.com/fight-details/4d8d1701c43c5fea,3,5:00
"July 02, 2022",Middleweight,http://ufcstats.com/fight-details/57775c8af89007c7,3,5:00
"July 02, 2022",Middleweight,http://ufcstats.com/fight-details/99ac96bb67e5c5e4,3,5:00
"July 02, 2022",Women's Flyweight,http://ufcstats.com/fight-details/1c85003f6ec59c9d,3,5:00
"July 02, 2022",Women's Bantamweight,http://ufcstats.com/fight-details/0e2c7ec02a095813,1,0:42
"June 25, 2022",Lightweight,http://ufcstats.com/fight-details/1f5f59924b59408b,5,5:00
"June 25, 2022",Welterweight,http://ufcstats.com/fight-details/3c98739eb42f96bf,2,4:58
"June 25, 2022",Heavyweight,http://ufcstats.com/fight-details/c57c8e22a3e8dde2,2,3:04
"June 25, 2022",Lightweight,http://ufcstats.com/fight-details/029a12d36a4687e1,1,3:05
"June 25, 2022",Bantamweight,http://ufcstats.com/fight-details/28bd070f7ab0a0b9,3,5:00
"June 25, 2022",Middleweight,http://ufcstats.com/fight-details/3f38100fd8dae286,3,5:00
"June 25, 2022",Light Heavyweight,http://ufcstats.com/fight-details/28be3fbe5c377380,1,1:15
"June 25, 2022",Featherweight,http://ufcstats.com/fight-details/21f79cd40513d075,3,5:00
"June 25, 2022",Bantamweight,http://ufcstats.com/fight-details/a457331c27bce6d5,3,5:00
"June 25, 2022",Flyweight,http://ufcstats.com/fight-details/8cc43d79b61efc25,1,1:08
"June 25, 2022",Bantamweight,http://ufcstats.com/fight-details/24a9fc95a3112f51,1,2:27
"June 25, 2022",Women's Strawweight,http://ufcstats.com/fight-details/2c73bf152247f25a,3,5:00
"June 18, 2022",Featherweight,http://ufcstats.com/fight-details/6e559181bfbc77e1,5,5:00
"June 18, 2022",Welterweight,http://ufcstats.com/fight-details/1bc662949337a8c4,2,1:28
"June 18, 2022",Middleweight,http://ufcstats.com/fight-details/11e83902f5b8ff63,2,5:00
"June 18, 2022",Lightweight,http://ufcstats.com/fight-details/4e6218b6b892b017,3,5:00
"June 18, 2022",Middleweight,http://ufcstats.com/fight-details/5095f6290670009d,1,3:18
"June 18, 2022",Bantamweight,http://ufcstats.com/fight-details/20cefe64f4b28be8,1,3:49
"June 18, 2022",Women's Flyweight,http://ufcstats.com/fight-details/2c7c7648e847f2e5,3,5:00
"June 18, 2022",Welterweight,http://ufcstats.com/fight-details/9a92d376fba2379d,1,1:34
"June 18, 2022",Featherweight,http://ufcstats.com/fight-details/1378fc2be3819b2b,1,1:12
"June 18, 2022",Women's Strawweight,http://ufcstats.com/fight-details/5b5d7f7ae712c6d8,3,5:00
"June 18, 2022",Bantamweight,http://ufcstats.com/fight-details/8b5c760f34daafe0,1,0:59
"June 18, 2022",Middleweight,http://ufcstats.com/fight-details/897d9e21c59d0633,2,4:25
"June 18, 2022",Middleweight,http://ufcstats.com/fight-details/e8a5e53ffd33c0f9,1,1:13
"June 11, 2022",Light Heavyweight,http://ufcstats.com/fight-details/fd49f89b9d97566b,5,4:32
"June 11, 2022",Women's Flyweight,http://ufcstats.com/fight-details/049ad6d87b42eba8,5,5:00
"June 11, 2022",Women's Strawweight,http://ufcstats.com/fight-details/4305cb30533dac77,2,2:28
"June 11, 2022",Welterweight,http://ufcstats.com/fight-details/d7a7ba46c4f075d7,2,2:24
"June 11, 2022",Welterweight,http://ufcstats.com/fight-details/f115a91066a77ee7,1,2:32
"June 11, 2022",Featherweight,http://ufcstats.com/fight-details/c94b153951be7590,3,5:00
"June 11, 2022",Lightweight,http://ufcstats.com/fight-details/4a116a55ffaa0d64,1,1:14
"June 11, 2022",Middleweight,http://ufcstats.com/fight-details/50eed57ea1390e16,3,5:00
"June 11, 2022",Bantamweight,http://ufcstats.com/fight-details/029f5c36820fdc09,3,5:00
"June 11, 2022",Women's Strawweight,http://ufcstats.com/fight-details/f466cd99d02644e9,1,1:22
"June 11, 2022",Women's Featherweight,http://ufcstats.com/fight-details/5f4a107d930e4852,3,5:00
"June 04, 2022",Heavyweight,http://ufcstats.com/fight-details/7a635063e5f1699b,1,2:12
"June 04, 2022",Featherweight,http://ufcstats.com/fight-details/aacb47949a572f25,3,5:00
"June 04, 2022",Featherweight,http://ufcstats.com/fight-details/344d60564cd136ff,3,0:55
"June 04, 2022",Women's Flyweight,http://ufcstats.com/fight-details/3aa49ed298e4c34f,1,4:55
"June 04, 2022",Flyweight,http://ufcstats.com/fight-details/a679800d2e7c3be2,1,1:01
"June 04, 2022",Light Heavyweight,http://ufcstats.com/fight-details/93969a7368dc2e14,1,4:40
"June 04, 2022",Women's Strawweight,http://ufcstats.com/fight-details/4f2501e804c84abe,2,4:01
"June 04, 2022",Lightweight,http://ufcstats.com/fight-details/e5e75d831670b401,3,5:00
"June 04, 2022",Featherweight,http://ufcstats.com/fight-details/04e6198326be4857,3,5:00
"June 04, 2022",Lightweight,http://ufcstats.com/fight-details/ed32da52aff68944,2,1:32
"June 04, 2022",Bantamweight,http://ufcstats.com/fight-details/43d7d4b67be48553,1,1:08
"June 04, 2022",Flyweight,http://ufcstats.com/fight-details/7e20b0536fbbd560,3,5:00
"June 04, 2022",Welterweight,http://ufcstats.com/fight-details/a09447d185a62251,3,5:00
"June 04, 2022",Women's Flyweight,http://ufcstats.com/fight-details/59b2bbb251968ca9,2,2:38
"May 21, 2022",Women's Bantamweight,http://ufcstats.com/fight-details/7a2c841693b54dd7,5,5:00
"May 21, 2022",Welterweight,http://ufcstats.com/fight-details/5d4fb748ad246269,3,5:00
"May 21, 2022",Middleweight,http://ufcstats.com/fight-details/f682118709b4143e,1,4:48
"May 21, 2022",Women's Strawweight,http://ufcstats.com/fight-details/5eaff5c832430378,3,5:00
"May 21, 2022",Middleweight,http://ufcstats.com/fight-details/4a789cdd5aaf4439,3,5:00
"May 21, 2022",Middleweight,http://ufcstats.com/fight-details/cbdfb3c648d7bada,1,1:04
"May 21, 2022",Heavyweight,http://ufcstats.com/fight-details/1b4d0c9e3c59b33b,1,4:35
"May 21, 2022",Lightweight,http://ufcstats.com/fight-details/534c07488396e124,2,3:05
"May 21, 2022",Bantamweight,http://ufcstats.com/fight-details/3542f9f30926f364,3,5:00
"May 21, 2022",Featherweight,http://ufcstats.com/fight-details/5136dc566f46daf6,3,3:00
"May 21, 2022",Women's Strawweight,http://ufcstats.com/fight-details/bc7228d30ff5be46,3,3:52
"May 14, 2022",Light Heavyweight,http://ufcstats.com/fight-details/5c281439d20184f1,3,1:11
"May 14, 2022",Light Heavyweight,http://ufcstats.com/fight-details/2fa88b72973478b6,1,2:22
"May 14, 2022",Bantamweight,http://ufcstats.com/fight-details/43543a2c1c7a7135,3,0:49
"May 14, 2022",Women's Flyweight,http://ufcstats.com/fight-details/fad150a0288efbd7,3,5:00
"May 14, 2022",Lightweight,http://ufcstats.com/fight-details/e240d6f77747ec46,1,3:27
"May 14, 2022",Flyweight,http://ufcstats.com/fight-details/b3248692dfb954b2,3,5:00
"May 14, 2022",Women's Flyweight,http://ufcstats.com/fight-details/7e047b195135ef06,3,5:00
"May 14, 2022",Lightweight,http://ufcstats.com/fight-details/8a1aa64eb1f17913,2,3:22
"May 14, 2022",Women's Strawweight,http://ufcstats.com/fight-details/f549164690d723bb,3,5:00
"May 14, 2022",Flyweight,http://ufcstats.com/fight-details/22f1133d02700bb2,3,5:00
"May 14, 2022",Middleweight,http://ufcstats.com/fight-details/afed0bac5ce5a2f3,1,1:16
"May 07, 2022",Lightweight,http://ufcstats.com/fight-details/7d4e49d8a6678157,1,3:22
"May 07, 2022",Women's Strawweight,http://ufcstats.com/fight-details/9d61012a6020516e,5,5:00
"May 07, 2022",Lightweight,http://ufcstats.com/fight-details/a2ebb5f86eb64f22,2,0:17
"May 07, 2022",Light Heavyweight,http://ufcstats.com/fight-details/c020ccbd7cdefb6e,3,5:00
"May 07, 2022",Welterweight,http://ufcstats.com/fight-details/8390441d93736719,3,5:00
"May 07, 2022",Welterweight,http://ufcstats.com/fight-details/6a902b97ac98c283,3,5:00
"May 07, 2022",Women's Featherweight,http://ufcstats.com/fight-details/fc4939b3c9071e66,3,5:00
"May 07, 2022",Flyweight,http://ufcstats.com/fight-details/80ac36a9dbc4b1a1,1,2:14
"May 07, 2022",Heavyweight,http://ufcstats.com/fight-details/ff6c8dab41efcc09,3,5:00
"May 07, 2022",Welterweight,http://ufcstats.com/fight-details/397dd9a8694ef413,1,2:35
"May 07, 2022",Women's Flyweight,http://ufcstats.com/fight-details/60d9d50b763adc62,3,5:00
"May 07, 2022",Flyweight,http://ufcstats.com/fight-details/8289033e03b4d9a3,3,5:00
"May 07, 2022",Women's Strawweight,http://ufcstats.com/fight-details/88455c967a7ef6fc,3,5:00
"May 07, 2022",Bantamweight,http://ufcstats.com/fight-details/430309e0f8a315d5,3,5:00
"April 30, 2022",Bantamweight,http://ufcstats.com/fight-details/5ae5eb729c6bb169,5,5:00
"April 30, 2022",Heavyweight,http://ufcstats.com/fight-details/eb277b5ea2a19124,3,5:00
"April 30, 2022",Featherweight,http://ufcstats.com/fight-details/632c2d4ed12f2bdf,1,0:41
"April 30, 2022",Lightweight,http://ufcstats.com/fight-details/7c8701bb78cb4de8,3,4:11
"April 30, 2022",Featherweight,http://ufcstats.com/fight-details/760e3f292b834637,3,5:00
"April 30, 2022",Middleweight,http://ufcstats.com/fight-details/6b956992204ec040,3,5:00
"April 30, 2022",Heavyweight,http://ufcstats.com/fight-details/d2484d74f819d813,1,2:11
"April 30, 2022",Flyweight,http://ufcstats.com/fight-details/7e4b7a70838e5ba4,1,1:18
"April 30, 2022",Welterweight,http://ufcstats.com/fight-details/5b731da9e4be4391,2,4:02
"April 30, 2022",Lightweight,http://ufcstats.com/fight-details/9217ecc287ac482d,3,5:00
"April 30, 2022",Women's Flyweight,http://ufcstats.com/fight-details/80cf37627a129145,2,3:11
"April 23, 2022",Women's Strawweight,http://ufcstats.com/fight-details/3a3ac7b3987f6799,1,3:13
"April 23, 2022",Lightweight,http://ufcstats.com/fight-details/6017351e164dbca3,1,3:01
"April 23, 2022",Women's Flyweight,http://ufcstats.com/fight-details/a45d4327bc82bc28,3,5:00
"April 23, 2022",Featherweight,http://ufcstats.com/fight-details/173d576e6247a88a,1,2:32
"April 23, 2022",Catch Weight,http://ufcstats.com/fight-details/992e84bf59837e21,1,2:36
"April 23, 2022",Welterweight,http://ufcstats.com/fight-details/9b8a82276f06829f,2,4:15
"April 23, 2022",Light Heavyweight,http://ufcstats.com/fight-details/e8c57c6259193466,1,4:55
"April 23, 2022",Bantamweight,http://ufcstats.com/fight-details/926977ec3ed0ebe1,1,2:48
"April 23, 2022",Welterweight,http://ufcstats.com/fight-details/e4d946470fd150fe,3,5:00
"April 23, 2022",Light Heavyweight,http://ufcstats.com/fight-details/6a4ba72b084193b5,3,5:00
"April 23, 2022",Welterweight,http://ufcstats.com/fight-details/7cf7960c6ccb5fa1,1,3:52
"April 16, 2022",Welterweight,http://ufcstats.com/fight-details/6d4b6224f26572f9,5,5:00
"April 16, 2022",Middleweight,http://ufcstats.com/fight-details/a0a120c50d93f70a,3,3:56
"April 16, 2022",Welterweight,http://ufcstats.com/fight-details/7c5fc3fc7be4a997,1,4:39
"April 16, 2022",Women's Bantamweight,http://ufcstats.com/fight-details/2e94ee4b9f5fddea,3,5:00
"April 16, 2022",Featherweight,http://ufcstats.com/fight-details/4f6e7159e77d4215,3,5:00
"April 16, 2022",Welterweight,http://ufcstats.com/fight-details/559031e51ced0b53,3,5:00
"April 16, 2022",Heavyweight,http://ufcstats.com/fight-details/b09f8cd4cbd7ba56,3,3:21
"April 16, 2022",Women's Bantamweight,http://ufcstats.com/fight-details/c20e6697335c3b3d,3,5:00
"April 16, 2022",Lightweight,http://ufcstats.com/fight-details/74c58b9d638c5eaa,2,0:33
"April 16, 2022",Lightweight,http://ufcstats.com/fight-details/0987b3f785e26d1c,2,4:50
"April 16, 2022",Heavyweight,http://ufcstats.com/fight-details/1ceab8fa45996f51,3,1:38
"April 16, 2022",Lightweight,http://ufcstats.com/fight-details/eac46cfead228e11,3,5:00
"April 16, 2022",Women's Strawweight,http://ufcstats.com/fight-details/0daf776bd222daad,3,5:00
"April 16, 2022",Bantamweight,http://ufcstats.com/fight-details/fb7ebdda8658fa05,1,0:47
"April 09, 2022",Featherweight,http://ufcstats.com/fight-details/dc0ab34f1952cb48,4,0:45
"April 09, 2022",Bantamweight,http://ufcstats.com/fight-details/9a8964b148cb5923,5,5:00
"April 09, 2022",Welterweight,http://ufcstats.com/fight-details/394b0347b0438622,3,5:00
"April 09, 2022",Women's Strawweight,http://ufcstats.com/fight-details/d8945e21a63e2451,3,5:00
"April 09, 2022",Lightweight,http://ufcstats.com/fight-details/15311d4b33d93004,3,5:00
"April 09, 2022",Welterweight,http://ufcstats.com/fight-details/313b85fe82b2ba80,3,5:00
"April 09, 2022",Middleweight,http://ufcstats.com/fight-details/7c6ed5b3d830d0cb,3,5:00
"April 09, 2022",Women's Bantamweight,http://ufcstats.com/fight-details/88c6e7f71b79fd65,3,5:00
"April 09, 2022",Welterweight,http://ufcstats.com/fight-details/7458a37feabf8788,1,3:41
"April 09, 2022",Heavyweight,http://ufcstats.com/fight-details/278b965694e563b2,1,3:39
"April 09, 2022",Women's Strawweight,http://ufcstats.com/fight-details/9e52a67410f2c879,3,5:00
"April 09, 2022",Bantamweight,http://ufcstats.com/fight-details/313c36ce9bde6cf6,3,5:00
"March 26, 2022",Heavyweight,http://ufcstats.com/fight-details/c4e866d9dd606faa,2,0:17
"March 26, 2022",Women's Flyweight,http://ufcstats.com/fight-details/1b650c76387c0f4b,1,3:57
"March 26, 2022",Welterweight,http://ufcstats.com/fight-details/f3c37e23ca30c87d,3,5:00
"March 26, 2022",Flyweight,http://ufcstats.com/fight-details/410e65e4d1782bfc,3,5:00
"March 26, 2022",Welterweight,http://ufcstats.com/fight-details/3f92025b29e06bfd,3,5:00
"March 26, 2022",Lightweight,http://ufcstats.com/fight-details/f6afaf2a39fa441c,3,5:00
"March 26, 2022",Women's Bantamweight,http://ufcstats.com/fight-details/bb31c77bddd1317e,3,5:00
"March 26, 2022",Bantamweight,http://ufcstats.com/fight-details/d0b7a79d3e7f3362,2,2:34
"March 26, 2022",Middleweight,http://ufcstats.com/fight-details/6ed495c177d69a3a,2,1:58
"March 26, 2022",Women's Flyweight,http://ufcstats.com/fight-details/3ecccdab76baa59c,3,5:00
"March 26, 2022",Flyweight,http://ufcstats.com/fight-details/82b2b97b85c7225c,3,5:00
"March 26, 2022",Featherweight,http://ufcstats.com/fight-details/97e522591ac7eb29,3,5:00
"March 19, 2022",Heavyweight,http://ufcstats.com/fight-details/06641a8c62e45661,1,3:45
"March 19, 2022",Featherweight,http://ufcstats.com/fight-details/ce3d94186567a684,1,2:33
"March 19, 2022",Lightweight,http://ufcstats.com/fight-details/001441f70c293931,1,3:49
"March 19, 2022",Welterweight,http://ufcstats.com/fight-details/bcd1e1d71a172d53,3,5:00
"March 19, 2022",Women's Flyweight,http://ufcstats.com/fight-details/5a878a6bebc973d7,3,1:52
"March 19, 2022",Lightweight,http://ufcstats.com/fight-details/a200b5dcbdd2506e,2,1:07
"March 19, 2022",Featherweight,http://ufcstats.com/fight-details/6e705b2365bc03fa,1,0:57
"March 19, 2022",Heavyweight,http://ufcstats.com/fight-details/ae989e21c3839b49,1,4:03
"March 19, 2022",Light Heavyweight,http://ufcstats.com/fight-details/766b4f5e77ab0860,1,3:57
"March 19, 2022",Bantamweight,http://ufcstats.com/fight-details/53d0df57a917c6a0,3,5:00
"March 19, 2022",Women's Strawweight,http://ufcstats.com/fight-details/5e378c52f26935d6,3,5:00
"March 19, 2022",Flyweight,http://ufcstats.com/fight-details/4c7e55061dc3bf89,1,0:58
"March 12, 2022",Light Heavyweight,http://ufcstats.com/fight-details/8aa16cc1ba99aac1,5,5:00
"March 12, 2022",Bantamweight,http://ufcstats.com/fight-details/9b46a662b8fa1d8d,1,2:06
"March 12, 2022",Featherweight,http://ufcstats.com/fight-details/70b8d357e89383bd,3,5:00
"March 12, 2022",Light Heavyweight,http://ufcstats.com/fight-details/23eec2d9cb2d78cd,2,0:25
"March 12, 2022",Lightweight,http://ufcstats.com/fight-details/463fac0e48505b62,1,3:17
"March 12, 2022",Middleweight,http://ufcstats.com/fight-details/226884e46a10865d,3,5:00
"March 12, 2022",Welterweight,http://ufcstats.com/fight-details/3b06c512abfa0494,3,5:00
"March 12, 2022",Women's Flyweight,http://ufcstats.com/fight-details/26fbee4ed13ff35d,3,5:00
"March 12, 2022",Bantamweight,http://ufcstats.com/fight-details/b70313eae7c24b27,3,5:00
"March 12, 2022",Featherweight,http://ufcstats.com/fight-details/5cad3ab6553e9ec9,2,4:42
"March 12, 2022",Women's Flyweight,http://ufcstats.com/fight-details/b55de7d791b9f62d,2,2:15
"March 12, 2022",Middleweight,http://ufcstats.com/fight-details/9cb78122a23e6a7d,1,3:41
"March 12, 2022",Bantamweight,http://ufcstats.com/fight-details/b400c29fbeee0206,1,2:07
"March 12, 2022",Light Heavyweight,http://ufcstats.com/fight-details/f10c2c84652ef573,3,0:44
"March 05, 2022",Welterweight,http://ufcstats.com/fight-details/d03d0abf331df751,5,5:00
"March 05, 2022",Catch Weight,http://ufcstats.com/fight-details/838bb84a5a976a9c,5,5:00
"March 05, 2022",Featherweight,http://ufcstats.com/fight-details/abd45edc07a8d9e3,3,5:00
"March 05, 2022",Welterweight,http://ufcstats.com/fight-details/43b43c5d439b2f98,2,0:38
"March 05, 2022",Heavyweight,http://ufcstats.com/fight-details/cda06ff86cfe4f5f,1,2:16
"March 05, 2022",Lightweight,http://ufcstats.com/fight-details/fce6ab43b7d09aa4,2,0:46
"March 05, 2022",Women's Strawweight,http://ufcstats.com/fight-details/9321b3c90ea5ca6c,3,5:00
"March 05, 2022",Light Heavyweight,http://ufcstats.com/fight-details/ee278a5a25744cac,3,5:00
"March 05, 2022",Women's Flyweight,http://ufcstats.com/fight-details/c6fc43c351b08bda,2,3:27
"March 05, 2022",Featherweight,http://ufcstats.com/fight-details/59d44b6888885500,1,3:15
"March 05, 2022",Flyweight,http://ufcstats.com/fight-details/c420c376cc1d149c,3,5:00
"March 05, 2022",Lightweight,http://ufcstats.com/fight-details/36d9337a27b71ba9,3,5:00
"March 05, 2022",Light Heavyweight,http://ufcstats.com/fight-details/d5323490163dde0e,3,5:00
"February 26, 2022",Catch Weight,http://ufcstats.com/fight-details/2f4d42e0b9696f71,1,3:23
"February 26, 2022",Middleweight,http://ufcstats.com/fight-details/01468f766dd7385c,2,1:29
"February 26, 2022",Women's Flyweight,http://ufcstats.com/fight-details/c4eb14c3de579842,3,5:00
"February 26, 2022",Lightweight,http://ufcstats.com/fight-details/8515f07911765f89,2,1:57
"February 26, 2022",Middleweight,http://ufcstats.com/fight-details/84d633d4a9fbf331,3,5:00
"February 26, 2022",Lightweight,http://ufcstats.com/fight-details/61a20ff34b6948ba,3,1:40
"February 26, 2022",Women's Featherweight,http://ufcstats.com/fight-details/f087a10a6f2bcc99,3,5:00
"February 26, 2022",Lightweight,http://ufcstats.com/fight-details/cb1f27818d46af0e,1,2:11
"February 26, 2022",Featherweight,http://ufcstats.com/fight-details/901e62b7af57f559,3,5:00
"February 26, 2022",Welterweight,http://ufcstats.com/fight-details/c5d5fcf290cc029e,1,2:02
"February 26, 2022",Flyweight,http://ufcstats.com/fight-details/181ceedcacc01d48,3,5:00
"February 19, 2022",Light Heavyweight,http://ufcstats.com/fight-details/f7865e5a6d009a87,1,2:55
"February 19, 2022",Catch Weight,http://ufcstats.com/fight-details/99fd8396cbe1df03,1,4:59
"February 19, 2022",Heavyweight,http://ufcstats.com/fight-details/93026443e5140415,3,5:00
"February 19, 2022",Lightweight,http://ufcstats.com/fight-details/958799d957945a3a,2,1:58
"February 19, 2022",Middleweight,http://ufcstats.com/fight-details/04e2d50c24a88dbd,3,5:00
"February 19, 2022",Featherweight,http://ufcstats.com/fight-details/25da52bc590ef664,1,4:24
"February 19, 2022",Women's Bantamweight,http://ufcstats.com/fight-details/e36a5d4d53b97d4e,1,3:44
"February 19, 2022",Featherweight,http://ufcstats.com/fight-details/2d8db91f91f68069,2,2:01
"February 19, 2022",Women's Strawweight,http://ufcstats.com/fight-details/33cc40fc1da409d3,3,5:00
"February 19, 2022",Bantamweight,http://ufcstats.com/fight-details/ea63f56779100678,3,3:33
"February 19, 2022",Featherweight,http://ufcstats.com/fight-details/528c208293bdef13,3,5:00
"February 19, 2022",Bantamweight,http://ufcstats.com/fight-details/8cd583f6d10692bc,3,5:00
"February 12, 2022",Middleweight,http://ufcstats.com/fight-details/ca8f73d038c4d6e7,5,5:00
"February 12, 2022",Heavyweight,http://ufcstats.com/fight-details/bb42336d6417914c,2,1:40
"February 12, 2022",Middleweight,http://ufcstats.com/fight-details/18a1617ee7356352,2,4:29
"February 12, 2022",Lightweight,http://ufcstats.com/fight-details/238832b58a66ae07,2,1:23
"February 12, 2022",Lightweight,http://ufcstats.com/fight-details/388adad23aaa9d39,3,5:00
"February 12, 2022",Heavyweight,http://ufcstats.com/fight-details/81c22cfa22002ea4,3,5:00
"February 12, 2022",Women's Flyweight,http://ufcstats.com/fight-details/b1e048825b5bbe1c,3,5:00
"February 12, 2022",Bantamweight,http://ufcstats.com/fight-details/a0ba726da4a50458,3,1:48
"February 12, 2022",Light Heavyweight,http://ufcstats.com/fight-details/3bebd99d5f94bec7,3,5:00
"February 12, 2022",Bantamweight,http://ufcstats.com/fight-details/19e742ccaa09cf08,3,5:00
"February 12, 2022",Middleweight,http://ufcstats.com/fight-details/c16bda7548181613,3,5:00
"February 12, 2022",Bantamweight,http://ufcstats.com/fight-details/821bef3a3394dd96,2,3:24
"February 12, 2022",Welterweight,http://ufcstats.com/fight-details/507080ccded73591,1,4:38
"February 12, 2022",Heavyweight,http://ufcstats.com/fight-details/6708f3a32861038a,3,5:00
"February 05, 2022",Middleweight,http://ufcstats.com/fight-details/4b67a1875390e7ad,5,5:00
"February 05, 2022",Middleweight,http://ufcstats.com/fight-details/ace166f26c2ac2e8,3,5:00
"February 05, 2022",Welterweight,http://ufcstats.com/fight-details/6b4c2cc27855506a,1,4:10
"February 05, 2022",Light Heavyweight,http://ufcstats.com/fight-details/0730c4e6fb247fa1,2,2:10
"February 05, 2022",Middleweight,http://ufcstats.com/fight-details/0489b42ac0ab6d4b,3,5:00
"February 05, 2022",Featherweight,http://ufcstats.com/fight-details/208c5dc52ccfd47a,3,5:00
"February 05, 2022",Bantamweight,http://ufcstats.com/fight-details/c816a969cb001168,3,1:38
"February 05, 2022",Featherweight,http://ufcstats.com/fight-details/84ebbad426d25713,3,5:00
"February 05, 2022",Middleweight,http://ufcstats.com/fight-details/f9ab966e63968c15,1,0:16
"February 05, 2022",Women's Bantamweight,http://ufcstats.com/fight-details/673ed36fa5c12d5f,3,5:00
"February 05, 2022",Light Heavyweight,http://ufcstats.com/fight-details/e82f15afac3dac93,1,2:57
"February 05, 2022",Welterweight,http://ufcstats.com/fight-details/342779192b116314,2,2:15
"February 05, 2022",Flyweight,http://ufcstats.com/fight-details/1765fc442ea03873,1,1:22
"January 22, 2022",Heavyweight,http://ufcstats.com/fight-details/e786542667fdecf0,5,5:00
"January 22, 2022",Flyweight,http://ufcstats.com/fight-details/cddd3d4febe097f8,5,5:00
"January 22, 2022",Welterweight,http://ufcstats.com/fight-details/5ba543efdce072f5,3,5:00
"January 22, 2022",Bantamweight,http://ufcstats.com/fight-details/80f65ee9b6f8d63b,1,0:47
"January 22, 2022",Welterweight,http://ufcstats.com/fight-details/453283e947919ff7,1,4:06
"January 22, 2022",Bantamweight,http://ufcstats.com/fight-details/44a55ba1de2b30e2,3,5:00
"January 22, 2022",Welterweight,http://ufcstats.com/fight-details/0669231ebe3dd560,1,2:59
"January 22, 2022",Bantamweight,http://ufcstats.com/fight-details/9687021e5c4d092a,3,5:00
"January 22, 2022",Lightweight,http://ufcstats.com/fight-details/5da7168ac2ff0e1d,1,3:15
"January 22, 2022",Women's Strawweight,http://ufcstats.com/fight-details/4047c2e259529179,1,2:25
"January 22, 2022",Women's Flyweight,http://ufcstats.com/fight-details/0a0beb5aa9810de4,3,5:00
"January 15, 2022",Featherweight,http://ufcstats.com/fight-details/9dfcf675cf2c1575,5,5:00
"January 15, 2022",Heavyweight,http://ufcstats.com/fight-details/3bcbb0e039f4f5d8,1,2:26
"January 15, 2022",Flyweight,http://ufcstats.com/fight-details/8d89f3b8798f444d,3,5:00
"January 15, 2022",Women's Flyweight,http://ufcstats.com/fight-details/f9a4e625dffc30d4,3,5:00
"January 15, 2022",Lightweight,http://ufcstats.com/fight-details/b5b5156c713c5d47,1,3:47
"January 15, 2022",Featherweight,http://ufcstats.com/fight-details/8693027377658e61,3,5:00
"January 15, 2022",Middleweight,http://ufcstats.com/fight-details/e8517ed0b49abc37,3,5:00
"January 15, 2022",Welterweight,http://ufcstats.com/fight-details/3738135e4c9d8273,3,5:00
"January 15, 2022",Featherweight,http://ufcstats.com/fight-details/7c2a02b5ea169b54,3,5:00
"January 15, 2022",Lightweight,http://ufcstats.com/fight-details/3a8c0158d910546d,3,5:00
"December 18, 2021",Heavyweight,http://ufcstats.com/fight-details/4b7ec02b39fc6f70,1,3:36
"December 18, 2021",Welterweight,http://ufcstats.com/fight-details/8b3b38167060b1d7,3,5:00
"December 18, 2021",Women's Strawweight,http://ufcstats.com/fight-details/2e200563dd7c4922,3,5:00
"December 18, 2021",Bantamweight,http://ufcstats.com/fight-details/a43dcd04788d95c7,2,2:14
"December 18, 2021",Lightweight,http://ufcstats.com/fight-details/730f14ccff80f3b0,2,3:26
"December 18, 2021",Featherweight,http://ufcstats.com/fight-details/2a5484a6d5e7a2da,1,2:12
"December 18, 2021",Middleweight,http://ufcstats.com/fight-details/bdaca0a96d44438a,3,2:58
"December 18, 2021",Heavyweight,http://ufcstats.com/fight-details/fc0927c657c51622,1,1:53
"December 18, 2021",Women's Flyweight,http://ufcstats.com/fight-details/dd552b389152636a,3,0:45
"December 18, 2021",Featherweight,http://ufcstats.com/fight-details/b4f88d65b47c2a39,3,5:00
"December 18, 2021",Women's Featherweight,http://ufcstats.com/fight-details/85d9a516c3c6c205,2,3:07
"December 18, 2021",Heavyweight,http://ufcstats.com/fight-details/a760d0f5de2e1aaa,3,3:26
"December 18, 2021",Lightweight,http://ufcstats.com/fight-details/ea76a3af8c5ecc55,2,2:05
"December 11, 2021",Lightweight,http://ufcstats.com/fight-details/b22eab3aa1522f40,3,1:02
"December 11, 2021",Women's Bantamweight,http://ufcstats.com/fight-details/0b633295d9e017a3,2,3:26
"December 11, 2021",Welterweight,http://ufcstats.com/fight-details/2d0d13dfc6c37ba8,3,5:00
"December 11, 2021",Flyweight,http://ufcstats.com/fight-details/795aa42785a46643,1,3:21
"December 11, 2021",Bantamweight,http://ufcstats.com/fight-details/8c01b7dccc4d0926,1,4:42
"December 11, 2021",Featherweight,http://ufcstats.com/fight-details/6537a32e7af905b0,3,5:00
"December 11, 2021",Bantamweight,http://ufcstats.com/fight-details/abb8c6c0a057184e,3,5:00
"December 11, 2021",Heavyweight,http://ufcstats.com/fight-details/50f2539c73b98eec,2,0:26
"December 11, 2021",Middleweight,http://ufcstats.com/fight-details/9039762cb9f4abdb,1,1:28
"December 11, 2021",Middleweight,http://ufcstats.com/fight-details/16243b1470887cb6,1,3:13
"December 11, 2021",Women's Flyweight,http://ufcstats.com/fight-details/fc2a30bfb760bdf8,3,5:00
"December 11, 2021",Featherweight,http://ufcstats.com/fight-details/537a5aa4c248830e,3,5:00
"December 11, 2021",Bantamweight,http://ufcstats.com/fight-details/8bcdcfb0f93f1409,2,4:15
"December 11, 2021",Women's Flyweight,http://ufcstats.com/fight-details/505397f405e40206,1,4:59
"December 04, 2021",Bantamweight,http://ufcstats.com/fight-details/3109d1151f149aaf,5,5:00
"December 04, 2021",Lightweight,http://ufcstats.com/fight-details/a38648a1c190f9be,3,2:20
"December 04, 2021",Light Heavyweight,http://ufcstats.com/fight-details/b3847772199e2639,1,0:48
"December 04, 2021",Lightweight,http://ufcstats.com/fight-details/5d64044b985004e7,2,1:21
"December 04, 2021",Middleweight,http://ufcstats.com/fight-details/9e5bbbacf1d92cb4,2,1:58
"December 04, 2021",Welterweight,http://ufcstats.com/fight-details/657b7da9c89352fe,3,5:00
"December 04, 2021",Middleweight,http://ufcstats.com/fight-details/723a8a8c82cab1c8,1,4:34
"December 04, 2021",Flyweight,http://ufcstats.com/fight-details/376dddfa82debbf4,1,4:02
"December 04, 2021",Welterweight,http://ufcstats.com/fight-details/405bded9cc7a7c15,3,5:00
"December 04, 2021",Women's Strawweight,http://ufcstats.com/fight-details/3fc8afbb23b9ac16,3,5:00
"December 04, 2021",Light Heavyweight,http://ufcstats.com/fight-details/42b28adbed6966b7,3,5:00
"December 04, 2021",Lightweight,http://ufcstats.com/fight-details/c74b03337a8441ed,3,3:25
"December 04, 2021",Bantamweight,http://ufcstats.com/fight-details/1ce1a43ef68ffc7d,1,2:02
"November 20, 2021",Women's Bantamweight,http://ufcstats.com/fight-details/18f19b1422e8154b,5,5:00
"November 20, 2021",Welterweight,http://ufcstats.com/fight-details/50bf4bb2f8d9aba4,3,5:00
"November 20, 2021",Women's Flyweight,http://ufcstats.com/fight-details/bb15c0a2911043bd,1,4:49
"November 20, 2021",Bantamweight,http://ufcstats.com/fight-details/1cd8f5a107f64e39,3,5:00
"November 20, 2021",Bantamweight,http://ufcstats.com/fight-details/9b9ef12603e820ec,3,5:00
"November 20, 2021",Featherweight,http://ufcstats.com/fight-details/f592f168f3b8b807,3,5:00
"November 20, 2021",Lightweight,http://ufcstats.com/fight-details/fd60e75303622e5e,3,5:00
"November 20, 2021",Women's Strawweight,http://ufcstats.com/fight-details/450534f9fb9b13cd,3,5:00
"November 20, 2021",Flyweight,http://ufcstats.com/fight-details/84c68c4c387d2e32,3,5:00
"November 20, 2021",Featherweight,http://ufcstats.com/fight-details/1ff89e2a9cc2f2d2,3,5:00
"November 20, 2021",Women's Strawweight,http://ufcstats.com/fight-details/8dd086e2e70144fd,3,5:00
"November 13, 2021",Featherweight,http://ufcstats.com/fight-details/147e984aa34e3028,5,5:00
"November 13, 2021",Heavyweight,http://ufcstats.com/fight-details/1013cdbb6c9a4a2e,1,0:32
"November 13, 2021",Women's Featherweight,http://ufcstats.com/fight-details/e6ce8360ef43891c,3,4:25
"November 13, 2021",Welterweight,http://ufcstats.com/fight-details/8636b67096df4b27,3,1:02
"November 13, 2021",Bantamweight,http://ufcstats.com/fight-details/73c97d5c314f1270,2,1:35
"November 13, 2021",Lightweight,http://ufcstats.com/fight-details/0273dbd5dedbdbe0,1,3:01
"November 13, 2021",Women's Flyweight,http://ufcstats.com/fight-details/c0518d213b67e754,2,5:00
"November 13, 2021",Featherweight,http://ufcstats.com/fight-details/a27a355f52883f3e,1,4:30
"November 13, 2021",Women's Flyweight,http://ufcstats.com/fight-details/66eee2320e900a8a,3,5:00
"November 13, 2021",Lightweight,http://ufcstats.com/fight-details/2c21abbc28e3876a,1,1:48
"November 13, 2021",Light Heavyweight,http://ufcstats.com/fight-details/81bb4d9b214adf4b,1,3:04
"November 06, 2021",Welterweight,http://ufcstats.com/fight-details/31b3ae9352d9389b,5,5:00
"November 06, 2021",Women's Strawweight,http://ufcstats.com/fight-details/19722043e7eb4e39,5,5:00
"November 06, 2021",Bantamweight,http://ufcstats.com/fight-details/c634ed84212723ca,3,3:50
"November 06, 2021",Featherweight,http://ufcstats.com/fight-details/a260238fdb9c47cf,3,5:00
"November 06, 2021",Lightweight,http://ufcstats.com/fight-details/999a0fad4c82148d,3,5:00
"November 06, 2021",Middleweight,http://ufcstats.com/fight-details/385101e8ad828c39,2,0:18
"November 06, 2021",Lightweight,http://ufcstats.com/fight-details/d69e3677060af4c7,1,2:25
"November 06, 2021",Middleweight,http://ufcstats.com/fight-details/fa3b28ff3585b4a0,1,4:27
"November 06, 2021",Middleweight,http://ufcstats.com/fight-details/095a351dd6f09f7e,2,4:52
"November 06, 2021",Welterweight,http://ufcstats.com/fight-details/733dcfec0cc9b439,1,4:59
"November 06, 2021",Heavyweight,http://ufcstats.com/fight-details/e25875165648162b,2,2:23
"November 06, 2021",Light Heavyweight,http://ufcstats.com/fight-details/88cc78d2d5d6bcaa,3,5:00
"November 06, 2021",Featherweight,http://ufcstats.com/fight-details/73d541adc2909dc8,3,5:00
"November 06, 2021",Flyweight,http://ufcstats.com/fight-details/8081cb92f71401c6,3,5:00
"October 30, 2021",Light Heavyweight,http://ufcstats.com/fight-details/919fb76d2f3e5827,2,3:02
"October 30, 2021",Bantamweight,http://ufcstats.com/fight-details/18edff5447989b3f,5,5:00
"October 30, 2021",Lightweight,http://ufcstats.com/fight-details/5ad4c0eae7512878,1,2:25
"October 30, 2021",Heavyweight,http://ufcstats.com/fight-details/13e3e41e0c6f4e04,3,5:00
"October 30, 2021",Welterweight,http://ufcstats.com/fight-details/987cdcbc809e210d,1,3:16
"October 30, 2021",Light Heavyweight,http://ufcstats.com/fight-details/58b19ba734fe93a3,3,5:00
"October 30, 2021",Women's Strawweight,http://ufcstats.com/fight-details/d84968d7e9fcb4f3,3,5:00
"October 30, 2021",Featherweight,http://ufcstats.com/fight-details/41cdfea7df63003f,3,5:00
"October 30, 2021",Middleweight,http://ufcstats.com/fight-details/768c86e307295944,3,5:00
"October 30, 2021",Welterweight,http://ufcstats.com/fight-details/efc6af0151f72b87,3,5:00
"October 30, 2021",Light Heavyweight,http://ufcstats.com/fight-details/92c49cb075f612d7,1,3:31
"October 30, 2021",Featherweight,http://ufcstats.com/fight-details/156f2425a937b22f,2,0:14
"October 30, 2021",Middleweight,http://ufcstats.com/fight-details/4a5e5232346993c7,3,4:46
"October 30, 2021",Flyweight,http://ufcstats.com/fight-details/6163c18411aca830,3,5:00
"October 23, 2021",Light Heavyweight,http://ufcstats.com/fight-details/860be3cc82895177,5,5:00
"October 23, 2021",Lightweight,http://ufcstats.com/fight-details/9fe62ea683decc55,3,5:00
"October 23, 2021",Women's Bantamweight,http://ufcstats.com/fight-details/69167b996ce7a7e4,3,5:00
"October 23, 2021",Featherweight,http://ufcstats.com/fight-details/98842f17dfe4b4ef,2,3:31
"October 23, 2021",Welterweight,http://ufcstats.com/fight-details/587d373f18f6c8c0,3,5:00
"October 23, 2021",Light Heavyweight,http://ufcstats.com/fight-details/e078d18fa9ed100d,1,1:18
"October 23, 2021",Middleweight,http://ufcstats.com/fight-details/88256dd5a9aef1cc,2,3:13
"October 23, 2021",Lightweight,http://ufcstats.com/fight-details/d44d735e5079bfb8,3,5:00
"October 23, 2021",Women's Strawweight,http://ufcstats.com/fight-details/1fe58cdab57d233b,3,5:00
"October 23, 2021",Middleweight,http://ufcstats.com/fight-details/85f920746c58d0a6,3,5:00
"October 23, 2021",Lightweight,http://ufcstats.com/fight-details/6d7eecf4acecda2a,1,2:47
"October 23, 2021",Flyweight,http://ufcstats.com/fight-details/acec5f4c6fee1ae2,2,0:46
"October 23, 2021",Women's Strawweight,http://ufcstats.com/fight-details/61d9eff5fa4c8578,3,5:00
"October 23, 2021",Bantamweight,http://ufcstats.com/fight-details/7151ae256e6c181b,3,5:00
"October 16, 2021",Women's Featherweight,http://ufcstats.com/fight-details/330e67abac6e5ce7,5,5:00
"October 16, 2021",Heavyweight,http://ufcstats.com/fight-details/188b63ec6ee1c1c9,3,5:00
"October 16, 2021",Lightweight,http://ufcstats.com/fight-details/d9ca00b3c62a874d,2,0:14
"October 16, 2021",Women's Flyweight,http://ufcstats.com/fight-details/b193e2317b21125c,3,5:00
"October 16, 2021",Featherweight,http://ufcstats.com/fight-details/a2e1116a9fe84aa9,3,2:22
"October 16, 2021",Middleweight,http://ufcstats.com/fight-details/fefa96b6d939ffea,3,2:35
"October 16, 2021",Welterweight,http://ufcstats.com/fight-details/e3881a6895be3e9e,3,5:00
"October 16, 2021",Women's Flyweight,http://ufcstats.com/fight-details/be8bee783d22bee2,3,5:00
"October 16, 2021",Bantamweight,http://ufcstats.com/fight-details/cf020c71f1dbfa0b,1,2:01
"October 16, 2021",Women's Strawweight,http://ufcstats.com/fight-details/814d481e79e9a525,3,2:57
"October 09, 2021",Women's Strawweight,http://ufcstats.com/fight-details/149d6b90f33634a4,5,5:00
"October 09, 2021",Welterweight,http://ufcstats.com/fight-details/d5ffdb5388ffabc6,3,5:00
"October 09, 2021",Flyweight,http://ufcstats.com/fight-details/20f19439e9b100b0,3,5:00
"October 09, 2021",Women's Flyweight,http://ufcstats.com/fight-details/38957d8eb185391c,3,0:53
"October 09, 2021",Bantamweight,http://ufcstats.com/fight-details/6101249c2cdd1493,3,5:00
"October 09, 2021",Heavyweight,http://ufcstats.com/fight-details/777c65184aa63894,2,4:43
"October 09, 2021",Featherweight,http://ufcstats.com/fight-details/df16b9c2fc9722e9,3,5:00
"October 09, 2021",Women's Strawweight,http://ufcstats.com/fight-details/f526892a27b50576,1,4:14
"October 09, 2021",Lightweight,http://ufcstats.com/fight-details/ddb927b0dfcfac2a,2,1:51
"October 02, 2021",Light Heavyweight,http://ufcstats.com/fight-details/37c484012ef24a5b,5,5:00
"October 02, 2021",Middleweight,http://ufcstats.com/fight-details/ce151e053721fe69,1,3:43
"October 02, 2021",Welterweight,http://ufcstats.com/fight-details/9c33c8d4a381ba70,3,5:00
"October 02, 2021",Middleweight,http://ufcstats.com/fight-details/dba710edbc3c29ff,3,5:00
"October 02, 2021",Lightweight,http://ufcstats.com/fight-details/a00b4e82f9d4f92c,1,1:20
"October 02, 2021",Lightweight,http://ufcstats.com/fight-details/3b7eb8e56052a2af,3,5:00
"October 02, 2021",Women's Flyweight,http://ufcstats.com/fight-details/6832e9e62da0f9d3,2,4:47
"October 02, 2021",Women's Bantamweight,http://ufcstats.com/fight-details/16d31775a8dcb31d,3,5:00
"October 02, 2021",Lightweight,http://ufcstats.com/fight-details/dfa2f5c821a52c63,2,2:51
"October 02, 2021",Bantamweight,http://ufcstats.com/fight-details/5f444eac11e55161,1,2:04
"October 02, 2021",Women's Bantamweight,http://ufcstats.com/fight-details/c1e5859053263811,2,2:22
"October 02, 2021",Bantamweight,http://ufcstats.com/fight-details/e7423a91a253b416,2,4:13
"September 25, 2021",Featherweight,http://ufcstats.com/fight-details/18f1b88d8977c216,5,5:00
"September 25, 2021",Women's Flyweight,http://ufcstats.com/fight-details/7233b2a56438d77a,4,4:00
"September 25, 2021",Middleweight,http://ufcstats.com/fight-details/92e006a93f983fb5,3,0:44
"September 25, 2021",Heavyweight,http://ufcstats.com/fight-details/f4df74046a1c4364,3,5:00
"September 25, 2021",Women's Flyweight,http://ufcstats.com/fight-details/f4a2806f77ac1cdc,1,4:54
"September 25, 2021",Bantamweight,http://ufcstats.com/fight-details/bc276e0f07e30a54,2,4:25
"September 25, 2021",Lightweight,http://ufcstats.com/fight-details/b3c23fb2d71bba51,3,5:00
"September 25, 2021",Heavyweight,http://ufcstats.com/fight-details/f085f32bbb3220e1,2,1:23
"September 25, 2021",Women's Flyweight,http://ufcstats.com/fight-details/e7bb37681652c2c2,3,5:00
"September 25, 2021",Lightweight,http://ufcstats.com/fight-details/7abc4520f63f2c06,1,4:01
"September 25, 2021",Middleweight,http://ufcstats.com/fight-details/d8189169b2c8a2aa,3,5:00
"September 25, 2021",Welterweight,http://ufcstats.com/fight-details/73f6b72b4889088f,1,0:15
"September 25, 2021",Featherweight,http://ufcstats.com/fight-details/7484298ad57099be,2,3:31
"September 18, 2021",Light Heavyweight,http://ufcstats.com/fight-details/d1621b3da377f34b,1,3:47
"September 18, 2021",Light Heavyweight,http://ufcstats.com/fight-details/4b5f9b7c31d1205d,3,5:00
"September 18, 2021",Women's Flyweight,http://ufcstats.com/fight-details/ceaf7ed5ade30d9f,3,5:00
"September 18, 2021",Lightweight,http://ufcstats.com/fight-details/13a8ddb1c3f55ed4,1,2:09
"September 18, 2021",Bantamweight,http://ufcstats.com/fight-details/576b795e33ddd62d,2,2:10
"September 18, 2021",Middleweight,http://ufcstats.com/fight-details/401f5f4714132d50,3,2:26
"September 18, 2021",Light Heavyweight,http://ufcstats.com/fight-details/d06495deb1ff1750,3,5:00
"September 18, 2021",Women's Bantamweight,http://ufcstats.com/fight-details/2d42742aade53799,3,5:00
"September 18, 2021",Lightweight,http://ufcstats.com/fight-details/85e5498808346d6b,3,4:35
"September 18, 2021",Bantamweight,http://ufcstats.com/fight-details/dc870fab1e0f15e1,3,5:00
"September 18, 2021",Women's Flyweight,http://ufcstats.com/fight-details/0ce63c2148e70b4c,3,5:00
"September 18, 2021",Welterweight,http://ufcstats.com/fight-details/06b3226c34c17001,1,2:38
"September 18, 2021",Bantamweight,http://ufcstats.com/fight-details/178756c3cb23b884,3,5:00
"September 18, 2021",Women's Flyweight,http://ufcstats.com/fight-details/eb10feae98ea7d36,1,4:17
"September 04, 2021",Middleweight,http://ufcstats.com/fight-details/14f2bb86fd888e91,3,2:13
"September 04, 2021",Heavyweight,http://ufcstats.com/fight-details/b977ffcc6428046f,1,2:30
"September 04, 2021",Welterweight,http://ufcstats.com/fight-details/f09912e9d8eaa968,3,5:00
"September 04, 2021",Light Heavyweight,http://ufcstats.com/fight-details/ad81be01a461c936,2,2:30
"September 04, 2021",Lightweight,http://ufcstats.com/fight-details/8fc238e84c4624a7,1,4:25
"September 04, 2021",Women's Flyweight,http://ufcstats.com/fight-details/06c0c7dda5a5909d,3,5:00
"September 04, 2021",Bantamweight,http://ufcstats.com/fight-details/4fc128b1bdf088b1,3,5:00
"September 04, 2021",Catch Weight,http://ufcstats.com/fight-details/3f76035e52e8819b,3,2:56
"September 04, 2021",Middleweight,http://ufcstats.com/fight-details/a7c38d4d66abf923,3,5:00
"August 28, 2021",Featherweight,http://ufcstats.com/fight-details/5cd1869013741767,3,1:44
"August 28, 2021",Middleweight,http://ufcstats.com/fight-details/5086f9fb4fdc2f60,2,2:15
"August 28, 2021",Bantamweight,http://ufcstats.com/fight-details/ed64e42263bf50bf,3,5:00
"August 28, 2021",Welterweight,http://ufcstats.com/fight-details/089a17e450cc98aa,3,5:00
"August 28, 2021",Middleweight,http://ufcstats.com/fight-details/ad3aa9520131ff2e,3,3:12
"August 28, 2021",Middleweight,http://ufcstats.com/fight-details/1de342e9309c5f0f,2,1:49
"August 28, 2021",Middleweight,http://ufcstats.com/fight-details/e24c8aab497b4fe1,1,0:17
"August 28, 2021",Middleweight,http://ufcstats.com/fight-details/58d5e4afc2dd35d1,3,5:00
"August 28, 2021",Light Heavyweight,http://ufcstats.com/fight-details/0f3a91caeaa55094,1,3:04
"August 28, 2021",Women's Flyweight,http://ufcstats.com/fight-details/2cb9ba68fc855f33,3,5:00
"August 28, 2021",Featherweight,http://ufcstats.com/fight-details/ef4484943b1c68a9,1,1:53
"August 28, 2021",Bantamweight,http://ufcstats.com/fight-details/be4890f4aaadec28,3,5:00
"August 21, 2021",Middleweight,http://ufcstats.com/fight-details/f536ba47f006474a,5,5:00
"August 21, 2021",Lightweight,http://ufcstats.com/fight-details/3a9e0fed344fd07d,3,5:00
"August 21, 2021",Heavyweight,http://ufcstats.com/fight-details/47230f9b5d7ae037,3,5:00
"August 21, 2021",Bantamweight,http://ufcstats.com/fight-details/e1897ff433134cb8,3,4:39
"August 21, 2021",Lightweight,http://ufcstats.com/fight-details/755d84d5f4aa4dbf,3,5:00
"August 21, 2021",Flyweight,http://ufcstats.com/fight-details/0b47788da6de735e,2,1:46
"August 21, 2021",Featherweight,http://ufcstats.com/fight-details/12d2b282561b5e5f,3,5:00
"August 21, 2021",Bantamweight,http://ufcstats.com/fight-details/bfacb44c24bfe0e9,3,5:00
"August 21, 2021",Women's Bantamweight,http://ufcstats.com/fight-details/92d39a17e34cf581,1,4:54
"August 21, 2021",Light Heavyweight,http://ufcstats.com/fight-details/5e2ce5aa3a92c2df,1,3:58
"August 21, 2021",Lightweight,http://ufcstats.com/fight-details/8badcb2134c1cdaf,3,4:55
"August 21, 2021",Welterweight,http://ufcstats.com/fight-details/47a157222b2c9092,1,2:33
"August 07, 2021",Heavyweight,http://ufcstats.com/fight-details/bf732e22055e8634,3,4:11
"August 07, 2021",Bantamweight,http://ufcstats.com/fight-details/980927e7dcc131c0,3,5:00
"August 07, 2021",Welterweight,http://ufcstats.com/fight-details/efe985e626a0d8c0,1,3:25
"August 07, 2021",Women's Strawweight,http://ufcstats.com/fight-details/903d2c361d005b70,3,5:00
"August 07, 2021",Bantamweight,http://ufcstats.com/fight-details/962aab0abdd34173,3,5:00
"August 07, 2021",Lightweight,http://ufcstats.com/fight-details/76ece0ee2ef5d240,3,5:00
"August 07, 2021",Bantamweight,http://ufcstats.com/fight-details/3d75081ce43774ca,3,5:00
"August 07, 2021",Light Heavyweight,http://ufcstats.com/fight-details/dcd0793ff1a43b68,3,5:00
"August 07, 2021",Women's Strawweight,http://ufcstats.com/fight-details/f2336b7545f5f442,1,4:32
"August 07, 2021",Flyweight,http://ufcstats.com/fight-details/85c5dd604d5b3634,1,4:44
"August 07, 2021",Bantamweight,http://ufcstats.com/fight-details/9a678f346946b6a4,3,1:16
"August 07, 2021",Women's Flyweight,http://ufcstats.com/fight-details/cce232c1b1b2e4a0,2,5:00
"August 07, 2021",Bantamweight,http://ufcstats.com/fight-details/af9927b5589e708b,2,2:35
"July 31, 2021",Middleweight,http://ufcstats.com/fight-details/8522bc62e8d942ab,5,5:00
"July 31, 2021",Women's Strawweight,http://ufcstats.com/fight-details/b4622ca7cf0e8506,1,1:00
"July 31, 2021",Welterweight,http://ufcstats.com/fight-details/e3ecb94228c2739f,1,1:08
"July 31, 2021",Featherweight,http://ufcstats.com/fight-details/6671b567c4eb9982,2,1:50
"July 31, 2021",Welterweight,http://ufcstats.com/fight-details/9eef9b7967991296,3,5:00
"July 31, 2021",Lightweight,http://ufcstats.com/fight-details/12ceec9431fb0827,3,5:00
"July 31, 2021",Featherweight,http://ufcstats.com/fight-details/69397bbebdfa41d9,3,5:00
"July 31, 2021",Women's Strawweight,http://ufcstats.com/fight-details/96c51bc6316a4b47,3,5:00
"July 31, 2021",Flyweight,http://ufcstats.com/fight-details/1978b44503c3d9ff,3,5:00
"July 31, 2021",Welterweight,http://ufcstats.com/fight-details/fb9095887dca34c7,2,4:21
"July 24, 2021",Bantamweight,http://ufcstats.com/fight-details/214b268e4a92f950,5,5:00
"July 24, 2021",Bantamweight,http://ufcstats.com/fight-details/4bb77b1d8efc53a9,3,5:00
"July 24, 2021",Featherweight,http://ufcstats.com/fight-details/1bde9cb65d31cc76,2,3:48
"July 24, 2021",Women's Flyweight,http://ufcstats.com/fight-details/7c3ad06a520b8716,3,5:00
"July 24, 2021",Bantamweight,http://ufcstats.com/fight-details/43c391b251337c9b,2,2:11
"July 24, 2021",Middleweight,http://ufcstats.com/fight-details/4911094a4ee26868,3,5:00
"July 24, 2021",Middleweight,http://ufcstats.com/fight-details/dff1dbb8fe1f31cb,2,3:09
"July 24, 2021",Welterweight,http://ufcstats.com/fight-details/1be65a0d2c1383f6,1,2:57
"July 24, 2021",Bantamweight,http://ufcstats.com/fight-details/cade0268dec56f3d,2,3:45
"July 24, 2021",Women's Flyweight,http://ufcstats.com/fight-details/c13474b85d3ced32,1,3:49
"July 24, 2021",Women's Strawweight,http://ufcstats.com/fight-details/40ce202eaa78860c,3,5:00
"July 17, 2021",Lightweight,http://ufcstats.com/fight-details/7d4c160dab6eae73,4,2:38
"July 17, 2021",Women's Bantamweight,http://ufcstats.com/fight-details/f0b83b05f3dd9580,3,1:53
"July 17, 2021",Lightweight,http://ufcstats.com/fight-details/72105dd82d964e7a,1,1:05
"July 17, 2021",Middleweight,http://ufcstats.com/fight-details/813444e109995c97,3,1:54
"July 17, 2021",Featherweight,http://ufcstats.com/fight-details/940701effe1d2b6c,3,3:40
"July 17, 2021",Welterweight,http://ufcstats.com/fight-details/8151659b2bc16f0e,1,3:47
"July 17, 2021",Women's Strawweight,http://ufcstats.com/fight-details/c5e71fbf22f669f7,1,0:35
"July 17, 2021",Bantamweight,http://ufcstats.com/fight-details/93d5452726f5f364,3,5:00
"July 17, 2021",Flyweight,http://ufcstats.com/fight-details/49876b12d440af40,3,5:00
"July 17, 2021",Heavyweight,http://ufcstats.com/fight-details/7d0874323bd1f768,2,1:29
"July 10, 2021",Lightweight,http://ufcstats.com/fight-details/7d0ce28ce8a77eb1,1,5:00
"July 10, 2021",Welterweight,http://ufcstats.com/fight-details/8245791a3d3403c6,3,5:00
"July 10, 2021",Heavyweight,http://ufcstats.com/fight-details/53b480b44b0b51f1,1,1:07
"July 10, 2021",Women's Bantamweight,http://ufcstats.com/fight-details/3740c8033e31c90d,1,4:35
"July 10, 2021",Bantamweight,http://ufcstats.com/fight-details/dbcc5b5d568efa8b,3,4:33
"July 10, 2021",Welterweight,http://ufcstats.com/fight-details/7070abfa26c079b8,3,5:00
"July 10, 2021",Welterweight,http://ufcstats.com/fight-details/96bbb6c573dac27a,3,5:00
"July 10, 2021",Featherweight,http://ufcstats.com/fight-details/07468b6347ac5e3d,1,4:47
"July 10, 2021",Middleweight,http://ufcstats.com/fight-details/858feabaf429a963,2,1:41
"July 10, 2021",Women's Flyweight,http://ufcstats.com/fight-details/5d5bf07dbfada0e3,3,5:00
"July 10, 2021",Middleweight,http://ufcstats.com/fight-details/1aba46988c9b58f9,3,5:00
"July 10, 2021",Flyweight,http://ufcstats.com/fight-details/ac0a1d87e9ff4085,1,2:02
"June 26, 2021",Heavyweight,http://ufcstats.com/fight-details/78afed76d0e9a639,5,5:00
"June 26, 2021",Heavyweight,http://ufcstats.com/fight-details/d40eae4425092219,2,2:31
"June 26, 2021",Bantamweight,http://ufcstats.com/fight-details/ce0fda34122f3d48,3,5:00
"June 26, 2021",Featherweight,http://ufcstats.com/fight-details/4622ec182e7fed6b,2,0:46
"June 26, 2021",Welterweight,http://ufcstats.com/fight-details/c9283da5f4d7aaf4,3,5:00
"June 26, 2021",Lightweight,http://ufcstats.com/fight-details/4341ebb5a56e6943,2,4:34
"June 26, 2021",Light Heavyweight,http://ufcstats.com/fight-details/85099c6378ff87c5,3,0:20
"June 26, 2021",Welterweight,http://ufcstats.com/fight-details/086c2a0cae0835c4,2,2:10
"June 26, 2021",Welterweight,http://ufcstats.com/fight-details/81de3929330076d2,2,0:30
"June 26, 2021",Light Heavyweight,http://ufcstats.com/fight-details/d988760df61f027c,2,0:56
"June 26, 2021",Women's Bantamweight,http://ufcstats.com/fight-details/0eac7075bf3d7ab7,3,4:19
"June 26, 2021",Featherweight,http://ufcstats.com/fight-details/5357dab4d331eb18,3,5:00
"June 26, 2021",Lightweight,http://ufcstats.com/fight-details/23c7c6ceee34585f,3,5:00
"June 19, 2021",Featherweight,http://ufcstats.com/fight-details/50cae63d530ede7c,5,5:00
"June 19, 2021",Heavyweight,http://ufcstats.com/fight-details/6fd9a013cea5a403,3,5:00
"June 19, 2021",Bantamweight,http://ufcstats.com/fight-details/a83ebbf013905949,3,5:00
"June 19, 2021",Featherweight,http://ufcstats.com/fight-details/d3c0dfa57950aefd,1,1:37
"June 19, 2021",Middleweight,http://ufcstats.com/fight-details/bb1ac382e0277b3f,1,4:45
"June 19, 2021",Welterweight,http://ufcstats.com/fight-details/2bdf774dc8b17504,2,3:02
"June 19, 2021",Light Heavyweight,http://ufcstats.com/fight-details/744627aec853874e,3,5:00
"June 19, 2021",Women's Strawweight,http://ufcstats.com/fight-details/53ed3f8f653b37b2,2,5:00
"June 19, 2021",Welterweight,http://ufcstats.com/fight-details/87c8e086c29ae543,3,5:00
"June 19, 2021",Heavyweight,http://ufcstats.com/fight-details/e8fd128286788a6d,3,5:00
"June 19, 2021",Lightweight,http://ufcstats.com/fight-details/1e9f081a84e7ec18,1,0:37
"June 19, 2021",Women's Flyweight,http://ufcstats.com/fight-details/d684d8b02ab53031,3,2:54
"June 12, 2021",Middleweight,http://ufcstats.com/fight-details/6cd44e1b2d093ea4,5,5:00
"June 12, 2021",Flyweight,http://ufcstats.com/fight-details/0f51869f98afa6c0,3,2:26
"June 12, 2021",Welterweight,http://ufcstats.com/fight-details/b070b8c2c489d838,5,5:00
"June 12, 2021",Welterweight,http://ufcstats.com/fight-details/43dfb2c1e5fecac9,3,5:00
"June 12, 2021",Light Heavyweight,http://ufcstats.com/fight-details/4560734220b96851,1,1:59
"June 12, 2021",Lightweight,http://ufcstats.com/fight-details/7d2051c6bae907cb,3,5:00
"June 12, 2021",Light Heavyweight,http://ufcstats.com/fight-details/9127a6430e46292c,3,5:00
"June 12, 2021",Women's Flyweight,http://ufcstats.com/fight-details/34cb6e9952cd30a4,3,5:00
"June 12, 2021",Featherweight,http://ufcstats.com/fight-details/d66164d2c770da68,3,5:00
"June 12, 2021",Women's Bantamweight,http://ufcstats.com/fight-details/34d38d77c1d3f00e,3,5:00
"June 12, 2021",Lightweight,http://ufcstats.com/fight-details/d4ad90ac58429b64,1,0:07
"June 12, 2021",Featherweight,http://ufcstats.com/fight-details/84cde29aebf6c00c,3,5:00
"June 12, 2021",Lightweight,http://ufcstats.com/fight-details/dedb74ee9d84deab,3,5:00
"June 12, 2021",Heavyweight,http://ufcstats.com/fight-details/1b4d5dbf5f663a97,3,5:00
"June 05, 2021",Heavyweight,http://ufcstats.com/fight-details/2c0cddd12deb7450,1,4:59
"June 05, 2021",Heavyweight,http://ufcstats.com/fight-details/f187c7ec92f43828,1,4:06
"June 05, 2021",Middleweight,http://ufcstats.com/fight-details/bb6438338bb8aebf,3,5:00
"June 05, 2021",Welterweight,http://ufcstats.com/fight-details/5c0e5d850d8e661f,3,5:00
"June 05, 2021",Middleweight,http://ufcstats.com/fight-details/9252ad2304fd9a26,3,5:00
"June 05, 2021",Women's Flyweight,http://ufcstats.com/fight-details/1a50d5c7e1e5c058,2,4:27
"June 05, 2021",Heavyweight,http://ufcstats.com/fight-details/0716a38768a34789,3,5:00
"June 05, 2021",Welterweight,http://ufcstats.com/fight-details/23b943e9ce495f0b,3,5:00
"June 05, 2021",Featherweight,http://ufcstats.com/fight-details/827aacd14f80e8f3,3,5:00
"June 05, 2021",Lightweight,http://ufcstats.com/fight-details/9cdfcd164b48f55e,2,2:14
"June 05, 2021",Women's Flyweight,http://ufcstats.com/fight-details/419d1e29668b57fb,2,3:00
"June 05, 2021",Featherweight,http://ufcstats.com/fight-details/73a83b2595416f0a,3,5:00
"June 05, 2021",Lightweight,http://ufcstats.com/fight-details/58c5d506181812fa,3,5:00
"May 22, 2021",Bantamweight,http://ufcstats.com/fight-details/d16f7ab4e28171ea,5,5:00
"May 22, 2021",Women's Strawweight,http://ufcstats.com/fight-details/16369fa06392f6a0,2,2:58
"May 22, 2021",Heavyweight,http://ufcstats.com/fight-details/559c0c3d752f327a,3,5:00
"May 22, 2021",Women's Featherweight,http://ufcstats.com/fight-details/138f719d370e8ba0,3,5:00
"May 22, 2021",Featherweight,http://ufcstats.com/fight-details/ae0afbff5ba07a34,3,5:00
"May 22, 2021",Middleweight,http://ufcstats.com/fight-details/7f8340dfe4220c3e,3,5:00
"May 22, 2021",Heavyweight,http://ufcstats.com/fight-details/3627f5133ce55902,2,2:07
"May 22, 2021",Welterweight,http://ufcstats.com/fight-details/e624d85a0d718578,3,5:00
"May 22, 2021",Flyweight,http://ufcstats.com/fight-details/b381dc272b32ce03,1,1:00
"May 22, 2021",Featherweight,http://ufcstats.com/fight-details/c7cf2194fe5c751f,3,5:00
"May 22, 2021",Flyweight,http://ufcstats.com/fight-details/d44a814b106b94ff,1,2:18
"May 22, 2021",Lightweight,http://ufcstats.com/fight-details/82d48296fd06c27f,3,5:00
"May 15, 2021",Lightweight,http://ufcstats.com/fight-details/fef29aa73bd5b907,2,0:19
"May 15, 2021",Lightweight,http://ufcstats.com/fight-details/cfbaeb80b5ff7c00,3,5:00
"May 15, 2021",Bantamweight,http://ufcstats.com/fight-details/969aa613824c5dfe,3,5:00
"May 15, 2021",Women's Flyweight,http://ufcstats.com/fight-details/8cb4e3f056a84b0d,3,5:00
"May 15, 2021",Featherweight,http://ufcstats.com/fight-details/6655a8da2655f2d0,3,1:16
"May 15, 2021",Middleweight,http://ufcstats.com/fight-details/ca22bafab913aae7,1,3:59
"May 15, 2021",Featherweight,http://ufcstats.com/fight-details/be2e28ba3bdeb400,3,5:00
"May 15, 2021",Middleweight,http://ufcstats.com/fight-details/5573d46130d6b967,1,1:04
"May 15, 2021",Women's Flyweight,http://ufcstats.com/fight-details/2b894d87ad9aae05,2,4:52
"May 15, 2021",Women's Flyweight,http://ufcstats.com/fight-details/bfd672cac0726a9a,2,4:51
"May 15, 2021",Featherweight,http://ufcstats.com/fight-details/1f2f27b36e79da74,3,5:00
"May 15, 2021",Lightweight,http://ufcstats.com/fight-details/de332779baa1b103,2,0:59
"May 08, 2021",Women's Flyweight,http://ufcstats.com/fight-details/b948102c6205af63,5,5:00
"May 08, 2021",Welterweight,http://ufcstats.com/fight-details/db2c805201a3116e,1,4:40
"May 08, 2021",Welterweight,http://ufcstats.com/fight-details/178c4926223dca0c,3,5:00
"May 08, 2021",Heavyweight,http://ufcstats.com/fight-details/3f71ac21472f994c,3,5:00
"May 08, 2021",Lightweight,http://ufcstats.com/fight-details/295a0bf12a7373c0,2,4:51
"May 08, 2021",Middleweight,http://ufcstats.com/fight-details/00fbeda449926c13,3,5:00
"May 08, 2021",Featherweight,http://ufcstats.com/fight-details/4ffbadfb86284af5,3,5:00
"May 08, 2021",Middleweight,http://ufcstats.com/fight-details/8a95f0e3f9111f0c,3,5:00
"May 08, 2021",Welterweight,http://ufcstats.com/fight-details/37fda56a435a9b24,1,2:52
"May 01, 2021",Light Heavyweight,http://ufcstats.com/fight-details/394802bb096b403e,2,4:29
"May 01, 2021",Featherweight,http://ufcstats.com/fight-details/2f82e8079ba354f4,1,1:03
"May 01, 2021",Light Heavyweight,http://ufcstats.com/fight-details/ec8d93ae99a7799d,3,5:00
"May 01, 2021",Middleweight,http://ufcstats.com/fight-details/ffd8e8575a551875,3,5:00
"May 01, 2021",Bantamweight,http://ufcstats.com/fight-details/26202a4bd36d3fd2,3,5:00
"May 01, 2021",Women's Strawweight,http://ufcstats.com/fight-details/c9c79de21823d941,1,4:16
"May 01, 2021",Featherweight,http://ufcstats.com/fight-details/d72f9b3ac742a9e3,3,5:00
"May 01, 2021",Women's Flyweight,http://ufcstats.com/fight-details/2ef09c8fe29251ac,3,5:00
"May 01, 2021",Women's Strawweight,http://ufcstats.com/fight-details/d6b5a6ad27a730ae,3,5:00
"May 01, 2021",Middleweight,http://ufcstats.com/fight-details/78dc032441394331,3,5:00
"May 01, 2021",Featherweight,http://ufcstats.com/fight-details/3d790112d2e6d851,3,5:00
"April 24, 2021",Welterweight,http://ufcstats.com/fight-details/6a5eb525331fa1fc,2,1:02
"April 24, 2021",Women's Strawweight,http://ufcstats.com/fight-details/6d8da45352344964,1,1:18
"April 24, 2021",Women's Flyweight,http://ufcstats.com/fight-details/34d2632fd26e7078,2,3:19
"April 24, 2021",Middleweight,http://ufcstats.com/fight-details/1820fed0fbcf6294,1,0:17
"April 24, 2021",Light Heavyweight,http://ufcstats.com/fight-details/00bbcd4a6d647fdf,1,5:00
"April 24, 2021",Welterweight,http://ufcstats.com/fight-details/512af32553d9bd70,1,2:50
"April 24, 2021",Welterweight,http://ufcstats.com/fight-details/c5dfce1eaa2dc169,3,5:00
"April 24, 2021",Middleweight,http://ufcstats.com/fight-details/f5dd0a24a7dba53c,1,4:55
"April 24, 2021",Featherweight,http://ufcstats.com/fight-details/6a7347d1da8a2b87,3,5:00
"April 24, 2021",Bantamweight,http://ufcstats.com/fight-details/eb5d62bda1581c62,1,0:50
"April 24, 2021",Lightweight,http://ufcstats.com/fight-details/c3b8d8e7d256c307,3,5:00
"April 24, 2021",Flyweight,http://ufcstats.com/fight-details/b5a8323de18f7e95,3,5:00
"April 24, 2021",Women's Strawweight,http://ufcstats.com/fight-details/a3cde349c8e018fb,2,1:28
"April 17, 2021",Middleweight,http://ufcstats.com/fight-details/f67aa0b16e16a9ea,5,5:00
"April 17, 2021",Heavyweight,http://ufcstats.com/fight-details/f2c82f027201ba21,3,5:00
"April 17, 2021",Middleweight,http://ufcstats.com/fight-details/a850ba762f3c5334,3,5:00
"April 17, 2021",Women's Flyweight,http://ufcstats.com/fight-details/0b2c3c4306620d6d,3,5:00
"April 17, 2021",Lightweight,http://ufcstats.com/fight-details/a33ecd2c88154890,3,5:00
"April 17, 2021",Heavyweight,http://ufcstats.com/fight-details/fdfe4e7cb2d0b665,3,1:05
"April 17, 2021",Women's Strawweight,http://ufcstats.com/fight-details/25d4376e00b16510,3,5:00
"April 17, 2021",Middleweight,http://ufcstats.com/fight-details/627c0a50cff30405,1,2:00
"April 17, 2021",Lightweight,http://ufcstats.com/fight-details/8d634c9240f161dd,3,5:00
"April 17, 2021",Bantamweight,http://ufcstats.com/fight-details/24ff385ca78c80d3,2,1:31
"April 10, 2021",Middleweight,http://ufcstats.com/fight-details/ddd63237f1b857a6,5,5:00
"April 10, 2021",Featherweight,http://ufcstats.com/fight-details/71b81d8199a0fa19,3,5:00
"April 10, 2021",Middleweight,http://ufcstats.com/fight-details/646eeca9447c6965,2,2:07
"April 10, 2021",Women's Strawweight,http://ufcstats.com/fight-details/0992795fd0fa06d0,1,4:48
"April 10, 2021",Welterweight,http://ufcstats.com/fight-details/ac9a8b73e58f3d71,3,5:00
"April 10, 2021",Lightweight,http://ufcstats.com/fight-details/e27c28928ed4390f,3,5:00
"April 10, 2021",Lightweight,http://ufcstats.com/fight-details/998296216e7171ed,2,1:22
"April 10, 2021",Lightweight,http://ufcstats.com/fight-details/7aebf01b5afc0109,3,5:00
"April 10, 2021",Heavyweight,http://ufcstats.com/fight-details/444f0a732695dc81,1,3:02
"April 10, 2021",Bantamweight,http://ufcstats.com/fight-details/1fee9eca658d9808,3,5:00
"April 10, 2021",Featherweight,http://ufcstats.com/fight-details/93a1cd50374397c0,3,5:00
"April 10, 2021",Light Heavyweight,http://ufcstats.com/fight-details/cd5d9828b278181a,3,5:00
"April 10, 2021",Welterweight,http://ufcstats.com/fight-details/3209bcfaf95de90b,2,0:26
"March 27, 2021",Heavyweight,http://ufcstats.com/fight-details/b1eff235241e719b,2,0:52
"March 27, 2021",Welterweight,http://ufcstats.com/fight-details/39d188fa9b95d550,1,3:56
"March 27, 2021",Bantamweight,http://ufcstats.com/fight-details/0aa335dbc4cb3473,3,3:52
"March 27, 2021",Women's Flyweight,http://ufcstats.com/fight-details/8317208cfb030ed3,3,5:00
"March 27, 2021",Lightweight,http://ufcstats.com/fight-details/390694c179f05c7f,1,0:46
"March 27, 2021",Light Heavyweight,http://ufcstats.com/fight-details/48292a027df02443,1,1:11
"March 27, 2021",Welterweight,http://ufcstats.com/fight-details/4b3af85b0df51d09,3,5:00
"March 27, 2021",Light Heavyweight,http://ufcstats.com/fight-details/6002c24f0b7f8cc7,3,5:00
"March 27, 2021",Featherweight,http://ufcstats.com/fight-details/2220b73ece1730c3,3,5:00
"March 27, 2021",Middleweight,http://ufcstats.com/fight-details/41622791b276ad9e,3,4:56
"March 20, 2021",Middleweight,http://ufcstats.com/fight-details/2efbcd870f1f7bc7,5,5:00
"March 20, 2021",Welterweight,http://ufcstats.com/fight-details/edac9fd482177a64,1,2:20
"March 20, 2021",Women's Strawweight,http://ufcstats.com/fight-details/dd7f3f91ea6067d4,3,5:00
"March 20, 2021",Bantamweight,http://ufcstats.com/fight-details/afc86d1076c4c3a9,3,0:27
"March 20, 2021",Heavyweight,http://ufcstats.com/fight-details/9e45cc594a5a2506,1,0:49
"March 20, 2021",Women's Bantamweight,http://ufcstats.com/fight-details/dcfbbebc0aee6ded,3,5:00
"March 20, 2021",Lightweight,http://ufcstats.com/fight-details/a043e279434d5c8c,3,4:59
"March 20, 2021",Middleweight,http://ufcstats.com/fight-details/68cf99b6551dc3b3,3,5:00
"March 20, 2021",Bantamweight,http://ufcstats.com/fight-details/b8a0047c927faa75,1,1:58
"March 20, 2021",Flyweight,http://ufcstats.com/fight-details/55bf7f19a132e0fc,2,2:56
"March 13, 2021",Welterweight,http://ufcstats.com/fight-details/2c13b938e0f8190b,2,0:18
"March 13, 2021",Light Heavyweight,http://ufcstats.com/fight-details/4944437e73071671,1,1:11
"March 13, 2021",Featherweight,http://ufcstats.com/fight-details/d15a87087b6f1452,1,0:22
"March 13, 2021",Bantamweight,http://ufcstats.com/fight-details/70aa6b8f863e6861,2,3:03
"March 13, 2021",Flyweight,http://ufcstats.com/fight-details/01f262b68a6a2223,3,5:00
"March 13, 2021",Middleweight,http://ufcstats.com/fight-details/dc48627a5f2daba9,1,4:37
"March 13, 2021",Women's Strawweight,http://ufcstats.com/fight-details/18c67631b76c18e5,3,5:00
"March 13, 2021",Featherweight,http://ufcstats.com/fight-details/bb7ce8a6ba7f7cc5,3,4:31
"March 13, 2021",Bantamweight,http://ufcstats.com/fight-details/03bdbf2d18f3025d,2,3:09
"March 13, 2021",Lightweight,http://ufcstats.com/fight-details/a6828a6dfb21d33c,3,5:00
"March 13, 2021",Women's Flyweight,http://ufcstats.com/fight-details/e8adfbbe0053c321,3,5:00
"March 13, 2021",Women's Strawweight,http://ufcstats.com/fight-details/8a7b0cd5ad9ca4fe,3,5:00
"March 13, 2021",Welterweight,http://ufcstats.com/fight-details/d0ebb0551377a1c1,1,0:16
"March 06, 2021",Light Heavyweight,http://ufcstats.com/fight-details/7de9867b7cc2b1b1,5,5:00
"March 06, 2021",Women's Featherweight,http://ufcstats.com/fight-details/fd92fe0c494d0959,1,2:03
"March 06, 2021",Bantamweight,http://ufcstats.com/fight-details/15c9cb5f9320c555,4,4:29
"March 06, 2021",Lightweight,http://ufcstats.com/fight-details/c06d7bb29bc24d00,3,1:37
"March 06, 2021",Light Heavyweight,http://ufcstats.com/fight-details/04a788abbbd1f256,3,5:00
"March 06, 2021",Bantamweight,http://ufcstats.com/fight-details/f4363f1317b47213,3,5:00
"March 06, 2021",Bantamweight,http://ufcstats.com/fight-details/5980ab31e4718a83,3,5:00
"March 06, 2021",Flyweight,http://ufcstats.com/fight-details/ae5d14a9fc1ad19c,3,5:00
"March 06, 2021",Flyweight,http://ufcstats.com/fight-details/873306ad79b62f5e,1,4:55
"March 06, 2021",Flyweight,http://ufcstats.com/fight-details/2704d31de2c2f43b,3,5:00
"March 06, 2021",Light Heavyweight,http://ufcstats.com/fight-details/d170f6580e1c244f,2,3:19
"March 06, 2021",Welterweight,http://ufcstats.com/fight-details/7ad09f889d2cdb6f,3,3:28
"March 06, 2021",Women's Strawweight,http://ufcstats.com/fight-details/50ef636148fa6fac,1,3:39
"March 06, 2021",Lightweight,http://ufcstats.com/fight-details/e2abba69c3371618,1,1:40
"March 06, 2021",Bantamweight,http://ufcstats.com/fight-details/c096342c57a6f2c4,2,0:47
"February 27, 2021",Heavyweight,http://ufcstats.com/fight-details/4a704dae3091adaf,5,5:00
"February 27, 2021",Light Heavyweight,http://ufcstats.com/fight-details/3a4e2dffcdd1c838,3,5:00
"February 27, 2021",Women's Flyweight,http://ufcstats.com/fight-details/f3ad8ad8d242678e,3,5:00
"February 27, 2021",Bantamweight,http://ufcstats.com/fight-details/c2ee423d1f0b4f6f,3,5:00
"February 27, 2021",Featherweight,http://ufcstats.com/fight-details/6a0341234ecc4e87,3,5:00
"February 27, 2021",Lightweight,http://ufcstats.com/fight-details/3eac2d47ac252f4b,3,5:00
"February 27, 2021",Women's Bantamweight,http://ufcstats.com/fight-details/a7315147a7022a93,3,5:00
"February 27, 2021",Bantamweight,http://ufcstats.com/fight-details/11a83369d49ad138,3,2:38
"February 27, 2021",Light Heavyweight,http://ufcstats.com/fight-details/bc86601cf781a89c,3,5:00
"February 20, 2021",Heavyweight,http://ufcstats.com/fight-details/b12bc15f384ecc42,2,1:26
"February 20, 2021",Women's Bantamweight,http://ufcstats.com/fight-details/a4814d682954e8ab,3,5:00
"February 20, 2021",Featherweight,http://ufcstats.com/fight-details/82243207b4dfce87,3,5:00
"February 20, 2021",Heavyweight,http://ufcstats.com/fight-details/8f7328fe18806fb0,1,1:55
"February 20, 2021",Middleweight,http://ufcstats.com/fight-details/05ceb8b2f93993a6,3,5:00
"February 20, 2021",Heavyweight,http://ufcstats.com/fight-details/15b1c7ddc4415fdd,2,1:09
"February 20, 2021",Featherweight,http://ufcstats.com/fight-details/931fd51ab69fb443,3,5:00
"February 20, 2021",Bantamweight,http://ufcstats.com/fight-details/990c2378caec68d4,1,4:44
"February 20, 2021",Featherweight,http://ufcstats.com/fight-details/e175c1a0bff30187,1,0:56
"February 20, 2021",Women's Flyweight,http://ufcstats.com/fight-details/1d892fec31dc7ad7,2,3:41
"February 20, 2021",Bantamweight,http://ufcstats.com/fight-details/b9cd4910f0ecff45,1,3:05
"February 20, 2021",Heavyweight,http://ufcstats.com/fight-details/c3b6aa47e7532a7b,2,4:32
"February 13, 2021",Welterweight,http://ufcstats.com/fight-details/be94e5b7a35ce5f2,3,0:34
"February 13, 2021",Women's Flyweight,http://ufcstats.com/fight-details/25b8c932da5e91f4,3,5:00
"February 13, 2021",Middleweight,http://ufcstats.com/fight-details/26fbf026beb8e9f8,3,5:00
"February 13, 2021",Featherweight,http://ufcstats.com/fight-details/54e2490959f66dc2,3,5:00
"February 13, 2021",Middleweight,http://ufcstats.com/fight-details/9201312dd860fa5a,3,4:17
"February 13, 2021",Middleweight,http://ufcstats.com/fight-details/96b1430379c0694a,2,1:53
"February 13, 2021",Welterweight,http://ufcstats.com/fight-details/8cf076524cad5a55,3,5:00
"February 13, 2021",Women's Strawweight,http://ufcstats.com/fight-details/17616514e8fdacb9,1,3:18
"February 13, 2021",Catch Weight,http://ufcstats.com/fight-details/f98e954823bd6e02,3,5:00
"February 13, 2021",Welterweight,http://ufcstats.com/fight-details/357c5b86ec83b826,3,5:00
"February 06, 2021",Heavyweight,http://ufcstats.com/fight-details/8b9bdacca749ec90,2,2:06
"February 06, 2021",Bantamweight,http://ufcstats.com/fight-details/9ef858837dfc65eb,1,0:28
"February 06, 2021",Lightweight,http://ufcstats.com/fight-details/f4fbb11055301e75,3,5:00
"February 06, 2021",Flyweight,http://ufcstats.com/fight-details/2c81668d1459991f,3,5:00
"February 06, 2021",Lightweight,http://ufcstats.com/fight-details/bbade63ca780668f,3,5:00
"February 06, 2021",Light Heavyweight,http://ufcstats.com/fight-details/af8ea6db042674ef,2,4:52
"February 06, 2021",Catch Weight,http://ufcstats.com/fight-details/464cc19d42446da9,2,3:38
"February 06, 2021",Women's Bantamweight,http://ufcstats.com/fight-details/8c34e1e0d842618d,3,5:00
"February 06, 2021",Women's Flyweight,http://ufcstats.com/fight-details/d65da3a3bc675449,3,5:00
"February 06, 2021",Featherweight,http://ufcstats.com/fight-details/86d6e09932c5b551,3,5:00
"February 06, 2021",Featherweight,http://ufcstats.com/fight-details/eb4e9ec015533ab4,3,5:00
"February 06, 2021",Featherweight,http://ufcstats.com/fight-details/3ac61bcb406e1a0c,1,0:26
"January 23, 2021",Lightweight,http://ufcstats.com/fight-details/3d3e7dc7b4bf2bc4,2,2:32
"January 23, 2021",Lightweight,http://ufcstats.com/fight-details/a5075f4eaee6036f,1,2:30
"January 23, 2021",Women's Flyweight,http://ufcstats.com/fight-details/c4ea3f6fae702459,3,5:00
"January 23, 2021",Middleweight,http://ufcstats.com/fight-details/65352221c0bfe52d,3,2:59
"January 23, 2021",Women's Strawweight,http://ufcstats.com/fight-details/cd08b68f0bafafbf,2,0:54
"January 23, 2021",Lightweight,http://ufcstats.com/fight-details/99dbe9669f31ed91,3,5:00
"January 23, 2021",Middleweight,http://ufcstats.com/fight-details/92f569a6d9374b86,3,5:00
"January 23, 2021",Women's Bantamweight,http://ufcstats.com/fight-details/83da743f6dda7dcc,3,3:39
"January 23, 2021",Light Heavyweight,http://ufcstats.com/fight-details/c597fd8bb66d54d8,3,5:00
"January 23, 2021",Catch Weight,http://ufcstats.com/fight-details/f3ccbfd7036f3cf3,3,5:00
"January 23, 2021",Flyweight,http://ufcstats.com/fight-details/aaf45b095452be23,3,5:00
"January 20, 2021",Welterweight,http://ufcstats.com/fight-details/61bedad39b15db7a,5,5:00
"January 20, 2021",Welterweight,http://ufcstats.com/fight-details/dd34dd337e637767,1,2:35
"January 20, 2021",Light Heavyweight,http://ufcstats.com/fight-details/4f6d3cdf2c77fb57,2,0:39
"January 20, 2021",Women's Flyweight,http://ufcstats.com/fight-details/a003e8305d4dbdc8,3,5:00
"January 20, 2021",Flyweight,http://ufcstats.com/fight-details/57e784028ef2c17d,3,5:00
"January 20, 2021",Featherweight,http://ufcstats.com/fight-details/d27ac1bc677b89cf,3,5:00
"January 20, 2021",Middleweight,http://ufcstats.com/fight-details/ac475de5a3d0d7e2,2,1:41
"January 20, 2021",Bantamweight,http://ufcstats.com/fight-details/4abcf14faa7f92f2,2,4:00
"January 20, 2021",Flyweight,http://ufcstats.com/fight-details/ddbe6fd66d7f9e35,3,5:00
"January 20, 2021",Middleweight,http://ufcstats.com/fight-details/76b61ff4c9760f79,3,5:00
"January 20, 2021",Flyweight,http://ufcstats.com/fight-details/4e451881e0e47b05,3,5:00
"January 20, 2021",Lightweight,http://ufcstats.com/fight-details/031e6624f96aceb8,3,5:00
"January 20, 2021",Bantamweight,http://ufcstats.com/fight-details/11558384f80f6506,2,3:39
"January 20, 2021",Women's Flyweight,http://ufcstats.com/fight-details/ae38fb2a6b6a0cc1,2,4:08
"January 16, 2021",Featherweight,http://ufcstats.com/fight-details/a4817b7e46028b4a,5,5:00
"January 16, 2021",Welterweight,http://ufcstats.com/fight-details/6b0da0b1cda7799f,3,5:00
"January 16, 2021",Welterweight,http://ufcstats.com/fight-details/aeb7ff8ce6e1beac,1,4:25
"January 16, 2021",Middleweight,http://ufcstats.com/fight-details/775c1f401815bbd8,1,2:12
"January 16, 2021",Middleweight,http://ufcstats.com/fight-details/358f816aff469270,1,4:48
"January 16, 2021",Women's Bantamweight,http://ufcstats.com/fight-details/97ad63e644757cf4,3,5:00
"January 16, 2021",Heavyweight,http://ufcstats.com/fight-details/0165bd3c26f0c076,3,5:00
"January 16, 2021",Welterweight,http://ufcstats.com/fight-details/3fcd53eb27945231,3,5:00
"January 16, 2021",Women's Bantamweight,http://ufcstats.com/fight-details/97c80f69ac312030,3,5:00
"January 16, 2021",Featherweight,http://ufcstats.com/fight-details/3d903bc35023f50a,3,5:00
"December 19, 2020",Welterweight,http://ufcstats.com/fight-details/c7375d5db21cbaae,5,5:00
"December 19, 2020",Bantamweight,http://ufcstats.com/fight-details/014f1da2083ca174,3,5:00
"December 19, 2020",Welterweight,http://ufcstats.com/fight-details/3d35eb2d46bf74de,3,5:00
"December 19, 2020",Bantamweight,http://ufcstats.com/fight-details/8955ea3c7c332e6c,1,3:47
"December 19, 2020",Heavyweight,http://ufcstats.com/fight-details/cd150cd28738a7c5,2,4:31
"December 19, 2020",Welterweight,http://ufcstats.com/fight-details/1c4602efe5587902,3,5:00
"December 19, 2020",Women's Bantamweight,http://ufcstats.com/fight-details/4cb249714ff56656,3,5:00
"December 19, 2020",Catch Weight,http://ufcstats.com/fight-details/f004d3d50b78af50,3,5:00
"December 19, 2020",Women's Flyweight,http://ufcstats.com/fight-details/f2fb049980631302,3,5:00
"December 19, 2020",Middleweight,http://ufcstats.com/fight-details/0fe4906754b2d0f9,3,5:00
"December 19, 2020",Flyweight,http://ufcstats.com/fight-details/62e6eadbb2805760,1,3:18
"December 19, 2020",Catch Weight,http://ufcstats.com/fight-details/8da75fd76a9b8e1d,3,5:00
"December 12, 2020",Flyweight,http://ufcstats.com/fight-details/c258996570faeec9,5,5:00
"December 12, 2020",Lightweight,http://ufcstats.com/fight-details/b7b867eb3c3cf163,3,5:00
"December 12, 2020",Women's Strawweight,http://ufcstats.com/fight-details/27200d53ba9020b8,3,5:00
"December 12, 2020",Middleweight,http://ufcstats.com/fight-details/4a172a5191cb8e60,1,1:45
"December 12, 2020",Heavyweight,http://ufcstats.com/fight-details/fe3ff5b1d9135add,2,2:34
"December 12, 2020",Featherweight,http://ufcstats.com/fight-details/022bdd58cc6e571d,2,1:52
"December 12, 2020",Lightweight,http://ufcstats.com/fight-details/cb7616f92a9a4e5b,1,4:05
"December 12, 2020",Featherweight,http://ufcstats.com/fight-details/87d0b767742d3239,3,5:00
"December 12, 2020",Women's Strawweight,http://ufcstats.com/fight-details/5ddf45e816a50fac,1,5:00
"December 12, 2020",Featherweight,http://ufcstats.com/fight-details/33d52ac2d70b8415,3,3:02
"December 05, 2020",Middleweight,http://ufcstats.com/fight-details/2723f4d275d3f619,5,5:00
"December 05, 2020",Light Heavyweight,http://ufcstats.com/fight-details/8d4a475e48722fea,2,3:37
"December 05, 2020",Lightweight,http://ufcstats.com/fight-details/46860358da8b8d82,1,4:06
"December 05, 2020",Light Heavyweight,http://ufcstats.com/fight-details/4478ee77a647ae9d,3,5:00
"December 05, 2020",Lightweight,http://ufcstats.com/fight-details/856fab879c68ded7,1,0:22
"December 05, 2020",Bantamweight,http://ufcstats.com/fight-details/771d8ce136a12a13,2,2:15
"December 05, 2020",Featherweight,http://ufcstats.com/fight-details/b1be8b41b1a4fd85,1,2:38
"December 05, 2020",Heavyweight,http://ufcstats.com/fight-details/c4d1c4b82cf34afb,3,5:00
"November 28, 2020",Light Heavyweight,http://ufcstats.com/fight-details/09a29fb09fe07559,1,2:34
"November 28, 2020",Welterweight,http://ufcstats.com/fight-details/28b6ee9c3eb8b753,2,4:28
"November 28, 2020",Heavyweight,http://ufcstats.com/fight-details/32a7da2f34ae3803,3,5:00
"November 28, 2020",Featherweight,http://ufcstats.com/fight-details/181c3312f14de5a8,3,5:00
"November 28, 2020",Women's Bantamweight,http://ufcstats.com/fight-details/2a7909acde26a240,3,5:00
"November 28, 2020",Featherweight,http://ufcstats.com/fight-details/4d56bcd82438e632,2,4:28
"November 28, 2020",Bantamweight,http://ufcstats.com/fight-details/0c27552ea7bc8c8a,1,4:35
"November 28, 2020",Women's Flyweight,http://ufcstats.com/fight-details/711f00d287344c77,3,4:10
"November 28, 2020",Flyweight,http://ufcstats.com/fight-details/8868957c1735bcf0,1,0:44
"November 28, 2020",Catch Weight,http://ufcstats.com/fight-details/e64d80dcc6853ea0,2,2:29
"November 21, 2020",Flyweight,http://ufcstats.com/fight-details/3c098e2946b4c824,1,1:57
"November 21, 2020",Women's Flyweight,http://ufcstats.com/fight-details/c93eebe24aa0299d,5,5:00
"November 21, 2020",Welterweight,http://ufcstats.com/fight-details/2b13651b97f57b6c,3,5:00
"November 21, 2020",Women's Flyweight,http://ufcstats.com/fight-details/08ef2ed7393efd24,3,5:00
"November 21, 2020",Light Heavyweight,http://ufcstats.com/fight-details/1671723154d8e324,2,3:36
"November 21, 2020",Flyweight,http://ufcstats.com/fight-details/8d5ea3bf3be7cb91,1,4:59
"November 21, 2020",Middleweight,http://ufcstats.com/fight-details/6c1b38dd918793ff,2,0:18
"November 21, 2020",Women's Flyweight,http://ufcstats.com/fight-details/a485281be8e9d2e2,2,4:33
"November 21, 2020",Welterweight,http://ufcstats.com/fight-details/e22d5aab3d099c7c,3,5:00
"November 21, 2020",Welterweight,http://ufcstats.com/fight-details/a02764f92a84dd36,3,5:00
"November 21, 2020",Middleweight,http://ufcstats.com/fight-details/90eb22b9eb6ed2a8,3,5:00
"November 21, 2020",Welterweight,http://ufcstats.com/fight-details/91afc389191d41fb,3,2:47
"November 14, 2020",Lightweight,http://ufcstats.com/fight-details/80cb3cf9134b677c,5,5:00
"November 14, 2020",Welterweight,http://ufcstats.com/fight-details/30eb24f7904c2128,1,0:30
"November 14, 2020",Women's Strawweight,http://ufcstats.com/fight-details/34db1e0e2499e7ae,3,5:00
"November 14, 2020",Catch Weight,http://ufcstats.com/fight-details/fa6e8fa6c3f05e31,2,1:32
"November 14, 2020",Women's Strawweight,http://ufcstats.com/fight-details/742dc4196d329db0,3,5:00
"November 14, 2020",Women's Strawweight,http://ufcstats.com/fight-details/470391c4067bf49b,3,5:00
"November 14, 2020",Bantamweight,http://ufcstats.com/fight-details/9e4dcac049327529,3,5:00
"November 14, 2020",Welterweight,http://ufcstats.com/fight-details/d80fd2ec736f7df2,3,5:00
"November 14, 2020",Heavyweight,http://ufcstats.com/fight-details/f6472ca263a863d1,3,5:00
"November 07, 2020",Light Heavyweight,http://ufcstats.com/fight-details/923e151bd990961b,3,1:49
"November 07, 2020",Heavyweight,http://ufcstats.com/fight-details/f0cf92b063735164,3,5:00
"November 07, 2020",Bantamweight,http://ufcstats.com/fight-details/6ac3d588f9630f0a,3,5:00
"November 07, 2020",Featherweight,http://ufcstats.com/fight-details/0fed97329b78b887,1,3:51
"November 07, 2020",Women's Strawweight,http://ufcstats.com/fight-details/b76590c02f86e705,3,5:00
"November 07, 2020",Middleweight,http://ufcstats.com/fight-details/fea7dd5904ab4c91,3,1:26
"November 07, 2020",Heavyweight,http://ufcstats.com/fight-details/2267d967d1daf08a,1,4:48
"November 07, 2020",Featherweight,http://ufcstats.com/fight-details/69fa167ba5d0fd82,3,2:22
"November 07, 2020",Welterweight,http://ufcstats.com/fight-details/55019da3a4bd5d54,3,2:03
"November 07, 2020",Bantamweight,http://ufcstats.com/fight-details/cb720b01fd6f9785,1,2:43
"October 31, 2020",Middleweight,http://ufcstats.com/fight-details/039c645e8f3ac00f,4,1:24
"October 31, 2020",Featherweight,http://ufcstats.com/fight-details/83955de599b2d874,3,5:00
"October 31, 2020",Heavyweight,http://ufcstats.com/fight-details/d763ad79532b27ff,2,1:12
"October 31, 2020",Middleweight,http://ufcstats.com/fight-details/997dcf5fd2eb0f2f,1,2:39
"October 31, 2020",Lightweight,http://ufcstats.com/fight-details/6915d46b49999f60,3,5:00
"October 31, 2020",Lightweight,http://ufcstats.com/fight-details/95beb5ec32718faf,1,1:46
"October 31, 2020",Bantamweight,http://ufcstats.com/fight-details/4e566bd7094b49da,1,2:46
"October 31, 2020",Middleweight,http://ufcstats.com/fight-details/09f5fb0bec3c948a,3,5:00
"October 31, 2020",Welterweight,http://ufcstats.com/fight-details/696ff200d98fa878,2,2:09
"October 31, 2020",Light Heavyweight,http://ufcstats.com/fight-details/783761d95060ffc4,1,2:38
"October 31, 2020",Bantamweight,http://ufcstats.com/fight-details/7e6f12a95c14f9de,3,2:51
"October 24, 2020",Lightweight,http://ufcstats.com/fight-details/59eea37af7efb06c,2,1:34
"October 24, 2020",Middleweight,http://ufcstats.com/fight-details/51108eabae8391ca,3,5:00
"October 24, 2020",Heavyweight,http://ufcstats.com/fight-details/ccfe7b0d29c5440c,2,1:15
"October 24, 2020",Middleweight,http://ufcstats.com/fight-details/a2620cbef573a837,1,0:18
"October 24, 2020",Women's Flyweight,http://ufcstats.com/fight-details/e8ef17c0babcfca5,2,3:31
"October 24, 2020",Light Heavyweight,http://ufcstats.com/fight-details/eedcb6c5d163e581,1,4:19
"October 24, 2020",Heavyweight,http://ufcstats.com/fight-details/6eaa4981d0335c8a,1,4:59
"October 24, 2020",Catch Weight,http://ufcstats.com/fight-details/de2069fea664c4b7,3,5:00
"October 24, 2020",Welterweight,http://ufcstats.com/fight-details/5b062be91c65fb73,1,4:40
"October 24, 2020",Light Heavyweight,http://ufcstats.com/fight-details/55c257629ecea80f,3,5:00
"October 24, 2020",Women's Flyweight,http://ufcstats.com/fight-details/47f9c14a7dca1ad7,1,5:00
"October 24, 2020",Lightweight,http://ufcstats.com/fight-details/2279d909f6e3e552,1,3:00
"October 17, 2020",Featherweight,http://ufcstats.com/fight-details/5a440bdee19efaab,5,5:00
"October 17, 2020",Women's Flyweight,http://ufcstats.com/fight-details/e7a915f39ecf6db0,1,4:55
"October 17, 2020",Light Heavyweight,http://ufcstats.com/fight-details/948da1b7ebbb06b3,1,2:01
"October 17, 2020",Welterweight,http://ufcstats.com/fight-details/4eb5f99202f5fe97,3,5:00
"October 17, 2020",Featherweight,http://ufcstats.com/fight-details/e4d0be5ae320c4ae,3,5:00
"October 17, 2020",Lightweight,http://ufcstats.com/fight-details/e5279358b128c2ac,3,5:00
"October 17, 2020",Women's Flyweight,http://ufcstats.com/fight-details/9b6135943a4c8fe7,3,5:00
"October 17, 2020",Middleweight,http://ufcstats.com/fight-details/50e0bcba7551a25f,3,5:00
"October 17, 2020",Lightweight,http://ufcstats.com/fight-details/2735a2ea77ddc0b5,3,5:00
"October 17, 2020",Light Heavyweight,http://ufcstats.com/fight-details/b3e12698e65cf8d0,2,4:58
"October 17, 2020",Bantamweight,http://ufcstats.com/fight-details/024a04f78b37b7d9,1,0:51
"October 10, 2020",Bantamweight,http://ufcstats.com/fight-details/727ecd251325b6a8,2,1:03
"October 10, 2020",Featherweight,http://ufcstats.com/fight-details/db5802643b9fd7d4,3,5:00
"October 10, 2020",Heavyweight,http://ufcstats.com/fight-details/1720a97a2fa261f8,3,5:00
"October 10, 2020",Middleweight,http://ufcstats.com/fight-details/e64075c104471ff0,1,3:22
"October 10, 2020",Heavyweight,http://ufcstats.com/fight-details/e4d831dc318e4e98,1,1:35
"October 10, 2020",Featherweight,http://ufcstats.com/fight-details/22fe6779c3fa649d,3,5:00
"October 10, 2020",Middleweight,http://ufcstats.com/fight-details/7c4eb0b4845eb0ed,1,1:42
"October 10, 2020",Heavyweight,http://ufcstats.com/fight-details/1e525f9857019a2e,1,0:45
"October 10, 2020",Middleweight,http://ufcstats.com/fight-details/ee57cbd0b68c689d,2,2:03
"October 10, 2020",Bantamweight,http://ufcstats.com/fight-details/dfb856d4c80bbf04,3,5:00
"October 10, 2020",Featherweight,http://ufcstats.com/fight-details/89dd4c256ca5d317,3,5:00
"October 10, 2020",Women's Bantamweight,http://ufcstats.com/fight-details/849cc2c331e9b24f,3,5:00
"October 10, 2020",Flyweight,http://ufcstats.com/fight-details/dbb5d682a2d7f584,3,5:00
"October 03, 2020",Women's Bantamweight,http://ufcstats.com/fight-details/0005e00b07cee542,5,5:00
"October 03, 2020",Heavyweight,http://ufcstats.com/fight-details/ba6093c9136f99e9,3,5:00
"October 03, 2020",Women's Bantamweight,http://ufcstats.com/fight-details/81b16b26774be5d1,3,3:25
"October 03, 2020",Bantamweight,http://ufcstats.com/fight-details/c00a8682fb5b71bd,2,0:44
"October 03, 2020",Middleweight,http://ufcstats.com/fight-details/1e7caef3f6dfde10,2,3:15
"October 03, 2020",Welterweight,http://ufcstats.com/fight-details/24ff0bb908095565,3,5:00
"October 03, 2020",Featherweight,http://ufcstats.com/fight-details/f4e262b04f4e94bd,3,5:00
"October 03, 2020",Middleweight,http://ufcstats.com/fight-details/15a422574c3b89e1,3,5:00
"October 03, 2020",Women's Strawweight,http://ufcstats.com/fight-details/87105c63df95f929,3,5:00
"October 03, 2020",Bantamweight,http://ufcstats.com/fight-details/ac6b2a5f24c2b8bd,3,5:00
"October 03, 2020",Lightweight,http://ufcstats.com/fight-details/d866afa89d62a4ae,1,1:12
"September 26, 2020",Middleweight,http://ufcstats.com/fight-details/fd76b75c28dc247a,2,3:59
"September 26, 2020",Light Heavyweight,http://ufcstats.com/fight-details/4c12c9085200121f,2,4:36
"September 26, 2020",Flyweight,http://ufcstats.com/fight-details/9e674a02db6c03c8,2,0:48
"September 26, 2020",Women's Bantamweight,http://ufcstats.com/fight-details/e842c6f63fa2e27a,3,5:00
"September 26, 2020",Featherweight,http://ufcstats.com/fight-details/5a00c73efbcf323e,3,5:00
"September 26, 2020",Lightweight,http://ufcstats.com/fight-details/9f4d6d192ab4a027,3,5:00
"September 26, 2020",Welterweight,http://ufcstats.com/fight-details/73dbbdfcf7f989c0,3,5:00
"September 26, 2020",Featherweight,http://ufcstats.com/fight-details/eed8c9955cad1e30,1,1:16
"September 26, 2020",Light Heavyweight,http://ufcstats.com/fight-details/5fb63c34935acce9,3,5:00
"September 26, 2020",Heavyweight,http://ufcstats.com/fight-details/8e7b2d62f834b417,1,3:48
"September 26, 2020",Light Heavyweight,http://ufcstats.com/fight-details/e10481ee3fda7080,3,5:00
"September 19, 2020",Welterweight,http://ufcstats.com/fight-details/ca531425f5c042db,5,1:19
"September 19, 2020",Welterweight,http://ufcstats.com/fight-details/c0568b225d5f0fe6,3,5:00
"September 19, 2020",Middleweight,http://ufcstats.com/fight-details/498766b46b8b4a7f,1,0:17
"September 19, 2020",Light Heavyweight,http://ufcstats.com/fight-details/1a484c452623181e,1,2:43
"September 19, 2020",Women's Strawweight,http://ufcstats.com/fight-details/859ca56770ac7672,1,3:44
"September 19, 2020",Middleweight,http://ufcstats.com/fight-details/78c3ca588e55bf31,3,5:00
"September 19, 2020",Flyweight,http://ufcstats.com/fight-details/36807d8a7ebc84a5,3,5:00
"September 19, 2020",Featherweight,http://ufcstats.com/fight-details/aa08ebe1a69c76ca,3,1:21
"September 19, 2020",Women's Flyweight,http://ufcstats.com/fight-details/4f3cd94861c6a876,1,2:29
"September 19, 2020",Women's Bantamweight,http://ufcstats.com/fight-details/bf614956b28f231c,3,4:21
"September 19, 2020",Featherweight,http://ufcstats.com/fight-details/36656dfa32341671,1,0:52
"September 19, 2020",Bantamweight,http://ufcstats.com/fight-details/42ecb9a94bebc24d,1,0:41
"September 19, 2020",Bantamweight,http://ufcstats.com/fight-details/3a38b0b566f3045d,3,5:00
"September 19, 2020",Bantamweight,http://ufcstats.com/fight-details/579f3280456ad450,2,0:34
"September 12, 2020",Women's Strawweight,http://ufcstats.com/fight-details/0ffbf3096a13b47e,5,5:00
"September 12, 2020",Lightweight,http://ufcstats.com/fight-details/1ed8776f978a0155,1,1:33
"September 12, 2020",Women's Flyweight,http://ufcstats.com/fight-details/764012f51c7dc223,3,5:00
"September 12, 2020",Light Heavyweight,http://ufcstats.com/fight-details/3901d9cdbb0949bc,3,2:41
"September 12, 2020",Lightweight,http://ufcstats.com/fight-details/06910bddb0745856,3,5:00
"September 12, 2020",Featherweight,http://ufcstats.com/fight-details/c58aaabf2c5635d7,3,0:07
"September 12, 2020",Women's Bantamweight,http://ufcstats.com/fight-details/cf0e0f95524f187a,3,5:00
"September 12, 2020",Lightweight,http://ufcstats.com/fight-details/e1bb0b615c02d715,1,0:31
"September 12, 2020",Heavyweight,http://ufcstats.com/fight-details/2461756d8acd56d2,2,4:22
"September 12, 2020",Catch Weight,http://ufcstats.com/fight-details/bcc9dca5136fc765,2,4:20
"September 12, 2020",Welterweight,http://ufcstats.com/fight-details/463fc1fd1f17befb,3,5:00
"September 12, 2020",Women's Flyweight,http://ufcstats.com/fight-details/ed8fb10b596e6fa4,3,3:57
"September 05, 2020",Heavyweight,http://ufcstats.com/fight-details/24341a8cf1152c5c,5,0:26
"September 05, 2020",Light Heavyweight,http://ufcstats.com/fight-details/0e809b7e37681783,2,4:07
"September 05, 2020",Welterweight,http://ufcstats.com/fight-details/0f279b25ccbecc76,3,4:39
"September 05, 2020",Middleweight,http://ufcstats.com/fight-details/e8206c7380441fbb,1,2:42
"September 05, 2020",Featherweight,http://ufcstats.com/fight-details/7595aabe89020780,1,0:39
"September 05, 2020",Women's Flyweight,http://ufcstats.com/fight-details/7930c605c6a6ec88,3,5:00
"September 05, 2020",Bantamweight,http://ufcstats.com/fight-details/7340b4cbdbac5863,3,5:00
"August 29, 2020",Light Heavyweight,http://ufcstats.com/fight-details/1ff4586752ee8a93,3,5:00
"August 29, 2020",Welterweight,http://ufcstats.com/fight-details/864cddd6e165ea2d,3,5:00
"August 29, 2020",Women's Flyweight,http://ufcstats.com/fight-details/0a9f22de8600c762,3,5:00
"August 29, 2020",Featherweight,http://ufcstats.com/fight-details/3a8e4b830750e9d4,3,5:00
"August 29, 2020",Middleweight,http://ufcstats.com/fight-details/eb9097be07a3c26a,3,5:00
"August 29, 2020",Middleweight,http://ufcstats.com/fight-details/0a7517a16d2d9db6,3,5:00
"August 29, 2020",Featherweight,http://ufcstats.com/fight-details/d43c007dab9c51b0,1,3:38
"August 29, 2020",Welterweight,http://ufcstats.com/fight-details/c5ba56d51f6b0171,2,1:47
"August 29, 2020",Women's Strawweight,http://ufcstats.com/fight-details/16358c536d739017,1,1:53
"August 29, 2020",Women's Strawweight,http://ufcstats.com/fight-details/e1e31a8dfa9c27f6,2,1:33
"August 22, 2020",Bantamweight,http://ufcstats.com/fight-details/dfe14e13aa727a0c,5,5:00
"August 22, 2020",Light Heavyweight,http://ufcstats.com/fight-details/5d9a3bfdcd28abb8,1,2:17
"August 22, 2020",Lightweight,http://ufcstats.com/fight-details/23e548f618dd0e5f,1,3:51
"August 22, 2020",Women's Flyweight,http://ufcstats.com/fight-details/37a6fc5e69a7932d,2,1:38
"August 22, 2020",Welterweight,http://ufcstats.com/fight-details/cfa0dbc7534f3545,1,2:24
"August 22, 2020",Women's Strawweight,http://ufcstats.com/fight-details/0a3e48cdd97267f4,3,5:00
"August 22, 2020",Light Heavyweight,http://ufcstats.com/fight-details/0ccc86f7d0e84c3e,1,1:31
"August 22, 2020",Welterweight,http://ufcstats.com/fight-details/949619e1b1de9e5f,3,5:00
"August 22, 2020",Catch Weight,http://ufcstats.com/fight-details/7ada9af99946d456,2,1:59
"August 15, 2020",Heavyweight,http://ufcstats.com/fight-details/3bdacc82209b33f5,5,5:00
"August 15, 2020",Bantamweight,http://ufcstats.com/fight-details/7200343d2e957cf3,1,4:40
"August 15, 2020",Heavyweight,http://ufcstats.com/fight-details/dc24c4759651c6ad,2,3:47
"August 15, 2020",Featherweight,http://ufcstats.com/fight-details/0d9e9127c62811f9,2,4:37
"August 15, 2020",Bantamweight,http://ufcstats.com/fight-details/57939328c1214107,3,5:00
"August 15, 2020",Lightweight,http://ufcstats.com/fight-details/054794810817c1cc,3,5:00
"August 15, 2020",Women's Strawweight,http://ufcstats.com/fight-details/5081319e58f9759f,1,1:44
"August 15, 2020",Featherweight,http://ufcstats.com/fight-details/3e4b8bd71e8bceb2,3,5:00
"August 15, 2020",Women's Strawweight,http://ufcstats.com/fight-details/745bdd823161da89,3,5:00
"August 15, 2020",Heavyweight,http://ufcstats.com/fight-details/2e9ad55f2e2f7c56,1,4:28
"August 15, 2020",Featherweight,http://ufcstats.com/fight-details/86deadaab9905a03,3,5:00
"August 08, 2020",Heavyweight,http://ufcstats.com/fight-details/a2e34655a41ba45c,2,0:21
"August 08, 2020",Middleweight,http://ufcstats.com/fight-details/22e10b23784e5efc,3,5:00
"August 08, 2020",Middleweight,http://ufcstats.com/fight-details/c2ddadfa1a1056be,1,3:41
"August 08, 2020",Women's Bantamweight,http://ufcstats.com/fight-details/ad62675e819e92fc,3,5:00
"August 08, 2020",Lightweight,http://ufcstats.com/fight-details/cfb189e326553f0a,1,4:38
"August 08, 2020",Welterweight,http://ufcstats.com/fight-details/6f1892ed71d943d7,3,5:00
"August 08, 2020",Middleweight,http://ufcstats.com/fight-details/05f6459d1f3ed13f,3,0:32
"August 08, 2020",Lightweight,http://ufcstats.com/fight-details/26173f6491300eaa,3,5:00
"August 08, 2020",Middleweight,http://ufcstats.com/fight-details/e8f4e8ff49678b44,1,4:14
"August 08, 2020",Featherweight,http://ufcstats.com/fight-details/1308213458d8596b,3,1:43
"August 08, 2020",Featherweight,http://ufcstats.com/fight-details/e255fc129f225a55,3,5:00
"August 08, 2020",Bantamweight,http://ufcstats.com/fight-details/5c8d9d893d163d51,3,5:00
"August 01, 2020",Middleweight,http://ufcstats.com/fight-details/0b88d0c76f9cd7e4,3,0:26
"August 01, 2020",Women's Flyweight,http://ufcstats.com/fight-details/5885445f39dac389,1,4:29
"August 01, 2020",Welterweight,http://ufcstats.com/fight-details/2fb1abeb337e0ccc,2,4:56
"August 01, 2020",Lightweight,http://ufcstats.com/fight-details/0b21755eb0897396,3,5:00
"August 01, 2020",Bantamweight,http://ufcstats.com/fight-details/94b48b98d0292720,3,0:57
"August 01, 2020",Featherweight,http://ufcstats.com/fight-details/6ba9f6a7a9361354,3,5:00
"August 01, 2020",Featherweight,http://ufcstats.com/fight-details/76b9a338597fc604,3,5:00
"August 01, 2020",Bantamweight,http://ufcstats.com/fight-details/dcf161082c849205,3,5:00
"July 25, 2020",Middleweight,http://ufcstats.com/fight-details/11f715fa5e825e51,5,5:00
"July 25, 2020",Light Heavyweight,http://ufcstats.com/fight-details/a3820f1eb82f2ba6,3,5:00
"July 25, 2020",Heavyweight,http://ufcstats.com/fight-details/f786136e55007e17,1,2:30
"July 25, 2020",Women's Strawweight,http://ufcstats.com/fight-details/5632f2364016e879,3,5:00
"July 25, 2020",Light Heavyweight,http://ufcstats.com/fight-details/74dae3d87a99cf5d,1,2:06
"July 25, 2020",Welterweight,http://ufcstats.com/fight-details/58e07add007685f8,3,5:00
"July 25, 2020",Welterweight,http://ufcstats.com/fight-details/573d3a6984cbcd29,1,3:09
"July 25, 2020",Lightweight,http://ufcstats.com/fight-details/3b209a2aee014ac2,3,1:30
"July 25, 2020",Welterweight,http://ufcstats.com/fight-details/407e1c6850e7022c,1,2:48
"July 25, 2020",Heavyweight,http://ufcstats.com/fight-details/6cfab1da57d260f4,1,0:45
"July 25, 2020",Featherweight,http://ufcstats.com/fight-details/32b0e450b11b32fe,3,5:00
"July 25, 2020",Heavyweight,http://ufcstats.com/fight-details/88d3b6b833e31712,2,2:36
"July 25, 2020",Women's Bantamweight,http://ufcstats.com/fight-details/54bbc7974df586a1,3,5:00
"July 25, 2020",Welterweight,http://ufcstats.com/fight-details/87daaa6db4f6940c,3,5:00
"July 25, 2020",Bantamweight,http://ufcstats.com/fight-details/67db05bac9165722,3,5:00
"July 18, 2020",Flyweight,http://ufcstats.com/fight-details/4dc5039b21013b3a,1,4:48
"July 18, 2020",Middleweight,http://ufcstats.com/fight-details/fcfd2e6eed519cb9,1,1:18
"July 18, 2020",Lightweight,http://ufcstats.com/fight-details/e5872dfa5b93fcbb,3,5:00
"July 18, 2020",Women's Flyweight,http://ufcstats.com/fight-details/c4c379b8f99fea88,1,1:28
"July 18, 2020",Flyweight,http://ufcstats.com/fight-details/ba4485ce4e8e3fe1,3,5:00
"July 18, 2020",Light Heavyweight,http://ufcstats.com/fight-details/e5a9f75b1117d848,1,4:15
"July 18, 2020",Catch Weight,http://ufcstats.com/fight-details/bb881d4ee6dfbf86,3,5:00
"July 18, 2020",Lightweight,http://ufcstats.com/fight-details/b76c0b0ed2926737,1,2:25
"July 18, 2020",Bantamweight,http://ufcstats.com/fight-details/b5f70d0c88f12645,3,5:00
"July 18, 2020",Bantamweight,http://ufcstats.com/fight-details/b9b0da84b243213f,1,4:42
"July 18, 2020",Lightweight,http://ufcstats.com/fight-details/ecb24300bb3bef8c,3,5:00
"July 18, 2020",Heavyweight,http://ufcstats.com/fight-details/147e31abbe3927d0,3,5:00
"July 15, 2020",Featherweight,http://ufcstats.com/fight-details/abeaae1a64934178,5,5:00
"July 15, 2020",Flyweight,http://ufcstats.com/fight-details/7dbf23cb872edc9c,3,5:00
"July 15, 2020",Featherweight,http://ufcstats.com/fight-details/d4c314616eac8f8b,3,5:00
"July 15, 2020",Women's Flyweight,http://ufcstats.com/fight-details/15def71ff1679e06,3,5:00
"July 15, 2020",Welterweight,http://ufcstats.com/fight-details/33d2a1dbb8a7fef5,3,5:00
"July 15, 2020",Middleweight,http://ufcstats.com/fight-details/7fd810af30144119,2,1:12
"July 15, 2020",Featherweight,http://ufcstats.com/fight-details/f3efc6121c5323ff,1,4:18
"July 15, 2020",Light Heavyweight,http://ufcstats.com/fight-details/0e969ae805006d1f,1,5:00
"July 15, 2020",Featherweight,http://ufcstats.com/fight-details/819f51ef9d945a46,3,5:00
"July 15, 2020",Women's Flyweight,http://ufcstats.com/fight-details/dccea04cc3567955,1,2:43
"July 15, 2020",Bantamweight,http://ufcstats.com/fight-details/f3c42ce9fad55eb7,2,2:29
"July 11, 2020",Welterweight,http://ufcstats.com/fight-details/d292243c6499b2fe,5,5:00
"July 11, 2020",Featherweight,http://ufcstats.com/fight-details/94b1596c6ff9a25d,5,5:00
"July 11, 2020",Bantamweight,http://ufcstats.com/fight-details/0f9be7ac405772f8,5,3:24
"July 11, 2020",Women's Strawweight,http://ufcstats.com/fight-details/e16f42a666e163d8,3,5:00
"July 11, 2020",Women's Flyweight,http://ufcstats.com/fight-details/6e0c1faaf40caf9a,1,2:21
"July 11, 2020",Light Heavyweight,http://ufcstats.com/fight-details/cd8cdb539deaa47f,2,0:49
"July 11, 2020",Welterweight,http://ufcstats.com/fight-details/ce7cd2ec773bea7f,3,5:00
"July 11, 2020",Featherweight,http://ufcstats.com/fight-details/159646a9d2ae8ea5,1,3:15
"July 11, 2020",Lightweight,http://ufcstats.com/fight-details/7c76c752c7abf2e0,3,5:00
"July 11, 2020",Heavyweight,http://ufcstats.com/fight-details/137646de0ffd9c35,3,5:00
"July 11, 2020",Flyweight,http://ufcstats.com/fight-details/0e8d5c16eb9cb1cf,3,5:00
"July 11, 2020",Women's Bantamweight,http://ufcstats.com/fight-details/08e48648e3504638,3,5:00
"July 11, 2020",Bantamweight,http://ufcstats.com/fight-details/5d6fb4acfe5cc8a1,3,2:38
"June 27, 2020",Lightweight,http://ufcstats.com/fight-details/f8dd1e75978a3957,5,5:00
"June 27, 2020",Welterweight,http://ufcstats.com/fight-details/f2d9814936a6eb35,3,5:00
"June 27, 2020",Heavyweight,http://ufcstats.com/fight-details/9ce56acac775d386,3,3:44
"June 27, 2020",Middleweight,http://ufcstats.com/fight-details/cfd47fddbb705f26,3,5:00
"June 27, 2020",Welterweight,http://ufcstats.com/fight-details/67ed3ad521ef619c,1,0:48
"June 27, 2020",Catch Weight,http://ufcstats.com/fight-details/8a8fea2c10512434,3,2:44
"June 27, 2020",Lightweight,http://ufcstats.com/fight-details/9025e3c6b6d71253,3,2:53
"June 27, 2020",Heavyweight,http://ufcstats.com/fight-details/75570ea2da94a4fb,1,2:41
"June 27, 2020",Women's Strawweight,http://ufcstats.com/fight-details/1b8d366ac0f110f3,3,2:26
"June 27, 2020",Featherweight,http://ufcstats.com/fight-details/0f369d09416b9e34,3,5:00
"June 20, 2020",Heavyweight,http://ufcstats.com/fight-details/0c3622569cd8062a,5,5:00
"June 20, 2020",Featherweight,http://ufcstats.com/fight-details/4f99b4a39925cb47,3,5:00
"June 20, 2020",Women's Bantamweight,http://ufcstats.com/fight-details/8b9e9f283e76b429,3,5:00
"June 20, 2020",Welterweight,http://ufcstats.com/fight-details/f00921c62315be96,3,5:00
"June 20, 2020",Catch Weight,http://ufcstats.com/fight-details/9b39e15b42422a08,1,2:25
"June 20, 2020",Lightweight,http://ufcstats.com/fight-details/d851cbbbdfd05a49,3,5:00
"June 20, 2020",Women's Strawweight,http://ufcstats.com/fight-details/1adee75d6c671cc8,3,5:00
"June 20, 2020",Middleweight,http://ufcstats.com/fight-details/f044802db5688bbe,2,4:50
"June 20, 2020",Women's Flyweight,http://ufcstats.com/fight-details/90715135a543b6e3,3,4:36
"June 20, 2020",Lightweight,http://ufcstats.com/fight-details/7f0175f71481b63d,1,0:41
"June 20, 2020",Women's Flyweight,http://ufcstats.com/fight-details/088b47d890b389e9,3,5:00
"June 20, 2020",Lightweight,http://ufcstats.com/fight-details/d333a6c34ff16397,2,5:00
"June 13, 2020",Women's Flyweight,http://ufcstats.com/fight-details/b8b692aa2aae3310,5,5:00
"June 13, 2020",Middleweight,http://ufcstats.com/fight-details/e857ca0bc3b9fdcd,1,4:17
"June 13, 2020",Lightweight,http://ufcstats.com/fight-details/1109a8f2adc81ce0,3,5:00
"June 13, 2020",Featherweight,http://ufcstats.com/fight-details/cab532b4544580bd,3,5:00
"June 13, 2020",Bantamweight,http://ufcstats.com/fight-details/e36b8b88646f72f8,3,5:00
"June 13, 2020",Women's Flyweight,http://ufcstats.com/fight-details/7606d2f8d8b0e889,1,2:42
"June 13, 2020",Catch Weight,http://ufcstats.com/fight-details/05061dd590c9eb34,3,5:00
"June 13, 2020",Women's Bantamweight,http://ufcstats.com/fight-details/97125cd6a94b6394,1,0:22
"June 13, 2020",Bantamweight,http://ufcstats.com/fight-details/dfbb110855354039,1,0:32
"June 13, 2020",Welterweight,http://ufcstats.com/fight-details/58e72b1a38880ba9,1,0:59
"June 06, 2020",Women's Featherweight,http://ufcstats.com/fight-details/dc38c78358e053c3,5,5:00
"June 06, 2020",Bantamweight,http://ufcstats.com/fight-details/0ddf834a47533d15,2,4:59
"June 06, 2020",Bantamweight,http://ufcstats.com/fight-details/c03b6b6ce5d03276,1,1:28
"June 06, 2020",Welterweight,http://ufcstats.com/fight-details/8bede5047e97d602,3,5:00
"June 06, 2020",Bantamweight,http://ufcstats.com/fight-details/58584ccd0f63e3f3,1,1:54
"June 06, 2020",Featherweight,http://ufcstats.com/fight-details/f2cd665eab69876a,3,5:00
"June 06, 2020",Middleweight,http://ufcstats.com/fight-details/6fe8bce03a46350b,1,1:14
"June 06, 2020",Featherweight,http://ufcstats.com/fight-details/c6ca435e24c5f4e4,3,5:00
"June 06, 2020",Middleweight,http://ufcstats.com/fight-details/1c7ea3928c7d0ad8,2,1:10
"June 06, 2020",Flyweight,http://ufcstats.com/fight-details/de4c4997f1429dd1,1,4:06
"June 06, 2020",Light Heavyweight,http://ufcstats.com/fight-details/5fdf6611815efdfb,3,5:00
"June 06, 2020",Catch Weight,http://ufcstats.com/fight-details/20ba608a6e717f05,1,1:20
"May 30, 2020",Welterweight,http://ufcstats.com/fight-details/e9eab0fa03eecd9b,5,5:00
"May 30, 2020",Heavyweight,http://ufcstats.com/fight-details/a6743d41b0b95271,3,5:00
"May 30, 2020",Catch Weight,http://ufcstats.com/fight-details/1e9a2b197ebff074,3,5:00
"May 30, 2020",Lightweight,http://ufcstats.com/fight-details/03e5127d4832750c,2,3:26
"May 30, 2020",Women's Strawweight,http://ufcstats.com/fight-details/3640defb8294bd37,1,2:36
"May 30, 2020",Women's Flyweight,http://ufcstats.com/fight-details/a41384da70013373,3,5:00
"May 30, 2020",Welterweight,http://ufcstats.com/fight-details/767819f321431bed,3,5:00
"May 30, 2020",Light Heavyweight,http://ufcstats.com/fight-details/0fcf42b68f2f0fa3,1,1:51
"May 30, 2020",Flyweight,http://ufcstats.com/fight-details/0170db5fad04e4d0,2,3:18
"May 30, 2020",Bantamweight,http://ufcstats.com/fight-details/57dec2b07b75dada,1,3:03
"May 30, 2020",Featherweight,http://ufcstats.com/fight-details/2300ad7f87080ad7,2,4:27
"May 16, 2020",Heavyweight,http://ufcstats.com/fight-details/ce0748519d5ea5c6,2,3:00
"May 16, 2020",Women's Strawweight,http://ufcstats.com/fight-details/27bfb9205119f23b,3,5:00
"May 16, 2020",Featherweight,http://ufcstats.com/fight-details/58540b24ed77d31b,3,5:00
"May 16, 2020",Middleweight,http://ufcstats.com/fight-details/821a1c6f5d7fab14,3,5:00
"May 16, 2020",Featherweight,http://ufcstats.com/fight-details/81f2f2d4b0302590,3,5:00
"May 16, 2020",Welterweight,http://ufcstats.com/fight-details/adac148ee6fa3bf7,2,0:18
"May 16, 2020",Middleweight,http://ufcstats.com/fight-details/51461da4ba467901,1,0:39
"May 16, 2020",Featherweight,http://ufcstats.com/fight-details/b1e66cea3a4d4709,3,5:00
"May 16, 2020",Featherweight,http://ufcstats.com/fight-details/f039c93516e48253,3,5:00
"May 16, 2020",Women's Flyweight,http://ufcstats.com/fight-details/906283a2adcbc3e0,1,3:36
"May 16, 2020",Heavyweight,http://ufcstats.com/fight-details/ebe122e962d26fa4,2,2:05
"May 13, 2020",Light Heavyweight,http://ufcstats.com/fight-details/8539c4b795d33a92,5,1:04
"May 13, 2020",Heavyweight,http://ufcstats.com/fight-details/394ae51820bedd4c,3,5:00
"May 13, 2020",Lightweight,http://ufcstats.com/fight-details/46c050a827ee83d6,2,4:25
"May 13, 2020",Bantamweight,http://ufcstats.com/fight-details/3094e82731ec55e7,3,5:00
"May 13, 2020",Heavyweight,http://ufcstats.com/fight-details/312946f6b72ebd51,3,5:00
"May 13, 2020",Lightweight,http://ufcstats.com/fight-details/87f58feac6b50367,2,0:25
"May 13, 2020",Women's Bantamweight,http://ufcstats.com/fight-details/fbbba3da4438cb04,3,5:00
"May 13, 2020",Lightweight,http://ufcstats.com/fight-details/918103d82ecbed75,3,5:00
"May 13, 2020",Featherweight,http://ufcstats.com/fight-details/3ce634d03af7e14c,2,3:40
"May 13, 2020",Heavyweight,http://ufcstats.com/fight-details/b2ca310c9d0037d3,2,0:49
"May 09, 2020",Lightweight,http://ufcstats.com/fight-details/d395828f5cb045a5,5,3:39
"May 09, 2020",Bantamweight,http://ufcstats.com/fight-details/4e77cc2c8d604241,2,4:58
"May 09, 2020",Heavyweight,http://ufcstats.com/fight-details/fcfaa28ed6888088,1,0:20
"May 09, 2020",Featherweight,http://ufcstats.com/fight-details/02f5621f480ad1d4,2,2:49
"May 09, 2020",Heavyweight,http://ufcstats.com/fight-details/f0d4652f8edfbe6d,3,5:00
"May 09, 2020",Welterweight,http://ufcstats.com/fight-details/b9abcce29378e5cc,3,5:00
"May 09, 2020",Heavyweight,http://ufcstats.com/fight-details/593f3b051aa82b0f,3,5:00
"May 09, 2020",Women's Strawweight,http://ufcstats.com/fight-details/f2520dd5457ab293,3,5:00
"May 09, 2020",Welterweight,http://ufcstats.com/fight-details/3f810c3433dddb80,3,3:37
"May 09, 2020",Featherweight,http://ufcstats.com/fight-details/08244974cf39ae38,3,5:00
"May 09, 2020",Light Heavyweight,http://ufcstats.com/fight-details/b70dfff154b135bf,3,5:00
"March 14, 2020",Lightweight,http://ufcstats.com/fight-details/e0b323dae5bf4c90,3,0:28
"March 14, 2020",Welterweight,http://ufcstats.com/fight-details/5cee1d8f1e43d6f5,1,2:34
"March 14, 2020",Lightweight,http://ufcstats.com/fight-details/c26a3f4c08333886,1,0:44
"March 14, 2020",Light Heavyweight,http://ufcstats.com/fight-details/5bba49d88db7430f,3,5:00
"March 14, 2020",Lightweight,http://ufcstats.com/fight-details/dc45c8d70e256749,3,5:00
"March 14, 2020",Flyweight,http://ufcstats.com/fight-details/b3c74554c871fbf8,3,5:00
"March 14, 2020",Women's Strawweight,http://ufcstats.com/fight-details/ea303a8e6e31f264,3,5:00
"March 14, 2020",Welterweight,http://ufcstats.com/fight-details/9fc6aba53508dc48,3,5:00
"March 14, 2020",Bantamweight,http://ufcstats.com/fight-details/e2503ed6a1f9257d,3,5:00
"March 14, 2020",Women's Flyweight,http://ufcstats.com/fight-details/2a1826612a7d739c,3,5:00
"March 14, 2020",Flyweight,http://ufcstats.com/fight-details/1a2d13834696c4ab,3,5:00
"March 14, 2020",Women's Bantamweight,http://ufcstats.com/fight-details/ef526567c4dcf371,3,5:00
"March 07, 2020",Middleweight,http://ufcstats.com/fight-details/b46f2f007b622bce,5,5:00
"March 07, 2020",Women's Strawweight,http://ufcstats.com/fight-details/cf0a6466b762c668,5,5:00
"March 07, 2020",Lightweight,http://ufcstats.com/fight-details/891470d896b1de5a,2,1:00
"March 07, 2020",Welterweight,http://ufcstats.com/fight-details/d66a8591af39ca7b,3,5:00
"March 07, 2020",Welterweight,http://ufcstats.com/fight-details/4d607b6ddc77a34c,3,5:00
"March 07, 2020",Bantamweight,http://ufcstats.com/fight-details/cd258394e8d58d04,1,2:02
"March 07, 2020",Lightweight,http://ufcstats.com/fight-details/60c441c5838dfac2,3,5:00
"March 07, 2020",Middleweight,http://ufcstats.com/fight-details/a70c43cafabc73c3,1,2:58
"March 07, 2020",Middleweight,http://ufcstats.com/fight-details/d671f436fab2a252,3,2:13
"March 07, 2020",Featherweight,http://ufcstats.com/fight-details/daa38964824f1b9f,3,5:00
"March 07, 2020",Bantamweight,http://ufcstats.com/fight-details/467e08195b29e857,1,3:01
"February 29, 2020",Flyweight,http://ufcstats.com/fight-details/e8219ea7da46f67f,2,1:54
"February 29, 2020",Women's Featherweight,http://ufcstats.com/fight-details/8a85dffa80e6c7bd,1,3:37
"February 29, 2020",Light Heavyweight,http://ufcstats.com/fight-details/f5b49f4c5a27e53b,1,0:38
"February 29, 2020",Women's Featherweight,http://ufcstats.com/fight-details/671f42536454e541,1,3:31
"February 29, 2020",Featherweight,http://ufcstats.com/fight-details/eba6055d217d5b99,2,1:38
"February 29, 2020",Bantamweight,http://ufcstats.com/fight-details/0e3af9b5e1b3ae80,3,5:00
"February 29, 2020",Middleweight,http://ufcstats.com/fight-details/d9a218ac3e148541,1,4:47
"February 29, 2020",Heavyweight,http://ufcstats.com/fight-details/e30b9829e42aa4ca,3,5:00
"February 29, 2020",Lightweight,http://ufcstats.com/fight-details/9d2f7d29bb9c9034,3,5:00
"February 29, 2020",Featherweight,http://ufcstats.com/fight-details/59861c3d19eb46ef,2,3:38
"February 29, 2020",Featherweight,http://ufcstats.com/fight-details/0bcb04163f8d8ead,1,1:25
"February 29, 2020",Welterweight,http://ufcstats.com/fight-details/533d0b5c0adfa15f,3,5:00
"February 22, 2020",Lightweight,http://ufcstats.com/fight-details/5fceb95c29d929bc,5,5:00
"February 22, 2020",Light Heavyweight,http://ufcstats.com/fight-details/2b417eb1ffa56ac1,1,3:29
"February 22, 2020",Women's Strawweight,http://ufcstats.com/fight-details/060987bb3025a0a8,3,5:00
"February 22, 2020",Heavyweight,http://ufcstats.com/fight-details/9bc18b63b07bb328,1,1:28
"February 22, 2020",Lightweight,http://ufcstats.com/fight-details/6d48f75153e4ad6b,3,5:00
"February 22, 2020",Featherweight,http://ufcstats.com/fight-details/f882cf76a8bce308,1,3:21
"February 22, 2020",Lightweight,http://ufcstats.com/fight-details/02bdb7a5b2986571,2,3:01
"February 22, 2020",Welterweight,http://ufcstats.com/fight-details/3bd20b66b585d621,3,5:00
"February 22, 2020",Welterweight,http://ufcstats.com/fight-details/03c2707563915d7d,1,2:20
"February 22, 2020",Flyweight,http://ufcstats.com/fight-details/ecc23234e820458d,3,5:00
"February 22, 2020",Women's Strawweight,http://ufcstats.com/fight-details/af5b940f2c686524,3,5:00
"February 22, 2020",Women's Flyweight,http://ufcstats.com/fight-details/102fb91414fd24ab,1,0:40
"February 15, 2020",Light Heavyweight,http://ufcstats.com/fight-details/801b3f24c670f19a,1,3:08
"February 15, 2020",Welterweight,http://ufcstats.com/fight-details/a02ffaf1fe462d28,3,3:09
"February 15, 2020",Women's Flyweight,http://ufcstats.com/fight-details/96919cf8d3e988ff,3,5:00
"February 15, 2020",Lightweight,http://ufcstats.com/fight-details/9d98e1c0d62213cf,1,4:02
"February 15, 2020",Flyweight,http://ufcstats.com/fight-details/b41e3be867afd6fa,3,5:00
"February 15, 2020",Lightweight,http://ufcstats.com/fight-details/eab100e978c730c5,3,5:00
"February 15, 2020",Welterweight,http://ufcstats.com/fight-details/2dc48a745d6c662b,2,3:37
"February 15, 2020",Bantamweight,http://ufcstats.com/fight-details/08426f06239d903c,3,0:16
"February 15, 2020",Lightweight,http://ufcstats.com/fight-details/f3e2038bfb9b5d9d,3,5:00
"February 15, 2020",Light Heavyweight,http://ufcstats.com/fight-details/94c0819fde11364d,3,5:00
"February 15, 2020",Bantamweight,http://ufcstats.com/fight-details/51218519be104794,3,5:00
"February 15, 2020",Women's Bantamweight,http://ufcstats.com/fight-details/d629aa5eb31a1e38,3,5:00
"February 15, 2020",Flyweight,http://ufcstats.com/fight-details/8725dc88f2e0a6f3,2,4:42
"February 08, 2020",Light Heavyweight,http://ufcstats.com/fight-details/fae99a4089f8abb0,5,5:00
"February 08, 2020",Women's Flyweight,http://ufcstats.com/fight-details/05cceae674c81b86,3,1:03
"February 08, 2020",Heavyweight,http://ufcstats.com/fight-details/57961c6adebfb13d,1,1:59
"February 08, 2020",Featherweight,http://ufcstats.com/fight-details/be822403f364fff3,3,5:00
"February 08, 2020",Heavyweight,http://ufcstats.com/fight-details/cefb47bcc04f540e,3,5:00
"February 08, 2020",Middleweight,http://ufcstats.com/fight-details/11f7bac5037a184c,3,5:00
"February 08, 2020",Women's Flyweight,http://ufcstats.com/fight-details/cb56e868deaddac4,3,5:00
"February 08, 2020",Welterweight,http://ufcstats.com/fight-details/ed499508be1e5532,1,0:27
"February 08, 2020",Bantamweight,http://ufcstats.com/fight-details/d3f44fedc561d2d5,2,1:41
"February 08, 2020",Bantamweight,http://ufcstats.com/fight-details/5ab2a4fec735e0b2,1,0:38
"February 08, 2020",Bantamweight,http://ufcstats.com/fight-details/326b843cb2b7fd94,3,5:00
"February 08, 2020",Featherweight,http://ufcstats.com/fight-details/a6441acec6718f03,3,5:00
"January 25, 2020",Heavyweight,http://ufcstats.com/fight-details/037d2f426c916ffc,2,1:06
"January 25, 2020",Welterweight,http://ufcstats.com/fight-details/2ef54419defb2364,3,5:00
"January 25, 2020",Flyweight,http://ufcstats.com/fight-details/7dcd5d8a44a284e5,1,2:33
"January 25, 2020",Women's Strawweight,http://ufcstats.com/fight-details/b88b170a7fe40544,2,4:26
"January 25, 2020",Light Heavyweight,http://ufcstats.com/fight-details/6195d3e7c412c8a2,3,5:00
"January 25, 2020",Middleweight,http://ufcstats.com/fight-details/3fd3b871e83434c5,3,5:00
"January 25, 2020",Featherweight,http://ufcstats.com/fight-details/ed94cdc0f2b97e15,3,5:00
"January 25, 2020",Women's Flyweight,http://ufcstats.com/fight-details/151c2bd6dfefb4b5,3,5:00
"January 25, 2020",Bantamweight,http://ufcstats.com/fight-details/737e2781e4a7db5c,3,5:00
"January 25, 2020",Women's Bantamweight,http://ufcstats.com/fight-details/79161bde28636128,3,5:00
"January 25, 2020",Bantamweight,http://ufcstats.com/fight-details/918c2efc59c1952e,3,2:53
"January 25, 2020",Featherweight,http://ufcstats.com/fight-details/901dbd1e6463c4ba,1,2:43
"January 18, 2020",Welterweight,http://ufcstats.com/fight-details/eed6c9aff2234b7a,1,0:40
"January 18, 2020",Women's Bantamweight,http://ufcstats.com/fight-details/36032308b7e86fd0,3,5:00
"January 18, 2020",Heavyweight,http://ufcstats.com/fight-details/702759500d47a059,2,4:38
"January 18, 2020",Bantamweight,http://ufcstats.com/fight-details/4eff0432bd364a23,1,2:49
"January 18, 2020",Lightweight,http://ufcstats.com/fight-details/32a8f38bd1d46e3e,2,1:46
"January 18, 2020",Women's Flyweight,http://ufcstats.com/fight-details/760b5b16b4931a77,3,5:00
"January 18, 2020",Featherweight,http://ufcstats.com/fight-details/5868c154789648f0,3,5:00
"January 18, 2020",Flyweight,http://ufcstats.com/fight-details/ff467a5f06a91a0f,3,5:00
"January 18, 2020",Lightweight,http://ufcstats.com/fight-details/63dd38f0dcc2ee88,1,1:10
"January 18, 2020",Light Heavyweight,http://ufcstats.com/fight-details/6087c50c5f95a677,3,5:00
"January 18, 2020",Women's Flyweight,http://ufcstats.com/fight-details/96fe84d051847591,3,5:00
"December 21, 2019",Featherweight,http://ufcstats.com/fight-details/06f37329b223b451,1,3:18
"December 21, 2019",Light Heavyweight,http://ufcstats.com/fight-details/2b8cae68963a40a9,3,5:00
"December 21, 2019",Featherweight,http://ufcstats.com/fight-details/997ab1ea9fab5643,2,4:32
"December 21, 2019",Light Heavyweight,http://ufcstats.com/fight-details/47e49e04e32be7e9,1,1:04
"December 21, 2019",Middleweight,http://ufcstats.com/fight-details/b3bd27affa038e9c,3,5:00
"December 21, 2019",Bantamweight,http://ufcstats.com/fight-details/f93f794247af708a,3,5:00
"December 21, 2019",Heavyweight,http://ufcstats.com/fight-details/3637e661b6854b49,3,5:00
"December 21, 2019",Featherweight,http://ufcstats.com/fight-details/6ea23c2c30f85a89,3,5:00
"December 21, 2019",Lightweight,http://ufcstats.com/fight-details/9140e6fdeaa7cd3f,3,5:00
"December 21, 2019",Flyweight,http://ufcstats.com/fight-details/5a5a65d8df176506,1,4:17
"December 21, 2019",Bantamweight,http://ufcstats.com/fight-details/75523d31940c9344,3,5:00
"December 21, 2019",Women's Strawweight,http://ufcstats.com/fight-details/60e1b3ac3182f5b3,1,3:43
"December 21, 2019",Bantamweight,http://ufcstats.com/fight-details/15aa55a91cf848cf,3,5:00
"December 14, 2019",Welterweight,http://ufcstats.com/fight-details/82177c0f91d9618a,5,4:10
"December 14, 2019",Featherweight,http://ufcstats.com/fight-details/efc40ec41114d8fa,5,5:00
"December 14, 2019",Women's Bantamweight,http://ufcstats.com/fight-details/36fcfd186a8d6df7,5,5:00
"December 14, 2019",Bantamweight,http://ufcstats.com/fight-details/b5ec939fd1edf048,3,5:00
"December 14, 2019",Bantamweight,http://ufcstats.com/fight-details/a0c82ba11a373008,3,0:43
"December 14, 2019",Welterweight,http://ufcstats.com/fight-details/ad5ef8d8678ff97f,1,1:30
"December 14, 2019",Women's Bantamweight,http://ufcstats.com/fight-details/c4eaeec8ac778b27,1,4:51
"December 14, 2019",Middleweight,http://ufcstats.com/fight-details/dd88960598219eba,3,5:00
"December 14, 2019",Welterweight,http://ufcstats.com/fight-details/98dd88d83f57c17a,2,4:55
"December 14, 2019",Featherweight,http://ufcstats.com/fight-details/d42410f6f1039ab5,1,4:34
"December 14, 2019",Flyweight,http://ufcstats.com/fight-details/1881b1e85cceee13,3,5:00
"December 14, 2019",Women's Flyweight,http://ufcstats.com/fight-details/35d0ef51fede263c,3,5:00
"December 14, 2019",Middleweight,http://ufcstats.com/fight-details/30523303e8d85c25,1,3:17
"December 07, 2019",Heavyweight,http://ufcstats.com/fight-details/e91f289f1b9f9519,5,4:56
"December 07, 2019",Women's Strawweight,http://ufcstats.com/fight-details/3b8cac9910af1c61,3,5:00
"December 07, 2019",Heavyweight,http://ufcstats.com/fight-details/bbc8e8a69e9bd106,2,4:57
"December 07, 2019",Women's Bantamweight,http://ufcstats.com/fight-details/b5365d22172e414b,3,0:33
"December 07, 2019",Bantamweight,http://ufcstats.com/fight-details/b87863a2de433824,3,5:00
"December 07, 2019",Bantamweight,http://ufcstats.com/fight-details/b9ff9ebe19ae6358,3,5:00
"December 07, 2019",Welterweight,http://ufcstats.com/fight-details/57d04160f5438654,1,2:38
"December 07, 2019",Featherweight,http://ufcstats.com/fight-details/d9501c6985c1b38d,2,3:18
"December 07, 2019",Featherweight,http://ufcstats.com/fight-details/fa3f04be9344804b,1,4:20
"December 07, 2019",Lightweight,http://ufcstats.com/fight-details/a3f89ad71e1caa81,3,5:00
"December 07, 2019",Women's Strawweight,http://ufcstats.com/fight-details/652a956adab8ad0e,2,1:16
"December 07, 2019",Middleweight,http://ufcstats.com/fight-details/81af3b60203d92df,3,4:09
"November 16, 2019",Light Heavyweight,http://ufcstats.com/fight-details/c04274c8caa505dd,5,5:00
"November 16, 2019",Light Heavyweight,http://ufcstats.com/fight-details/c63edd25d2201a46,3,5:00
"November 16, 2019",Lightweight,http://ufcstats.com/fight-details/7afe2a15ae7359e9,1,1:26
"November 16, 2019",Middleweight,http://ufcstats.com/fight-details/57b111b54a2d2323,3,5:00
"November 16, 2019",Middleweight,http://ufcstats.com/fight-details/9e1ecdb9a8856a8c,3,5:00
"November 16, 2019",Welterweight,http://ufcstats.com/fight-details/aa232e53d285cc6d,3,4:19
"November 16, 2019",Featherweight,http://ufcstats.com/fight-details/094790e50afae55e,1,3:57
"November 16, 2019",Lightweight,http://ufcstats.com/fight-details/22307b580e0c8d0d,3,5:00
"November 16, 2019",Welterweight,http://ufcstats.com/fight-details/e6a0f19af995c432,2,1:22
"November 16, 2019",Featherweight,http://ufcstats.com/fight-details/80ce8f7d988d5e57,3,5:00
"November 16, 2019",Women's Flyweight,http://ufcstats.com/fight-details/1800ffbb34ac7ed8,3,5:00
"November 16, 2019",Women's Bantamweight,http://ufcstats.com/fight-details/18e1b0df8da7010e,3,5:00
"November 09, 2019",Featherweight,http://ufcstats.com/fight-details/c3bb60dc82345a9f,3,5:00
"November 09, 2019",Heavyweight,http://ufcstats.com/fight-details/3cd1f2c31b4e325a,3,5:00
"November 09, 2019",Welterweight,http://ufcstats.com/fight-details/071a1cd551b7b4d5,2,4:54
"November 09, 2019",Light Heavyweight,http://ufcstats.com/fight-details/408fc024d3e91b0e,3,5:00
"November 09, 2019",Welterweight,http://ufcstats.com/fight-details/1317d7cd79495a0e,3,5:00
"November 09, 2019",Light Heavyweight,http://ufcstats.com/fight-details/f820c6292e19d854,3,5:00
"November 09, 2019",Light Heavyweight,http://ufcstats.com/fight-details/343749a2f7c5d78b,3,0:29
"November 09, 2019",Welterweight,http://ufcstats.com/fight-details/c8dfcbee63266273,3,5:00
"November 09, 2019",Middleweight,http://ufcstats.com/fight-details/495e64df4c4ce7a7,3,4:01
"November 09, 2019",Welterweight,http://ufcstats.com/fight-details/1af574c0814429ac,1,2:50
"November 09, 2019",Lightweight,http://ufcstats.com/fight-details/a7807ab56cb49cad,3,5:00
"November 09, 2019",Women's Bantamweight,http://ufcstats.com/fight-details/c814ef3b3a26e2fe,3,5:00
"November 09, 2019",Bantamweight,http://ufcstats.com/fight-details/f0418c2c989a5cde,3,5:00
"November 02, 2019",Welterweight,http://ufcstats.com/fight-details/ac0a63ad13897564,3,5:00
"November 02, 2019",Middleweight,http://ufcstats.com/fight-details/7c40aa2cb6883a91,3,5:00
"November 02, 2019",Welterweight,http://ufcstats.com/fight-details/28deed0ab55ca350,3,5:00
"November 02, 2019",Heavyweight,http://ufcstats.com/fight-details/f870cacadb058733,3,5:00
"November 02, 2019",Lightweight,http://ufcstats.com/fight-details/d5955b81c26230ff,1,2:47
"November 02, 2019",Light Heavyweight,http://ufcstats.com/fight-details/a2af14e9dba37b03,1,2:07
"November 02, 2019",Featherweight,http://ufcstats.com/fight-details/216fddf542707629,3,4:32
"November 02, 2019",Middleweight,http://ufcstats.com/fight-details/a3e8ef1ce72a7d02,1,2:27
"November 02, 2019",Heavyweight,http://ufcstats.com/fight-details/83f7c3b91a402306,1,0:29
"November 02, 2019",Women's Flyweight,http://ufcstats.com/fight-details/515ecc54219bcc4c,3,5:00
"November 02, 2019",Welterweight,http://ufcstats.com/fight-details/a6c29d2cb319d923,3,2:03
"November 02, 2019",Featherweight,http://ufcstats.com/fight-details/d7cbe2f23d75afd1,3,5:00
"October 26, 2019",Welterweight,http://ufcstats.com/fight-details/241a0833e1c76804,3,3:54
"October 26, 2019",Lightweight,http://ufcstats.com/fight-details/3162ae3ccbf785ac,3,5:00
"October 26, 2019",Lightweight,http://ufcstats.com/fight-details/b2d05ae88f820421,1,2:02
"October 26, 2019",Heavyweight,http://ufcstats.com/fight-details/41b75c9222c33cdf,3,4:46
"October 26, 2019",Welterweight,http://ufcstats.com/fight-details/89266a872e1f92d9,3,5:00
"October 26, 2019",Women's Strawweight,http://ufcstats.com/fight-details/1f9a6f2120835615,3,5:00
"October 26, 2019",Lightweight,http://ufcstats.com/fight-details/1c91deb42b991d18,3,5:00
"October 26, 2019",Featherweight,http://ufcstats.com/fight-details/a4527094aa107b55,3,5:00
"October 26, 2019",Heavyweight,http://ufcstats.com/fight-details/cc477d322638ba30,1,2:11
"October 26, 2019",Women's Strawweight,http://ufcstats.com/fight-details/4ea4d0a73a90bfb0,3,5:00
"October 26, 2019",Heavyweight,http://ufcstats.com/fight-details/3d9aeef58dd0b51b,3,5:00
"October 18, 2019",Light Heavyweight,http://ufcstats.com/fight-details/0d1d7cfb2a48d5ec,1,1:43
"October 18, 2019",Featherweight,http://ufcstats.com/fight-details/d2dc6fb05ad78d80,3,5:00
"October 18, 2019",Heavyweight,http://ufcstats.com/fight-details/0019ec81fd706ade,3,5:00
"October 18, 2019",Lightweight,http://ufcstats.com/fight-details/57d989702ae72dc1,1,1:33
"October 18, 2019",Women's Flyweight,http://ufcstats.com/fight-details/7510b0c96f5707ea,1,3:04
"October 18, 2019",Middleweight,http://ufcstats.com/fight-details/93f3e9b9f093ad57,3,5:00
"October 18, 2019",Featherweight,http://ufcstats.com/fight-details/076c98ac0561521f,1,2:46
"October 18, 2019",Women's Flyweight,http://ufcstats.com/fight-details/baf17e5e1fe1c744,3,5:00
"October 18, 2019",Featherweight,http://ufcstats.com/fight-details/9c3fb95a1558b38d,3,5:00
"October 18, 2019",Bantamweight,http://ufcstats.com/fight-details/38d6c2538ce6ec4c,1,2:15
"October 18, 2019",Welterweight,http://ufcstats.com/fight-details/26d75187369ecf2c,3,5:00
"October 18, 2019",Middleweight,http://ufcstats.com/fight-details/74b44635535cb290,2,3:38
"October 18, 2019",Heavyweight,http://ufcstats.com/fight-details/1e3d3545b6dd13a7,3,5:00
"October 12, 2019",Women's Strawweight,http://ufcstats.com/fight-details/f61f5adf7e0a80c4,5,5:00
"October 12, 2019",Featherweight,http://ufcstats.com/fight-details/707ba52845d399c9,3,5:00
"October 12, 2019",Welterweight,http://ufcstats.com/fight-details/f3169b755afcdc5b,1,1:44
"October 12, 2019",Women's Strawweight,http://ufcstats.com/fight-details/2d7f29ec900a8948,3,5:00
"October 12, 2019",Lightweight,http://ufcstats.com/fight-details/bed2710e06dabe6a,3,5:00
"October 12, 2019",Middleweight,http://ufcstats.com/fight-details/834f67e96612cd6f,3,5:00
"October 12, 2019",Light Heavyweight,http://ufcstats.com/fight-details/25548d526c3a7587,2,2:01
"October 12, 2019",Lightweight,http://ufcstats.com/fight-details/6a0217099efee13f,3,4:45
"October 12, 2019",Welterweight,http://ufcstats.com/fight-details/c5b8a996eff18540,3,5:00
"October 12, 2019",Flyweight,http://ufcstats.com/fight-details/18dde81d45ac2232,1,3:08
"October 12, 2019",Bantamweight,http://ufcstats.com/fight-details/70f01e9ff0b4e519,3,3:17
"October 12, 2019",Welterweight,http://ufcstats.com/fight-details/1d26ceb1c995655e,2,2:32
"October 12, 2019",Middleweight,http://ufcstats.com/fight-details/bac178dea57bd545,3,5:00
"October 12, 2019",Women's Flyweight,http://ufcstats.com/fight-details/64bee58391921b4b,3,5:00
"October 05, 2019",Middleweight,http://ufcstats.com/fight-details/2556b7520536ce1d,2,3:33
"October 05, 2019",Lightweight,http://ufcstats.com/fight-details/0697d5520b74a8df,3,5:00
"October 05, 2019",Heavyweight,http://ufcstats.com/fight-details/8cd7ca0e7b861b3d,2,3:14
"October 05, 2019",Welterweight,http://ufcstats.com/fight-details/fd0fd9a2d6ef8c4f,3,5:00
"October 05, 2019",Heavyweight,http://ufcstats.com/fight-details/9dfac33cd3ae4afd,1,2:10
"October 05, 2019",Welterweight,http://ufcstats.com/fight-details/1cb7138b107b93b5,3,5:00
"October 05, 2019",Welterweight,http://ufcstats.com/fight-details/578987d534a0d205,3,5:00
"October 05, 2019",Lightweight,http://ufcstats.com/fight-details/83d59f5e52e0ac46,3,5:00
"October 05, 2019",Women's Featherweight,http://ufcstats.com/fight-details/b8c21a311f3f7953,1,3:57
"October 05, 2019",Women's Flyweight,http://ufcstats.com/fight-details/668d077ac9d7d3c9,2,4:59
"October 05, 2019",Bantamweight,http://ufcstats.com/fight-details/57ff0eb2351979c4,3,3:00
"September 28, 2019",Middleweight,http://ufcstats.com/fight-details/476c31184332698e,2,0:27
"September 28, 2019",Lightweight,http://ufcstats.com/fight-details/975840814b233bcd,1,1:12
"September 28, 2019",Welterweight,http://ufcstats.com/fight-details/7410ac7e4e5acb74,3,5:00
"September 28, 2019",Light Heavyweight,http://ufcstats.com/fight-details/b44531903be4729a,1,2:35
"September 28, 2019",Light Heavyweight,http://ufcstats.com/fight-details/b6dad3a9bf911bfd,2,2:46
"September 28, 2019",Welterweight,http://ufcstats.com/fight-details/9c7b6a20f35fb708,3,5:00
"September 28, 2019",Middleweight,http://ufcstats.com/fight-details/9fa3623172adb4cd,1,0:17
"September 28, 2019",Middleweight,http://ufcstats.com/fight-details/d5e927306f5d859b,3,5:00
"September 28, 2019",Welterweight,http://ufcstats.com/fight-details/18d84b333b28de36,3,5:00
"September 28, 2019",Featherweight,http://ufcstats.com/fight-details/688908886d8ac900,3,5:00
"September 28, 2019",Women's Bantamweight,http://ufcstats.com/fight-details/0a3df9b1918cfc2f,3,5:00
"September 28, 2019",Lightweight,http://ufcstats.com/fight-details/951968aa52a84928,3,5:00
"September 28, 2019",Bantamweight,http://ufcstats.com/fight-details/fc16ccf0994c6e50,3,2:51
"September 21, 2019",Featherweight,http://ufcstats.com/fight-details/62acea88e628c3ca,1,0:15
"September 21, 2019",Women's Strawweight,http://ufcstats.com/fight-details/b2cdb4c34f37ad37,3,5:00
"September 21, 2019",Flyweight,http://ufcstats.com/fight-details/fd3e8f61d8fda839,3,5:00
"September 21, 2019",Women's Bantamweight,http://ufcstats.com/fight-details/c163ed45c21c8548,3,5:00
"September 21, 2019",Featherweight,http://ufcstats.com/fight-details/49b2a6a93d529981,2,1:31
"September 21, 2019",Bantamweight,http://ufcstats.com/fight-details/953c89aa931082e4,3,5:00
"September 21, 2019",Featherweight,http://ufcstats.com/fight-details/ad878cdd4fa36a3a,1,1:36
"September 21, 2019",Women's Strawweight,http://ufcstats.com/fight-details/52311c2cd0c84d67,3,1:56
"September 21, 2019",Flyweight,http://ufcstats.com/fight-details/d9c0351cd21e40e0,3,5:00
"September 21, 2019",Light Heavyweight,http://ufcstats.com/fight-details/8cf6b22995c9efb8,1,3:19
"September 21, 2019",Women's Bantamweight,http://ufcstats.com/fight-details/c2b842fae4e9f1dc,3,5:00
"September 21, 2019",Lightweight,http://ufcstats.com/fight-details/4f7ec66199bba232,3,5:00
"September 14, 2019",Lightweight,http://ufcstats.com/fight-details/490724f8b3658f67,1,4:18
"September 14, 2019",Light Heavyweight,http://ufcstats.com/fight-details/36d90f1812f0d432,3,5:00
"September 14, 2019",Heavyweight,http://ufcstats.com/fight-details/8ae79d7967681db8,1,4:03
"September 14, 2019",Welterweight,http://ufcstats.com/fight-details/dadaee9624256e07,3,5:00
"September 14, 2019",Middleweight,http://ufcstats.com/fight-details/ece3a7a9e930ef9d,3,5:00
"September 14, 2019",Light Heavyweight,http://ufcstats.com/fight-details/92b98afec5eb4e05,1,3:38
"September 14, 2019",Heavyweight,http://ufcstats.com/fight-details/9d3a38cc18807e10,1,0:59
"September 14, 2019",Bantamweight,http://ufcstats.com/fight-details/9de23eb1471e592b,3,5:00
"September 14, 2019",Bantamweight,http://ufcstats.com/fight-details/14176809bcdafd01,3,5:00
"September 14, 2019",Featherweight,http://ufcstats.com/fight-details/462a95890423d3c6,3,5:00
"September 14, 2019",Bantamweight,http://ufcstats.com/fight-details/241687ff5fe92331,1,4:43
"September 14, 2019",Lightweight,http://ufcstats.com/fight-details/acf658afda38d8af,3,5:00
"September 07, 2019",Lightweight,http://ufcstats.com/fight-details/01a4827b3596d111,3,2:06
"September 07, 2019",Lightweight,http://ufcstats.com/fight-details/357a34207d70da69,3,5:00
"September 07, 2019",Lightweight,http://ufcstats.com/fight-details/849eb47d349f3fe4,3,5:00
"September 07, 2019",Heavyweight,http://ufcstats.com/fight-details/066756ea40b134a7,2,2:22
"September 07, 2019",Lightweight,http://ufcstats.com/fight-details/8accd04438b91262,3,5:00
"September 07, 2019",Women's Flyweight,http://ufcstats.com/fight-details/77f123712368bcbc,3,5:00
"September 07, 2019",Featherweight,http://ufcstats.com/fight-details/bef4df43d6052a02,3,5:00
"September 07, 2019",Women's Bantamweight,http://ufcstats.com/fight-details/8e1ae2ae6694b131,3,2:26
"September 07, 2019",Lightweight,http://ufcstats.com/fight-details/2c7b788effdc1b4c,1,3:33
"September 07, 2019",Welterweight,http://ufcstats.com/fight-details/18aff757c54687f1,3,1:55
"September 07, 2019",Welterweight,http://ufcstats.com/fight-details/43496ff308e681a0,1,4:26
"September 07, 2019",Middleweight,http://ufcstats.com/fight-details/9a46f95c1c1e57f0,3,5:00
"September 07, 2019",Lightweight,http://ufcstats.com/fight-details/84d4b658851b7e0e,3,5:00
"August 31, 2019",Women's Strawweight,http://ufcstats.com/fight-details/357cf8a9b6737625,1,0:42
"August 31, 2019",Welterweight,http://ufcstats.com/fight-details/55480808b1fa1f9c,3,4:51
"August 31, 2019",Flyweight,http://ufcstats.com/fight-details/b07188063c49b755,3,5:00
"August 31, 2019",Welterweight,http://ufcstats.com/fight-details/676561d9690ce31d,3,5:00
"August 31, 2019",Women's Flyweight,http://ufcstats.com/fight-details/5f900e4437e079b3,3,5:00
"August 31, 2019",Middleweight,http://ufcstats.com/fight-details/8182dbc752c71137,2,4:39
"August 31, 2019",Bantamweight,http://ufcstats.com/fight-details/09b91014bd88f815,3,5:00
"August 31, 2019",Light Heavyweight,http://ufcstats.com/fight-details/5ff390f7bbf2bec8,3,1:59
"August 31, 2019",Lightweight,http://ufcstats.com/fight-details/060dfbc982c6c4ef,3,5:00
"August 31, 2019",Bantamweight,http://ufcstats.com/fight-details/2e001d8c2f6106fc,3,5:00
"August 31, 2019",Women's Bantamweight,http://ufcstats.com/fight-details/a072be4f806d360f,3,5:00
"August 17, 2019",Heavyweight,http://ufcstats.com/fight-details/6921344f8e706d0f,4,4:09
"August 17, 2019",Welterweight,http://ufcstats.com/fight-details/f2ce79565c0820dd,3,5:00
"August 17, 2019",Middleweight,http://ufcstats.com/fight-details/3e16a71836e85212,3,5:00
"August 17, 2019",Featherweight,http://ufcstats.com/fight-details/ea43a5fe4ff9a3c4,1,4:14
"August 17, 2019",Middleweight,http://ufcstats.com/fight-details/2eb56023c4a54504,3,5:00
"August 17, 2019",Lightweight,http://ufcstats.com/fight-details/2671de30a1736f51,1,4:15
"August 17, 2019",Bantamweight,http://ufcstats.com/fight-details/fba7d6a42f137938,3,5:00
"August 17, 2019",Lightweight,http://ufcstats.com/fight-details/25e1d17d072227c6,3,5:00
"August 17, 2019",Catch Weight,http://ufcstats.com/fight-details/29de6ddc42a2e674,3,5:00
"August 17, 2019",Women's Strawweight,http://ufcstats.com/fight-details/8ebd6e9d41a51e31,3,5:00
"August 17, 2019",Bantamweight,http://ufcstats.com/fight-details/445d0d44091b902a,3,5:00
"August 17, 2019",Women's Flyweight,http://ufcstats.com/fight-details/51f955029dbf6978,3,5:00
"August 10, 2019",Women's Flyweight,http://ufcstats.com/fight-details/9d80bd1f92d23dfa,5,5:00
"August 10, 2019",Welterweight,http://ufcstats.com/fight-details/7feadf01c5920285,3,5:00
"August 10, 2019",Featherweight,http://ufcstats.com/fight-details/aef94727eb3897df,3,5:00
"August 10, 2019",Light Heavyweight,http://ufcstats.com/fight-details/f7cce33f6563dd72,2,4:31
"August 10, 2019",Middleweight,http://ufcstats.com/fight-details/8da94b2c1c0443d4,2,4:26
"August 10, 2019",Featherweight,http://ufcstats.com/fight-details/4dd3035430a5ed43,3,5:00
"August 10, 2019",Welterweight,http://ufcstats.com/fight-details/1019f2a9c012e949,3,5:00
"August 10, 2019",Heavyweight,http://ufcstats.com/fight-details/1d8a86d37c7ef3d3,1,4:12
"August 10, 2019",Women's Strawweight,http://ufcstats.com/fight-details/d93b589bcec80ffe,3,5:00
"August 10, 2019",Flyweight,http://ufcstats.com/fight-details/cb4dd24535ef2d94,1,2:56
"August 10, 2019",Bantamweight,http://ufcstats.com/fight-details/4c489b3c9d14cbc9,3,5:00
"August 10, 2019",Lightweight,http://ufcstats.com/fight-details/975159720cfd0103,3,5:00
"August 10, 2019",Women's Flyweight,http://ufcstats.com/fight-details/494042bf96730bc0,1,1:09
"August 03, 2019",Welterweight,http://ufcstats.com/fight-details/e139628170777bef,5,5:00
"August 03, 2019",Lightweight,http://ufcstats.com/fight-details/e96d929f8207a3e0,1,0:58
"August 03, 2019",Lightweight,http://ufcstats.com/fight-details/dbbd17b6995f014b,2,0:36
"August 03, 2019",Middleweight,http://ufcstats.com/fight-details/dc49373c52eedaa3,3,1:49
"August 03, 2019",Lightweight,http://ufcstats.com/fight-details/1d9f862a47540785,2,5:00
"August 03, 2019",Light Heavyweight,http://ufcstats.com/fight-details/cd6b799ec79c489a,3,5:00
"August 03, 2019",Welterweight,http://ufcstats.com/fight-details/f4bd11655adeb078,3,5:00
"August 03, 2019",Women's Flyweight,http://ufcstats.com/fight-details/326de7f7ec9e7035,2,1:20
"August 03, 2019",Flyweight,http://ufcstats.com/fight-details/60162c95d921d1ae,1,1:23
"August 03, 2019",Women's Flyweight,http://ufcstats.com/fight-details/e3acb789f7dcd34c,3,1:46
"August 03, 2019",Welterweight,http://ufcstats.com/fight-details/f6ab2eec90980ac0,1,2:35
"August 03, 2019",Women's Flyweight,http://ufcstats.com/fight-details/94560d1dc6248347,3,5:00
"July 27, 2019",Featherweight,http://ufcstats.com/fight-details/c4704eab5e2f51b8,5,5:00
"July 27, 2019",Women's Featherweight,http://ufcstats.com/fight-details/240e9389cca3bd18,3,5:00
"July 27, 2019",Welterweight,http://ufcstats.com/fight-details/e186bd5e556f1b5e,2,2:39
"July 27, 2019",Lightweight,http://ufcstats.com/fight-details/7ed98f8d1ffae082,3,5:00
"July 27, 2019",Middleweight,http://ufcstats.com/fight-details/dbca9f6bb7290c0d,3,5:00
"July 27, 2019",Women's Flyweight,http://ufcstats.com/fight-details/dfa2fda311df08cf,3,5:00
"July 27, 2019",Featherweight,http://ufcstats.com/fight-details/10b31e991c2d0d4e,3,4:09
"July 27, 2019",Featherweight,http://ufcstats.com/fight-details/25c4013fc187762a,3,3:17
"July 27, 2019",Flyweight,http://ufcstats.com/fight-details/bc1787883f9328be,3,5:00
"July 27, 2019",Women's Flyweight,http://ufcstats.com/fight-details/68c77a11b2d308dd,2,4:13
"July 27, 2019",Welterweight,http://ufcstats.com/fight-details/d47fd8fc3886f86c,3,5:00
"July 20, 2019",Welterweight,http://ufcstats.com/fight-details/816662e622987a14,5,5:00
"July 20, 2019",Heavyweight,http://ufcstats.com/fight-details/15ce105716441c54,1,0:12
"July 20, 2019",Heavyweight,http://ufcstats.com/fight-details/88b1d4f951070f83,1,0:45
"July 20, 2019",Lightweight,http://ufcstats.com/fight-details/9d6b46a3cf5ec494,1,2:33
"July 20, 2019",Lightweight,http://ufcstats.com/fight-details/c92308bbd6107b11,3,5:00
"July 20, 2019",Heavyweight,http://ufcstats.com/fight-details/f065dc596a08a258,3,5:00
"July 20, 2019",Featherweight,http://ufcstats.com/fight-details/96d33e46267d4eaf,3,5:00
"July 20, 2019",Women's Bantamweight,http://ufcstats.com/fight-details/017e0b7e864b0aa3,3,5:00
"July 20, 2019",Light Heavyweight,http://ufcstats.com/fight-details/f711b3ec6bc3c407,3,5:00
"July 20, 2019",Women's Flyweight,http://ufcstats.com/fight-details/dd51d1aed9536da6,3,5:00
"July 20, 2019",Bantamweight,http://ufcstats.com/fight-details/bc01ce748a5723df,3,5:00
"July 20, 2019",Bantamweight,http://ufcstats.com/fight-details/24bcade0007c2246,3,5:00
"July 20, 2019",Bantamweight,http://ufcstats.com/fight-details/c5259566abc552b1,3,5:00
"July 13, 2019",Women's Bantamweight,http://ufcstats.com/fight-details/edc87836fd998929,1,0:16
"July 13, 2019",Bantamweight,http://ufcstats.com/fight-details/75b1533cc3cafae9,1,0:46
"July 13, 2019",Featherweight,http://ufcstats.com/fight-details/138cb102906573f2,1,4:25
"July 13, 2019",Middleweight,http://ufcstats.com/fight-details/a7cf716f5d73b558,3,5:00
"July 13, 2019",Middleweight,http://ufcstats.com/fight-details/9b0de83b4e504bf6,3,5:00
"July 13, 2019",Light Heavyweight,http://ufcstats.com/fight-details/aa6a9aeeb45577d4,3,5:00
"July 13, 2019",Featherweight,http://ufcstats.com/fight-details/b436dda934059631,1,3:07
"July 13, 2019",Women's Bantamweight,http://ufcstats.com/fight-details/60be02c5566c8348,3,5:00
"July 13, 2019",Featherweight,http://ufcstats.com/fight-details/37a8c442fb38db75,3,5:00
"July 13, 2019",Bantamweight,http://ufcstats.com/fight-details/ad63c30e22e63344,3,3:54
"July 13, 2019",Women's Strawweight,http://ufcstats.com/fight-details/2d42ef44ad2470e1,3,5:00
"July 13, 2019",Bantamweight,http://ufcstats.com/fight-details/358468724d7d4322,3,5:00
"July 06, 2019",Light Heavyweight,http://ufcstats.com/fight-details/8fcdfee81cc604e3,5,5:00
"July 06, 2019",Women's Bantamweight,http://ufcstats.com/fight-details/69c06be4f87ccdab,1,4:10
"July 06, 2019",Welterweight,http://ufcstats.com/fight-details/70af72a72b31fe4d,1,0:05
"July 06, 2019",Light Heavyweight,http://ufcstats.com/fight-details/531d9676d767da66,2,1:39
"July 06, 2019",Welterweight,http://ufcstats.com/fight-details/feaffeb1af7e82ef,3,5:00
"July 06, 2019",Featherweight,http://ufcstats.com/fight-details/c48af5eafb532d0a,3,5:00
"July 06, 2019",Bantamweight,http://ufcstats.com/fight-details/7dc551f8153bd053,2,3:25
"July 06, 2019",Women's Strawweight,http://ufcstats.com/fight-details/7fe0cec2b0f1c146,3,5:00
"July 06, 2019",Bantamweight,http://ufcstats.com/fight-details/00f4b6184f6315d0,1,2:04
"July 06, 2019",Middleweight,http://ufcstats.com/fight-details/e9f00c16810e0e61,1,1:12
"July 06, 2019",Welterweight,http://ufcstats.com/fight-details/f6a03399c7a721cd,3,5:00
"July 06, 2019",Women's Bantamweight,http://ufcstats.com/fight-details/934b44ddcb3d95e6,3,5:00
"June 29, 2019",Heavyweight,http://ufcstats.com/fight-details/4e71dbef18157288,1,1:11
"June 29, 2019",Flyweight,http://ufcstats.com/fight-details/2418af6da44fd361,2,4:47
"June 29, 2019",Welterweight,http://ufcstats.com/fight-details/5fcf65d4de66c970,3,5:00
"June 29, 2019",Lightweight,http://ufcstats.com/fight-details/2b01da1699f0305f,3,5:00
"June 29, 2019",Lightweight,http://ufcstats.com/fight-details/966bf043577f8b6a,1,1:07
"June 29, 2019",Light Heavyweight,http://ufcstats.com/fight-details/c770192a9f3261cd,1,3:19
"June 29, 2019",Bantamweight,http://ufcstats.com/fight-details/8f5d5dd10a167cc0,3,5:00
"June 29, 2019",Light Heavyweight,http://ufcstats.com/fight-details/c0982b3919cc74f0,1,1:18
"June 29, 2019",Lightweight,http://ufcstats.com/fight-details/3f8c6e31ebbe54bc,3,5:00
"June 29, 2019",Light Heavyweight,http://ufcstats.com/fight-details/7ce7075951c9aa31,3,0:42
"June 29, 2019",Women's Strawweight,http://ufcstats.com/fight-details/e460bf4db340ca9e,2,2:10
"June 29, 2019",Heavyweight,http://ufcstats.com/fight-details/9ba051e0f5674108,1,3:38
"June 22, 2019",Featherweight,http://ufcstats.com/fight-details/aec1339028f3416c,1,0:58
"June 22, 2019",Welterweight,http://ufcstats.com/fight-details/4096b302747d47b3,3,2:54
"June 22, 2019",Bantamweight,http://ufcstats.com/fight-details/8f1b727757a60c07,3,5:00
"June 22, 2019",Women's Flyweight,http://ufcstats.com/fight-details/13129c1f044fdd47,3,5:00
"June 22, 2019",Middleweight,http://ufcstats.com/fight-details/b1da312483a974b3,3,5:00
"June 22, 2019",Featherweight,http://ufcstats.com/fight-details/f047e3605f8852d8,3,5:00
"June 22, 2019",Women's Strawweight,http://ufcstats.com/fight-details/6e9cf53cd87e1b7e,3,5:00
"June 22, 2019",Lightweight,http://ufcstats.com/fight-details/ab4862ea4cbd0750,3,1:14
"June 22, 2019",Heavyweight,http://ufcstats.com/fight-details/e4559c3cce6edec1,1,0:09
"June 22, 2019",Women's Flyweight,http://ufcstats.com/fight-details/fa98e2b8dceca9bb,3,5:00
"June 22, 2019",Middleweight,http://ufcstats.com/fight-details/f81f8cfe30e0a1e9,3,5:00
"June 08, 2019",Bantamweight,http://ufcstats.com/fight-details/cf4199c8517bc1fd,3,4:51
"June 08, 2019",Women's Flyweight,http://ufcstats.com/fight-details/4127b45c3d546eef,2,0:26
"June 08, 2019",Lightweight,http://ufcstats.com/fight-details/323dc938d93a849b,2,5:00
"June 08, 2019",Bantamweight,http://ufcstats.com/fight-details/fe0c844a671dd6d8,3,5:00
"June 08, 2019",Heavyweight,http://ufcstats.com/fight-details/cd2ceb5530529c9f,3,5:00
"June 08, 2019",Women's Strawweight,http://ufcstats.com/fight-details/56403d0fd259c5d9,3,5:00
"June 08, 2019",Bantamweight,http://ufcstats.com/fight-details/17753b728e5404aa,3,5:00
"June 08, 2019",Women's Strawweight,http://ufcstats.com/fight-details/a4446299c1f85d74,3,5:00
"June 08, 2019",Featherweight,http://ufcstats.com/fight-details/bf2a9732af50c84c,1,4:06
"June 08, 2019",Women's Strawweight,http://ufcstats.com/fight-details/97c76d44699f7c93,3,5:00
"June 08, 2019",Middleweight,http://ufcstats.com/fight-details/a255ed658a2ac9bb,3,5:00
"June 08, 2019",Bantamweight,http://ufcstats.com/fight-details/aa430402314b4459,2,4:47
"June 08, 2019",Women's Flyweight,http://ufcstats.com/fight-details/82eb6fa58ae52428,3,5:00
"June 01, 2019",Light Heavyweight,http://ufcstats.com/fight-details/4f9939af9a1d40a3,4,2:38
"June 01, 2019",Light Heavyweight,http://ufcstats.com/fight-details/138c8807fef52564,1,0:47
"June 01, 2019",Featherweight,http://ufcstats.com/fight-details/2ca4a039c07acd38,2,4:25
"June 01, 2019",Lightweight,http://ufcstats.com/fight-details/a5acaa5f693529dd,3,5:00
"June 01, 2019",Featherweight,http://ufcstats.com/fight-details/c53cb796b4a4cdb8,3,5:00
"June 01, 2019",Welterweight,http://ufcstats.com/fight-details/93330422e1f2e0be,3,5:00
"June 01, 2019",Women's Bantamweight,http://ufcstats.com/fight-details/f993be991eea6016,3,5:00
"June 01, 2019",Lightweight,http://ufcstats.com/fight-details/e1bd72aba46f46a1,1,2:17
"June 01, 2019",Lightweight,http://ufcstats.com/fight-details/fedb6a1b15b05694,2,4:56
"June 01, 2019",Women's Bantamweight,http://ufcstats.com/fight-details/b58972ad7dcf65e6,2,1:59
"June 01, 2019",Light Heavyweight,http://ufcstats.com/fight-details/a072481f307dc8aa,3,5:00
"June 01, 2019",Lightweight,http://ufcstats.com/fight-details/a4e210bcdcc1bf5b,2,2:22
"May 18, 2019",Welterweight,http://ufcstats.com/fight-details/d401522de73b7bee,4,3:47
"May 18, 2019",Middleweight,http://ufcstats.com/fight-details/9fb9af6599d67b1d,3,5:00
"May 18, 2019",Women's Featherweight,http://ufcstats.com/fight-details/4fe799b4fa1afb76,1,3:24
"May 18, 2019",Welterweight,http://ufcstats.com/fight-details/083a6edd8bb21bc8,1,3:52
"May 18, 2019",Lightweight,http://ufcstats.com/fight-details/5782666ca117fa5b,2,2:11
"May 18, 2019",Lightweight,http://ufcstats.com/fight-details/65c1ca715dfdbe05,3,5:00
"May 18, 2019",Women's Bantamweight,http://ufcstats.com/fight-details/1f5178fe56c5423f,3,5:00
"May 18, 2019",Lightweight,http://ufcstats.com/fight-details/031647c36d12788f,3,5:00
"May 18, 2019",Welterweight,http://ufcstats.com/fight-details/04c9ebe419195f8b,1,1:47
"May 18, 2019",Featherweight,http://ufcstats.com/fight-details/476a6245b43f3119,2,2:27
"May 18, 2019",Light Heavyweight,http://ufcstats.com/fight-details/f27e8d63f526d326,1,3:39
"May 18, 2019",Middleweight,http://ufcstats.com/fight-details/35f80e003d16a439,3,4:01
"May 18, 2019",Featherweight,http://ufcstats.com/fight-details/115fa6f5f3e51bbb,3,1:49
"May 11, 2019",Women's Strawweight,http://ufcstats.com/fight-details/07c00213ec388e07,2,2:58
"May 11, 2019",Middleweight,http://ufcstats.com/fight-details/a08dffad240dc3d4,1,4:47
"May 11, 2019",Featherweight,http://ufcstats.com/fight-details/7b53967f282a0d0a,3,5:00
"May 11, 2019",Welterweight,http://ufcstats.com/fight-details/3d941525f5c623e3,3,5:00
"May 11, 2019",Women's Bantamweight,http://ufcstats.com/fight-details/8cf4836e2b43c241,3,3:24
"May 11, 2019",Light Heavyweight,http://ufcstats.com/fight-details/413a4c217ee0193f,1,2:07
"May 11, 2019",Lightweight,http://ufcstats.com/fight-details/017c090e9e8d2957,3,5:00
"May 11, 2019",Welterweight,http://ufcstats.com/fight-details/2b038a467a89c73c,3,4:13
"May 11, 2019",Lightweight,http://ufcstats.com/fight-details/0febad4c4a3d69fc,3,5:00
"May 11, 2019",Women's Flyweight,http://ufcstats.com/fight-details/707cb14717df5960,3,5:00
"May 11, 2019",Bantamweight,http://ufcstats.com/fight-details/1218cba28d4dce94,2,4:49
"May 11, 2019",Women's Bantamweight,http://ufcstats.com/fight-details/e4bbec619aa04dea,3,0:48
"May 04, 2019",Lightweight,http://ufcstats.com/fight-details/73eff675e2aae30c,5,5:00
"May 04, 2019",Middleweight,http://ufcstats.com/fight-details/ad59540382d5b7f6,3,5:00
"May 04, 2019",Featherweight,http://ufcstats.com/fight-details/feaf740e3ae53b7c,3,5:00
"May 04, 2019",Bantamweight,http://ufcstats.com/fight-details/e6b2d6d33968c66c,3,5:00
"May 04, 2019",Heavyweight,http://ufcstats.com/fight-details/e939acbd9894c686,1,0:50
"May 04, 2019",Middleweight,http://ufcstats.com/fight-details/a6cc776330194937,3,5:00
"May 04, 2019",Women's Bantamweight,http://ufcstats.com/fight-details/3011439ecaf74180,2,2:22
"May 04, 2019",Bantamweight,http://ufcstats.com/fight-details/c936527df280b8b4,3,5:00
"May 04, 2019",Welterweight,http://ufcstats.com/fight-details/003c84fc7c3fa028,3,5:00
"May 04, 2019",Featherweight,http://ufcstats.com/fight-details/a3731057c8775716,3,3:16
"May 04, 2019",Heavyweight,http://ufcstats.com/fight-details/0bc354fbb6e99ab6,3,5:00
"May 04, 2019",Bantamweight,http://ufcstats.com/fight-details/16a05f3c4a765f65,3,5:00
"April 27, 2019",Middleweight,http://ufcstats.com/fight-details/f0ca713121289d24,5,5:00
"April 27, 2019",Heavyweight,http://ufcstats.com/fight-details/c68e57c19c82d500,1,2:15
"April 27, 2019",Welterweight,http://ufcstats.com/fight-details/3286d8406eff5c85,3,5:00
"April 27, 2019",Light Heavyweight,http://ufcstats.com/fight-details/bda97d9a44a89d52,2,3:37
"April 27, 2019",Bantamweight,http://ufcstats.com/fight-details/bcb697c4317f0997,3,5:00
"April 27, 2019",Lightweight,http://ufcstats.com/fight-details/721d870849de4a57,3,5:00
"April 27, 2019",Welterweight,http://ufcstats.com/fight-details/80e68a6453e15ab9,2,1:18
"April 27, 2019",Heavyweight,http://ufcstats.com/fight-details/3256d907f58af95e,3,5:00
"April 27, 2019",Women's Strawweight,http://ufcstats.com/fight-details/f08ccad48500eb2b,3,5:00
"April 27, 2019",Lightweight,http://ufcstats.com/fight-details/c2bcdcc472228768,2,4:15
"April 27, 2019",Lightweight,http://ufcstats.com/fight-details/3b6c18a966a2cea4,1,2:12
"April 27, 2019",Women's Strawweight,http://ufcstats.com/fight-details/c300085cc08357b5,3,5:00
"April 27, 2019",Welterweight,http://ufcstats.com/fight-details/7c13de66ce543d84,3,5:00
"April 20, 2019",Heavyweight,http://ufcstats.com/fight-details/470a3c1b89504258,1,4:45
"April 20, 2019",Lightweight,http://ufcstats.com/fight-details/103a7d8c4f17714b,3,5:00
"April 20, 2019",Heavyweight,http://ufcstats.com/fight-details/2a2b00e9bfd089cc,1,1:06
"April 20, 2019",Women's Flyweight,http://ufcstats.com/fight-details/a40c70d5a1a1be01,3,5:00
"April 20, 2019",Middleweight,http://ufcstats.com/fight-details/e458ace6a440b738,3,5:00
"April 20, 2019",Featherweight,http://ufcstats.com/fight-details/1b4374c9d7e5139c,3,5:00
"April 20, 2019",Welterweight,http://ufcstats.com/fight-details/23ba354e606df0ac,3,5:00
"April 20, 2019",Lightweight,http://ufcstats.com/fight-details/d9a797f632686568,2,3:10
"April 20, 2019",Heavyweight,http://ufcstats.com/fight-details/0bc7e4852f75a06d,2,3:15
"April 20, 2019",Light Heavyweight,http://ufcstats.com/fight-details/56f984ac83fb34cc,1,0:44
"April 20, 2019",Lightweight,http://ufcstats.com/fight-details/75bc89630027c601,1,1:26
"April 13, 2019",Lightweight,http://ufcstats.com/fight-details/87126427cfcaee52,5,5:00
"April 13, 2019",Middleweight,http://ufcstats.com/fight-details/9bfda7c26578aaac,5,5:00
"April 13, 2019",Light Heavyweight,http://ufcstats.com/fight-details/e0d92694d8a2d38b,3,5:00
"April 13, 2019",Welterweight,http://ufcstats.com/fight-details/7dc87736c304b3dd,3,5:00
"April 13, 2019",Light Heavyweight,http://ufcstats.com/fight-details/d22c19fd92426567,2,2:30
"April 13, 2019",Lightweight,http://ufcstats.com/fight-details/31b283a5559ad44d,3,5:00
"April 13, 2019",Flyweight,http://ufcstats.com/fight-details/c6b040021b4ceb0f,1,2:58
"April 13, 2019",Welterweight,http://ufcstats.com/fight-details/bf719cf83cab229b,3,5:00
"April 13, 2019",Bantamweight,http://ufcstats.com/fight-details/2456c4550c26e5e8,1,0:25
"April 13, 2019",Welterweight,http://ufcstats.com/fight-details/23fd92555246d61e,3,5:00
"April 13, 2019",Bantamweight,http://ufcstats.com/fight-details/8da5849a6e7307bf,3,5:00
"April 13, 2019",Women's Flyweight,http://ufcstats.com/fight-details/75e580d5ea37c519,3,5:00
"April 13, 2019",Bantamweight,http://ufcstats.com/fight-details/79da0eacafb22f86,2,1:12
"March 30, 2019",Lightweight,http://ufcstats.com/fight-details/b309cdde35310875,1,2:30
"March 30, 2019",Middleweight,http://ufcstats.com/fight-details/a0163cdde4ec785d,1,0:49
"March 30, 2019",Featherweight,http://ufcstats.com/fight-details/5c70b175f08ca141,3,4:14
"March 30, 2019",Women's Strawweight,http://ufcstats.com/fight-details/b70e72f23446520a,3,5:00
"March 30, 2019",Light Heavyweight,http://ufcstats.com/fight-details/1d8ee477e682a8fc,3,4:20
"March 30, 2019",Featherweight,http://ufcstats.com/fight-details/818b55b087013e64,3,5:00
"March 30, 2019",Women's Strawweight,http://ufcstats.com/fight-details/f5a038c18f7a44fc,3,5:00
"March 30, 2019",Lightweight,http://ufcstats.com/fight-details/b7ff74563d034519,1,2:52
"March 30, 2019",Featherweight,http://ufcstats.com/fight-details/6173056f0e080ca6,3,5:00
"March 30, 2019",Middleweight,http://ufcstats.com/fight-details/7dc3ada8f2135477,3,5:00
"March 30, 2019",Bantamweight,http://ufcstats.com/fight-details/93a081342561d0c3,3,5:00
"March 30, 2019",Women's Flyweight,http://ufcstats.com/fight-details/b695fc80bd538172,3,5:00
"March 30, 2019",Bantamweight,http://ufcstats.com/fight-details/3db15d45e8490c22,3,5:00
"March 23, 2019",Welterweight,http://ufcstats.com/fight-details/56ae02578b1163ee,2,4:55
"March 23, 2019",Heavyweight,http://ufcstats.com/fight-details/9532ebf4d9405e65,3,5:00
"March 23, 2019",Lightweight,http://ufcstats.com/fight-details/ced0e31df74f27d6,3,5:00
"March 23, 2019",Flyweight,http://ufcstats.com/fight-details/eb096b0196a7ff65,3,5:00
"March 23, 2019",Featherweight,http://ufcstats.com/fight-details/3812b265afd78186,3,5:00
"March 23, 2019",Women's Flyweight,http://ufcstats.com/fight-details/55b53fdad307b708,2,3:01
"March 23, 2019",Featherweight,http://ufcstats.com/fight-details/721b23d896a44e2e,3,5:00
"March 23, 2019",Bantamweight,http://ufcstats.com/fight-details/971b3d35c302cf8f,1,1:25
"March 23, 2019",Women's Flyweight,http://ufcstats.com/fight-details/8d70694ceeb0dc9a,3,5:00
"March 23, 2019",Women's Strawweight,http://ufcstats.com/fight-details/0f9679fda36f7f41,1,4:24
"March 23, 2019",Bantamweight,http://ufcstats.com/fight-details/0717bc30025f3656,3,5:00
"March 23, 2019",Flyweight,http://ufcstats.com/fight-details/469fba0129c95278,3,5:00
"March 16, 2019",Welterweight,http://ufcstats.com/fight-details/c6dd17ab89437805,2,3:05
"March 16, 2019",Welterweight,http://ufcstats.com/fight-details/e068f14acd47ed69,3,5:00
"March 16, 2019",Light Heavyweight,http://ufcstats.com/fight-details/826fb989c0e6208e,3,5:00
"March 16, 2019",Bantamweight,http://ufcstats.com/fight-details/40687c9412e0c279,2,2:46
"March 16, 2019",Welterweight,http://ufcstats.com/fight-details/8a8190f3f71408a4,3,2:37
"March 16, 2019",Middleweight,http://ufcstats.com/fight-details/437c6e18f41287f1,3,5:00
"March 16, 2019",Featherweight,http://ufcstats.com/fight-details/8cc4c597aecbfef5,3,5:00
"March 16, 2019",Lightweight,http://ufcstats.com/fight-details/44ab00737c3fb890,3,5:00
"March 16, 2019",Light Heavyweight,http://ufcstats.com/fight-details/6ada4f4286e4261d,3,5:00
"March 16, 2019",Featherweight,http://ufcstats.com/fight-details/bcef35d6e0964f01,1,1:17
"March 16, 2019",Women's Flyweight,http://ufcstats.com/fight-details/a2f4acc81f7886a2,3,5:00
"March 16, 2019",Featherweight,http://ufcstats.com/fight-details/9763e27bf80abe42,2,4:42
"March 09, 2019",Heavyweight,http://ufcstats.com/fight-details/1b1792afe4457e83,2,1:58
"March 09, 2019",Welterweight,http://ufcstats.com/fight-details/710c7f8c7dc2af46,1,2:35
"March 09, 2019",Welterweight,http://ufcstats.com/fight-details/aeb0322f619213b1,1,4:50
"March 09, 2019",Heavyweight,http://ufcstats.com/fight-details/4b1606ab1893c242,3,5:00
"March 09, 2019",Lightweight,http://ufcstats.com/fight-details/9cfad21ef1911728,2,4:41
"March 09, 2019",Middleweight,http://ufcstats.com/fight-details/aaad7e29825b3264,3,5:00
"March 09, 2019",Welterweight,http://ufcstats.com/fight-details/51808d929c84b8ae,3,5:00
"March 09, 2019",Women's Bantamweight,http://ufcstats.com/fight-details/fb34734f84d0a14d,3,5:00
"March 09, 2019",Featherweight,http://ufcstats.com/fight-details/ddcfa590f4644240,3,5:00
"March 09, 2019",Heavyweight,http://ufcstats.com/fight-details/b776b08e2cc6aa0c,3,5:00
"March 09, 2019",Bantamweight,http://ufcstats.com/fight-details/858696528ab7035a,1,3:18
"March 09, 2019",Welterweight,http://ufcstats.com/fight-details/583f2c3cd0e2385b,1,3:34
"March 09, 2019",Lightweight,http://ufcstats.com/fight-details/6c9bf1d285cf5dd4,3,5:00
"March 02, 2019",Light Heavyweight,http://ufcstats.com/fight-details/5b9f545890407976,5,5:00
"March 02, 2019",Welterweight,http://ufcstats.com/fight-details/851645c373f50e16,5,5:00
"March 02, 2019",Welterweight,http://ufcstats.com/fight-details/97dabff880f33202,1,3:20
"March 02, 2019",Women's Strawweight,http://ufcstats.com/fight-details/ec149b086b0e7fac,3,5:00
"March 02, 2019",Bantamweight,http://ufcstats.com/fight-details/39fa341fb9161d6f,1,4:52
"March 02, 2019",Featherweight,http://ufcstats.com/fight-details/bac3ac8d7330d05d,3,5:00
"March 02, 2019",Light Heavyweight,http://ufcstats.com/fight-details/7adaf85915993137,1,0:36
"March 02, 2019",Bantamweight,http://ufcstats.com/fight-details/3744d4cdaa6b242b,3,5:00
"March 02, 2019",Welterweight,http://ufcstats.com/fight-details/e3826e06d68ed4af,2,4:13
"March 02, 2019",Middleweight,http://ufcstats.com/fight-details/7a26c9407ef64e10,1,0:38
"March 02, 2019",Women's Bantamweight,http://ufcstats.com/fight-details/8adc6266a7c2fd40,1,1:49
"March 02, 2019",Women's Strawweight,http://ufcstats.com/fight-details/0405e4446e8f239a,3,5:00
"February 23, 2019",Light Heavyweight,http://ufcstats.com/fight-details/cb010b41cd20a1ed,3,0:39
"February 23, 2019",Heavyweight,http://ufcstats.com/fight-details/4de28817db9fc9d8,2,2:21
"February 23, 2019",Light Heavyweight,http://ufcstats.com/fight-details/34c649f3f43a919b,1,1:34
"February 23, 2019",Women's Flyweight,http://ufcstats.com/fight-details/1db00b3e736c22bf,3,5:00
"February 23, 2019",Bantamweight,http://ufcstats.com/fight-details/244aa8f002274344,3,5:00
"February 23, 2019",Light Heavyweight,http://ufcstats.com/fight-details/14c505d7ad55883c,3,5:00
"February 23, 2019",Welterweight,http://ufcstats.com/fight-details/fd438db3e60f062a,1,4:59
"February 23, 2019",Featherweight,http://ufcstats.com/fight-details/c827f5212a34bf2e,2,1:10
"February 23, 2019",Women's Flyweight,http://ufcstats.com/fight-details/4e22e3cdb8757be1,2,3:27
"February 23, 2019",Lightweight,http://ufcstats.com/fight-details/18d6df67968bf06b,2,2:03
"February 23, 2019",Welterweight,http://ufcstats.com/fight-details/c77486266b05f934,3,5:00
"February 23, 2019",Lightweight,http://ufcstats.com/fight-details/9af62d6e404c1002,3,5:00
"February 23, 2019",Lightweight,http://ufcstats.com/fight-details/e4b13f7f43018ec0,3,5:00
"February 17, 2019",Heavyweight,http://ufcstats.com/fight-details/01983cba42704c49,1,0:26
"February 17, 2019",Lightweight,http://ufcstats.com/fight-details/a212e4c197983ad1,3,5:00
"February 17, 2019",Women's Strawweight,http://ufcstats.com/fight-details/354425c41008a01f,3,5:00
"February 17, 2019",Featherweight,http://ufcstats.com/fight-details/c8bc7e668ffffc7c,1,2:06
"February 17, 2019",Welterweight,http://ufcstats.com/fight-details/1521f94cafdfd783,3,4:54
"February 17, 2019",Featherweight,http://ufcstats.com/fight-details/0a4247ba4ae1cca5,3,5:00
"February 17, 2019",Bantamweight,http://ufcstats.com/fight-details/58e21d505c082a9e,3,5:00
"February 17, 2019",Bantamweight,http://ufcstats.com/fight-details/0d698108c5f5d1d6,1,3:09
"February 17, 2019",Women's Flyweight,http://ufcstats.com/fight-details/bdeca00572419011,3,5:00
"February 17, 2019",Lightweight,http://ufcstats.com/fight-details/f96f719ad667dd96,3,5:00
"February 17, 2019",Bantamweight,http://ufcstats.com/fight-details/7fec3b1ec923ad24,2,1:01
"February 17, 2019",Women's Strawweight,http://ufcstats.com/fight-details/a9184def876faec6,1,1:01
"February 09, 2019",Middleweight,http://ufcstats.com/fight-details/4eb91cfc892a108e,3,5:00
"February 09, 2019",Lightweight,http://ufcstats.com/fight-details/aa71cf96ba4e5a36,1,4:55
"February 09, 2019",Bantamweight,http://ufcstats.com/fight-details/069e3e704cbf6337,3,5:00
"February 09, 2019",Women's Flyweight,http://ufcstats.com/fight-details/fd1854062406d287,2,2:37
"February 09, 2019",Light Heavyweight,http://ufcstats.com/fight-details/e4862c4f20117cb8,1,2:49
"February 09, 2019",Lightweight,http://ufcstats.com/fight-details/5ff8463edf8155c0,1,3:53
"February 09, 2019",Featherweight,http://ufcstats.com/fight-details/49f7186e1e3cf6c8,3,5:00
"February 09, 2019",Flyweight,http://ufcstats.com/fight-details/51db35a3cf225bda,3,5:00
"February 09, 2019",Bantamweight,http://ufcstats.com/fight-details/b247a1900cfae052,1,3:59
"February 09, 2019",Lightweight,http://ufcstats.com/fight-details/11c0ef97497303ef,1,0:53
"February 09, 2019",Bantamweight,http://ufcstats.com/fight-details/8e43d61ca6f2d904,3,5:00
"February 02, 2019",Bantamweight,http://ufcstats.com/fight-details/4e8b2357fea211e9,1,3:17
"February 02, 2019",Featherweight,http://ufcstats.com/fight-details/300f1489174a3ece,2,0:44
"February 02, 2019",Welterweight,http://ufcstats.com/fight-details/ce246b336b6bd638,1,2:38
"February 02, 2019",Lightweight,http://ufcstats.com/fight-details/85036b967403cdab,2,0:55
"February 02, 2019",Light Heavyweight,http://ufcstats.com/fight-details/44cfd4330eb6e2bf,1,0:15
"February 02, 2019",Women's Strawweight,http://ufcstats.com/fight-details/53abea410a0541c8,3,5:00
"February 02, 2019",Middleweight,http://ufcstats.com/fight-details/ebb685a81f65ce1b,2,1:07
"February 02, 2019",Women's Flyweight,http://ufcstats.com/fight-details/904e0e46392dff93,3,5:00
"February 02, 2019",Welterweight,http://ufcstats.com/fight-details/59097097bc09cdef,3,5:00
"February 02, 2019",Heavyweight,http://ufcstats.com/fight-details/491b7d974254596d,2,0:54
"February 02, 2019",Featherweight,http://ufcstats.com/fight-details/818456a713fdabe6,3,5:00
"February 02, 2019",Bantamweight,http://ufcstats.com/fight-details/9192053a3884aadf,1,2:28
"February 02, 2019",Flyweight,http://ufcstats.com/fight-details/8f8a6c578308d014,3,5:00
"January 19, 2019",Flyweight,http://ufcstats.com/fight-details/85511ab7fd9ed061,1,0:32
"January 19, 2019",Heavyweight,http://ufcstats.com/fight-details/8da2c348ba6001a0,2,2:28
"January 19, 2019",Lightweight,http://ufcstats.com/fight-details/0261adcfc6e49150,2,4:59
"January 19, 2019",Flyweight,http://ufcstats.com/fight-details/4738cd4cd8d33eeb,3,5:00
"January 19, 2019",Women's Flyweight,http://ufcstats.com/fight-details/7ddd21d48e3b34b9,2,1:50
"January 19, 2019",Light Heavyweight,http://ufcstats.com/fight-details/5d1f24e034772338,1,3:21
"January 19, 2019",Lightweight,http://ufcstats.com/fight-details/3dd0951b8855137d,2,3:43
"January 19, 2019",Women's Flyweight,http://ufcstats.com/fight-details/77c6a6f33289b872,3,5:00
"January 19, 2019",Light Heavyweight,http://ufcstats.com/fight-details/8a9c8f1d53d8c664,1,3:56
"January 19, 2019",Bantamweight,http://ufcstats.com/fight-details/efbab76bedbfb65d,1,3:31
"January 19, 2019",Lightweight,http://ufcstats.com/fight-details/2ea1f463620bcd3d,3,5:00
"January 19, 2019",Welterweight,http://ufcstats.com/fight-details/2cc1fe3570999428,3,5:00
"January 19, 2019",Welterweight,http://ufcstats.com/fight-details/e76227f395b94e47,1,2:25
"December 29, 2018",Light Heavyweight,http://ufcstats.com/fight-details/ceaae1db8ccde29c,3,2:02
"December 29, 2018",Women's Featherweight,http://ufcstats.com/fight-details/3278e45b30f7dd33,1,0:51
"December 29, 2018",Welterweight,http://ufcstats.com/fight-details/1ca41d3b11d88b36,2,0:56
"December 29, 2018",Light Heavyweight,http://ufcstats.com/fight-details/9ee818e10dcf3b45,3,5:00
"December 29, 2018",Featherweight,http://ufcstats.com/fight-details/a5ea53104392fa9f,2,4:14
"December 29, 2018",Heavyweight,http://ufcstats.com/fight-details/819af4bbad55324d,3,5:00
"December 29, 2018",Women's Featherweight,http://ufcstats.com/fight-details/b0e16dd491bc4fea,1,1:01
"December 29, 2018",Bantamweight,http://ufcstats.com/fight-details/498e7b0800af226c,2,5:00
"December 29, 2018",Lightweight,http://ufcstats.com/fight-details/bd7a8c6c74655afc,1,2:46
"December 29, 2018",Bantamweight,http://ufcstats.com/fight-details/61bf6748cf85eb84,3,4:12
"December 29, 2018",Middleweight,http://ufcstats.com/fight-details/4de25b19c4dedb14,3,1:32
"December 29, 2018",Welterweight,http://ufcstats.com/fight-details/3f5a623cf360c494,3,5:00
"December 29, 2018",Bantamweight,http://ufcstats.com/fight-details/8ce926b4d38a55a0,1,1:40
"December 15, 2018",Lightweight,http://ufcstats.com/fight-details/b9c82dfde8b66e37,5,5:00
"December 15, 2018",Lightweight,http://ufcstats.com/fight-details/920b6f739a36e721,3,2:19
"December 15, 2018",Bantamweight,http://ufcstats.com/fight-details/4da4c5ef6a4ffc5b,3,5:00
"December 15, 2018",Lightweight,http://ufcstats.com/fight-details/f3e289f1423c0e6f,1,1:15
"December 15, 2018",Welterweight,http://ufcstats.com/fight-details/c0ab927864bb6e98,3,5:00
"December 15, 2018",Lightweight,http://ufcstats.com/fight-details/b69d3d55c84f5dd6,3,5:00
"December 15, 2018",Lightweight,http://ufcstats.com/fight-details/92fd2127f46b0cb7,3,2:39
"December 15, 2018",Middleweight,http://ufcstats.com/fight-details/986f0b480389ad25,1,4:25
"December 15, 2018",Middleweight,http://ufcstats.com/fight-details/bf41783b9446891e,3,5:00
"December 15, 2018",Featherweight,http://ufcstats.com/fight-details/1b6e5363eb81c409,3,5:00
"December 15, 2018",Light Heavyweight,http://ufcstats.com/fight-details/05f1e8ff81dbe05b,1,2:59
"December 15, 2018",Heavyweight,http://ufcstats.com/fight-details/c4f443509308dec6,3,0:58
"December 08, 2018",Featherweight,http://ufcstats.com/fight-details/4e55251b7a0df0c2,4,5:00
"December 08, 2018",Women's Flyweight,http://ufcstats.com/fight-details/48a2a476d3b59866,5,5:00
"December 08, 2018",Welterweight,http://ufcstats.com/fight-details/3a42dd84680f444b,2,4:17
"December 08, 2018",Featherweight,http://ufcstats.com/fight-details/e0e22d7bc5a293e8,3,5:00
"December 08, 2018",Light Heavyweight,http://ufcstats.com/fight-details/37a7dc68f3a0e65d,2,0:41
"December 08, 2018",Women's Strawweight,http://ufcstats.com/fight-details/d5577e3272ef3032,3,5:00
"December 08, 2018",Lightweight,http://ufcstats.com/fight-details/1fa8537d3992a09a,3,5:00
"December 08, 2018",Women's Flyweight,http://ufcstats.com/fight-details/00b1e95f6aea7027,3,5:00
"December 08, 2018",Middleweight,http://ufcstats.com/fight-details/7d679c16024f6f38,3,5:00
"December 08, 2018",Bantamweight,http://ufcstats.com/fight-details/41feee2c08af2235,3,5:00
"December 08, 2018",Welterweight,http://ufcstats.com/fight-details/e909e34cdee01831,1,1:37
"December 08, 2018",Lightweight,http://ufcstats.com/fight-details/fdc97f9b88bdef7d,2,1:23
"December 08, 2018",Light Heavyweight,http://ufcstats.com/fight-details/19d1ae54681bc722,1,4:05
"December 01, 2018",Heavyweight,http://ufcstats.com/fight-details/b6bd31215bd7ec1f,2,2:30
"December 01, 2018",Light Heavyweight,http://ufcstats.com/fight-details/20063242f6e40d31,3,0:43
"December 01, 2018",Heavyweight,http://ufcstats.com/fight-details/70feb2bfc12b97d4,3,5:00
"December 01, 2018",Welterweight,http://ufcstats.com/fight-details/60cc0ac9ace28324,3,1:19
"December 01, 2018",Featherweight,http://ufcstats.com/fight-details/0ac4f0c1b4d021f6,1,2:14
"December 01, 2018",Light Heavyweight,http://ufcstats.com/fight-details/29f40d82bd128c65,3,4:51
"December 01, 2018",Welterweight,http://ufcstats.com/fight-details/73a299d44d2ef5cd,3,5:00
"December 01, 2018",Flyweight,http://ufcstats.com/fight-details/fa9ec0b8c4b3a84a,3,5:00
"December 01, 2018",Welterweight,http://ufcstats.com/fight-details/94dcbc64641cbb6e,3,5:00
"December 01, 2018",Flyweight,http://ufcstats.com/fight-details/c65f4b4c0338d0c1,3,5:00
"December 01, 2018",Lightweight,http://ufcstats.com/fight-details/69279781a89c893e,3,5:00
"December 01, 2018",Lightweight,http://ufcstats.com/fight-details/44c60f91b4f7b23d,3,5:00
"November 30, 2018",Welterweight,http://ufcstats.com/fight-details/0d077813b6164fe1,5,5:00
"November 30, 2018",Heavyweight,http://ufcstats.com/fight-details/cc73c73e6e3412d4,1,3:36
"November 30, 2018",Women's Featherweight,http://ufcstats.com/fight-details/d99b2abf50e9a03e,2,2:11
"November 30, 2018",Bantamweight,http://ufcstats.com/fight-details/aa7d691fc6385acb,1,2:39
"November 30, 2018",Middleweight,http://ufcstats.com/fight-details/5b2835ac76f05993,3,5:00
"November 30, 2018",Women's Flyweight,http://ufcstats.com/fight-details/c2fd3d874f558408,3,5:00
"November 30, 2018",Featherweight,http://ufcstats.com/fight-details/4e6bbc5832e55f64,3,5:00
"November 30, 2018",Flyweight,http://ufcstats.com/fight-details/1785c7fb722d3007,1,4:19
"November 30, 2018",Heavyweight,http://ufcstats.com/fight-details/86046081e767437e,1,2:14
"November 30, 2018",Women's Featherweight,http://ufcstats.com/fight-details/6abf4f61a1e11d34,3,5:00
"November 30, 2018",Lightweight,http://ufcstats.com/fight-details/d2ef04d5f384c05a,1,4:50
"November 30, 2018",Welterweight,http://ufcstats.com/fight-details/c7df07266a9597d9,1,1:18
"November 30, 2018",Bantamweight,http://ufcstats.com/fight-details/e3f31cdd33b4ca92,2,4:12
"November 24, 2018",Heavyweight,http://ufcstats.com/fight-details/12e12307414dafc6,1,0:45
"November 24, 2018",Heavyweight,http://ufcstats.com/fight-details/1c43b38c1f4bdbe2,1,4:21
"November 24, 2018",Bantamweight,http://ufcstats.com/fight-details/d755a29a49c9ee09,3,5:00
"November 24, 2018",Welterweight,http://ufcstats.com/fight-details/21992c366d3b4602,3,4:07
"November 24, 2018",Welterweight,http://ufcstats.com/fight-details/9e1853861f58191f,3,5:00
"November 24, 2018",Women's Flyweight,http://ufcstats.com/fight-details/d1a93a55c8063ff3,1,4:00
"November 24, 2018",Light Heavyweight,http://ufcstats.com/fight-details/438fbdd4cf27e324,3,5:00
"November 24, 2018",Women's Strawweight,http://ufcstats.com/fight-details/a932059e61f4c25e,1,3:41
"November 24, 2018",Bantamweight,http://ufcstats.com/fight-details/43af7c5772e8198f,3,5:00
"November 24, 2018",Women's Strawweight,http://ufcstats.com/fight-details/e8093d77f566fe51,3,5:00
"November 24, 2018",Middleweight,http://ufcstats.com/fight-details/02731f017c838ad4,3,4:05
"November 24, 2018",Bantamweight,http://ufcstats.com/fight-details/8c109a0c53ed9618,2,2:07
"November 17, 2018",Welterweight,http://ufcstats.com/fight-details/7e695ad026b2ec66,4,2:36
"November 17, 2018",Featherweight,http://ufcstats.com/fight-details/f9ab603b763998f7,3,4:09
"November 17, 2018",Light Heavyweight,http://ufcstats.com/fight-details/51ce499611a5df68,1,1:57
"November 17, 2018",Middleweight,http://ufcstats.com/fight-details/3bde8910fabf0dd3,3,5:00
"November 17, 2018",Bantamweight,http://ufcstats.com/fight-details/b9a3b520e68f8142,2,1:31
"November 17, 2018",Women's Strawweight,http://ufcstats.com/fight-details/99bfad1679112591,1,4:48
"November 17, 2018",Welterweight,http://ufcstats.com/fight-details/410aca28fda60f76,1,1:02
"November 17, 2018",Flyweight,http://ufcstats.com/fight-details/961f434fe238f40e,1,2:18
"November 17, 2018",Featherweight,http://ufcstats.com/fight-details/85f85003fadf7a7b,3,5:00
"November 17, 2018",Welterweight,http://ufcstats.com/fight-details/629c0eb319e01374,3,5:00
"November 17, 2018",Lightweight,http://ufcstats.com/fight-details/9cd172df74575fd4,3,5:00
"November 17, 2018",Featherweight,http://ufcstats.com/fight-details/c7bc8750e9503805,3,5:00
"November 10, 2018",Featherweight,http://ufcstats.com/fight-details/0ccd16201ac41ef8,5,4:59
"November 10, 2018",Welterweight,http://ufcstats.com/fight-details/46cfd4aaa02ce202,1,4:46
"November 10, 2018",Women's Bantamweight,http://ufcstats.com/fight-details/0a667143584a2d96,3,5:00
"November 10, 2018",Lightweight,http://ufcstats.com/fight-details/14cf0828d6e373ab,3,5:00
"November 10, 2018",Women's Strawweight,http://ufcstats.com/fight-details/17f69a241aa952fd,2,2:01
"November 10, 2018",Lightweight,http://ufcstats.com/fight-details/2c84f2cb1bb23ab8,3,5:00
"November 10, 2018",Women's Strawweight,http://ufcstats.com/fight-details/bd5efa4b53dc1642,3,5:00
"November 10, 2018",Featherweight,http://ufcstats.com/fight-details/04d37c1c206c0efd,2,2:43
"November 10, 2018",Lightweight,http://ufcstats.com/fight-details/933cf2674503c63d,1,1:57
"November 10, 2018",Lightweight,http://ufcstats.com/fight-details/79fb77a0b0294aec,1,0:46
"November 10, 2018",Flyweight,http://ufcstats.com/fight-details/3210723fbb018fa7,3,5:00
"November 10, 2018",Bantamweight,http://ufcstats.com/fight-details/38abefbf24624a35,3,5:00
"November 03, 2018",Heavyweight,http://ufcstats.com/fight-details/e9700d51ec2b940b,2,2:14
"November 03, 2018",Middleweight,http://ufcstats.com/fight-details/c037cdc1de53de8e,3,2:46
"November 03, 2018",Middleweight,http://ufcstats.com/fight-details/b4ec3e067604f90a,2,0:39
"November 03, 2018",Middleweight,http://ufcstats.com/fight-details/7aede55e4e47c698,3,5:00
"November 03, 2018",Middleweight,http://ufcstats.com/fight-details/e4e1d12441b90866,1,4:51
"November 03, 2018",Featherweight,http://ufcstats.com/fight-details/78bb2b441917848c,3,5:00
"November 03, 2018",Women's Flyweight,http://ufcstats.com/fight-details/752f19e9c201ea57,3,5:00
"November 03, 2018",Featherweight,http://ufcstats.com/fight-details/41be95916aef568f,3,5:00
"November 03, 2018",Welterweight,http://ufcstats.com/fight-details/b8b2cdf962cc65a0,1,1:32
"November 03, 2018",Lightweight,http://ufcstats.com/fight-details/df9aa51f6ccdfe02,3,5:00
"November 03, 2018",Featherweight,http://ufcstats.com/fight-details/3729ff914eaede07,1,2:11
"November 03, 2018",Heavyweight,http://ufcstats.com/fight-details/33116969380185a9,3,5:00
"October 27, 2018",Light Heavyweight,http://ufcstats.com/fight-details/96b59d89ecac66d0,3,4:26
"October 27, 2018",Featherweight,http://ufcstats.com/fight-details/e202f273220aa533,3,5:00
"October 27, 2018",Light Heavyweight,http://ufcstats.com/fight-details/a9a770bac1261af9,1,2:40
"October 27, 2018",Bantamweight,http://ufcstats.com/fight-details/e1eeb61d0669ce45,3,5:00
"October 27, 2018",Light Heavyweight,http://ufcstats.com/fight-details/53d6e37063f9c404,3,5:00
"October 27, 2018",Welterweight,http://ufcstats.com/fight-details/8a08b8043f83d245,3,5:00
"October 27, 2018",Welterweight,http://ufcstats.com/fight-details/6fd7f6f1deaef4e8,2,3:10
"October 27, 2018",Lightweight,http://ufcstats.com/fight-details/3d7ea6012fd8f786,3,5:00
"October 27, 2018",Featherweight,http://ufcstats.com/fight-details/bd0622b184ab4f28,1,4:11
"October 27, 2018",Women's Bantamweight,http://ufcstats.com/fight-details/8dcfa933877e3a0b,3,5:00
"October 27, 2018",Lightweight,http://ufcstats.com/fight-details/9d204f44a9988b93,2,0:14
"October 27, 2018",Heavyweight,http://ufcstats.com/fight-details/4f42acd810ed5173,3,5:00
"October 27, 2018",Lightweight,http://ufcstats.com/fight-details/53bb7c4a606d60c0,3,5:00
"October 06, 2018",Lightweight,http://ufcstats.com/fight-details/3eea92e7f26fb05b,4,3:03
"October 06, 2018",Lightweight,http://ufcstats.com/fight-details/8f6dda53ea3b09c7,2,5:00
"October 06, 2018",Light Heavyweight,http://ufcstats.com/fight-details/3c5442bb62ca1505,3,5:00
"October 06, 2018",Heavyweight,http://ufcstats.com/fight-details/397ace87deeb8697,3,4:49
"October 06, 2018",Women's Strawweight,http://ufcstats.com/fight-details/adee1fc200ed1a12,3,5:00
"October 06, 2018",Flyweight,http://ufcstats.com/fight-details/8f5482992dad74d2,3,5:00
"October 06, 2018",Welterweight,http://ufcstats.com/fight-details/48ea8a30f7b88cfc,1,3:52
"October 06, 2018",Women's Bantamweight,http://ufcstats.com/fight-details/e2e524bb5392a3ea,1,3:26
"October 06, 2018",Lightweight,http://ufcstats.com/fight-details/c835ccffa472970e,3,3:42
"October 06, 2018",Women's Bantamweight,http://ufcstats.com/fight-details/21be9181725ab599,3,5:00
"October 06, 2018",Lightweight,http://ufcstats.com/fight-details/9bc042a700d9a531,2,1:19
"October 06, 2018",Welterweight,http://ufcstats.com/fight-details/68ba4aca75b02496,3,1:00
"September 22, 2018",Light Heavyweight,http://ufcstats.com/fight-details/7cdda45e7d52bf40,3,5:00
"September 22, 2018",Welterweight,http://ufcstats.com/fight-details/a409a5381f082e8f,1,0:39
"September 22, 2018",Light Heavyweight,http://ufcstats.com/fight-details/1669773acd404217,2,1:00
"September 22, 2018",Bantamweight,http://ufcstats.com/fight-details/f4187c30c311eb93,3,5:00
"September 22, 2018",Women's Strawweight,http://ufcstats.com/fight-details/a7492cbfb9b5d4a3,3,5:00
"September 22, 2018",Lightweight,http://ufcstats.com/fight-details/ba766bd03090dab9,2,3:22
"September 22, 2018",Lightweight,http://ufcstats.com/fight-details/3d9398386c84109b,2,4:10
"September 22, 2018",Light Heavyweight,http://ufcstats.com/fight-details/30eaf1650bc359b3,3,5:00
"September 22, 2018",Heavyweight,http://ufcstats.com/fight-details/d7c7b312279104d2,3,4:03
"September 22, 2018",Welterweight,http://ufcstats.com/fight-details/b509c337d181c567,2,4:42
"September 22, 2018",Women's Flyweight,http://ufcstats.com/fight-details/0c618cd41b88c558,1,4:55
"September 22, 2018",Middleweight,http://ufcstats.com/fight-details/c5479f20e4db357d,3,5:00
"September 22, 2018",Welterweight,http://ufcstats.com/fight-details/1c6d3ef6beb9966e,2,1:20
"September 22, 2018",Women's Strawweight,http://ufcstats.com/fight-details/37ff18106c6e38fc,1,1:21
"September 15, 2018",Heavyweight,http://ufcstats.com/fight-details/eebb4dde70a67369,1,4:26
"September 15, 2018",Light Heavyweight,http://ufcstats.com/fight-details/880f2bb0a639a5a0,2,2:41
"September 15, 2018",Heavyweight,http://ufcstats.com/fight-details/a7e8416f0d57c8e0,3,5:00
"September 15, 2018",Welterweight,http://ufcstats.com/fight-details/dd0a3aedba5cee87,3,5:00
"September 15, 2018",Middleweight,http://ufcstats.com/fight-details/d40f865aa6be9cd0,2,5:00
"September 15, 2018",Bantamweight,http://ufcstats.com/fight-details/c76fd2ddcbc4713d,3,5:00
"September 15, 2018",Lightweight,http://ufcstats.com/fight-details/ba33d0868b25483b,3,5:00
"September 15, 2018",Lightweight,http://ufcstats.com/fight-details/f56c6646b54c0662,3,5:00
"September 15, 2018",Light Heavyweight,http://ufcstats.com/fight-details/1687e2cd061b7aec,1,3:09
"September 15, 2018",Middleweight,http://ufcstats.com/fight-details/ed72edc2ce0f3c5f,2,0:42
"September 15, 2018",Welterweight,http://ufcstats.com/fight-details/67f559403a6ec7cb,3,5:00
"September 15, 2018",Bantamweight,http://ufcstats.com/fight-details/6455d9c54d99b851,3,5:00
"September 08, 2018",Welterweight,http://ufcstats.com/fight-details/b66ac52bfb217761,2,4:19
"September 08, 2018",Women's Strawweight,http://ufcstats.com/fight-details/dbf786f9808c6a08,1,1:58
"September 08, 2018",Featherweight,http://ufcstats.com/fight-details/b2625001e0b89369,2,3:46
"September 08, 2018",Bantamweight,http://ufcstats.com/fight-details/82342dc6be82778b,3,5:00
"September 08, 2018",Welterweight,http://ufcstats.com/fight-details/f3bebb48771a414a,1,0:43
"September 08, 2018",Women's Strawweight,http://ufcstats.com/fight-details/fd61e6146f3b2942,3,4:33
"September 08, 2018",Bantamweight,http://ufcstats.com/fight-details/e65ffb177a2c7669,2,3:42
"September 08, 2018",Welterweight,http://ufcstats.com/fight-details/6caf9ebf42ddae2e,2,1:23
"September 08, 2018",Middleweight,http://ufcstats.com/fight-details/7658965c2a700b39,2,2:17
"September 08, 2018",Welterweight,http://ufcstats.com/fight-details/294a9e9780afa789,3,5:00
"September 08, 2018",Lightweight,http://ufcstats.com/fight-details/e40a5bd62ce710ac,1,1:29
"September 08, 2018",Women's Bantamweight,http://ufcstats.com/fight-details/a65909d4083c2088,3,5:00
"September 08, 2018",Flyweight,http://ufcstats.com/fight-details/9399c772adc7bcab,3,5:00
"August 25, 2018",Lightweight,http://ufcstats.com/fight-details/d6f6ac29008509db,1,1:27
"August 25, 2018",Featherweight,http://ufcstats.com/fight-details/48a9d2a3967d13a4,3,5:00
"August 25, 2018",Women's Strawweight,http://ufcstats.com/fight-details/f20e742e6b0c0b3b,3,5:00
"August 25, 2018",Welterweight,http://ufcstats.com/fight-details/aa91cb7567d6c48a,1,2:26
"August 25, 2018",Flyweight,http://ufcstats.com/fight-details/7fe1486a2c33bf91,2,3:08
"August 25, 2018",Middleweight,http://ufcstats.com/fight-details/3b701c0a0525341b,3,4:42
"August 25, 2018",Welterweight,http://ufcstats.com/fight-details/62fecd327391557e,2,2:28
"August 25, 2018",Bantamweight,http://ufcstats.com/fight-details/3e0090669d51415f,2,1:01
"August 25, 2018",Middleweight,http://ufcstats.com/fight-details/5e3779f7c1c39679,3,5:00
"August 25, 2018",Welterweight,http://ufcstats.com/fight-details/67e1ec8ee2db3423,1,1:09
"August 25, 2018",Women's Flyweight,http://ufcstats.com/fight-details/9115354413739aa8,1,4:57
"August 25, 2018",Lightweight,http://ufcstats.com/fight-details/047d6739aa1d5c1e,3,5:00
"August 25, 2018",Bantamweight,http://ufcstats.com/fight-details/5362ea7c63432cf9,1,1:31
"August 04, 2018",Bantamweight,http://ufcstats.com/fight-details/de32c5a78aaf89e9,1,4:10
"August 04, 2018",Flyweight,http://ufcstats.com/fight-details/f2ca358ea9bec156,5,5:00
"August 04, 2018",Featherweight,http://ufcstats.com/fight-details/520f6379fefd8fda,1,4:15
"August 04, 2018",Women's Strawweight,http://ufcstats.com/fight-details/d2f6b87189908088,3,5:00
"August 04, 2018",Middleweight,http://ufcstats.com/fight-details/3b03f8d3a55f3cb2,3,5:00
"August 04, 2018",Bantamweight,http://ufcstats.com/fight-details/c8a9d3917d77ede2,3,5:00
"August 04, 2018",Bantamweight,http://ufcstats.com/fight-details/e57a78a422439774,3,5:00
"August 04, 2018",Bantamweight,http://ufcstats.com/fight-details/65223fa6055df489,3,5:00
"August 04, 2018",Featherweight,http://ufcstats.com/fight-details/e85e83ab4e60e768,3,5:00
"August 04, 2018",Flyweight,http://ufcstats.com/fight-details/866729ea2ceddb25,1,3:46
"August 04, 2018",Women's Strawweight,http://ufcstats.com/fight-details/5d8a1daadda47ace,3,5:00
"August 04, 2018",Bantamweight,http://ufcstats.com/fight-details/8e971c1ec4b981cc,2,4:53
"July 28, 2018",Lightweight,http://ufcstats.com/fight-details/bd1fc4ff619f4e61,2,4:05
"July 28, 2018",Featherweight,http://ufcstats.com/fight-details/6b47093b62155478,1,4:19
"July 28, 2018",Women's Strawweight,http://ufcstats.com/fight-details/0b2ae6c368369d1b,3,5:00
"July 28, 2018",Lightweight,http://ufcstats.com/fight-details/ef2c7bfced561374,3,5:00
"July 28, 2018",Welterweight,http://ufcstats.com/fight-details/77be83973766e104,3,5:00
"July 28, 2018",Featherweight,http://ufcstats.com/fight-details/11c851a73ffb55ba,3,5:00
"July 28, 2018",Lightweight,http://ufcstats.com/fight-details/e54c16d867875738,1,4:43
"July 28, 2018",Light Heavyweight,http://ufcstats.com/fight-details/95f37dc43e808ebf,1,4:25
"July 28, 2018",Lightweight,http://ufcstats.com/fight-details/3249bbbb7ce837ef,3,5:00
"July 28, 2018",Women's Flyweight,http://ufcstats.com/fight-details/c4253cb471013765,3,5:00
"July 28, 2018",Flyweight,http://ufcstats.com/fight-details/09ab925c4cfe0cc5,1,3:49
"July 28, 2018",Women's Strawweight,http://ufcstats.com/fight-details/d441715577c5934c,3,5:00
"July 28, 2018",Lightweight,http://ufcstats.com/fight-details/62f564662f33692d,1,1:52
"July 22, 2018",Light Heavyweight,http://ufcstats.com/fight-details/62389e8fb68f93a4,1,1:29
"July 22, 2018",Light Heavyweight,http://ufcstats.com/fight-details/e0e19f79019d63d2,3,5:00
"July 22, 2018",Middleweight,http://ufcstats.com/fight-details/20bbf7e139c73e8d,3,5:00
"July 22, 2018",Heavyweight,http://ufcstats.com/fight-details/8784ae31153178cd,3,5:00
"July 22, 2018",Welterweight,http://ufcstats.com/fight-details/23e03d226eb7af80,3,5:00
"July 22, 2018",Lightweight,http://ufcstats.com/fight-details/4f16ef3e707447a0,3,5:00
"July 22, 2018",Lightweight,http://ufcstats.com/fight-details/3ce7f58911773a56,3,5:00
"July 22, 2018",Welterweight,http://ufcstats.com/fight-details/e8190df7465ba2df,3,5:00
"July 22, 2018",Featherweight,http://ufcstats.com/fight-details/b71192c8fe23078c,3,5:00
"July 22, 2018",Light Heavyweight,http://ufcstats.com/fight-details/afb0d61f22e85d90,3,5:00
"July 22, 2018",Bantamweight,http://ufcstats.com/fight-details/110a49a43aafe044,1,0:59
"July 22, 2018",Light Heavyweight,http://ufcstats.com/fight-details/981ed463bf5d91a8,1,3:13
"July 22, 2018",Bantamweight,http://ufcstats.com/fight-details/43af04881587abbc,3,5:00
"July 14, 2018",Heavyweight,http://ufcstats.com/fight-details/35ebaf80f8730b14,5,5:00
"July 14, 2018",Welterweight,http://ufcstats.com/fight-details/543de77637ad2a20,2,3:13
"July 14, 2018",Featherweight,http://ufcstats.com/fight-details/786296db3c4749f1,3,5:00
"July 14, 2018",Welterweight,http://ufcstats.com/fight-details/a3dd2249d046cf9d,2,1:09
"July 14, 2018",Featherweight,http://ufcstats.com/fight-details/c3939438ae7934df,1,2:52
"July 14, 2018",Women's Bantamweight,http://ufcstats.com/fight-details/691c0d2f30e4de5a,3,5:00
"July 14, 2018",Bantamweight,http://ufcstats.com/fight-details/b25eacaca1499e30,3,5:00
"July 14, 2018",Featherweight,http://ufcstats.com/fight-details/67018331e90a9949,3,5:00
"July 14, 2018",Flyweight,http://ufcstats.com/fight-details/48d21357134ca51a,3,5:00
"July 14, 2018",Featherweight,http://ufcstats.com/fight-details/66ba984cc547e31a,3,1:29
"July 14, 2018",Women's Flyweight,http://ufcstats.com/fight-details/cda0d9b5ce9b9c12,3,5:00
"July 14, 2018",Flyweight,http://ufcstats.com/fight-details/c1677875a80c2584,2,2:00
"July 14, 2018",Women's Strawweight,http://ufcstats.com/fight-details/7fe2b6a9fc4748fa,3,5:00
"July 07, 2018",Heavyweight,http://ufcstats.com/fight-details/fccedc456048216b,1,4:33
"July 07, 2018",Heavyweight,http://ufcstats.com/fight-details/9bd9a8127b55fbf7,3,5:00
"July 07, 2018",Welterweight,http://ufcstats.com/fight-details/7a3947a0e7bc3558,3,5:00
"July 07, 2018",Lightweight,http://ufcstats.com/fight-details/d3f26e0fbf694375,2,0:52
"July 07, 2018",Light Heavyweight,http://ufcstats.com/fight-details/55bd050afe169b34,1,1:36
"July 07, 2018",Middleweight,http://ufcstats.com/fight-details/c9e4aa12aaa7309e,2,2:38
"July 07, 2018",Bantamweight,http://ufcstats.com/fight-details/148c26038e80465b,3,5:00
"July 07, 2018",Lightweight,http://ufcstats.com/fight-details/2817a6f9e09eb15f,3,5:00
"July 07, 2018",Welterweight,http://ufcstats.com/fight-details/9589b41c4637b057,3,5:00
"July 07, 2018",Lightweight,http://ufcstats.com/fight-details/bd97a96ac8203457,1,2:28
"July 07, 2018",Women's Strawweight,http://ufcstats.com/fight-details/c931097a857ed60c,3,5:00
"July 06, 2018",Middleweight,http://ufcstats.com/fight-details/247f9e56965a1c07,5,5:00
"July 06, 2018",Lightweight,http://ufcstats.com/fight-details/1d8e2e8e3bd28cad,3,5:00
"July 06, 2018",Featherweight,http://ufcstats.com/fight-details/1901d27ea35ae733,3,5:00
"July 06, 2018",Featherweight,http://ufcstats.com/fight-details/674f3fa16e717ff1,3,5:00
"July 06, 2018",Women's Flyweight,http://ufcstats.com/fight-details/7c2b219fe208c565,2,3:32
"July 06, 2018",Middleweight,http://ufcstats.com/fight-details/760b90b0805e0fbf,3,5:00
"July 06, 2018",Women's Flyweight,http://ufcstats.com/fight-details/b3caae587e956f54,3,4:21
"July 06, 2018",Lightweight,http://ufcstats.com/fight-details/4caa0dcdaa253612,1,3:32
"July 06, 2018",Lightweight,http://ufcstats.com/fight-details/9fc03704a10977b3,3,5:00
"July 06, 2018",Featherweight,http://ufcstats.com/fight-details/ca3963b76a38c408,3,5:00
"July 06, 2018",Featherweight,http://ufcstats.com/fight-details/4d549f33c0711a7a,3,5:00
"July 06, 2018",Middleweight,http://ufcstats.com/fight-details/363b72bf7f75091c,2,4:55
"June 23, 2018",Welterweight,http://ufcstats.com/fight-details/28c70663b99560a8,5,5:00
"June 23, 2018",Light Heavyweight,http://ufcstats.com/fight-details/bb4755924dfafaea,1,2:54
"June 23, 2018",Women's Flyweight,http://ufcstats.com/fight-details/2242e7df6f320ea6,3,5:00
"June 23, 2018",Welterweight,http://ufcstats.com/fight-details/484c48d3723e72cd,3,5:00
"June 23, 2018",Bantamweight,http://ufcstats.com/fight-details/8167bd097a16062f,1,3:28
"June 23, 2018",Bantamweight,http://ufcstats.com/fight-details/c5c5f678558a0ba2,2,4:59
"June 23, 2018",Featherweight,http://ufcstats.com/fight-details/bb7408d59b7279f7,2,4:40
"June 23, 2018",Welterweight,http://ufcstats.com/fight-details/b125025990755616,2,4:45
"June 23, 2018",Welterweight,http://ufcstats.com/fight-details/ab6cd718c5459eeb,1,2:44
"June 23, 2018",Women's Strawweight,http://ufcstats.com/fight-details/d80b0bea0e260b95,3,5:00
"June 23, 2018",Flyweight,http://ufcstats.com/fight-details/d5176b45df32f67e,3,5:00
"June 23, 2018",Flyweight,http://ufcstats.com/fight-details/26582aa0b79d2f20,2,4:04
"June 23, 2018",Women's Flyweight,http://ufcstats.com/fight-details/3d12c63c47828937,3,5:00
"June 09, 2018",Middleweight,http://ufcstats.com/fight-details/5a09fd7cb3db9705,5,5:00
"June 09, 2018",Welterweight,http://ufcstats.com/fight-details/eb6f80ccaf2a3dbc,5,5:00
"June 09, 2018",Women's Featherweight,http://ufcstats.com/fight-details/051124b25d576906,3,5:00
"June 09, 2018",Heavyweight,http://ufcstats.com/fight-details/319b09306094259b,3,5:00
"June 09, 2018",Welterweight,http://ufcstats.com/fight-details/64756e0f4b305da8,3,5:00
"June 09, 2018",Heavyweight,http://ufcstats.com/fight-details/7fd0f7b3866b2c75,3,2:56
"June 09, 2018",Women's Strawweight,http://ufcstats.com/fight-details/c3425412e4f2f486,3,5:00
"June 09, 2018",Featherweight,http://ufcstats.com/fight-details/32990cbf8976d94b,3,5:00
"June 09, 2018",Heavyweight,http://ufcstats.com/fight-details/140e810f952714ea,2,3:53
"June 09, 2018",Light Heavyweight,http://ufcstats.com/fight-details/8f9b16f170dbdbb6,1,0:53
"June 09, 2018",Flyweight,http://ufcstats.com/fight-details/5e2f2f5d9a756de9,3,5:00
"June 09, 2018",Lightweight,http://ufcstats.com/fight-details/e82d734674ce4d46,1,2:18
"June 09, 2018",Featherweight,http://ufcstats.com/fight-details/d3f5854d16fc31f9,1,0:50
"June 01, 2018",Bantamweight,http://ufcstats.com/fight-details/69b147aaaafeb47d,1,0:33
"June 01, 2018",Lightweight,http://ufcstats.com/fight-details/921a8db065cd8cc5,2,4:06
"June 01, 2018",Heavyweight,http://ufcstats.com/fight-details/f43f9861e73739c8,2,4:59
"June 01, 2018",Welterweight,http://ufcstats.com/fight-details/b7c7707ccea492c7,1,1:56
"June 01, 2018",Featherweight,http://ufcstats.com/fight-details/9cb4196446f3ce79,3,2:55
"June 01, 2018",Light Heavyweight,http://ufcstats.com/fight-details/194d73490eb731c6,3,5:00
"June 01, 2018",Women's Flyweight,http://ufcstats.com/fight-details/9fb0a4e18ddcd14c,3,5:00
"June 01, 2018",Lightweight,http://ufcstats.com/fight-details/a25633b1494f1360,3,5:00
"June 01, 2018",Welterweight,http://ufcstats.com/fight-details/026c4a26106cc158,3,5:00
"June 01, 2018",Lightweight,http://ufcstats.com/fight-details/19fc916df1f0e6ff,3,5:00
"June 01, 2018",Bantamweight,http://ufcstats.com/fight-details/4b155647201d549e,2,2:18
"June 01, 2018",Flyweight,http://ufcstats.com/fight-details/7969abc596485189,2,2:55
"May 27, 2018",Welterweight,http://ufcstats.com/fight-details/cd117bfce747184f,5,5:00
"May 27, 2018",Welterweight,http://ufcstats.com/fight-details/426ca5caeb857f1e,1,4:32
"May 27, 2018",Featherweight,http://ufcstats.com/fight-details/f6efb09c01e4cac6,3,2:41
"May 27, 2018",Featherweight,http://ufcstats.com/fight-details/52565f62fb3822db,3,5:00
"May 27, 2018",Welterweight,http://ufcstats.com/fight-details/9dcf8ce308eaa050,1,4:31
"May 27, 2018",Middleweight,http://ufcstats.com/fight-details/20b5de395c0f1375,2,1:47
"May 27, 2018",Middleweight,http://ufcstats.com/fight-details/8b1dc96a00a8e881,1,3:33
"May 27, 2018",Women's Bantamweight,http://ufcstats.com/fight-details/b3096e8dd4e90718,3,5:00
"May 27, 2018",Welterweight,http://ufcstats.com/fight-details/3e9ddcd30fdc5d85,3,5:00
"May 27, 2018",Women's Flyweight,http://ufcstats.com/fight-details/326c3eaa1e9e3dc4,2,2:05
"May 27, 2018",Middleweight,http://ufcstats.com/fight-details/f71d46f804307bd2,3,5:00
"May 19, 2018",Welterweight,http://ufcstats.com/fight-details/47f42aa7cf851a29,5,5:00
"May 19, 2018",Women's Strawweight,http://ufcstats.com/fight-details/24f2d2dd9fea5d79,1,2:44
"May 19, 2018",Light Heavyweight,http://ufcstats.com/fight-details/1290d7eb0fefd3f3,1,2:55
"May 19, 2018",Bantamweight,http://ufcstats.com/fight-details/db8887f2085f7971,3,5:00
"May 19, 2018",Women's Flyweight,http://ufcstats.com/fight-details/6222cdc86b12d251,3,5:00
"May 19, 2018",Welterweight,http://ufcstats.com/fight-details/47c140debc977214,1,4:16
"May 19, 2018",Welterweight,http://ufcstats.com/fight-details/df0d4130944776d9,3,5:00
"May 19, 2018",Flyweight,http://ufcstats.com/fight-details/49b47b5b5f15c7c0,3,5:00
"May 19, 2018",Women's Strawweight,http://ufcstats.com/fight-details/c571ac76ca45c1cb,1,0:33
"May 19, 2018",Featherweight,http://ufcstats.com/fight-details/79c22394d9c2144d,1,0:39
"May 19, 2018",Featherweight,http://ufcstats.com/fight-details/53febf2fb416f9de,3,5:00
"May 19, 2018",Bantamweight,http://ufcstats.com/fight-details/e6fdf9e67f84a0e0,3,5:00
"May 19, 2018",Lightweight,http://ufcstats.com/fight-details/866b2c2e354aa27b,3,2:23
"May 12, 2018",Women's Bantamweight,http://ufcstats.com/fight-details/3454f5c7203467aa,5,2:36
"May 12, 2018",Middleweight,http://ufcstats.com/fight-details/d86e31793564cd31,3,5:00
"May 12, 2018",Women's Strawweight,http://ufcstats.com/fight-details/7ec70261afdecda8,1,2:27
"May 12, 2018",Bantamweight,http://ufcstats.com/fight-details/b152646345037056,3,3:43
"May 12, 2018",Middleweight,http://ufcstats.com/fight-details/7072a324a82c4297,2,1:00
"May 12, 2018",Middleweight,http://ufcstats.com/fight-details/c8fdd3f7178fbfa4,1,4:45
"May 12, 2018",Heavyweight,http://ufcstats.com/fight-details/3dcb1a7b081afbe1,1,1:45
"May 12, 2018",Lightweight,http://ufcstats.com/fight-details/5ea39e0fc3b64e83,1,4:15
"May 12, 2018",Welterweight,http://ufcstats.com/fight-details/6b325792b8fb1f46,1,3:40
"May 12, 2018",Welterweight,http://ufcstats.com/fight-details/25da6035f591c245,2,5:00
"May 12, 2018",Middleweight,http://ufcstats.com/fight-details/014f7dc96c90c199,3,2:10
"May 12, 2018",Welterweight,http://ufcstats.com/fight-details/53d6a7634c7fc036,3,5:00
"May 12, 2018",Middleweight,http://ufcstats.com/fight-details/5f1a828f8d4c3b01,1,4:28
"April 21, 2018",Lightweight,http://ufcstats.com/fight-details/dbb0ca0198ac514a,5,2:18
"April 21, 2018",Featherweight,http://ufcstats.com/fight-details/6d8ce1abde550bc6,3,5:00
"April 21, 2018",Heavyweight,http://ufcstats.com/fight-details/bef2a2e68fb4dfa8,3,5:00
"April 21, 2018",Middleweight,http://ufcstats.com/fight-details/62aab95c866a9c5b,1,2:30
"April 21, 2018",Bantamweight,http://ufcstats.com/fight-details/6dd0874dec826397,3,5:00
"April 21, 2018",Lightweight,http://ufcstats.com/fight-details/0f88658e787815c8,1,3:00
"April 21, 2018",Welterweight,http://ufcstats.com/fight-details/ef86720364837f68,3,5:00
"April 21, 2018",Bantamweight,http://ufcstats.com/fight-details/a017d5806eaa6018,3,5:00
"April 21, 2018",Welterweight,http://ufcstats.com/fight-details/dbed6292db8b0212,2,2:40
"April 21, 2018",Light Heavyweight,http://ufcstats.com/fight-details/a22add1024153ddb,3,5:00
"April 21, 2018",Welterweight,http://ufcstats.com/fight-details/d2b5ce5548b71668,3,5:00
"April 14, 2018",Lightweight,http://ufcstats.com/fight-details/bfae2fb50efbdb0f,4,0:33
"April 14, 2018",Welterweight,http://ufcstats.com/fight-details/e18a8b333529cc09,2,3:17
"April 14, 2018",Middleweight,http://ufcstats.com/fight-details/b8b9a8e504d51ba5,3,5:00
"April 14, 2018",Women's Strawweight,http://ufcstats.com/fight-details/57d05d28e3fbee4f,3,5:00
"April 14, 2018",Middleweight,http://ufcstats.com/fight-details/5164f1c4103616fd,1,4:28
"April 14, 2018",Welterweight,http://ufcstats.com/fight-details/17c53d93d549cb03,2,4:12
"April 14, 2018",Flyweight,http://ufcstats.com/fight-details/15aee8ad5d9e9d58,3,5:00
"April 14, 2018",Middleweight,http://ufcstats.com/fight-details/01c9acf719298187,3,2:16
"April 14, 2018",Lightweight,http://ufcstats.com/fight-details/59363451049c929d,2,0:59
"April 14, 2018",Women's Flyweight,http://ufcstats.com/fight-details/85060e6e71ed14e4,3,5:00
"April 14, 2018",Welterweight,http://ufcstats.com/fight-details/418a7100e490e791,3,5:00
"April 14, 2018",Heavyweight,http://ufcstats.com/fight-details/47fc0736929125bd,2,1:59
"April 14, 2018",Bantamweight,http://ufcstats.com/fight-details/bd1e01de1f24962b,2,3:42
"April 14, 2018",Bantamweight,http://ufcstats.com/fight-details/4210f9b11debf1fc,3,5:00
"April 07, 2018",Lightweight,http://ufcstats.com/fight-details/eab7b76e177e1903,5,5:00
"April 07, 2018",Women's Strawweight,http://ufcstats.com/fight-details/829b3ee4145a1ae6,5,5:00
"April 07, 2018",Featherweight,http://ufcstats.com/fight-details/95edc0b6438f2592,3,5:00
"April 07, 2018",Featherweight,http://ufcstats.com/fight-details/6c5f7f98ec0b6f17,3,5:00
"April 07, 2018",Lightweight,http://ufcstats.com/fight-details/bab65d16fa74fc5b,2,5:00
"April 07, 2018",Women's Strawweight,http://ufcstats.com/fight-details/5315bd4542b21c4b,3,5:00
"April 07, 2018",Lightweight,http://ufcstats.com/fight-details/8803935990adafc1,1,0:53
"April 07, 2018",Women's Flyweight,http://ufcstats.com/fight-details/28f7ba820350e3a3,3,5:00
"April 07, 2018",Light Heavyweight,http://ufcstats.com/fight-details/12563423bf15e75d,3,5:00
"March 17, 2018",Heavyweight,http://ufcstats.com/fight-details/e835e9a4564db497,4,1:38
"March 17, 2018",Light Heavyweight,http://ufcstats.com/fight-details/5f19b0135414b454,3,5:00
"March 17, 2018",Bantamweight,http://ufcstats.com/fight-details/848e7af760788418,3,5:00
"March 17, 2018",Welterweight,http://ufcstats.com/fight-details/e84fa12d87993ec5,3,4:59
"March 17, 2018",Middleweight,http://ufcstats.com/fight-details/f8ee14dbf966b9e6,1,3:58
"March 17, 2018",Welterweight,http://ufcstats.com/fight-details/288c942b0ad152a6,1,2:12
"March 17, 2018",Featherweight,http://ufcstats.com/fight-details/0b4583d204797d19,1,0:39
"March 17, 2018",Light Heavyweight,http://ufcstats.com/fight-details/714d6fc1eaca9624,3,4:59
"March 17, 2018",Lightweight,http://ufcstats.com/fight-details/fe9ee00fa47dd7b3,3,5:00
"March 17, 2018",Heavyweight,http://ufcstats.com/fight-details/2fd0c6d914b77205,2,4:29
"March 03, 2018",Women's Featherweight,http://ufcstats.com/fight-details/4960379abe6ed525,1,3:25
"March 03, 2018",Featherweight,http://ufcstats.com/fight-details/2361b51aa72e5551,1,4:44
"March 03, 2018",Bantamweight,http://ufcstats.com/fight-details/efe055854f19a1d7,3,5:00
"March 03, 2018",Heavyweight,http://ufcstats.com/fight-details/bfb7d17161aec938,3,5:00
"March 03, 2018",Women's Bantamweight,http://ufcstats.com/fight-details/1f52e665587dc645,3,5:00
"March 03, 2018",Women's Strawweight,http://ufcstats.com/fight-details/ead2ca0d2afb46be,3,5:00
"March 03, 2018",Lightweight,http://ufcstats.com/fight-details/9e21a8dea9663e26,1,0:42
"March 03, 2018",Bantamweight,http://ufcstats.com/fight-details/c73b81e7c1c1cccc,3,5:00
"March 03, 2018",Middleweight,http://ufcstats.com/fight-details/6c2f05c47f494e15,1,5:00
"March 03, 2018",Welterweight,http://ufcstats.com/fight-details/c6c975ca66a7f91a,1,2:34
"March 03, 2018",Bantamweight,http://ufcstats.com/fight-details/12a64dfb8147566b,3,5:00
"March 03, 2018",Light Heavyweight,http://ufcstats.com/fight-details/84f236d6c57d7cfb,3,5:00
"February 24, 2018",Featherweight,http://ufcstats.com/fight-details/519dcb290e6db845,2,1:35
"February 24, 2018",Women's Strawweight,http://ufcstats.com/fight-details/4d9d371b8db6fb91,3,5:00
"February 24, 2018",Light Heavyweight,http://ufcstats.com/fight-details/9c79433a4686f3fc,1,3:48
"February 24, 2018",Welterweight,http://ufcstats.com/fight-details/424a20da52b4f956,3,5:00
"February 24, 2018",Bantamweight,http://ufcstats.com/fight-details/e22a887ce4ab30eb,3,5:00
"February 24, 2018",Women's Bantamweight,http://ufcstats.com/fight-details/3cf4582b48302bb6,2,3:40
"February 24, 2018",Women's Strawweight,http://ufcstats.com/fight-details/037c68d03c970609,3,5:00
"February 24, 2018",Welterweight,http://ufcstats.com/fight-details/093ebd3375591101,2,2:38
"February 24, 2018",Light Heavyweight,http://ufcstats.com/fight-details/04970dfa4d531e39,1,4:23
"February 24, 2018",Bantamweight,http://ufcstats.com/fight-details/bf8f747e57d6d1c7,3,2:32
"February 24, 2018",Flyweight,http://ufcstats.com/fight-details/0f2611c3ec4661dd,3,5:00
"February 24, 2018",Bantamweight,http://ufcstats.com/fight-details/0328754c15ecd37c,2,2:33
"February 18, 2018",Welterweight,http://ufcstats.com/fight-details/8f7a73d05387b159,1,4:58
"February 18, 2018",Heavyweight,http://ufcstats.com/fight-details/f73dfeb48b09e6a6,3,2:48
"February 18, 2018",Lightweight,http://ufcstats.com/fight-details/6ae96d1de3bb0506,3,5:00
"February 18, 2018",Welterweight,http://ufcstats.com/fight-details/357a5bc5de4f545d,2,4:17
"February 18, 2018",Featherweight,http://ufcstats.com/fight-details/a8d189f56de9b451,3,5:00
"February 18, 2018",Lightweight,http://ufcstats.com/fight-details/aeac1209f15157ed,3,5:00
"February 18, 2018",Lightweight,http://ufcstats.com/fight-details/07f234a488661125,1,1:58
"February 18, 2018",Welterweight,http://ufcstats.com/fight-details/4335683beee93652,1,2:48
"February 18, 2018",Flyweight,http://ufcstats.com/fight-details/6f981a44898fb4ff,1,1:50
"February 18, 2018",Women's Bantamweight,http://ufcstats.com/fight-details/0bfb221a0944f8e0,3,5:00
"February 18, 2018",Welterweight,http://ufcstats.com/fight-details/5edd1cd479f3919e,1,2:12
"February 18, 2018",Middleweight,http://ufcstats.com/fight-details/d07dd6239afe1cb0,1,1:54
"February 10, 2018",Middleweight,http://ufcstats.com/fight-details/9444cfe0c7c0f6a7,3,1:48
"February 10, 2018",Heavyweight,http://ufcstats.com/fight-details/cd67f6ddb2920193,3,5:00
"February 10, 2018",Heavyweight,http://ufcstats.com/fight-details/3112430100d2d0be,1,2:18
"February 10, 2018",Welterweight,http://ufcstats.com/fight-details/0d7dc1ed5eb995e4,3,5:00
"February 10, 2018",Light Heavyweight,http://ufcstats.com/fight-details/b6e086dd8093355d,1,3:54
"February 10, 2018",Lightweight,http://ufcstats.com/fight-details/6cb9bc7c86ae43b9,3,5:00
"February 10, 2018",Middleweight,http://ufcstats.com/fight-details/1cd5d5e271b646a3,2,3:37
"February 10, 2018",Featherweight,http://ufcstats.com/fight-details/f3a60ca18747aeac,2,4:57
"February 10, 2018",Flyweight,http://ufcstats.com/fight-details/f8fce67abe0ab922,3,1:43
"February 10, 2018",Lightweight,http://ufcstats.com/fight-details/e8f2902be7b350ad,3,5:00
"February 10, 2018",Bantamweight,http://ufcstats.com/fight-details/58286d3126cc5263,3,5:00
"February 10, 2018",Welterweight,http://ufcstats.com/fight-details/194d3950076b2f83,3,5:00
"February 03, 2018",Middleweight,http://ufcstats.com/fight-details/420dd305cd1d062f,5,5:00
"February 03, 2018",Women's Flyweight,http://ufcstats.com/fight-details/10f5bb70feb1df53,2,4:25
"February 03, 2018",Lightweight,http://ufcstats.com/fight-details/ee1c1e9037fee21e,3,5:00
"February 03, 2018",Heavyweight,http://ufcstats.com/fight-details/0da43c3ec0e11650,3,5:00
"February 03, 2018",Bantamweight,http://ufcstats.com/fight-details/a0ec4eac058e6050,3,5:00
"February 03, 2018",Middleweight,http://ufcstats.com/fight-details/bc767f1eb6176dfb,2,1:03
"February 03, 2018",Welterweight,http://ufcstats.com/fight-details/eb0f7127f22457e9,3,5:00
"February 03, 2018",Lightweight,http://ufcstats.com/fight-details/59b384dcc3ab49b2,3,5:00
"February 03, 2018",Women's Strawweight,http://ufcstats.com/fight-details/7bfb92f7ea59dbbd,1,3:50
"February 03, 2018",Bantamweight,http://ufcstats.com/fight-details/fa77134e0d90da3b,1,1:06
"February 03, 2018",Flyweight,http://ufcstats.com/fight-details/1fd5bf36c42ff1a2,2,4:34
"January 27, 2018",Middleweight,http://ufcstats.com/fight-details/3a94bf34e62ae5fd,1,3:50
"January 27, 2018",Featherweight,http://ufcstats.com/fight-details/27901ef9e82d5690,3,5:00
"January 27, 2018",Lightweight,http://ufcstats.com/fight-details/d571486369996a39,1,4:46
"January 27, 2018",Welterweight,http://ufcstats.com/fight-details/f23e2bed86b62462,3,5:00
"January 27, 2018",Lightweight,http://ufcstats.com/fight-details/04a1c5b7993fe4d5,3,5:00
"January 27, 2018",Featherweight,http://ufcstats.com/fight-details/b8648b32caf36c5a,1,2:47
"January 27, 2018",Women's Flyweight,http://ufcstats.com/fight-details/c5f0c83e303d80bf,3,5:00
"January 27, 2018",Women's Strawweight,http://ufcstats.com/fight-details/5a096f2acb44c776,3,5:00
"January 27, 2018",Women's Flyweight,http://ufcstats.com/fight-details/6e65bec924996b5a,3,5:00
"January 27, 2018",Lightweight,http://ufcstats.com/fight-details/ce4314886c57718b,3,5:00
"January 27, 2018",Welterweight,http://ufcstats.com/fight-details/4fcbee643660d679,2,4:21
"January 27, 2018",Featherweight,http://ufcstats.com/fight-details/fa7cde1e2d3ae338,2,3:48
"January 20, 2018",Heavyweight,http://ufcstats.com/fight-details/8238f9d2fd961757,5,5:00
"January 20, 2018",Light Heavyweight,http://ufcstats.com/fight-details/9f96d11017f9c824,2,2:00
"January 20, 2018",Featherweight,http://ufcstats.com/fight-details/5f617d6c19d3a281,3,0:32
"January 20, 2018",Light Heavyweight,http://ufcstats.com/fight-details/5cf56c22cbc24758,3,5:00
"January 20, 2018",Bantamweight,http://ufcstats.com/fight-details/889207e3c622a5aa,2,2:24
"January 20, 2018",Featherweight,http://ufcstats.com/fight-details/ea66be2688f542be,3,5:00
"January 20, 2018",Welterweight,http://ufcstats.com/fight-details/f91709b071e8295a,1,3:47
"January 20, 2018",Flyweight,http://ufcstats.com/fight-details/0990ac7065412e76,3,5:00
"January 20, 2018",Featherweight,http://ufcstats.com/fight-details/50385add37239184,3,5:00
"January 20, 2018",Featherweight,http://ufcstats.com/fight-details/1b0fa021b1158121,3,5:00
"January 20, 2018",Lightweight,http://ufcstats.com/fight-details/b9726184624ac076,1,0:57
"January 14, 2018",Featherweight,http://ufcstats.com/fight-details/51e684bfce8d94aa,2,2:36
"January 14, 2018",Women's Flyweight,http://ufcstats.com/fight-details/0820a29a03d58282,3,5:00
"January 14, 2018",Welterweight,http://ufcstats.com/fight-details/f767243bb48ab9d7,3,5:00
"January 14, 2018",Featherweight,http://ufcstats.com/fight-details/d85c76a61a820be9,2,2:22
"January 14, 2018",Lightweight,http://ufcstats.com/fight-details/3b1453df439a5024,3,5:00
"January 14, 2018",Lightweight,http://ufcstats.com/fight-details/4843f369dc8b5de5,1,1:00
"January 14, 2018",Women's Bantamweight,http://ufcstats.com/fight-details/738e0ccad2c9224b,3,5:00
"January 14, 2018",Bantamweight,http://ufcstats.com/fight-details/1bf1a6fc9c9acc26,1,4:53
"January 14, 2018",Women's Flyweight,http://ufcstats.com/fight-details/f8bb0aed83bd8638,3,5:00
"January 14, 2018",Women's Strawweight,http://ufcstats.com/fight-details/9f10afab94cafc45,3,5:00
"January 14, 2018",Featherweight,http://ufcstats.com/fight-details/c4ecf4b894ccbced,3,5:00
"December 30, 2017",Women's Featherweight,http://ufcstats.com/fight-details/279b4190d9ef1379,5,5:00
"December 30, 2017",Lightweight,http://ufcstats.com/fight-details/a88a4c126d585320,3,5:00
"December 30, 2017",Lightweight,http://ufcstats.com/fight-details/3d76ed7e224e9c99,3,0:42
"December 30, 2017",Women's Strawweight,http://ufcstats.com/fight-details/f77e3c681fe1b04e,3,5:00
"December 30, 2017",Welterweight,http://ufcstats.com/fight-details/c381ad2c0bf34dd9,3,5:00
"December 30, 2017",Light Heavyweight,http://ufcstats.com/fight-details/e3a2bf2d9ee83318,3,5:00
"December 30, 2017",Featherweight,http://ufcstats.com/fight-details/147d2ab0230af48d,3,5:00
"December 30, 2017",Middleweight,http://ufcstats.com/fight-details/0be6540982a5b0cd,3,5:00
"December 30, 2017",Flyweight,http://ufcstats.com/fight-details/7e9ed49a1831056f,3,5:00
"December 30, 2017",Bantamweight,http://ufcstats.com/fight-details/8f40ac90544d0003,2,1:41
"December 16, 2017",Welterweight,http://ufcstats.com/fight-details/d9375ede2ec2f924,5,5:00
"December 16, 2017",Featherweight,http://ufcstats.com/fight-details/6f350d91fb07a819,1,4:33
"December 16, 2017",Welterweight,http://ufcstats.com/fight-details/11b8d7e801713abc,3,5:00
"December 16, 2017",Light Heavyweight,http://ufcstats.com/fight-details/e83046dd074ec0fa,1,2:45
"December 16, 2017",Light Heavyweight,http://ufcstats.com/fight-details/01619207a811ef01,3,5:00
"December 16, 2017",Middleweight,http://ufcstats.com/fight-details/535b8e5494cbc580,2,2:42
"December 16, 2017",Welterweight,http://ufcstats.com/fight-details/5b8d693bd1780102,1,4:10
"December 16, 2017",Welterweight,http://ufcstats.com/fight-details/71dc4379c738450f,1,0:59
"December 16, 2017",Lightweight,http://ufcstats.com/fight-details/9a1a57b0abcd4599,3,5:00
"December 16, 2017",Middleweight,http://ufcstats.com/fight-details/1e3c67921162561d,2,2:14
"December 16, 2017",Welterweight,http://ufcstats.com/fight-details/a6fbd8964400dd89,3,5:00
"December 09, 2017",Featherweight,http://ufcstats.com/fight-details/1d166488129030d0,2,3:22
"December 09, 2017",Featherweight,http://ufcstats.com/fight-details/0a444f30cae13d8f,3,5:00
"December 09, 2017",Bantamweight,http://ufcstats.com/fight-details/1aaa1a9ceecd6063,1,1:07
"December 09, 2017",Lightweight,http://ufcstats.com/fight-details/6fe21a4cb2d839fd,3,5:00
"December 09, 2017",Middleweight,http://ufcstats.com/fight-details/c9e19742c4146bff,3,5:00
"December 09, 2017",Bantamweight,http://ufcstats.com/fight-details/bc84680df666c96d,3,5:00
"December 09, 2017",Women's Flyweight,http://ufcstats.com/fight-details/10a1947cb3feabc1,3,5:00
"December 09, 2017",Bantamweight,http://ufcstats.com/fight-details/fbce8f52689bce87,2,1:06
"December 09, 2017",Bantamweight,http://ufcstats.com/fight-details/061081f46950fdb0,2,1:54
"December 09, 2017",Bantamweight,http://ufcstats.com/fight-details/ab853176cfe20b01,3,5:00
"December 09, 2017",Bantamweight,http://ufcstats.com/fight-details/1ed266bed8005bbe,3,5:00
"December 09, 2017",Lightweight,http://ufcstats.com/fight-details/f9536ea60551b840,3,0:50
"December 09, 2017",Middleweight,http://ufcstats.com/fight-details/7a57289563f9d974,3,2:27
"December 02, 2017",Featherweight,http://ufcstats.com/fight-details/21f7fc538ea646e8,3,4:51
"December 02, 2017",Heavyweight,http://ufcstats.com/fight-details/4712708adb1507aa,1,1:42
"December 02, 2017",Flyweight,http://ufcstats.com/fight-details/cc2809e10315a6b5,3,5:00
"December 02, 2017",Lightweight,http://ufcstats.com/fight-details/23e5acd1549b538a,3,3:59
"December 02, 2017",Women's Strawweight,http://ufcstats.com/fight-details/ea674e0285fb77f5,3,5:00
"December 02, 2017",Lightweight,http://ufcstats.com/fight-details/c83487136636e9bf,2,4:06
"December 02, 2017",Welterweight,http://ufcstats.com/fight-details/54c5284c1b792912,3,2:02
"December 02, 2017",Lightweight,http://ufcstats.com/fight-details/676320a61f800f10,3,5:00
"December 02, 2017",Women's Strawweight,http://ufcstats.com/fight-details/1a502852b706f674,3,5:00
"December 02, 2017",Women's Strawweight,http://ufcstats.com/fight-details/6c25f8fd66f16d7e,2,4:34
"December 02, 2017",Welterweight,http://ufcstats.com/fight-details/6aea6d3e6944999c,1,4:21
"December 02, 2017",Light Heavyweight,http://ufcstats.com/fight-details/a3b7cbdb6d2607f4,1,3:39
"December 02, 2017",Heavyweight,http://ufcstats.com/fight-details/40d9b5b47acf260b,1,2:33
"December 01, 2017",Women's Flyweight,http://ufcstats.com/fight-details/2f1f16c86a8cc6e2,5,5:00
"December 01, 2017",Bantamweight,http://ufcstats.com/fight-details/c11b2cbe2460db0c,3,5:00
"December 01, 2017",Women's Flyweight,http://ufcstats.com/fight-details/dd0c8e9880c6fa24,3,5:00
"December 01, 2017",Middleweight,http://ufcstats.com/fight-details/52db9c816eb99800,2,2:18
"December 01, 2017",Women's Flyweight,http://ufcstats.com/fight-details/c4785ee94698e532,3,5:00
"December 01, 2017",Bantamweight,http://ufcstats.com/fight-details/37835a0f9bbb4d4e,1,0:30
"December 01, 2017",Women's Flyweight,http://ufcstats.com/fight-details/f9830f1c23ac92d0,1,2:00
"December 01, 2017",Middleweight,http://ufcstats.com/fight-details/b40bed83fc062380,3,0:58
"December 01, 2017",Women's Flyweight,http://ufcstats.com/fight-details/8b79a80f775d9f03,1,1:40
"December 01, 2017",Women's Flyweight,http://ufcstats.com/fight-details/f0e0effb1b2de6ae,2,2:53
"December 01, 2017",Women's Flyweight,http://ufcstats.com/fight-details/1eccf793b54b84f8,1,2:12
"November 25, 2017",Middleweight,http://ufcstats.com/fight-details/32ad75f6c8ca7e9f,1,2:30
"November 25, 2017",Welterweight,http://ufcstats.com/fight-details/52bae6f01ea9f926,1,2:57
"November 25, 2017",Featherweight,http://ufcstats.com/fight-details/62eaf9f2436bef25,3,5:00
"November 25, 2017",Welterweight,http://ufcstats.com/fight-details/9f428684f3db247f,2,3:22
"November 25, 2017",Featherweight,http://ufcstats.com/fight-details/4ba97e13df33388b,3,4:30
"November 25, 2017",Welterweight,http://ufcstats.com/fight-details/43ae6a9daa51ed93,1,0:15
"November 25, 2017",Women's Strawweight,http://ufcstats.com/fight-details/47628ab025f19796,3,5:00
"November 25, 2017",Featherweight,http://ufcstats.com/fight-details/c8609059d2d87724,1,4:16
"November 25, 2017",Heavyweight,http://ufcstats.com/fight-details/4d5c3ddc740b89ca,1,1:24
"November 25, 2017",Women's Bantamweight,http://ufcstats.com/fight-details/e5fbb99bc3907516,3,5:00
"November 25, 2017",Featherweight,http://ufcstats.com/fight-details/903feee04bc91c59,3,5:00
"November 25, 2017",Heavyweight,http://ufcstats.com/fight-details/34c39a5a5917e0ec,2,2:33
"November 18, 2017",Heavyweight,http://ufcstats.com/fight-details/4b0aa5c67e69ce74,5,5:00
"November 18, 2017",Women's Flyweight,http://ufcstats.com/fight-details/2060e8172f820d80,3,5:00
"November 18, 2017",Welterweight,http://ufcstats.com/fight-details/5ebe8d3849273776,3,5:00
"November 18, 2017",Welterweight,http://ufcstats.com/fight-details/344bfe9c1ff511bb,3,5:00
"November 18, 2017",Middleweight,http://ufcstats.com/fight-details/569e2c02f7699c0d,3,5:00
"November 18, 2017",Catch Weight,http://ufcstats.com/fight-details/097bc98e15722998,3,5:00
"November 18, 2017",Flyweight,http://ufcstats.com/fight-details/b90a5b9061ec54a5,3,2:38
"November 18, 2017",Lightweight,http://ufcstats.com/fight-details/fd2c018aade60a14,2,2:05
"November 18, 2017",Heavyweight,http://ufcstats.com/fight-details/6971094300073d47,1,4:35
"November 18, 2017",Lightweight,http://ufcstats.com/fight-details/823797bc6d532b52,3,5:00
"November 18, 2017",Women's Strawweight,http://ufcstats.com/fight-details/23b6ffc0223f8cce,3,5:00
"November 18, 2017",Flyweight,http://ufcstats.com/fight-details/c06eaf92bdfde8e6,3,5:00
"November 18, 2017",Heavyweight,http://ufcstats.com/fight-details/51ec53f442d2cc9b,3,5:00
"November 11, 2017",Lightweight,http://ufcstats.com/fight-details/b55605791a4d72b9,3,2:08
"November 11, 2017",Welterweight,http://ufcstats.com/fight-details/b6b5ec324449befd,1,3:44
"November 11, 2017",Heavyweight,http://ufcstats.com/fight-details/603354ffe9cc0755,3,5:00
"November 11, 2017",Middleweight,http://ufcstats.com/fight-details/7ad85c84025c0db0,3,5:00
"November 11, 2017",Bantamweight,http://ufcstats.com/fight-details/151c597d2e609a4e,3,1:50
"November 11, 2017",Lightweight,http://ufcstats.com/fight-details/935f559ab0521c27,1,1:07
"November 11, 2017",Bantamweight,http://ufcstats.com/fight-details/5519d7fe2cee8353,3,5:00
"November 11, 2017",Women's Strawweight,http://ufcstats.com/fight-details/5db3e2fdd18129a4,3,5:00
"November 11, 2017",Lightweight,http://ufcstats.com/fight-details/60de5efe5b439c8b,3,5:00
"November 11, 2017",Women's Strawweight,http://ufcstats.com/fight-details/7006a98fe9944571,3,5:00
"November 11, 2017",Welterweight,http://ufcstats.com/fight-details/d3c78cc516417797,3,5:00
"November 11, 2017",Light Heavyweight,http://ufcstats.com/fight-details/78e554aa129711ba,3,5:00
"November 11, 2017",Middleweight,http://ufcstats.com/fight-details/4b202bae6c87b98b,1,3:41
"November 04, 2017",Middleweight,http://ufcstats.com/fight-details/d361b51952944a26,3,4:23
"November 04, 2017",Bantamweight,http://ufcstats.com/fight-details/b3a304eadb9f7fb4,2,2:41
"November 04, 2017",Women's Strawweight,http://ufcstats.com/fight-details/fc29884851f9cebb,1,3:03
"November 04, 2017",Welterweight,http://ufcstats.com/fight-details/80572cac6ab57866,3,5:00
"November 04, 2017",Middleweight,http://ufcstats.com/fight-details/0a46cb2887890502,2,1:23
"November 04, 2017",Lightweight,http://ufcstats.com/fight-details/13635ba71963ad0c,2,4:59
"November 04, 2017",Heavyweight,http://ufcstats.com/fight-details/8375f311e8c6c079,1,4:29
"November 04, 2017",Light Heavyweight,http://ufcstats.com/fight-details/5cab50839f4a0d94,3,1:25
"November 04, 2017",Welterweight,http://ufcstats.com/fight-details/e686df21c24c6c03,3,5:00
"November 04, 2017",Heavyweight,http://ufcstats.com/fight-details/8c2fb17981464d8c,2,1:39
"November 04, 2017",Bantamweight,http://ufcstats.com/fight-details/56d8cc470841f454,3,1:58
"October 28, 2017",Middleweight,http://ufcstats.com/fight-details/405c0b8d3960016d,1,2:30
"October 28, 2017",Welterweight,http://ufcstats.com/fight-details/7a5baef71925258c,3,5:00
"October 28, 2017",Bantamweight,http://ufcstats.com/fight-details/0b557aeb2169b59f,1,4:03
"October 28, 2017",Lightweight,http://ufcstats.com/fight-details/bed03663bc577f02,3,5:00
"October 28, 2017",Middleweight,http://ufcstats.com/fight-details/23ea24013d15c09c,1,4:59
"October 28, 2017",Bantamweight,http://ufcstats.com/fight-details/d4eb3614c7734781,3,5:00
"October 28, 2017",Welterweight,http://ufcstats.com/fight-details/4838bf4ca76c1c6b,2,4:08
"October 28, 2017",Middleweight,http://ufcstats.com/fight-details/72d703db67371e1d,1,4:30
"October 28, 2017",Lightweight,http://ufcstats.com/fight-details/f9e07282f3444d09,3,5:00
"October 28, 2017",Welterweight,http://ufcstats.com/fight-details/9dd9affa41eead4c,3,5:00
"October 28, 2017",Flyweight,http://ufcstats.com/fight-details/e11e290d816c119b,3,5:00
"October 28, 2017",Heavyweight,http://ufcstats.com/fight-details/4ffd88b2f00f4250,1,2:08
"October 21, 2017",Welterweight,http://ufcstats.com/fight-details/aa7b1fca60a21f3a,1,4:20
"October 21, 2017",Women's Strawweight,http://ufcstats.com/fight-details/d71ad0033de24fff,3,5:00
"October 21, 2017",Light Heavyweight,http://ufcstats.com/fight-details/6a315ef5bf22af29,2,3:02
"October 21, 2017",Middleweight,http://ufcstats.com/fight-details/fdfc700e56575d67,3,5:00
"October 21, 2017",Lightweight,http://ufcstats.com/fight-details/61070325bb440f58,3,5:00
"October 21, 2017",Bantamweight,http://ufcstats.com/fight-details/4dcd6ff5e32a3779,3,3:39
"October 21, 2017",Middleweight,http://ufcstats.com/fight-details/9da4e06a403f0d27,3,5:00
"October 21, 2017",Featherweight,http://ufcstats.com/fight-details/06287b822837a616,3,5:00
"October 21, 2017",Welterweight,http://ufcstats.com/fight-details/88f36fa2945ccac5,3,5:00
"October 21, 2017",Women's Bantamweight,http://ufcstats.com/fight-details/f3f252b9810cff0d,2,2:33
"October 21, 2017",Featherweight,http://ufcstats.com/fight-details/8b10419db5bffe28,3,5:00
"October 07, 2017",Lightweight,http://ufcstats.com/fight-details/03aec9073946907f,3,4:02
"October 07, 2017",Flyweight,http://ufcstats.com/fight-details/d042d18ad568190a,5,3:15
"October 07, 2017",Heavyweight,http://ufcstats.com/fight-details/53ee6c3591483193,1,1:05
"October 07, 2017",Women's Flyweight,http://ufcstats.com/fight-details/1ff3dff34d0b60b8,1,2:54
"October 07, 2017",Lightweight,http://ufcstats.com/fight-details/2fed4f1d91767eb1,3,5:00
"October 07, 2017",Bantamweight,http://ufcstats.com/fight-details/e08479759c296bb1,3,5:00
"October 07, 2017",Lightweight,http://ufcstats.com/fight-details/c46d51fb87a4f485,3,5:00
"October 07, 2017",Women's Strawweight,http://ufcstats.com/fight-details/0f826e7bbb73b53f,3,5:00
"October 07, 2017",Flyweight,http://ufcstats.com/fight-details/d97970009fbfca30,3,5:00
"October 07, 2017",Flyweight,http://ufcstats.com/fight-details/3f5f6c576046bf77,1,1:38
"October 07, 2017",Middleweight,http://ufcstats.com/fight-details/2142ff2a46d22741,3,5:00
"September 22, 2017",Light Heavyweight,http://ufcstats.com/fight-details/d1bee15e60ee6721,1,1:50
"September 22, 2017",Women's Strawweight,http://ufcstats.com/fight-details/e8d59c27b467d716,3,5:00
"September 22, 2017",Lightweight,http://ufcstats.com/fight-details/ba27835ff05df0c9,1,1:30
"September 22, 2017",Light Heavyweight,http://ufcstats.com/fight-details/690ab86bdd94149b,1,4:45
"September 22, 2017",Featherweight,http://ufcstats.com/fight-details/6be073563a421bca,3,5:00
"September 22, 2017",Flyweight,http://ufcstats.com/fight-details/3b89556b3f177b7b,1,4:30
"September 22, 2017",Welterweight,http://ufcstats.com/fight-details/296cc69bcc3c1635,3,5:00
"September 22, 2017",Women's Strawweight,http://ufcstats.com/fight-details/37cdf5bd5c975a5d,3,5:00
"September 22, 2017",Welterweight,http://ufcstats.com/fight-details/da7afd49fefe6a46,3,5:00
"September 22, 2017",Welterweight,http://ufcstats.com/fight-details/e0e4ce7595b5c26a,3,5:00
"September 16, 2017",Middleweight,http://ufcstats.com/fight-details/24438a644b975751,2,4:05
"September 16, 2017",Welterweight,http://ufcstats.com/fight-details/3dd22a9a0ea68cc6,1,1:19
"September 16, 2017",Middleweight,http://ufcstats.com/fight-details/ff4cef86bef2d0aa,3,2:33
"September 16, 2017",Lightweight,http://ufcstats.com/fight-details/128e818254ebfabe,2,2:11
"September 16, 2017",Welterweight,http://ufcstats.com/fight-details/4c1fd940e1619e68,1,2:48
"September 16, 2017",Heavyweight,http://ufcstats.com/fight-details/7b80dd233e200dd2,3,5:00
"September 16, 2017",Lightweight,http://ufcstats.com/fight-details/52e4f12eaeffd142,3,5:00
"September 16, 2017",Heavyweight,http://ufcstats.com/fight-details/7864fc46de247f58,1,0:24
"September 16, 2017",Middleweight,http://ufcstats.com/fight-details/7094c05bf73eee81,2,2:25
"September 16, 2017",Lightweight,http://ufcstats.com/fight-details/2ec12d4bbc0752db,2,4:55
"September 09, 2017",Women's Bantamweight,http://ufcstats.com/fight-details/cb16346d93746ebc,5,5:00
"September 09, 2017",Welterweight,http://ufcstats.com/fight-details/b6082b551288aa5a,1,3:43
"September 09, 2017",Flyweight,http://ufcstats.com/fight-details/fdde8777c7ae9769,2,0:25
"September 09, 2017",Light Heavyweight,http://ufcstats.com/fight-details/6afaf0ca45431a11,3,5:00
"September 09, 2017",Featherweight,http://ufcstats.com/fight-details/94c7e64ce88c9b9e,3,5:00
"September 09, 2017",Women's Bantamweight,http://ufcstats.com/fight-details/92eb0a297c7ea197,2,4:16
"September 09, 2017",Women's Bantamweight,http://ufcstats.com/fight-details/a773883743242df9,1,2:51
"September 09, 2017",Featherweight,http://ufcstats.com/fight-details/f597d2e69ab7c270,3,5:00
"September 09, 2017",Lightweight,http://ufcstats.com/fight-details/31c4518a1e71c050,2,4:36
"September 09, 2017",Heavyweight,http://ufcstats.com/fight-details/7020840980f723b9,3,5:00
"September 09, 2017",Lightweight,http://ufcstats.com/fight-details/cce5b9dfe84630fa,3,0:49
"September 02, 2017",Heavyweight,http://ufcstats.com/fight-details/cfc550960a7ec353,3,3:30
"September 02, 2017",Middleweight,http://ufcstats.com/fight-details/75a978e0ecce2536,2,3:10
"September 02, 2017",Women's Bantamweight,http://ufcstats.com/fight-details/0ac25b4180406ca1,3,4:54
"September 02, 2017",Welterweight,http://ufcstats.com/fight-details/7303ae36077411d9,3,5:00
"September 02, 2017",Welterweight,http://ufcstats.com/fight-details/b1f7bc82f7dce1b9,3,5:00
"September 02, 2017",Lightweight,http://ufcstats.com/fight-details/b3bf1b6ad2d1a533,1,1:24
"September 02, 2017",Lightweight,http://ufcstats.com/fight-details/5afbc04a153d7efd,3,1:26
"September 02, 2017",Lightweight,http://ufcstats.com/fight-details/605c2ad801f594b3,3,5:00
"September 02, 2017",Light Heavyweight,http://ufcstats.com/fight-details/89f83750703d5fd3,3,5:00
"September 02, 2017",Featherweight,http://ufcstats.com/fight-details/ecbc282542a395c2,2,4:22
"September 02, 2017",Light Heavyweight,http://ufcstats.com/fight-details/af5f287198f20eb4,2,2:32
"September 02, 2017",Lightweight,http://ufcstats.com/fight-details/b7ab4cd6ce7a71dd,1,4:28
"August 05, 2017",Flyweight,http://ufcstats.com/fight-details/253e42894852b26a,5,5:00
"August 05, 2017",Women's Strawweight,http://ufcstats.com/fight-details/d5598322f81db6c9,3,5:00
"August 05, 2017",Welterweight,http://ufcstats.com/fight-details/cd54325a9a538837,1,1:44
"August 05, 2017",Featherweight,http://ufcstats.com/fight-details/2f9b9ef5f6833aa1,1,0:26
"August 05, 2017",Middleweight,http://ufcstats.com/fight-details/c8f619a71b714ec7,3,5:00
"August 05, 2017",Bantamweight,http://ufcstats.com/fight-details/48f7e64b548806cd,3,5:00
"August 05, 2017",Middleweight,http://ufcstats.com/fight-details/a3e4322f55454897,1,3:50
"August 05, 2017",Flyweight,http://ufcstats.com/fight-details/02732ebb104793d2,1,0:15
"August 05, 2017",Bantamweight,http://ufcstats.com/fight-details/19348172178f42ed,1,2:01
"August 05, 2017",Bantamweight,http://ufcstats.com/fight-details/0b89c88d506da083,3,5:00
"August 05, 2017",Flyweight,http://ufcstats.com/fight-details/a3723f0f672b0912,1,3:56
"August 05, 2017",Lightweight,http://ufcstats.com/fight-details/e02fca0d258283ce,1,2:01
"July 29, 2017",Light Heavyweight,http://ufcstats.com/fight-details/5ab286735ccee803,3,3:01
"July 29, 2017",Welterweight,http://ufcstats.com/fight-details/30553d630491094a,5,5:00
"July 29, 2017",Women's Featherweight,http://ufcstats.com/fight-details/79817ab0129c5598,3,1:56
"July 29, 2017",Welterweight,http://ufcstats.com/fight-details/b8c967c742d3c107,3,5:00
"July 29, 2017",Light Heavyweight,http://ufcstats.com/fight-details/49694c2d00c581ed,1,0:42
"July 29, 2017",Featherweight,http://ufcstats.com/fight-details/dffad417175400ba,1,4:34
"July 29, 2017",Catch Weight,http://ufcstats.com/fight-details/ac9e19a4075f6557,3,5:00
"July 29, 2017",Featherweight,http://ufcstats.com/fight-details/4924d7a980f4cde2,3,2:59
"July 29, 2017",Featherweight,http://ufcstats.com/fight-details/3d95b4f94ccffa96,3,5:00
"July 29, 2017",Women's Strawweight,http://ufcstats.com/fight-details/e80a8338d86e730b,3,5:00
"July 29, 2017",Flyweight,http://ufcstats.com/fight-details/4f4806952ba2a72c,3,5:00
"July 29, 2017",Lightweight,http://ufcstats.com/fight-details/3636e085c098dbda,1,3:04
"July 22, 2017",Middleweight,http://ufcstats.com/fight-details/5be97c1fa222093d,3,3:45
"July 22, 2017",Featherweight,http://ufcstats.com/fight-details/8028d5de087755dc,3,5:00
"July 22, 2017",Light Heavyweight,http://ufcstats.com/fight-details/76d6789779d3721c,3,5:00
"July 22, 2017",Bantamweight,http://ufcstats.com/fight-details/7c23770c639dcd22,3,5:00
"July 22, 2017",Welterweight,http://ufcstats.com/fight-details/657fd7ab7bdf9f15,3,5:00
"July 22, 2017",Middleweight,http://ufcstats.com/fight-details/7e2bc09d866b3bd7,1,2:54
"July 22, 2017",Welterweight,http://ufcstats.com/fight-details/d0e5487f55c57ad2,2,1:50
"July 22, 2017",Heavyweight,http://ufcstats.com/fight-details/4f07c6724682cd00,3,5:00
"July 22, 2017",Featherweight,http://ufcstats.com/fight-details/bcf842992f9accdc,3,5:00
"July 22, 2017",Bantamweight,http://ufcstats.com/fight-details/573908b71b361312,1,2:18
"July 22, 2017",Heavyweight,http://ufcstats.com/fight-details/d83ae4a2e117b775,1,2:51
"July 22, 2017",Featherweight,http://ufcstats.com/fight-details/9f114a219523bf7d,3,5:00
"July 22, 2017",Lightweight,http://ufcstats.com/fight-details/b2297232b9310ba5,3,5:00
"July 16, 2017",Welterweight,http://ufcstats.com/fight-details/8417a20d56fe6776,1,1:22
"July 16, 2017",Women's Strawweight,http://ufcstats.com/fight-details/b7f6d05d3afbb266,3,5:00
"July 16, 2017",Lightweight,http://ufcstats.com/fight-details/c62a90c19af6a0e2,1,3:57
"July 16, 2017",Middleweight,http://ufcstats.com/fight-details/86892d114b204bf3,3,5:00
"July 16, 2017",Light Heavyweight,http://ufcstats.com/fight-details/0f8b2f7299b5e114,1,4:56
"July 16, 2017",Heavyweight,http://ufcstats.com/fight-details/a77950d6a0a451f4,3,5:00
"July 16, 2017",Welterweight,http://ufcstats.com/fight-details/1ccde17f48fb709e,2,3:59
"July 16, 2017",Flyweight,http://ufcstats.com/fight-details/8fd14eb227688467,3,2:31
"July 16, 2017",Welterweight,http://ufcstats.com/fight-details/7e7fba47f511f8ad,1,2:10
"July 16, 2017",Lightweight,http://ufcstats.com/fight-details/a0909aab15ba53c5,3,5:00
"July 16, 2017",Bantamweight,http://ufcstats.com/fight-details/2fef7ac78df0cccc,3,5:00
"July 16, 2017",Women's Bantamweight,http://ufcstats.com/fight-details/d49d2c810583a56a,2,2:53
"July 08, 2017",Middleweight,http://ufcstats.com/fight-details/06cd9812e2b9b747,5,5:00
"July 08, 2017",Heavyweight,http://ufcstats.com/fight-details/b67229e7675eed24,3,5:00
"July 08, 2017",Heavyweight,http://ufcstats.com/fight-details/cf4c2b601c2228aa,3,5:00
"July 08, 2017",Lightweight,http://ufcstats.com/fight-details/1f49b59e4058568f,3,5:00
"July 08, 2017",Bantamweight,http://ufcstats.com/fight-details/a5a065cb6d33ba9e,2,4:36
"July 08, 2017",Heavyweight,http://ufcstats.com/fight-details/00b801e7e1679f2f,2,3:44
"July 08, 2017",Welterweight,http://ufcstats.com/fight-details/19eed5d9781b47ac,3,1:27
"July 08, 2017",Middleweight,http://ufcstats.com/fight-details/323fb015ca2444e3,2,2:04
"July 08, 2017",Welterweight,http://ufcstats.com/fight-details/9298175cb2ad7d41,3,5:00
"July 08, 2017",Featherweight,http://ufcstats.com/fight-details/1645ed92dcdc5c03,3,5:00
"July 08, 2017",Light Heavyweight,http://ufcstats.com/fight-details/e1100fc357e61fba,2,2:54
"July 07, 2017",Lightweight,http://ufcstats.com/fight-details/0d5356c506111a57,2,4:48
"July 07, 2017",Welterweight,http://ufcstats.com/fight-details/5934de85b9c53e7c,2,0:43
"July 07, 2017",Lightweight,http://ufcstats.com/fight-details/6f836a82a0530884,3,5:00
"July 07, 2017",Light Heavyweight,http://ufcstats.com/fight-details/e97b609eefc5fd61,3,2:08
"July 07, 2017",Middleweight,http://ufcstats.com/fight-details/6ec0a046de95fe16,3,5:00
"July 07, 2017",Light Heavyweight,http://ufcstats.com/fight-details/3e5a3ecd2b123fc2,3,5:00
"July 07, 2017",Women's Strawweight,http://ufcstats.com/fight-details/c94c3e4bbed24421,3,5:00
"July 07, 2017",Welterweight,http://ufcstats.com/fight-details/c7c7be3b0d65a7da,3,5:00
"July 07, 2017",Light Heavyweight,http://ufcstats.com/fight-details/7f3bd3b913df61f4,3,5:00
"July 07, 2017",Women's Strawweight,http://ufcstats.com/fight-details/f0ac3761d3fdda3e,2,0:53
"July 07, 2017",Featherweight,http://ufcstats.com/fight-details/88c2da7b33cca8d4,3,5:00
"June 25, 2017",Lightweight,http://ufcstats.com/fight-details/7013a95ea4014606,1,4:37
"June 25, 2017",Middleweight,http://ufcstats.com/fight-details/0ad57af26ddc7930,2,0:46
"June 25, 2017",Women's Strawweight,http://ufcstats.com/fight-details/bd59c07a106d331b,3,5:00
"June 25, 2017",Light Heavyweight,http://ufcstats.com/fight-details/ae5c7517d9f2516c,1,0:29
"June 25, 2017",Welterweight,http://ufcstats.com/fight-details/b53fd8bce62aa1c6,3,5:00
"June 25, 2017",Featherweight,http://ufcstats.com/fight-details/3a4d2a933a3c7291,3,5:00
"June 25, 2017",Lightweight,http://ufcstats.com/fight-details/9a79a4b97a0f1e24,3,5:00
"June 25, 2017",Middleweight,http://ufcstats.com/fight-details/3d1f83264d87c529,3,5:00
"June 25, 2017",Women's Strawweight,http://ufcstats.com/fight-details/1bd52b0c01018f4a,3,5:00
"June 25, 2017",Lightweight,http://ufcstats.com/fight-details/f7ae397fefa57c70,3,5:00
"June 25, 2017",Featherweight,http://ufcstats.com/fight-details/1e75ee0da189857b,2,4:24
"June 25, 2017",Lightweight,http://ufcstats.com/fight-details/eafda776967c6444,3,5:00
"June 25, 2017",Light Heavyweight,http://ufcstats.com/fight-details/aebdb007f8d1348a,1,1:21
"June 17, 2017",Women's Bantamweight,http://ufcstats.com/fight-details/0096879f5708526b,3,1:09
"June 17, 2017",Heavyweight,http://ufcstats.com/fight-details/205ad947e8c94901,3,5:00
"June 17, 2017",Welterweight,http://ufcstats.com/fight-details/b6464850da8f3099,3,5:00
"June 17, 2017",Welterweight,http://ufcstats.com/fight-details/a69a155a25b84679,3,5:00
"June 17, 2017",Lightweight,http://ufcstats.com/fight-details/fc2585e234e49dee,1,1:12
"June 17, 2017",Heavyweight,http://ufcstats.com/fight-details/9072bf6135cad3e0,1,1:44
"June 17, 2017",Featherweight,http://ufcstats.com/fight-details/b66f4fa1b9b96b51,2,5:00
"June 17, 2017",Flyweight,http://ufcstats.com/fight-details/a71e4206f87ae74c,2,3:19
"June 17, 2017",Welterweight,http://ufcstats.com/fight-details/8984ab656cb1818d,3,5:00
"June 17, 2017",Bantamweight,http://ufcstats.com/fight-details/361e67af5f462aea,1,4:09
"June 17, 2017",Flyweight,http://ufcstats.com/fight-details/e7b5a8c97106ca60,3,5:00
"June 17, 2017",Women's Bantamweight,http://ufcstats.com/fight-details/7d14f95d03afb359,3,5:00
"June 10, 2017",Heavyweight,http://ufcstats.com/fight-details/cd96998e837b0da1,4,3:51
"June 10, 2017",Middleweight,http://ufcstats.com/fight-details/ad772f626b5dd31d,1,1:16
"June 10, 2017",Lightweight,http://ufcstats.com/fight-details/dc7ba55ca764cfbe,2,3:02
"June 10, 2017",Light Heavyweight,http://ufcstats.com/fight-details/4507354cd97f10e5,1,0:22
"June 10, 2017",Flyweight,http://ufcstats.com/fight-details/2dfa31667cee74c3,1,0:49
"June 10, 2017",Featherweight,http://ufcstats.com/fight-details/e4db3b1669d498c3,3,5:00
"June 10, 2017",Lightweight,http://ufcstats.com/fight-details/165d3a571fcc5e3c,1,3:37
"June 10, 2017",Welterweight,http://ufcstats.com/fight-details/288b479c485c48b2,3,5:00
"June 10, 2017",Flyweight,http://ufcstats.com/fight-details/11cb7d7d774d5e6a,3,5:00
"June 10, 2017",Welterweight,http://ufcstats.com/fight-details/1b1d1900b4051344,3,5:00
"June 10, 2017",Women's Strawweight,http://ufcstats.com/fight-details/bd4a648bebaefab3,3,5:00
"June 03, 2017",Featherweight,http://ufcstats.com/fight-details/9ed0c3acc436eb56,3,4:13
"June 03, 2017",Women's Strawweight,http://ufcstats.com/fight-details/5bfaa389a67139fd,1,3:03
"June 03, 2017",Middleweight,http://ufcstats.com/fight-details/823e9449bd47e408,3,5:00
"June 03, 2017",Middleweight,http://ufcstats.com/fight-details/6b581bb1bc9289ef,2,1:06
"June 03, 2017",Welterweight,http://ufcstats.com/fight-details/6c9fdcb95393a49c,2,2:01
"June 03, 2017",Bantamweight,http://ufcstats.com/fight-details/228879162d8be605,3,5:00
"June 03, 2017",Middleweight,http://ufcstats.com/fight-details/3ad3acca165a5d90,2,3:49
"June 03, 2017",Bantamweight,http://ufcstats.com/fight-details/36f0c6d7126e09ee,1,2:57
"June 03, 2017",Bantamweight,http://ufcstats.com/fight-details/cb2844bb15d22cc6,1,1:48
"June 03, 2017",Women's Strawweight,http://ufcstats.com/fight-details/2fd43be584ef522b,3,5:00
"June 03, 2017",Welterweight,http://ufcstats.com/fight-details/88e0de323a83f241,2,4:48
"June 03, 2017",Flyweight,http://ufcstats.com/fight-details/6486579eee778b4d,2,5:00
"May 28, 2017",Light Heavyweight,http://ufcstats.com/fight-details/923d5041c3b6d763,5,1:07
"May 28, 2017",Light Heavyweight,http://ufcstats.com/fight-details/79be3a6d483ad64a,1,0:28
"May 28, 2017",Welterweight,http://ufcstats.com/fight-details/8cdc9c13d75adb28,2,2:29
"May 28, 2017",Welterweight,http://ufcstats.com/fight-details/78e38f1ad43c3479,3,5:00
"May 28, 2017",Welterweight,http://ufcstats.com/fight-details/33913e8e56c49a4c,3,5:00
"May 28, 2017",Middleweight,http://ufcstats.com/fight-details/2105210529457ffd,1,2:00
"May 28, 2017",Bantamweight,http://ufcstats.com/fight-details/9674c37e3a2bc399,3,5:00
"May 28, 2017",Middleweight,http://ufcstats.com/fight-details/ac6cb989ccc38f73,3,5:00
"May 28, 2017",Lightweight,http://ufcstats.com/fight-details/2c101a0bcf334d31,3,5:00
"May 28, 2017",Welterweight,http://ufcstats.com/fight-details/9c3f3bc7f7472e0c,3,4:37
"May 28, 2017",Welterweight,http://ufcstats.com/fight-details/1ed9dbbe604654b9,3,5:00
"May 28, 2017",Lightweight,http://ufcstats.com/fight-details/b166f1582946fbbc,3,0:07
"May 13, 2017",Heavyweight,http://ufcstats.com/fight-details/16a0352f3e19b931,1,2:22
"May 13, 2017",Women's Strawweight,http://ufcstats.com/fight-details/0fd8214ac276728e,5,5:00
"May 13, 2017",Welterweight,http://ufcstats.com/fight-details/6e3139f066149a81,3,5:00
"May 13, 2017",Featherweight,http://ufcstats.com/fight-details/39f746cee66e8771,2,5:00
"May 13, 2017",Middleweight,http://ufcstats.com/fight-details/362a5b3cd4a70330,3,5:00
"May 13, 2017",Lightweight,http://ufcstats.com/fight-details/6fe9729cee57c680,2,4:02
"May 13, 2017",Featherweight,http://ufcstats.com/fight-details/9882c1dac77c0367,3,0:39
"May 13, 2017",Heavyweight,http://ufcstats.com/fight-details/f26657d5018ee428,2,3:36
"May 13, 2017",Lightweight,http://ufcstats.com/fight-details/567cefcaba821205,1,2:39
"May 13, 2017",Women's Strawweight,http://ufcstats.com/fight-details/af2ef75664656957,3,5:00
"May 13, 2017",Featherweight,http://ufcstats.com/fight-details/7188621a628e718d,3,5:00
"May 13, 2017",Light Heavyweight,http://ufcstats.com/fight-details/14dbcdbe8e7251bf,1,2:21
"April 22, 2017",Featherweight,http://ufcstats.com/fight-details/b29ed164b3014a42,5,5:00
"April 22, 2017",Lightweight,http://ufcstats.com/fight-details/2310fbcb6fdf3b47,1,1:38
"April 22, 2017",Light Heavyweight,http://ufcstats.com/fight-details/53c96668bf850809,2,2:11
"April 22, 2017",Bantamweight,http://ufcstats.com/fight-details/8b97cd609c7152b7,3,5:00
"April 22, 2017",Lightweight,http://ufcstats.com/fight-details/41385f4e63682b5b,3,5:00
"April 22, 2017",Welterweight,http://ufcstats.com/fight-details/3905e5dc489811d6,2,1:05
"April 22, 2017",Middleweight,http://ufcstats.com/fight-details/2d6182d1d398ed6a,3,5:00
"April 22, 2017",Flyweight,http://ufcstats.com/fight-details/319f3fad278368e6,2,4:06
"April 22, 2017",Lightweight,http://ufcstats.com/fight-details/cf18911df2052826,3,5:00
"April 22, 2017",Women's Strawweight,http://ufcstats.com/fight-details/c0c587cb52de929b,3,5:00
"April 22, 2017",Women's Bantamweight,http://ufcstats.com/fight-details/f313eae425b7c539,3,5:00
"April 22, 2017",Welterweight,http://ufcstats.com/fight-details/7d4e11c2a9485320,1,3:30
"April 22, 2017",Flyweight,http://ufcstats.com/fight-details/6ccfbe3a7c5aa55e,1,4:24
"April 15, 2017",Flyweight,http://ufcstats.com/fight-details/f63961f9d14bc33d,3,4:49
"April 15, 2017",Women's Strawweight,http://ufcstats.com/fight-details/e52318719d839d2d,2,2:47
"April 15, 2017",Middleweight,http://ufcstats.com/fight-details/0459297e86a14981,2,3:28
"April 15, 2017",Featherweight,http://ufcstats.com/fight-details/d764ef3e078c96c8,3,5:00
"April 15, 2017",Heavyweight,http://ufcstats.com/fight-details/b0552b065ca7f401,3,5:00
"April 15, 2017",Bantamweight,http://ufcstats.com/fight-details/20be16a1db95156c,2,0:28
"April 15, 2017",Lightweight,http://ufcstats.com/fight-details/f24c296256faeff2,3,5:00
"April 15, 2017",Flyweight,http://ufcstats.com/fight-details/41cef92a01e7ff3c,3,5:00
"April 15, 2017",Bantamweight,http://ufcstats.com/fight-details/677e98ae5834ba70,3,5:00
"April 15, 2017",Light Heavyweight,http://ufcstats.com/fight-details/4291b38643547fa7,3,5:00
"April 15, 2017",Middleweight,http://ufcstats.com/fight-details/0673d8ab0add7a05,3,3:52
"April 15, 2017",Welterweight,http://ufcstats.com/fight-details/2a0d4dd0997bd712,1,4:21
"April 15, 2017",Women's Bantamweight,http://ufcstats.com/fight-details/94ce682e4a3e556a,3,5:00
"April 08, 2017",Light Heavyweight,http://ufcstats.com/fight-details/ea8eaf881d38713e,2,3:37
"April 08, 2017",Middleweight,http://ufcstats.com/fight-details/87a969d51de6e179,2,3:13
"April 08, 2017",Women's Strawweight,http://ufcstats.com/fight-details/687d973d71e068dc,3,3:45
"April 08, 2017",Welterweight,http://ufcstats.com/fight-details/a68672f66e12a3c2,3,5:00
"April 08, 2017",Lightweight,http://ufcstats.com/fight-details/56c7c59c9bb3b610,1,2:30
"April 08, 2017",Featherweight,http://ufcstats.com/fight-details/23ba0218f9f65e33,1,3:30
"April 08, 2017",Welterweight,http://ufcstats.com/fight-details/b2c1f9bdd5d3073d,3,5:00
"April 08, 2017",Featherweight,http://ufcstats.com/fight-details/ddb015ac5c067aa9,3,1:59
"April 08, 2017",Light Heavyweight,http://ufcstats.com/fight-details/e7ad1c3a763c7cae,3,5:00
"April 08, 2017",Lightweight,http://ufcstats.com/fight-details/8b4eeaa048361ba3,1,0:21
"April 08, 2017",Lightweight,http://ufcstats.com/fight-details/97b7638c592a95a9,3,5:00
"April 08, 2017",Women's Bantamweight,http://ufcstats.com/fight-details/2464a75ee75dbf2f,3,5:00
"April 08, 2017",Flyweight,http://ufcstats.com/fight-details/c4da9ec26a924a7d,3,5:00
"March 18, 2017",Light Heavyweight,http://ufcstats.com/fight-details/00be3852000f8fe9,1,3:05
"March 18, 2017",Welterweight,http://ufcstats.com/fight-details/7e6f91cbf8e93210,2,0:46
"March 18, 2017",Catch Weight,http://ufcstats.com/fight-details/1e5c66d12761d4fe,3,3:50
"March 18, 2017",Featherweight,http://ufcstats.com/fight-details/7ec86f2af631344f,3,5:00
"March 18, 2017",Lightweight,http://ufcstats.com/fight-details/55f727e00553035d,3,5:00
"March 18, 2017",Light Heavyweight,http://ufcstats.com/fight-details/c365a488a8de3c89,3,5:00
"March 18, 2017",Heavyweight,http://ufcstats.com/fight-details/f99ee57f75b20b69,3,5:00
"March 18, 2017",Welterweight,http://ufcstats.com/fight-details/88ce808e4e604180,3,5:00
"March 18, 2017",Lightweight,http://ufcstats.com/fight-details/eee7f546c126ee8b,1,0:30
"March 18, 2017",Middleweight,http://ufcstats.com/fight-details/794b63b4c1e1e789,3,5:00
"March 18, 2017",Women's Bantamweight,http://ufcstats.com/fight-details/0bb419537705fb04,3,5:00
"March 11, 2017",Middleweight,http://ufcstats.com/fight-details/58450502a93454c8,1,3:52
"March 11, 2017",Light Heavyweight,http://ufcstats.com/fight-details/34524408fb4d6752,3,0:59
"March 11, 2017",Lightweight,http://ufcstats.com/fight-details/b47e4f0982938e5b,2,3:35
"March 11, 2017",Flyweight,http://ufcstats.com/fight-details/74d4e37b97866514,3,5:00
"March 11, 2017",Women's Bantamweight,http://ufcstats.com/fight-details/b03dd50785e761a0,3,5:00
"March 11, 2017",Welterweight,http://ufcstats.com/fight-details/24f156a78bd32026,2,2:38
"March 11, 2017",Lightweight,http://ufcstats.com/fight-details/76602c3658d70273,2,3:12
"March 11, 2017",Welterweight,http://ufcstats.com/fight-details/f4f5049e789b7716,3,5:00
"March 11, 2017",Bantamweight,http://ufcstats.com/fight-details/dc169cc01d675125,3,5:00
"March 11, 2017",Lightweight,http://ufcstats.com/fight-details/12740c6b17779fe9,1,1:42
"March 11, 2017",Featherweight,http://ufcstats.com/fight-details/ebb94e00d6431e7a,3,5:00
"March 11, 2017",Middleweight,http://ufcstats.com/fight-details/0ace7e71f5d66bc9,1,1:17
"March 04, 2017",Welterweight,http://ufcstats.com/fight-details/dfc8c5161ea0ccb5,5,5:00
"March 04, 2017",Lightweight,http://ufcstats.com/fight-details/7ac4b9823b1e139b,3,5:00
"March 04, 2017",Middleweight,http://ufcstats.com/fight-details/e3ca9462ad0d7685,3,5:00
"March 04, 2017",Women's Strawweight,http://ufcstats.com/fight-details/54f9e3e1fad7a589,1,3:19
"March 04, 2017",Heavyweight,http://ufcstats.com/fight-details/c79b862be039d9f0,3,1:44
"March 04, 2017",Heavyweight,http://ufcstats.com/fight-details/42ad1437a1280294,3,3:46
"March 04, 2017",Featherweight,http://ufcstats.com/fight-details/3b536afcc9098925,3,3:19
"March 04, 2017",Bantamweight,http://ufcstats.com/fight-details/4804776154430aad,2,3:13
"March 04, 2017",Heavyweight,http://ufcstats.com/fight-details/08b65f5009c34997,3,5:00
"March 04, 2017",Light Heavyweight,http://ufcstats.com/fight-details/6db4d7827082d5b9,1,4:10
"March 04, 2017",Bantamweight,http://ufcstats.com/fight-details/2d4743a82fc55642,3,5:00
"February 19, 2017",Heavyweight,http://ufcstats.com/fight-details/ab14dbff9d2ae41a,2,3:12
"February 19, 2017",Middleweight,http://ufcstats.com/fight-details/a5d24caed8afbeef,3,5:00
"February 19, 2017",Featherweight,http://ufcstats.com/fight-details/112e6a0ddce893e6,3,5:00
"February 19, 2017",Middleweight,http://ufcstats.com/fight-details/16e28dd989ee1dea,3,5:00
"February 19, 2017",Women's Bantamweight,http://ufcstats.com/fight-details/9c256e94c6b584b6,1,1:14
"February 19, 2017",Lightweight,http://ufcstats.com/fight-details/f00ac5af033f44b4,1,4:44
"February 19, 2017",Welterweight,http://ufcstats.com/fight-details/1db121859d2fcda8,3,5:00
"February 19, 2017",Women's Strawweight,http://ufcstats.com/fight-details/e4c4c54a10e06973,3,5:00
"February 19, 2017",Bantamweight,http://ufcstats.com/fight-details/ad9ecef413a5b48f,3,5:00
"February 19, 2017",Middleweight,http://ufcstats.com/fight-details/e59aabdfba9d6c45,2,2:21
"February 19, 2017",Middleweight,http://ufcstats.com/fight-details/c1d86f1e6d41cd03,1,1:34
"February 11, 2017",Women's Featherweight,http://ufcstats.com/fight-details/252074c8554bf30d,5,5:00
"February 11, 2017",Middleweight,http://ufcstats.com/fight-details/d29750cee389a0b9,3,5:00
"February 11, 2017",Middleweight,http://ufcstats.com/fight-details/ced241b99eab5f22,1,3:41
"February 11, 2017",Light Heavyweight,http://ufcstats.com/fight-details/244357514dd89bd6,3,5:00
"February 11, 2017",Lightweight,http://ufcstats.com/fight-details/8b8f9485214f9e48,3,5:00
"February 11, 2017",Welterweight,http://ufcstats.com/fight-details/f680e6ebe3bdfe3e,3,5:00
"February 11, 2017",Flyweight,http://ufcstats.com/fight-details/febea68b205f6273,3,5:00
"February 11, 2017",Lightweight,http://ufcstats.com/fight-details/ddd9e64d97b095f9,3,5:00
"February 11, 2017",Featherweight,http://ufcstats.com/fight-details/c4174e22cb22622c,3,5:00
"February 11, 2017",Welterweight,http://ufcstats.com/fight-details/1f9ac1648b8e501e,3,5:00
"February 04, 2017",Featherweight,http://ufcstats.com/fight-details/8c220d4c96895a98,1,2:29
"February 04, 2017",Women's Strawweight,http://ufcstats.com/fight-details/4a2e7e2c8cfdaf5f,3,5:00
"February 04, 2017",Lightweight,http://ufcstats.com/fight-details/94cecf4bd29793e1,3,0:49
"February 04, 2017",Light Heavyweight,http://ufcstats.com/fight-details/36220644401d85e1,3,5:00
"February 04, 2017",Heavyweight,http://ufcstats.com/fight-details/49e344834626c144,1,3:10
"February 04, 2017",Women's Strawweight,http://ufcstats.com/fight-details/451525a1abe30a91,3,5:00
"February 04, 2017",Heavyweight,http://ufcstats.com/fight-details/74256b4e8d0b1de6,2,0:59
"February 04, 2017",Featherweight,http://ufcstats.com/fight-details/478221ad98336565,2,2:01
"February 04, 2017",Bantamweight,http://ufcstats.com/fight-details/66ad9f88f063d2ef,3,5:00
"February 04, 2017",Women's Strawweight,http://ufcstats.com/fight-details/ebe38ba75cbf2320,3,5:00
"February 04, 2017",Welterweight,http://ufcstats.com/fight-details/48e51d4e7172048e,2,5:00
"February 04, 2017",Light Heavyweight,http://ufcstats.com/fight-details/f3bb58f485dc2008,1,0:52
"January 28, 2017",Women's Bantamweight,http://ufcstats.com/fight-details/ab79fe7b35ccc3dc,2,4:29
"January 28, 2017",Welterweight,http://ufcstats.com/fight-details/b91756d955e14d2e,2,1:00
"January 28, 2017",Heavyweight,http://ufcstats.com/fight-details/a45596cda51a1816,1,1:32
"January 28, 2017",Featherweight,http://ufcstats.com/fight-details/43682a646b9b956f,2,4:21
"January 28, 2017",Middleweight,http://ufcstats.com/fight-details/3c8eb8ad5e98876f,3,5:00
"January 28, 2017",Bantamweight,http://ufcstats.com/fight-details/637f561cd731fb44,3,5:00
"January 28, 2017",Welterweight,http://ufcstats.com/fight-details/c5865afc31cb6c59,2,4:45
"January 28, 2017",Light Heavyweight,http://ufcstats.com/fight-details/1cd0ce0e2312ad52,3,5:00
"January 28, 2017",Middleweight,http://ufcstats.com/fight-details/481aef2d2802ec68,1,2:14
"January 28, 2017",Light Heavyweight,http://ufcstats.com/fight-details/99373dc33dfbf6e0,1,2:27
"January 28, 2017",Flyweight,http://ufcstats.com/fight-details/0094d2ed98819f7a,3,5:00
"January 28, 2017",Lightweight,http://ufcstats.com/fight-details/6eb382e2c51fc4f5,1,3:54
"January 15, 2017",Featherweight,http://ufcstats.com/fight-details/5742025a09190829,2,0:24
"January 15, 2017",Lightweight,http://ufcstats.com/fight-details/00720c46f864fe03,3,5:00
"January 15, 2017",Welterweight,http://ufcstats.com/fight-details/8edb831924d69dd9,3,5:00
"January 15, 2017",Flyweight,http://ufcstats.com/fight-details/7685701c382cd49a,3,5:00
"January 15, 2017",Lightweight,http://ufcstats.com/fight-details/bbb67c2ac4453d64,3,5:00
"January 15, 2017",Bantamweight,http://ufcstats.com/fight-details/b60bbec8ec98941b,3,5:00
"January 15, 2017",Heavyweight,http://ufcstats.com/fight-details/1a81573425c585fb,1,2:57
"January 15, 2017",Lightweight,http://ufcstats.com/fight-details/8156479490877d08,3,5:00
"January 15, 2017",Women's Strawweight,http://ufcstats.com/fight-details/53c3565ee1d3411a,3,3:39
"January 15, 2017",Heavyweight,http://ufcstats.com/fight-details/3f7684492c9df05e,2,2:41
"January 15, 2017",Light Heavyweight,http://ufcstats.com/fight-details/ae803440d778a12b,3,2:05
"January 15, 2017",Heavyweight,http://ufcstats.com/fight-details/c1356395d6b055d7,1,2:41
"December 30, 2016",Women's Bantamweight,http://ufcstats.com/fight-details/0aad210fbaa1db6c,1,0:48
"December 30, 2016",Bantamweight,http://ufcstats.com/fight-details/25e6b11e1cf45b83,5,5:00
"December 30, 2016",Bantamweight,http://ufcstats.com/fight-details/7f663d67422c1b24,3,5:00
"December 30, 2016",Welterweight,http://ufcstats.com/fight-details/3d07a533feca7458,3,5:00
"December 30, 2016",Flyweight,http://ufcstats.com/fight-details/ab847a4cf397d7d5,3,5:00
"December 30, 2016",Welterweight,http://ufcstats.com/fight-details/abf0f8234f6be37e,3,5:00
"December 30, 2016",Middleweight,http://ufcstats.com/fight-details/78736e322574e500,3,5:00
"December 30, 2016",Welterweight,http://ufcstats.com/fight-details/31acf87e89a4a401,1,3:34
"December 30, 2016",Welterweight,http://ufcstats.com/fight-details/d8c7497043e7e5bd,1,4:30
"December 30, 2016",Welterweight,http://ufcstats.com/fight-details/9d4b2767f6630fc9,1,3:33
"December 17, 2016",Women's Strawweight,http://ufcstats.com/fight-details/5840527835a8ffb2,1,3:21
"December 17, 2016",Welterweight,http://ufcstats.com/fight-details/23bc29f1b6baacad,2,1:40
"December 17, 2016",Bantamweight,http://ufcstats.com/fight-details/2cdf841a057d9039,3,5:00
"December 17, 2016",Welterweight,http://ufcstats.com/fight-details/473b9b56cdaedba3,3,5:00
"December 17, 2016",Light Heavyweight,http://ufcstats.com/fight-details/01f396a7372dc8ff,2,1:59
"December 17, 2016",Featherweight,http://ufcstats.com/fight-details/4b35edc671de861f,3,5:00
"December 17, 2016",Welterweight,http://ufcstats.com/fight-details/677588ea237aa5c0,3,5:00
"December 17, 2016",Welterweight,http://ufcstats.com/fight-details/30f6cf4253b13b76,3,5:00
"December 17, 2016",Lightweight,http://ufcstats.com/fight-details/7979888b1fb5eb39,3,5:00
"December 17, 2016",Women's Bantamweight,http://ufcstats.com/fight-details/d77ace7aadb2383e,3,5:00
"December 17, 2016",Bantamweight,http://ufcstats.com/fight-details/ca6d4239726931f9,1,3:04
"December 17, 2016",Flyweight,http://ufcstats.com/fight-details/88c712be47805d63,3,5:00
"December 17, 2016",Welterweight,http://ufcstats.com/fight-details/1ca4274019680d23,3,5:00
"December 10, 2016",Featherweight,http://ufcstats.com/fight-details/977a758d869f9e7a,3,4:50
"December 10, 2016",Welterweight,http://ufcstats.com/fight-details/96404a3b32791c8d,3,0:34
"December 10, 2016",Featherweight,http://ufcstats.com/fight-details/5f0aa841c21f7d30,3,5:00
"December 10, 2016",Middleweight,http://ufcstats.com/fight-details/07b98dbf5d2c62a2,3,2:45
"December 10, 2016",Welterweight,http://ufcstats.com/fight-details/761a215d51a0442e,3,5:00
"December 10, 2016",Light Heavyweight,http://ufcstats.com/fight-details/0af90a49f0ca1879,1,4:38
"December 10, 2016",Lightweight,http://ufcstats.com/fight-details/04f27a78e4ffce47,2,2:57
"December 10, 2016",Women's Strawweight,http://ufcstats.com/fight-details/ca9804845b010845,3,5:00
"December 10, 2016",Bantamweight,http://ufcstats.com/fight-details/b121f30d7fc9ea6c,3,5:00
"December 10, 2016",Lightweight,http://ufcstats.com/fight-details/071d488ec8ccf254,1,1:40
"December 10, 2016",Lightweight,http://ufcstats.com/fight-details/8b983e834df0c6c4,3,5:00
"December 10, 2016",Flyweight,http://ufcstats.com/fight-details/d573e571d8349b5d,3,5:00
"December 09, 2016",Heavyweight,http://ufcstats.com/fight-details/cb1e57b5f8c92922,4,3:42
"December 09, 2016",Heavyweight,http://ufcstats.com/fight-details/0769ab47fcf0bf6b,1,1:57
"December 09, 2016",Light Heavyweight,http://ufcstats.com/fight-details/14e7bb7a9d49450d,2,2:36
"December 09, 2016",Light Heavyweight,http://ufcstats.com/fight-details/25cd989ac5569629,2,2:54
"December 09, 2016",Women's Strawweight,http://ufcstats.com/fight-details/9555d8941df4a998,3,5:00
"December 09, 2016",Welterweight,http://ufcstats.com/fight-details/02e3699be1d8daa2,2,1:25
"December 09, 2016",Middleweight,http://ufcstats.com/fight-details/85feac6924abb35b,1,4:12
"December 09, 2016",Middleweight,http://ufcstats.com/fight-details/0b26d635106aea1c,3,5:00
"December 09, 2016",Featherweight,http://ufcstats.com/fight-details/4bf0be780f2d09be,3,5:00
"December 09, 2016",Lightweight,http://ufcstats.com/fight-details/a71febed166b7d42,3,5:00
"December 09, 2016",Middleweight,http://ufcstats.com/fight-details/770312f3ca8506b6,3,5:00
"December 09, 2016",Women's Strawweight,http://ufcstats.com/fight-details/87b6c507a7684ec2,3,5:00
"December 03, 2016",Flyweight,http://ufcstats.com/fight-details/02822c35ffef5a50,5,5:00
"December 03, 2016",Flyweight,http://ufcstats.com/fight-details/5e1370a92ce8abb0,3,5:00
"December 03, 2016",Welterweight,http://ufcstats.com/fight-details/27ff7028ec8c2161,1,4:05
"December 03, 2016",Light Heavyweight,http://ufcstats.com/fight-details/9cad47cdd6351e50,3,5:00
"December 03, 2016",Women's Bantamweight,http://ufcstats.com/fight-details/a716172939767cab,2,2:52
"December 03, 2016",Flyweight,http://ufcstats.com/fight-details/36830f6eb3c847f5,3,5:00
"December 03, 2016",Featherweight,http://ufcstats.com/fight-details/019983faebec6d64,3,5:00
"December 03, 2016",Bantamweight,http://ufcstats.com/fight-details/63b35df1276b3d64,1,3:47
"December 03, 2016",Lightweight,http://ufcstats.com/fight-details/c5d48ca7c22f857e,3,5:00
"December 03, 2016",Women's Strawweight,http://ufcstats.com/fight-details/5ae45d20a60dc109,3,5:00
"December 03, 2016",Middleweight,http://ufcstats.com/fight-details/163fbb2185730846,2,3:27
"December 03, 2016",Light Heavyweight,http://ufcstats.com/fight-details/fe132ef2ab8ae9d2,3,5:00
"November 26, 2016",Middleweight,http://ufcstats.com/fight-details/6d04fbef6b8e4551,1,4:07
"November 26, 2016",Lightweight,http://ufcstats.com/fight-details/0d33d43bee65d98f,3,5:00
"November 26, 2016",Welterweight,http://ufcstats.com/fight-details/450760216f5643ca,3,5:00
"November 26, 2016",Lightweight,http://ufcstats.com/fight-details/2cab927474cb6e62,2,2:06
"November 26, 2016",Light Heavyweight,http://ufcstats.com/fight-details/d1c519260c0ddf3a,1,4:07
"November 26, 2016",Women's Strawweight,http://ufcstats.com/fight-details/314aea77cd24210f,3,5:00
"November 26, 2016",Middleweight,http://ufcstats.com/fight-details/71854cfe738d6ee1,3,5:00
"November 26, 2016",Lightweight,http://ufcstats.com/fight-details/64bc223daa594bcc,3,5:00
"November 26, 2016",Welterweight,http://ufcstats.com/fight-details/2c0a58ef0324e18b,3,5:00
"November 26, 2016",Flyweight,http://ufcstats.com/fight-details/291d91378a96d1e8,3,5:00
"November 26, 2016",Featherweight,http://ufcstats.com/fight-details/4f60a7e7b848bc6d,3,5:00
"November 26, 2016",Featherweight,http://ufcstats.com/fight-details/2e209dc450b7ebe3,3,5:00
"November 26, 2016",Flyweight,http://ufcstats.com/fight-details/0da0dc2c7eb29f58,3,5:00
"November 19, 2016",Light Heavyweight,http://ufcstats.com/fight-details/106088694fa0c682,3,3:51
"November 19, 2016",Bantamweight,http://ufcstats.com/fight-details/ac656cebef8cf0a4,2,1:37
"November 19, 2016",Women's Strawweight,http://ufcstats.com/fight-details/4c05732d411d6412,3,5:00
"November 19, 2016",Middleweight,http://ufcstats.com/fight-details/3e1bd51261cb61df,3,5:00
"November 19, 2016",Welterweight,http://ufcstats.com/fight-details/939cc30f07131724,3,5:00
"November 19, 2016",Welterweight,http://ufcstats.com/fight-details/edcf1d6a1bd8acc7,3,5:00
"November 19, 2016",Middleweight,http://ufcstats.com/fight-details/13d2b7aef67cb6ea,2,2:11
"November 19, 2016",Light Heavyweight,http://ufcstats.com/fight-details/a5e240bcd7731725,1,1:07
"November 19, 2016",Bantamweight,http://ufcstats.com/fight-details/02b39d683f027517,2,0:46
"November 19, 2016",Heavyweight,http://ufcstats.com/fight-details/9e75fbe17a35f272,3,2:12
"November 19, 2016",Bantamweight,http://ufcstats.com/fight-details/30a2c7e5b90e6d74,2,1:55
"November 19, 2016",Light Heavyweight,http://ufcstats.com/fight-details/934c967872f28b13,1,1:34
"November 19, 2016",Middleweight,http://ufcstats.com/fight-details/b5268a0c2df32a24,1,4:37
"November 19, 2016",Lightweight,http://ufcstats.com/fight-details/6b5fe10e6e7d160a,3,5:00
"November 19, 2016",Heavyweight,http://ufcstats.com/fight-details/689116759885e4a5,3,5:00
"November 19, 2016",Featherweight,http://ufcstats.com/fight-details/e4795ab9bdd6fb38,3,5:00
"November 19, 2016",Middleweight,http://ufcstats.com/fight-details/f1afa75c8d492550,2,3:40
"November 19, 2016",Flyweight,http://ufcstats.com/fight-details/ad0bac98558900af,3,5:00
"November 19, 2016",Lightweight,http://ufcstats.com/fight-details/dad034faf3d62cb9,2,4:31
"November 19, 2016",Women's Strawweight,http://ufcstats.com/fight-details/24411c5356903d11,3,5:00
"November 19, 2016",Heavyweight,http://ufcstats.com/fight-details/8eaa23d64c20b0f1,1,2:16
"November 19, 2016",Welterweight,http://ufcstats.com/fight-details/1b52e24d09700dd9,2,4:02
"November 19, 2016",Women's Bantamweight,http://ufcstats.com/fight-details/7fce3efc5d2add6e,3,3:03
"November 19, 2016",Bantamweight,http://ufcstats.com/fight-details/a337e11f80a75b7d,3,5:00
"November 19, 2016",Welterweight,http://ufcstats.com/fight-details/bd6909a463a1de2b,1,0:53
"November 12, 2016",Lightweight,http://ufcstats.com/fight-details/1d7015553debd1c8,2,3:04
"November 12, 2016",Welterweight,http://ufcstats.com/fight-details/b80ef7cdc36ab48b,5,5:00
"November 12, 2016",Women's Strawweight,http://ufcstats.com/fight-details/4403857f545ede75,5,5:00
"November 12, 2016",Middleweight,http://ufcstats.com/fight-details/f37d18b5c35145bf,3,0:24
"November 12, 2016",Women's Bantamweight,http://ufcstats.com/fight-details/9ebfd601c43b89b3,3,5:00
"November 12, 2016",Featherweight,http://ufcstats.com/fight-details/9c4cbd0546d03f6b,3,5:00
"November 12, 2016",Lightweight,http://ufcstats.com/fight-details/c26806c2d554e50c,3,2:31
"November 12, 2016",Middleweight,http://ufcstats.com/fight-details/8172d8d996335d0a,1,3:22
"November 12, 2016",Welterweight,http://ufcstats.com/fight-details/14477908199435e1,1,1:19
"November 12, 2016",Catch Weight,http://ufcstats.com/fight-details/ef80a6eea892c296,3,5:00
"November 12, 2016",Women's Bantamweight,http://ufcstats.com/fight-details/706228ddb6076b3f,3,5:00
"November 05, 2016",Lightweight,http://ufcstats.com/fight-details/9220acccebf14a46,5,5:00
"November 05, 2016",Lightweight,http://ufcstats.com/fight-details/c5a8e0098d1024ce,3,5:00
"November 05, 2016",Featherweight,http://ufcstats.com/fight-details/e322eae035f7c00f,2,2:13
"November 05, 2016",Lightweight,http://ufcstats.com/fight-details/43a941e005a2d463,2,1:55
"November 05, 2016",Lightweight,http://ufcstats.com/fight-details/00494c77d2a88f8c,3,5:00
"November 05, 2016",Women's Strawweight,http://ufcstats.com/fight-details/52943c821416dc38,3,5:00
"November 05, 2016",Bantamweight,http://ufcstats.com/fight-details/51010081d59b4687,3,5:00
"November 05, 2016",Catch Weight,http://ufcstats.com/fight-details/588a39cab19065bc,1,1:37
"November 05, 2016",Welterweight,http://ufcstats.com/fight-details/23c6a428df1569bc,1,0:54
"November 05, 2016",Bantamweight,http://ufcstats.com/fight-details/29df50b2ea446361,3,2:33
"November 05, 2016",Middleweight,http://ufcstats.com/fight-details/2c39797c6574ff29,3,5:00
"November 05, 2016",Lightweight,http://ufcstats.com/fight-details/c1e039419a671b9e,3,5:00
"November 05, 2016",Featherweight,http://ufcstats.com/fight-details/4fa26e1e88583ab5,3,5:00
"October 08, 2016",Middleweight,http://ufcstats.com/fight-details/eaa63c8fb9379426,5,5:00
"October 08, 2016",Middleweight,http://ufcstats.com/fight-details/ebc7ec239faf7b0b,2,2:43
"October 08, 2016",Light Heavyweight,http://ufcstats.com/fight-details/451d7d8c2a6bacb3,2,2:38
"October 08, 2016",Heavyweight,http://ufcstats.com/fight-details/17067cf55726c673,2,1:41
"October 08, 2016",Featherweight,http://ufcstats.com/fight-details/23253ebb1d86d8b4,1,4:22
"October 08, 2016",Bantamweight,http://ufcstats.com/fight-details/2f9a8807807b80d6,1,1:59
"October 08, 2016",Bantamweight,http://ufcstats.com/fight-details/3be121d4f5460893,3,2:56
"October 08, 2016",Welterweight,http://ufcstats.com/fight-details/47dfd70b5780d68a,3,3:01
"October 08, 2016",Lightweight,http://ufcstats.com/fight-details/8794b5f9a591daf6,2,4:40
"October 08, 2016",Welterweight,http://ufcstats.com/fight-details/85bec51d0bdf511f,3,4:40
"October 08, 2016",Lightweight,http://ufcstats.com/fight-details/87b61c1d72232a84,3,5:00
"October 01, 2016",Bantamweight,http://ufcstats.com/fight-details/8793208907eca67f,5,5:00
"October 01, 2016",Lightweight,http://ufcstats.com/fight-details/3a8cc4cda195d758,3,3:30
"October 01, 2016",Welterweight,http://ufcstats.com/fight-details/21b361d723fcf3cd,3,5:00
"October 01, 2016",Flyweight,http://ufcstats.com/fight-details/b43dfe6743160a66,1,2:23
"October 01, 2016",Light Heavyweight,http://ufcstats.com/fight-details/a27a9b7b8194e8fc,2,4:43
"October 01, 2016",Featherweight,http://ufcstats.com/fight-details/11b369120409d2aa,3,5:00
"October 01, 2016",Heavyweight,http://ufcstats.com/fight-details/412735f3e0b66ea6,3,5:00
"October 01, 2016",Welterweight,http://ufcstats.com/fight-details/958f6e5b79ff8c33,3,5:00
"October 01, 2016",Middleweight,http://ufcstats.com/fight-details/ba7250ef080d1603,2,4:44
"October 01, 2016",Light Heavyweight,http://ufcstats.com/fight-details/1cca8ba792f1e1d9,3,5:00
"October 01, 2016",Heavyweight,http://ufcstats.com/fight-details/4efbd869aa0211d2,2,2:02
"October 01, 2016",Women's Bantamweight,http://ufcstats.com/fight-details/98e3b4d05ecc36a2,3,5:00
"September 24, 2016",Catch Weight,http://ufcstats.com/fight-details/76c5f66afe6ab192,2,2:29
"September 24, 2016",Featherweight,http://ufcstats.com/fight-details/50935ae1627fc89b,3,5:00
"September 24, 2016",Heavyweight,http://ufcstats.com/fight-details/5c5ed0416e881faf,2,4:10
"September 24, 2016",Lightweight,http://ufcstats.com/fight-details/845907142e023077,3,2:25
"September 24, 2016",Middleweight,http://ufcstats.com/fight-details/66b8f3426f36fdf7,1,2:58
"September 24, 2016",Featherweight,http://ufcstats.com/fight-details/c29b63d6cd2ba413,1,3:03
"September 24, 2016",Lightweight,http://ufcstats.com/fight-details/6f2a4a2f769eb9e3,3,5:00
"September 24, 2016",Bantamweight,http://ufcstats.com/fight-details/0408a452fb5c3e14,3,5:00
"September 24, 2016",Flyweight,http://ufcstats.com/fight-details/39c16381a9722735,3,5:00
"September 24, 2016",Welterweight,http://ufcstats.com/fight-details/0e9b7e682e0a79f1,3,3:57
"September 24, 2016",Lightweight,http://ufcstats.com/fight-details/1afa8d6ae4d8a5b2,3,5:00
"September 24, 2016",Welterweight,http://ufcstats.com/fight-details/5948876f1d80c21a,1,1:00
"September 24, 2016",Lightweight,http://ufcstats.com/fight-details/fae3f395669b7285,3,5:00
"September 17, 2016",Lightweight,http://ufcstats.com/fight-details/692241119228cc82,1,1:35
"September 17, 2016",Middleweight,http://ufcstats.com/fight-details/f4cdc944e27c2cd2,1,1:41
"September 17, 2016",Lightweight,http://ufcstats.com/fight-details/0596fc5eba5c1fe0,3,5:00
"September 17, 2016",Welterweight,http://ufcstats.com/fight-details/054f1423ba7c121e,3,5:00
"September 17, 2016",Lightweight,http://ufcstats.com/fight-details/144b0c1dd6c909f3,3,5:00
"September 17, 2016",Featherweight,http://ufcstats.com/fight-details/00b7497b02b3b2bb,1,0:19
"September 17, 2016",Featherweight,http://ufcstats.com/fight-details/4f6f7f1ad8954bb6,2,1:20
"September 17, 2016",Welterweight,http://ufcstats.com/fight-details/4df1d3183929d021,3,4:19
"September 17, 2016",Middleweight,http://ufcstats.com/fight-details/c87d2569da8d4305,3,4:46
"September 17, 2016",Bantamweight,http://ufcstats.com/fight-details/187681b2843174b5,3,5:00
"September 17, 2016",Welterweight,http://ufcstats.com/fight-details/30b33d032605c885,3,0:18
"September 17, 2016",Bantamweight,http://ufcstats.com/fight-details/96adba2273a13f46,3,5:00
"September 10, 2016",Heavyweight,http://ufcstats.com/fight-details/19df0d0cb1269fa7,1,4:27
"September 10, 2016",Heavyweight,http://ufcstats.com/fight-details/409bcfacb259999a,3,5:00
"September 10, 2016",Welterweight,http://ufcstats.com/fight-details/26e6a2705a1e9e72,1,2:14
"September 10, 2016",Bantamweight,http://ufcstats.com/fight-details/971d9fa5947a4bb7,3,5:00
"September 10, 2016",Women's Strawweight,http://ufcstats.com/fight-details/52bc6927e80aca5d,1,4:38
"September 10, 2016",Women's Bantamweight,http://ufcstats.com/fight-details/e9ffcf05270a320a,3,5:00
"September 10, 2016",Middleweight,http://ufcstats.com/fight-details/c8ca99d1adc5448d,3,5:00
"September 10, 2016",Lightweight,http://ufcstats.com/fight-details/9b1386a28b81bcd5,2,4:17
"September 10, 2016",Lightweight,http://ufcstats.com/fight-details/5d5abb5dade718de,1,1:45
"September 10, 2016",Welterweight,http://ufcstats.com/fight-details/1c85f793ea4f9caa,2,0:49
"September 03, 2016",Heavyweight,http://ufcstats.com/fight-details/a3b972117a3998ee,3,2:53
"September 03, 2016",Light Heavyweight,http://ufcstats.com/fight-details/0549b655619774c5,3,5:00
"September 03, 2016",Light Heavyweight,http://ufcstats.com/fight-details/5237736e6b37c609,2,2:06
"September 03, 2016",Lightweight,http://ufcstats.com/fight-details/31dd8b5d6444f19b,3,5:00
"September 03, 2016",Welterweight,http://ufcstats.com/fight-details/d6389fa434e86916,3,5:00
"September 03, 2016",Welterweight,http://ufcstats.com/fight-details/69ecd4aa5a550f7b,3,5:00
"September 03, 2016",Women's Bantamweight,http://ufcstats.com/fight-details/bd887c173d3050bf,3,2:46
"September 03, 2016",Bantamweight,http://ufcstats.com/fight-details/f24144fbe9e32c10,3,5:00
"September 03, 2016",Heavyweight,http://ufcstats.com/fight-details/ddb4376695f115b9,3,5:00
"September 03, 2016",Middleweight,http://ufcstats.com/fight-details/d38cd293a0c3fdfd,3,5:00
"September 03, 2016",Lightweight,http://ufcstats.com/fight-details/c5c1deb1607f69b4,3,5:00
"August 27, 2016",Welterweight,http://ufcstats.com/fight-details/f19d1c8ca5660240,1,1:52
"August 27, 2016",Featherweight,http://ufcstats.com/fight-details/51d3be5e8aee5cd9,3,1:49
"August 27, 2016",Women's Strawweight,http://ufcstats.com/fight-details/0bf8bb9b4ef329f9,2,0:17
"August 27, 2016",Lightweight,http://ufcstats.com/fight-details/e15b393a27c07043,3,5:00
"August 27, 2016",Middleweight,http://ufcstats.com/fight-details/70ab91b37be75408,2,4:56
"August 27, 2016",Featherweight,http://ufcstats.com/fight-details/df33799f117000cb,3,5:00
"August 27, 2016",Middleweight,http://ufcstats.com/fight-details/f8df4cb5f22656c0,3,5:00
"August 27, 2016",Lightweight,http://ufcstats.com/fight-details/c64537874352793a,1,1:13
"August 27, 2016",Lightweight,http://ufcstats.com/fight-details/00742aea8da72a35,1,1:36
"August 27, 2016",Lightweight,http://ufcstats.com/fight-details/f7114bf73eec4022,3,5:00
"August 20, 2016",Welterweight,http://ufcstats.com/fight-details/648396cc751c730d,5,5:00
"August 20, 2016",Light Heavyweight,http://ufcstats.com/fight-details/c0329bd8d3b302c6,1,0:13
"August 20, 2016",Welterweight,http://ufcstats.com/fight-details/781f9a642e7a9278,2,2:02
"August 20, 2016",Welterweight,http://ufcstats.com/fight-details/70f08a4771138817,1,3:38
"August 20, 2016",Welterweight,http://ufcstats.com/fight-details/a69a6da9560ed62c,2,2:56
"August 20, 2016",Bantamweight,http://ufcstats.com/fight-details/dbc72a4092a0b296,1,0:48
"August 20, 2016",Women's Bantamweight,http://ufcstats.com/fight-details/6b6680338558bd46,3,5:00
"August 20, 2016",Featherweight,http://ufcstats.com/fight-details/d101d2ed58a7cf84,3,5:00
"August 20, 2016",Women's Strawweight,http://ufcstats.com/fight-details/ec381753e852cb63,1,4:34
"August 20, 2016",Welterweight,http://ufcstats.com/fight-details/ec067e9c9efd7aa1,1,4:08
"August 20, 2016",Welterweight,http://ufcstats.com/fight-details/0294253e4a5b4725,3,2:18
"August 20, 2016",Middleweight,http://ufcstats.com/fight-details/41eb39f532e148d9,1,4:30
"August 06, 2016",Featherweight,http://ufcstats.com/fight-details/570f3407722cc512,5,5:00
"August 06, 2016",Featherweight,http://ufcstats.com/fight-details/0344687c9852b1d2,3,5:00
"August 06, 2016",Middleweight,http://ufcstats.com/fight-details/78410b48feaba213,3,2:58
"August 06, 2016",Welterweight,http://ufcstats.com/fight-details/787d94246afe18a3,3,5:00
"August 06, 2016",Middleweight,http://ufcstats.com/fight-details/e35d878ba90d9769,3,5:00
"August 06, 2016",Women's Strawweight,http://ufcstats.com/fight-details/58c73a9562adcfe5,3,5:00
"August 06, 2016",Welterweight,http://ufcstats.com/fight-details/4a46b63c19cfa932,3,5:00
"August 06, 2016",Heavyweight,http://ufcstats.com/fight-details/3fe9e895b2a45049,2,0:53
"August 06, 2016",Lightweight,http://ufcstats.com/fight-details/cb76509b5c2f2a90,2,1:25
"August 06, 2016",Featherweight,http://ufcstats.com/fight-details/34644c44229e41a1,1,2:32
"August 06, 2016",Featherweight,http://ufcstats.com/fight-details/537c77f3b75a75ae,3,5:00
"August 06, 2016",Heavyweight,http://ufcstats.com/fight-details/02f4277726712796,3,5:00
"July 30, 2016",Welterweight,http://ufcstats.com/fight-details/c67e5fec8e1876f0,1,2:12
"July 30, 2016",Women's Strawweight,http://ufcstats.com/fight-details/7f3763caa99a3486,3,5:00
"July 30, 2016",Welterweight,http://ufcstats.com/fight-details/82d057278298846f,1,1:46
"July 30, 2016",Bantamweight,http://ufcstats.com/fight-details/3cf1d67a20ae1c18,3,5:00
"July 30, 2016",Flyweight,http://ufcstats.com/fight-details/c8f946610906bffe,3,5:00
"July 30, 2016",Light Heavyweight,http://ufcstats.com/fight-details/ae6fb7829db7ecc7,2,0:40
"July 30, 2016",Welterweight,http://ufcstats.com/fight-details/806ee07a1a7042b8,3,5:00
"July 30, 2016",Heavyweight,http://ufcstats.com/fight-details/8495283a56311b4d,1,0:14
"July 30, 2016",Flyweight,http://ufcstats.com/fight-details/8b61a3acdfb007d9,1,1:49
"July 30, 2016",Welterweight,http://ufcstats.com/fight-details/855338a9a68e4c9f,3,5:00
"July 30, 2016",Lightweight,http://ufcstats.com/fight-details/09c092dc766fa3f9,1,2:27
"July 23, 2016",Women's Bantamweight,http://ufcstats.com/fight-details/9e90800495c1d607,5,5:00
"July 23, 2016",Lightweight,http://ufcstats.com/fight-details/b1dee00c3052e65e,3,5:00
"July 23, 2016",Heavyweight,http://ufcstats.com/fight-details/9d2f46b677246e41,1,1:34
"July 23, 2016",Women's Strawweight,http://ufcstats.com/fight-details/5a09a7a3f2792d1a,1,1:59
"July 23, 2016",Bantamweight,http://ufcstats.com/fight-details/8167500af262bba5,3,1:54
"July 23, 2016",Featherweight,http://ufcstats.com/fight-details/1eb0491642f276ed,3,5:00
"July 23, 2016",Welterweight,http://ufcstats.com/fight-details/e09d17f97d6fc6b8,3,5:00
"July 23, 2016",Lightweight,http://ufcstats.com/fight-details/adb86e0206cba97d,3,5:00
"July 23, 2016",Welterweight,http://ufcstats.com/fight-details/3aace29fcc65ec51,3,5:00
"July 23, 2016",Featherweight,http://ufcstats.com/fight-details/435c93cb89016fd1,3,5:00
"July 23, 2016",Heavyweight,http://ufcstats.com/fight-details/43fbc59edc7dfa9f,2,3:58
"July 13, 2016",Bantamweight,http://ufcstats.com/fight-details/08c6b88ac22717ed,1,2:43
"July 13, 2016",Lightweight,http://ufcstats.com/fight-details/824fb74f5fc34218,2,2:22
"July 13, 2016",Middleweight,http://ufcstats.com/fight-details/0f73ee9121ec7539,2,3:49
"July 13, 2016",Heavyweight,http://ufcstats.com/fight-details/0fed8d8499eae01a,3,5:00
"July 13, 2016",Welterweight,http://ufcstats.com/fight-details/bb0770ead53940f5,2,4:59
"July 13, 2016",Flyweight,http://ufcstats.com/fight-details/a2fe63d064567d14,2,4:41
"July 13, 2016",Women's Bantamweight,http://ufcstats.com/fight-details/ee46c069ebe691ff,3,5:00
"July 13, 2016",Middleweight,http://ufcstats.com/fight-details/2ef96a4eb306fbb4,1,2:43
"July 13, 2016",Women's Strawweight,http://ufcstats.com/fight-details/2d205cc1da2e7930,1,2:36
"July 13, 2016",Lightweight,http://ufcstats.com/fight-details/5b6451f3f83c719c,3,5:00
"July 13, 2016",Bantamweight,http://ufcstats.com/fight-details/df661c70c40adf84,3,4:19
"July 13, 2016",Middleweight,http://ufcstats.com/fight-details/0864112e968630ea,1,4:57
"July 09, 2016",Women's Bantamweight,http://ufcstats.com/fight-details/135760b07e1fb79b,1,3:16
"July 09, 2016",Heavyweight,http://ufcstats.com/fight-details/83414cc83ec3f2ac,3,5:00
"July 09, 2016",Light Heavyweight,http://ufcstats.com/fight-details/424221c96ee13ceb,3,5:00
"July 09, 2016",Featherweight,http://ufcstats.com/fight-details/84c5035830ebb421,5,5:00
"July 09, 2016",Heavyweight,http://ufcstats.com/fight-details/1a66e67add5d55ef,1,4:57
"July 09, 2016",Women's Bantamweight,http://ufcstats.com/fight-details/96c93167c982c467,3,5:00
"July 09, 2016",Welterweight,http://ufcstats.com/fight-details/8c2e4d3cc4b9e93a,3,5:00
"July 09, 2016",Bantamweight,http://ufcstats.com/fight-details/c1f74805a4ff9396,3,5:00
"July 09, 2016",Lightweight,http://ufcstats.com/fight-details/d1aaef0d7f0c8e8b,3,5:00
"July 09, 2016",Lightweight,http://ufcstats.com/fight-details/9d7a798f0c20c04a,1,1:26
"July 09, 2016",Middleweight,http://ufcstats.com/fight-details/7679c5ee3514e119,1,4:32
"July 09, 2016",Lightweight,http://ufcstats.com/fight-details/433e3fd8782b6e0e,1,2:18
"July 08, 2016",Women's Strawweight,http://ufcstats.com/fight-details/6ab9d2d334f613c8,5,5:00
"July 08, 2016",Light Heavyweight,http://ufcstats.com/fight-details/9fc85aef42733a16,3,5:00
"July 08, 2016",Women's Strawweight,http://ufcstats.com/fight-details/f8b9b5ee3d4a8ac3,1,3:43
"July 08, 2016",Lightweight,http://ufcstats.com/fight-details/1299f04f429bcc0e,3,5:00
"July 08, 2016",Featherweight,http://ufcstats.com/fight-details/febbd4eb209b4579,1,2:42
"July 08, 2016",Lightweight,http://ufcstats.com/fight-details/6c4b3cca92fcb9c7,1,0:34
"July 08, 2016",Featherweight,http://ufcstats.com/fight-details/36388dce4a8cc18f,3,5:00
"July 08, 2016",Flyweight,http://ufcstats.com/fight-details/9275134accfb1adc,3,5:00
"July 08, 2016",Light Heavyweight,http://ufcstats.com/fight-details/f990e8b2a08053db,3,5:00
"July 08, 2016",Middleweight,http://ufcstats.com/fight-details/0c703bf17c04fee4,3,5:00
"July 08, 2016",Lightweight,http://ufcstats.com/fight-details/b319a24919106555,1,4:06
"July 08, 2016",Welterweight,http://ufcstats.com/fight-details/b3b5bd50fa34342c,1,2:46
"July 07, 2016",Lightweight,http://ufcstats.com/fight-details/bb9020ac324fb706,1,3:49
"July 07, 2016",Heavyweight,http://ufcstats.com/fight-details/9a984ea967886979,3,5:00
"July 07, 2016",Welterweight,http://ufcstats.com/fight-details/420f4e4dc341eb57,3,5:00
"July 07, 2016",Lightweight,http://ufcstats.com/fight-details/d39010c3511fb972,1,0:25
"July 07, 2016",Welterweight,http://ufcstats.com/fight-details/d18b33bdd37f4683,2,1:17
"July 07, 2016",Lightweight,http://ufcstats.com/fight-details/5e13fbe15c887a33,3,5:00
"July 07, 2016",Bantamweight,http://ufcstats.com/fight-details/95a0d706e1f4cfa2,3,5:00
"July 07, 2016",Bantamweight,http://ufcstats.com/fight-details/a815119606930378,1,2:08
"July 07, 2016",Bantamweight,http://ufcstats.com/fight-details/509519d82e906c0f,2,1:39
"July 07, 2016",Lightweight,http://ufcstats.com/fight-details/e71a155192ff2f6c,1,4:57
"July 07, 2016",Bantamweight,http://ufcstats.com/fight-details/5cf03fdfe557803f,2,3:04
"July 07, 2016",Welterweight,http://ufcstats.com/fight-details/caf3ca7fc0195412,2,3:52
"June 18, 2016",Welterweight,http://ufcstats.com/fight-details/75e21e2f5f3be42e,5,5:00
"June 18, 2016",Welterweight,http://ufcstats.com/fight-details/4b8c8ae61251ff83,3,2:35
"June 18, 2016",Light Heavyweight,http://ufcstats.com/fight-details/ad61d042c43451a8,3,5:00
"June 18, 2016",Lightweight,http://ufcstats.com/fight-details/c69c5830064fd591,3,2:28
"June 18, 2016",Women's Flyweight,http://ufcstats.com/fight-details/fe6da751f2a4859a,3,2:44
"June 18, 2016",Lightweight,http://ufcstats.com/fight-details/2e11087e1a4f066b,3,5:00
"June 18, 2016",Light Heavyweight,http://ufcstats.com/fight-details/911e151d1907197d,3,1:22
"June 18, 2016",Middleweight,http://ufcstats.com/fight-details/68a93f8eb34f3251,1,0:59
"June 18, 2016",Bantamweight,http://ufcstats.com/fight-details/4cf7792aef993be1,3,3:39
"June 18, 2016",Middleweight,http://ufcstats.com/fight-details/b2039609019496d9,3,5:00
"June 18, 2016",Women's Strawweight,http://ufcstats.com/fight-details/afd53c8033f6ee82,3,5:00
"June 18, 2016",Welterweight,http://ufcstats.com/fight-details/315b6e91a0239148,3,0:54
"June 18, 2016",Flyweight,http://ufcstats.com/fight-details/f8b32aeb9b628d89,3,5:00
"June 04, 2016",Middleweight,http://ufcstats.com/fight-details/812ff38f0ed409ca,1,3:36
"June 04, 2016",Bantamweight,http://ufcstats.com/fight-details/9c884cbc3791bf60,5,5:00
"June 04, 2016",Featherweight,http://ufcstats.com/fight-details/345b1bc51f0f5e86,3,5:00
"June 04, 2016",Middleweight,http://ufcstats.com/fight-details/c33cc8b85b9a202c,2,1:27
"June 04, 2016",Lightweight,http://ufcstats.com/fight-details/e86a77b69d50a834,1,2:53
"June 04, 2016",Featherweight,http://ufcstats.com/fight-details/db1be0ca226d3a2f,3,4:40
"June 04, 2016",Lightweight,http://ufcstats.com/fight-details/2c65d5d20cc893e4,1,4:16
"June 04, 2016",Women's Strawweight,http://ufcstats.com/fight-details/e06f96f3484ad74a,2,2:56
"June 04, 2016",Featherweight,http://ufcstats.com/fight-details/5b55a8e33199d71e,3,5:00
"June 04, 2016",Welterweight,http://ufcstats.com/fight-details/3e020d62796a7ce3,3,5:00
"June 04, 2016",Light Heavyweight,http://ufcstats.com/fight-details/5e794b8ef52c88cb,2,4:11
"June 04, 2016",Middleweight,http://ufcstats.com/fight-details/e640fd983577d349,3,5:00
"June 04, 2016",Lightweight,http://ufcstats.com/fight-details/1cbb930fb77a3781,3,1:52
"May 29, 2016",Bantamweight,http://ufcstats.com/fight-details/8d9b460143ae19bc,1,2:53
"May 29, 2016",Featherweight,http://ufcstats.com/fight-details/b2c3f1783a0c8530,3,5:00
"May 29, 2016",Welterweight,http://ufcstats.com/fight-details/a78ccbb549d36ddd,3,5:00
"May 29, 2016",Middleweight,http://ufcstats.com/fight-details/313801a4262f1ea5,3,5:00
"May 29, 2016",Welterweight,http://ufcstats.com/fight-details/8d975de5d033ccde,3,5:00
"May 29, 2016",Lightweight,http://ufcstats.com/fight-details/6387fdb44c61ccdb,3,5:00
"May 29, 2016",Women's Bantamweight,http://ufcstats.com/fight-details/934718256f4d082c,3,5:00
"May 29, 2016",Lightweight,http://ufcstats.com/fight-details/f457d55f78d581f9,3,5:00
"May 29, 2016",Middleweight,http://ufcstats.com/fight-details/09b8253a30360429,2,1:06
"May 29, 2016",Lightweight,http://ufcstats.com/fight-details/5724a9cf463c8390,2,3:02
"May 29, 2016",Bantamweight,http://ufcstats.com/fight-details/6e093a1d4286dad6,3,5:00
"May 29, 2016",Heavyweight,http://ufcstats.com/fight-details/969970fbe24945d0,2,4:01
"May 14, 2016",Heavyweight,http://ufcstats.com/fight-details/e27504d07ebbc441,1,2:47
"May 14, 2016",Middleweight,http://ufcstats.com/fight-details/80c4f70b7f7a1945,1,4:38
"May 14, 2016",Catch Weight,http://ufcstats.com/fight-details/ee9e4f8523a484a6,1,1:21
"May 14, 2016",Light Heavyweight,http://ufcstats.com/fight-details/8ec7d82619bfb564,3,5:00
"May 14, 2016",Welterweight,http://ufcstats.com/fight-details/93026e3763542c05,3,5:00
"May 14, 2016",Welterweight,http://ufcstats.com/fight-details/9231cef371b89a46,3,4:31
"May 14, 2016",Middleweight,http://ufcstats.com/fight-details/e99f92b92e90b228,1,3:39
"May 14, 2016",Lightweight,http://ufcstats.com/fight-details/65d777a16fce2be8,3,5:00
"May 14, 2016",Bantamweight,http://ufcstats.com/fight-details/040f227553de7838,3,5:00
"May 14, 2016",Light Heavyweight,http://ufcstats.com/fight-details/375c2ecb6fe54cc6,1,4:52
"May 14, 2016",Welterweight,http://ufcstats.com/fight-details/bc6100e6dd239db7,3,5:00
"May 14, 2016",Featherweight,http://ufcstats.com/fight-details/958f3b45c132c3b7,3,5:00
"May 08, 2016",Heavyweight,http://ufcstats.com/fight-details/5838305c25a54ea1,2,1:12
"May 08, 2016",Heavyweight,http://ufcstats.com/fight-details/d480d01418ae0143,1,0:16
"May 08, 2016",Welterweight,http://ufcstats.com/fight-details/03b9922d777e430c,2,3:15
"May 08, 2016",Women's Bantamweight,http://ufcstats.com/fight-details/692ceb2ac5fa4427,1,3:46
"May 08, 2016",Light Heavyweight,http://ufcstats.com/fight-details/61f80a1732d37288,2,3:11
"May 08, 2016",Women's Strawweight,http://ufcstats.com/fight-details/c5990f9767b16c48,3,5:00
"May 08, 2016",Lightweight,http://ufcstats.com/fight-details/97e895b7c2cb9db4,3,5:00
"May 08, 2016",Middleweight,http://ufcstats.com/fight-details/6d47170d069df8bb,2,0:47
"May 08, 2016",Lightweight,http://ufcstats.com/fight-details/7786b5fafee61c36,3,5:00
"May 08, 2016",Lightweight,http://ufcstats.com/fight-details/711fcf95370fa90b,3,1:56
"May 08, 2016",Flyweight,http://ufcstats.com/fight-details/d37ed975c2b70fd2,3,5:00
"May 08, 2016",Welterweight,http://ufcstats.com/fight-details/6ccf478dca83757e,3,5:00
"May 08, 2016",Flyweight,http://ufcstats.com/fight-details/5a9804cad2335272,2,3:30
"April 23, 2016",Light Heavyweight,http://ufcstats.com/fight-details/05c8aeb2806be99c,5,5:00
"April 23, 2016",Flyweight,http://ufcstats.com/fight-details/20dda78057d17a5a,1,2:49
"April 23, 2016",Lightweight,http://ufcstats.com/fight-details/8b52a32f3644f493,3,5:00
"April 23, 2016",Middleweight,http://ufcstats.com/fight-details/b65d0243d397802c,3,5:00
"April 23, 2016",Featherweight,http://ufcstats.com/fight-details/43b416cf0c75dbd7,2,2:15
"April 23, 2016",Flyweight,http://ufcstats.com/fight-details/e3a45f48dbda99c3,3,5:00
"April 23, 2016",Welterweight,http://ufcstats.com/fight-details/be0af5916c8e8e99,3,5:00
"April 23, 2016",Women's Strawweight,http://ufcstats.com/fight-details/2c0ece9f70a62408,3,5:00
"April 23, 2016",Lightweight,http://ufcstats.com/fight-details/f519753cc38362d0,3,5:00
"April 23, 2016",Heavyweight,http://ufcstats.com/fight-details/92049ba4483fc840,1,4:18
"April 23, 2016",Light Heavyweight,http://ufcstats.com/fight-details/c7e084949531a443,1,4:35
"April 23, 2016",Lightweight,http://ufcstats.com/fight-details/083a0283b7bc503b,3,5:00
"April 16, 2016",Light Heavyweight,http://ufcstats.com/fight-details/e5a88d0e816fd0f1,1,1:48
"April 16, 2016",Women's Strawweight,http://ufcstats.com/fight-details/28f5f50617f2b686,3,5:00
"April 16, 2016",Catch Weight,http://ufcstats.com/fight-details/781b4b6951df64fe,2,3:38
"April 16, 2016",Featherweight,http://ufcstats.com/fight-details/43e416795dbd10e9,3,5:00
"April 16, 2016",Lightweight,http://ufcstats.com/fight-details/613a288e8819fead,2,1:20
"April 16, 2016",Women's Bantamweight,http://ufcstats.com/fight-details/377c8eb085bb8e00,3,5:00
"April 16, 2016",Welterweight,http://ufcstats.com/fight-details/110e1d794443b736,1,4:15
"April 16, 2016",Welterweight,http://ufcstats.com/fight-details/8d9c71e110196262,2,2:31
"April 16, 2016",Bantamweight,http://ufcstats.com/fight-details/249b75a787dccfe6,1,0:37
"April 16, 2016",Middleweight,http://ufcstats.com/fight-details/3daf1c5fb854e626,3,5:00
"April 16, 2016",Welterweight,http://ufcstats.com/fight-details/815fd4ebdc288e83,3,3:03
"April 10, 2016",Heavyweight,http://ufcstats.com/fight-details/5f6b8e48e7d3b66f,5,5:00
"April 10, 2016",Heavyweight,http://ufcstats.com/fight-details/f4d9138ba502b7ec,1,4:48
"April 10, 2016",Heavyweight,http://ufcstats.com/fight-details/9b79c05aa978c066,2,5:00
"April 10, 2016",Heavyweight,http://ufcstats.com/fight-details/eb53ec8983cb2a95,3,5:00
"April 10, 2016",Light Heavyweight,http://ufcstats.com/fight-details/26779cfb01372664,3,5:00
"April 10, 2016",Women's Strawweight,http://ufcstats.com/fight-details/1a0bf11582ae518b,3,5:00
"April 10, 2016",Welterweight,http://ufcstats.com/fight-details/5aa7ecc6507841bd,3,5:00
"April 10, 2016",Bantamweight,http://ufcstats.com/fight-details/d1d7400c131ed40e,1,4:04
"April 10, 2016",Lightweight,http://ufcstats.com/fight-details/79884c0df84662b9,1,3:44
"April 10, 2016",Bantamweight,http://ufcstats.com/fight-details/3b5e1d6cbf9c8c9f,1,2:16
"April 10, 2016",Featherweight,http://ufcstats.com/fight-details/42afd8c4fc85f485,3,5:00
"April 10, 2016",Heavyweight,http://ufcstats.com/fight-details/a020b5b917c27bb8,1,2:44
"April 10, 2016",Middleweight,http://ufcstats.com/fight-details/fcb225f454ebf1a1,3,5:00
"March 19, 2016",Heavyweight,http://ufcstats.com/fight-details/fb98219ce569b384,1,3:01
"March 19, 2016",Welterweight,http://ufcstats.com/fight-details/a26db2cee9eab1f9,3,0:46
"March 19, 2016",Lightweight,http://ufcstats.com/fight-details/784a57385d0e87ff,3,4:45
"March 19, 2016",Middleweight,http://ufcstats.com/fight-details/b33d1e693e3c9958,3,1:36
"March 19, 2016",Light Heavyweight,http://ufcstats.com/fight-details/cf13dd810b2bd061,1,0:52
"March 19, 2016",Women's Strawweight,http://ufcstats.com/fight-details/8bf419824ca91470,3,5:00
"March 19, 2016",Welterweight,http://ufcstats.com/fight-details/ee31f081cf576273,1,2:15
"March 19, 2016",Featherweight,http://ufcstats.com/fight-details/e3fb9146a7eaaa47,1,1:24
"March 19, 2016",Women's Bantamweight,http://ufcstats.com/fight-details/aa92030dfd8b5d40,3,5:00
"March 19, 2016",Welterweight,http://ufcstats.com/fight-details/d2105d00baa3e15e,3,5:00
"March 19, 2016",Lightweight,http://ufcstats.com/fight-details/f7c9f7a6edca5299,3,5:00
"March 19, 2016",Lightweight,http://ufcstats.com/fight-details/95d46f7a7e72f91c,3,5:00
"March 05, 2016",Welterweight,http://ufcstats.com/fight-details/4ace70bff9debdfb,2,4:12
"March 05, 2016",Women's Bantamweight,http://ufcstats.com/fight-details/7ffd80b65b0ff942,5,3:30
"March 05, 2016",Light Heavyweight,http://ufcstats.com/fight-details/17c598d7841daae0,3,5:00
"March 05, 2016",Light Heavyweight,http://ufcstats.com/fight-details/0bdea30d7a7322f7,3,5:00
"March 05, 2016",Women's Bantamweight,http://ufcstats.com/fight-details/ba2f3b9a12400aa0,3,5:00
"March 05, 2016",Welterweight,http://ufcstats.com/fight-details/e86f7b7f3a047d2a,3,4:11
"March 05, 2016",Welterweight,http://ufcstats.com/fight-details/90a5ddd6738605d9,2,1:34
"March 05, 2016",Middleweight,http://ufcstats.com/fight-details/49f83168974fb60f,2,1:09
"March 05, 2016",Featherweight,http://ufcstats.com/fight-details/d3255f2b8ef2b559,3,5:00
"March 05, 2016",Lightweight,http://ufcstats.com/fight-details/3f3b8dcd16dd7383,3,5:00
"March 05, 2016",Lightweight,http://ufcstats.com/fight-details/8295c37ad4b6187e,1,4:31
"March 05, 2016",Featherweight,http://ufcstats.com/fight-details/6ecd93dbbaba7e10,2,0:34
"February 27, 2016",Middleweight,http://ufcstats.com/fight-details/0e9091311ca565ce,5,5:00
"February 27, 2016",Middleweight,http://ufcstats.com/fight-details/b45d0e0d2bba01e9,3,5:00
"February 27, 2016",Welterweight,http://ufcstats.com/fight-details/0d043ecaf5bbc3ae,3,5:00
"February 27, 2016",Bantamweight,http://ufcstats.com/fight-details/7c20284c4c2dc9d3,3,5:00
"February 27, 2016",Featherweight,http://ufcstats.com/fight-details/dcf052ef89a66397,3,5:00
"February 27, 2016",Bantamweight,http://ufcstats.com/fight-details/c959b92fb36220a3,3,5:00
"February 27, 2016",Middleweight,http://ufcstats.com/fight-details/5bff1ece35abac7f,1,4:45
"February 27, 2016",Featherweight,http://ufcstats.com/fight-details/c82f9bc365ff1074,3,5:00
"February 27, 2016",Middleweight,http://ufcstats.com/fight-details/2af50cc7f34f6fc2,3,5:00
"February 27, 2016",Lightweight,http://ufcstats.com/fight-details/b29d4e0117776bb3,3,5:00
"February 27, 2016",Heavyweight,http://ufcstats.com/fight-details/a80579fe679d24e2,3,1:31
"February 27, 2016",Lightweight,http://ufcstats.com/fight-details/4bf6b6904ec94421,1,0:24
"February 27, 2016",Lightweight,http://ufcstats.com/fight-details/0845e0f9e8d61b0f,2,1:26
"February 21, 2016",Welterweight,http://ufcstats.com/fight-details/214fa13c3f230259,1,2:33
"February 21, 2016",Middleweight,http://ufcstats.com/fight-details/eadb215519406e92,1,2:38
"February 21, 2016",Catch Weight,http://ufcstats.com/fight-details/2f15a2ed6cd4711f,1,4:18
"February 21, 2016",Featherweight,http://ufcstats.com/fight-details/3bd5dbc1598c409d,3,5:00
"February 21, 2016",Middleweight,http://ufcstats.com/fight-details/a06a3bc70d7c4264,1,0:26
"February 21, 2016",Lightweight,http://ufcstats.com/fight-details/b7653a82f4b07b1f,3,5:00
"February 21, 2016",Welterweight,http://ufcstats.com/fight-details/607d22f0b3db4f1f,3,4:25
"February 21, 2016",Middleweight,http://ufcstats.com/fight-details/014a3acf91ada8af,1,1:00
"February 21, 2016",Middleweight,http://ufcstats.com/fight-details/d373de3e072f7e57,3,5:00
"February 21, 2016",Welterweight,http://ufcstats.com/fight-details/94d708a8a8fefdef,3,5:00
"February 21, 2016",Women's Bantamweight,http://ufcstats.com/fight-details/5d000de6fa836f66,3,5:00
"February 21, 2016",Women's Bantamweight,http://ufcstats.com/fight-details/cc4a23ed2cbc8aa4,3,4:55
"February 21, 2016",Heavyweight,http://ufcstats.com/fight-details/e508ba268cb295c0,3,5:00
"February 06, 2016",Welterweight,http://ufcstats.com/fight-details/3cbbf947fd0d2144,1,3:31
"February 06, 2016",Heavyweight,http://ufcstats.com/fight-details/a3935c950c40462b,3,5:00
"February 06, 2016",Light Heavyweight,http://ufcstats.com/fight-details/37008594c087470c,3,5:00
"February 06, 2016",Flyweight,http://ufcstats.com/fight-details/98035e427b476717,3,5:00
"February 06, 2016",Light Heavyweight,http://ufcstats.com/fight-details/45500515780758f0,2,1:28
"February 06, 2016",Welterweight,http://ufcstats.com/fight-details/d6e1205babf27a9d,3,4:25
"February 06, 2016",Lightweight,http://ufcstats.com/fight-details/d0a8304574e65ec9,3,5:00
"February 06, 2016",Heavyweight,http://ufcstats.com/fight-details/640dbb5a89c0aad6,1,2:17
"February 06, 2016",Flyweight,http://ufcstats.com/fight-details/311156891c7bdf60,3,5:00
"February 06, 2016",Featherweight,http://ufcstats.com/fight-details/3760216f68f448b7,2,0:23
"February 06, 2016",Welterweight,http://ufcstats.com/fight-details/ee9173615ef4cfae,1,0:45
"February 06, 2016",Featherweight,http://ufcstats.com/fight-details/02ace8fdd83c6480,3,5:00
"January 30, 2016",Light Heavyweight,http://ufcstats.com/fight-details/4c7390e4d169f6ff,1,1:26
"January 30, 2016",Heavyweight,http://ufcstats.com/fight-details/6c1dba8a3ba4f42e,2,3:48
"January 30, 2016",Bantamweight,http://ufcstats.com/fight-details/4ce0a62cdad7bf32,3,5:00
"January 30, 2016",Welterweight,http://ufcstats.com/fight-details/d2591df4fa9cc44e,2,3:06
"January 30, 2016",Welterweight,http://ufcstats.com/fight-details/44c6d87116bb3a10,3,5:00
"January 30, 2016",Lightweight,http://ufcstats.com/fight-details/b810951e39a0af1b,3,5:00
"January 30, 2016",Middleweight,http://ufcstats.com/fight-details/7bb335510a749419,3,3:37
"January 30, 2016",Flyweight,http://ufcstats.com/fight-details/fa5244817650f401,3,5:00
"January 30, 2016",Welterweight,http://ufcstats.com/fight-details/6eb4b84c4b10854a,1,3:59
"January 30, 2016",Featherweight,http://ufcstats.com/fight-details/6066dc40bb3ce8db,3,5:00
"January 30, 2016",Welterweight,http://ufcstats.com/fight-details/15f48dd8cf8ae455,3,5:00
"January 30, 2016",Featherweight,http://ufcstats.com/fight-details/df8391ca39160d8c,3,5:00
"January 30, 2016",Lightweight,http://ufcstats.com/fight-details/318449b3f9346566,3,3:02
"January 17, 2016",Bantamweight,http://ufcstats.com/fight-details/c4938baf92d2dc31,5,5:00
"January 17, 2016",Lightweight,http://ufcstats.com/fight-details/3ce6f9eb59a1e149,3,5:00
"January 17, 2016",Heavyweight,http://ufcstats.com/fight-details/762de3b0b32ba937,3,4:09
"January 17, 2016",Lightweight,http://ufcstats.com/fight-details/d0dc419dc7acb7e2,3,5:00
"January 17, 2016",Welterweight,http://ufcstats.com/fight-details/a7adbceeff234b61,2,1:14
"January 17, 2016",Light Heavyweight,http://ufcstats.com/fight-details/f8ad660497e49187,2,1:39
"January 17, 2016",Lightweight,http://ufcstats.com/fight-details/226c6a86f4f81122,1,4:30
"January 17, 2016",Featherweight,http://ufcstats.com/fight-details/cdf048ec9b917cfa,1,3:38
"January 17, 2016",Lightweight,http://ufcstats.com/fight-details/52abce3a11b43b1d,3,3:56
"January 17, 2016",Light Heavyweight,http://ufcstats.com/fight-details/2e0493171c4ee80f,1,0:30
"January 17, 2016",Featherweight,http://ufcstats.com/fight-details/5afd44d1e567d2e8,3,5:00
"January 17, 2016",Bantamweight,http://ufcstats.com/fight-details/18cdc16fc7ab7ce1,2,4:13
"January 17, 2016",Light Heavyweight,http://ufcstats.com/fight-details/649b2db3709b07fe,3,5:00
"January 02, 2016",Welterweight,http://ufcstats.com/fight-details/f079cb2db8dbbf04,5,5:00
"January 02, 2016",Heavyweight,http://ufcstats.com/fight-details/f2916c10b7ecfcee,1,0:54
"January 02, 2016",Welterweight,http://ufcstats.com/fight-details/050eb872a69c66bd,3,5:00
"January 02, 2016",Featherweight,http://ufcstats.com/fight-details/71499934c065fecb,3,1:37
"January 02, 2016",Lightweight,http://ufcstats.com/fight-details/5337461354f23b98,1,3:18
"January 02, 2016",Bantamweight,http://ufcstats.com/fight-details/a19d619f1b9bee7b,2,2:09
"January 02, 2016",Welterweight,http://ufcstats.com/fight-details/454861874ecc52d7,3,5:00
"January 02, 2016",Women's Strawweight,http://ufcstats.com/fight-details/595557b808febe27,3,5:00
"January 02, 2016",Lightweight,http://ufcstats.com/fight-details/99a7172fb7438244,3,5:00
"January 02, 2016",Lightweight,http://ufcstats.com/fight-details/4fa02674b920ff0a,3,5:00
"January 02, 2016",Bantamweight,http://ufcstats.com/fight-details/b46b27222e62aec1,3,5:00
"January 02, 2016",Welterweight,http://ufcstats.com/fight-details/d5778494ce663d7f,1,3:12
"December 19, 2015",Lightweight,http://ufcstats.com/fight-details/81f287d035190506,1,1:06
"December 19, 2015",Heavyweight,http://ufcstats.com/fight-details/1f0254eeb2025e4f,2,4:43
"December 19, 2015",Lightweight,http://ufcstats.com/fight-details/4942323a5d5a6594,3,5:00
"December 19, 2015",Women's Strawweight,http://ufcstats.com/fight-details/95ead23dc0c73285,3,5:00
"December 19, 2015",Featherweight,http://ufcstats.com/fight-details/164f56eb25d6a9b4,1,3:05
"December 19, 2015",Middleweight,http://ufcstats.com/fight-details/3fc9fea36fc7ec37,2,0:28
"December 19, 2015",Women's Bantamweight,http://ufcstats.com/fight-details/b26ec098a5a57401,3,5:00
"December 19, 2015",Middleweight,http://ufcstats.com/fight-details/7c883cf0b5eedc59,3,4:10
"December 19, 2015",Lightweight,http://ufcstats.com/fight-details/0ad5c6752e679de5,3,5:00
"December 19, 2015",Featherweight,http://ufcstats.com/fight-details/b2857e799319f931,2,1:34
"December 19, 2015",Welterweight,http://ufcstats.com/fight-details/2f0bfdc3c325662d,3,5:00
"December 19, 2015",Welterweight,http://ufcstats.com/fight-details/e1ec8774466db669,1,2:13
"December 19, 2015",Heavyweight,http://ufcstats.com/fight-details/f7fd4b82e827c9c4,2,2:53
"December 12, 2015",Featherweight,http://ufcstats.com/fight-details/b302e12550278ffd,1,0:13
"December 12, 2015",Middleweight,http://ufcstats.com/fight-details/ff389a4326fc9255,4,3:12
"December 12, 2015",Middleweight,http://ufcstats.com/fight-details/f83c6bdd553b5851,3,5:00
"December 12, 2015",Welterweight,http://ufcstats.com/fight-details/8fe1859721e95ce3,3,5:00
"December 12, 2015",Featherweight,http://ufcstats.com/fight-details/3b321550c8b4aae6,3,5:00
"December 12, 2015",Bantamweight,http://ufcstats.com/fight-details/c4fd59db24f978ec,3,5:00
"December 12, 2015",Women's Strawweight,http://ufcstats.com/fight-details/0eab2845f901f8b6,3,5:00
"December 12, 2015",Welterweight,http://ufcstats.com/fight-details/01924e35b149b28f,1,1:26
"December 12, 2015",Lightweight,http://ufcstats.com/fight-details/fa2e2a035b36b9d6,1,3:26
"December 12, 2015",Lightweight,http://ufcstats.com/fight-details/5edfc539cc58a28d,1,1:54
"December 12, 2015",Lightweight,http://ufcstats.com/fight-details/064404b0aaf6f95d,3,5:00
"December 12, 2015",Welterweight,http://ufcstats.com/fight-details/d48f938269b8ed0b,3,5:00
"December 11, 2015",Featherweight,http://ufcstats.com/fight-details/18292c8eb20ae045,1,2:28
"December 11, 2015",Lightweight,http://ufcstats.com/fight-details/1123fceef316106e,3,5:00
"December 11, 2015",Lightweight,http://ufcstats.com/fight-details/c64c2ca5d4d2c7b8,2,2:54
"December 11, 2015",Lightweight,http://ufcstats.com/fight-details/991680cd8d0b7900,3,5:00
"December 11, 2015",Featherweight,http://ufcstats.com/fight-details/ce82f34bc14f7af0,3,5:00
"December 11, 2015",Lightweight,http://ufcstats.com/fight-details/1362ccc16713d404,3,5:00
"December 11, 2015",Heavyweight,http://ufcstats.com/fight-details/a99c3328e25c51c7,3,5:00
"December 11, 2015",Welterweight,http://ufcstats.com/fight-details/465707233fa9cf7c,3,5:00
"December 11, 2015",Flyweight,http://ufcstats.com/fight-details/c5ce4f39269c842c,2,4:28
"December 11, 2015",Lightweight,http://ufcstats.com/fight-details/b22dbe21c21060b9,3,5:00
"December 10, 2015",Women's Strawweight,http://ufcstats.com/fight-details/d8fe965281e2e312,5,2:25
"December 10, 2015",Lightweight,http://ufcstats.com/fight-details/045c298c72fe196a,2,2:57
"December 10, 2015",Lightweight,http://ufcstats.com/fight-details/cc1993d02d28a3b9,2,0:41
"December 10, 2015",Middleweight,http://ufcstats.com/fight-details/3e6babcbd7b9d364,3,5:00
"December 10, 2015",Welterweight,http://ufcstats.com/fight-details/69aa797cef2e4782,2,0:21
"December 10, 2015",Welterweight,http://ufcstats.com/fight-details/1cc9816d18aa29d0,3,2:18
"December 10, 2015",Middleweight,http://ufcstats.com/fight-details/633fbb0894c002d2,1,0:11
"December 10, 2015",Bantamweight,http://ufcstats.com/fight-details/5574c020655b435e,2,4:18
"December 10, 2015",Welterweight,http://ufcstats.com/fight-details/3636ca71c557c5e8,1,4:25
"December 10, 2015",Welterweight,http://ufcstats.com/fight-details/3e875e1625bbdfbd,1,2:46
"December 10, 2015",Featherweight,http://ufcstats.com/fight-details/f2ac86cd3e863243,3,5:00
"December 10, 2015",Women's Strawweight,http://ufcstats.com/fight-details/8bfa9df5341c95c0,2,4:13
"November 28, 2015",Welterweight,http://ufcstats.com/fight-details/982f4f96b6d0f346,5,5:00
"November 28, 2015",Welterweight,http://ufcstats.com/fight-details/6ec62f8822843edf,1,3:11
"November 28, 2015",Welterweight,http://ufcstats.com/fight-details/caef4f8801f39345,3,5:00
"November 28, 2015",Featherweight,http://ufcstats.com/fight-details/a09bfdaa83d99efb,1,1:33
"November 28, 2015",Middleweight,http://ufcstats.com/fight-details/3266f569a6246d90,2,1:50
"November 28, 2015",Featherweight,http://ufcstats.com/fight-details/85168b8d99f7ce42,3,5:00
"November 28, 2015",Lightweight,http://ufcstats.com/fight-details/e8d3768f293a699b,3,5:00
"November 28, 2015",Women's Strawweight,http://ufcstats.com/fight-details/0f641756e99605ad,3,5:00
"November 28, 2015",Flyweight,http://ufcstats.com/fight-details/3a932a4cacacc939,1,0:44
"November 28, 2015",Bantamweight,http://ufcstats.com/fight-details/7ac1c2f87b795742,3,5:00
"November 28, 2015",Welterweight,http://ufcstats.com/fight-details/5a79d4b9a8f8352f,3,0:27
"November 21, 2015",Welterweight,http://ufcstats.com/fight-details/d3ccf71e68480007,5,5:00
"November 21, 2015",Featherweight,http://ufcstats.com/fight-details/34a39beb93225e2e,3,5:00
"November 21, 2015",Flyweight,http://ufcstats.com/fight-details/e8d087f822be7b02,3,5:00
"November 21, 2015",Welterweight,http://ufcstats.com/fight-details/06c124a55f77a7a5,3,5:00
"November 21, 2015",Lightweight,http://ufcstats.com/fight-details/0cbeda449bc94af7,3,5:00
"November 21, 2015",Lightweight,http://ufcstats.com/fight-details/4e3611c9a9e20ff0,3,5:00
"November 21, 2015",Bantamweight,http://ufcstats.com/fight-details/83b32e9300fec365,3,5:00
"November 21, 2015",Welterweight,http://ufcstats.com/fight-details/2a702055a79d95a7,3,5:00
"November 21, 2015",Bantamweight,http://ufcstats.com/fight-details/4339e30a856c1da8,2,4:26
"November 21, 2015",Featherweight,http://ufcstats.com/fight-details/f5eae75fc240aaa6,1,3:13
"November 21, 2015",Welterweight,http://ufcstats.com/fight-details/44502b8c5546fb12,1,0:30
"November 21, 2015",Lightweight,http://ufcstats.com/fight-details/84d89d2f36d07dc0,1,3:42
"November 21, 2015",Lightweight,http://ufcstats.com/fight-details/d6482fcb69b04904,3,5:00
"November 14, 2015",Women's Bantamweight,http://ufcstats.com/fight-details/08af25ef4252b138,2,0:59
"November 14, 2015",Women's Strawweight,http://ufcstats.com/fight-details/391d458db6dae33b,5,5:00
"November 14, 2015",Heavyweight,http://ufcstats.com/fight-details/27a6a6d4e3f8be75,1,3:41
"November 14, 2015",Middleweight,http://ufcstats.com/fight-details/766dc3c5592b4d0d,3,5:00
"November 14, 2015",Heavyweight,http://ufcstats.com/fight-details/98301c092f00cb01,3,5:00
"November 14, 2015",Lightweight,http://ufcstats.com/fight-details/0f85a1d9ce42d13e,2,5:00
"November 14, 2015",Welterweight,http://ufcstats.com/fight-details/77185ff8b4dade6a,1,2:01
"November 14, 2015",Light Heavyweight,http://ufcstats.com/fight-details/1dfbdd569585812f,1,2:56
"November 14, 2015",Flyweight,http://ufcstats.com/fight-details/f602cc168383432f,3,5:00
"November 14, 2015",Middleweight,http://ufcstats.com/fight-details/d5149f02b1ee7dc6,3,5:00
"November 14, 2015",Welterweight,http://ufcstats.com/fight-details/f281a6775bccb8df,3,5:00
"November 14, 2015",Welterweight,http://ufcstats.com/fight-details/d20dc2d68305fc31,1,4:36
"November 14, 2015",Flyweight,http://ufcstats.com/fight-details/15aced6a6a61df90,1,2:35
"November 07, 2015",Middleweight,http://ufcstats.com/fight-details/93c4b798134c71d4,1,2:07
"November 07, 2015",Light Heavyweight,http://ufcstats.com/fight-details/2be2c9ddfbee0cd4,2,1:12
"November 07, 2015",Bantamweight,http://ufcstats.com/fight-details/3c6659f1b09760ba,1,4:24
"November 07, 2015",Lightweight,http://ufcstats.com/fight-details/a637cd1012af870f,3,0:51
"November 07, 2015",Lightweight,http://ufcstats.com/fight-details/f0b151cc6c91b259,3,5:00
"November 07, 2015",Light Heavyweight,http://ufcstats.com/fight-details/0339f66f18a3e0bf,3,5:00
"November 07, 2015",Lightweight,http://ufcstats.com/fight-details/37c732554828dcc3,1,1:45
"November 07, 2015",Lightweight,http://ufcstats.com/fight-details/dc4f7eaaa2c9d450,3,5:00
"November 07, 2015",Featherweight,http://ufcstats.com/fight-details/b21e4b6c4126c782,1,0:39
"November 07, 2015",Featherweight,http://ufcstats.com/fight-details/6d9f6f7004c791d5,2,1:56
"November 07, 2015",Welterweight,http://ufcstats.com/fight-details/4ff0075d932d5b14,3,5:00
"November 07, 2015",Bantamweight,http://ufcstats.com/fight-details/d2198a7ae05b24c1,3,5:00
"November 07, 2015",Bantamweight,http://ufcstats.com/fight-details/e5461559114e30ff,3,3:27
"October 24, 2015",Flyweight,http://ufcstats.com/fight-details/8d1559bbcea7e92a,2,4:09
"October 24, 2015",Lightweight,http://ufcstats.com/fight-details/5ae114b3fdef6d2f,3,5:00
"October 24, 2015",Welterweight,http://ufcstats.com/fight-details/2e0ae17a22a6f824,3,5:00
"October 24, 2015",Flyweight,http://ufcstats.com/fight-details/a1569926652ebc36,2,4:12
"October 24, 2015",Lightweight,http://ufcstats.com/fight-details/665a35fcac41d277,3,5:00
"October 24, 2015",Women's Strawweight,http://ufcstats.com/fight-details/475a41d83edd47dd,3,5:00
"October 24, 2015",Middleweight,http://ufcstats.com/fight-details/3e39829aedc9346f,3,5:00
"October 24, 2015",Welterweight,http://ufcstats.com/fight-details/2ad291d61792fd7d,1,4:37
"October 24, 2015",Featherweight,http://ufcstats.com/fight-details/cf3a93dd5460593c,3,5:00
"October 24, 2015",Middleweight,http://ufcstats.com/fight-details/43313a340ff0d2b5,3,4:58
"October 03, 2015",Light Heavyweight,http://ufcstats.com/fight-details/f5de8b2c81e91129,5,5:00
"October 03, 2015",Light Heavyweight,http://ufcstats.com/fight-details/e2e23aee91e27847,3,5:00
"October 03, 2015",Heavyweight,http://ufcstats.com/fight-details/4b790d75c4bc694c,3,5:00
"October 03, 2015",Flyweight,http://ufcstats.com/fight-details/c43e99000f3c77b5,3,5:00
"October 03, 2015",Women's Bantamweight,http://ufcstats.com/fight-details/bdc1561ed4c6e22f,3,5:00
"October 03, 2015",Featherweight,http://ufcstats.com/fight-details/7ab1cdfe3e540856,3,5:00
"October 03, 2015",Welterweight,http://ufcstats.com/fight-details/2615d94ab16380f9,1,2:55
"October 03, 2015",Lightweight,http://ufcstats.com/fight-details/678db400f85ae15c,1,1:46
"October 03, 2015",Women's Strawweight,http://ufcstats.com/fight-details/32b030138bfd4f88,1,2:47
"October 03, 2015",Lightweight,http://ufcstats.com/fight-details/fee873593f588437,1,0:57
"October 03, 2015",Flyweight,http://ufcstats.com/fight-details/278cd1803ccc004f,3,5:00
"October 03, 2015",Heavyweight,http://ufcstats.com/fight-details/2b3b6e96cea0f757,3,1:15
"September 26, 2015",Heavyweight,http://ufcstats.com/fight-details/34fd6ac116645ae6,5,5:00
"September 26, 2015",Middleweight,http://ufcstats.com/fight-details/6712440cd01dffdb,2,0:25
"September 26, 2015",Flyweight,http://ufcstats.com/fight-details/26ac85fc4bee63a6,3,5:00
"September 26, 2015",Bantamweight,http://ufcstats.com/fight-details/e7e244a0bf244e61,3,5:00
"September 26, 2015",Featherweight,http://ufcstats.com/fight-details/1c5bed46920ab3e1,1,0:28
"September 26, 2015",Featherweight,http://ufcstats.com/fight-details/2ab47d509ee7dc6d,3,5:00
"September 26, 2015",Welterweight,http://ufcstats.com/fight-details/85e1b21ea88fe7e3,3,2:17
"September 26, 2015",Lightweight,http://ufcstats.com/fight-details/374508c76108d7fe,3,5:00
"September 26, 2015",Lightweight,http://ufcstats.com/fight-details/b82b243982fcb2ac,3,5:00
"September 26, 2015",Welterweight,http://ufcstats.com/fight-details/74e86c7782cafe27,3,0:47
"September 05, 2015",Flyweight,http://ufcstats.com/fight-details/4496c2fa6aaccba6,5,5:00
"September 05, 2015",Heavyweight,http://ufcstats.com/fight-details/6f5f4b256f643ffb,3,5:00
"September 05, 2015",Light Heavyweight,http://ufcstats.com/fight-details/e0f8e1e8cbdd63da,2,0:28
"September 05, 2015",Light Heavyweight,http://ufcstats.com/fight-details/7e1ae27779ac6ba5,3,5:00
"September 05, 2015",Women's Strawweight,http://ufcstats.com/fight-details/05d2534e0f2d5042,3,1:01
"September 05, 2015",Lightweight,http://ufcstats.com/fight-details/0449c55a8c24a59e,3,5:00
"September 05, 2015",Bantamweight,http://ufcstats.com/fight-details/52f0398eb74c139d,1,2:08
"September 05, 2015",Women's Bantamweight,http://ufcstats.com/fight-details/1b52b08f195581ad,2,4:58
"September 05, 2015",Featherweight,http://ufcstats.com/fight-details/777df8b5e28f42ff,3,5:00
"September 05, 2015",Middleweight,http://ufcstats.com/fight-details/86afc59ec117c1ba,2,2:28
"September 05, 2015",Lightweight,http://ufcstats.com/fight-details/c43805df4f45b6e2,3,5:00
"August 23, 2015",Featherweight,http://ufcstats.com/fight-details/05e2832cd5ffb7a6,1,1:39
"August 23, 2015",Welterweight,http://ufcstats.com/fight-details/2c01f4df404ff6ee,3,5:00
"August 23, 2015",Welterweight,http://ufcstats.com/fight-details/499557c33e67deaf,3,1:26
"August 23, 2015",Lightweight,http://ufcstats.com/fight-details/870a98d6f943d9b7,1,2:43
"August 23, 2015",Lightweight,http://ufcstats.com/fight-details/961246a6d621ef40,3,5:00
"August 23, 2015",Women's Strawweight,http://ufcstats.com/fight-details/20b70a226f1c13fb,3,5:00
"August 23, 2015",Lightweight,http://ufcstats.com/fight-details/3945b08be8d62861,1,0:54
"August 23, 2015",Bantamweight,http://ufcstats.com/fight-details/1bf7f647f309464e,1,4:21
"August 23, 2015",Light Heavyweight,http://ufcstats.com/fight-details/21d6db22c6089308,1,2:29
"August 23, 2015",Flyweight,http://ufcstats.com/fight-details/785dd27b03946f95,3,5:00
"August 23, 2015",Lightweight,http://ufcstats.com/fight-details/2d23ca9d8abc0c97,3,5:00
"August 23, 2015",Light Heavyweight,http://ufcstats.com/fight-details/22e5596f75d9d8e7,1,4:45
"August 08, 2015",Light Heavyweight,http://ufcstats.com/fight-details/2ef16a5ff3710c92,3,3:10
"August 08, 2015",Lightweight,http://ufcstats.com/fight-details/d4e98b827e3d6918,3,5:00
"August 08, 2015",Middleweight,http://ufcstats.com/fight-details/9900550cc697eef2,1,2:19
"August 08, 2015",Heavyweight,http://ufcstats.com/fight-details/9d72aaaf34e5b512,3,5:00
"August 08, 2015",Women's Bantamweight,http://ufcstats.com/fight-details/bd6d144f5c0b6cab,1,2:53
"August 08, 2015",Flyweight,http://ufcstats.com/fight-details/e2535e0753954514,3,5:00
"August 08, 2015",Middleweight,http://ufcstats.com/fight-details/664e56d8a98e2b49,1,2:32
"August 08, 2015",Middleweight,http://ufcstats.com/fight-details/00dcad4611fc63fe,3,5:00
"August 08, 2015",Flyweight,http://ufcstats.com/fight-details/92f27d13fc502d33,3,2:58
"August 08, 2015",Bantamweight,http://ufcstats.com/fight-details/d757f19f3d34934b,3,5:00
"August 08, 2015",Light Heavyweight,http://ufcstats.com/fight-details/b0c2442c5a7c509a,1,0:50
"August 08, 2015",Bantamweight,http://ufcstats.com/fight-details/50d5a170516de2ad,2,2:15
"August 08, 2015",Lightweight,http://ufcstats.com/fight-details/503a9ac5679c9cf7,3,2:40
"August 01, 2015",Women's Bantamweight,http://ufcstats.com/fight-details/60c62fb7bd17a8b3,1,0:34
"August 01, 2015",Light Heavyweight,http://ufcstats.com/fight-details/aa62b8f58fc09790,3,5:00
"August 01, 2015",Lightweight,http://ufcstats.com/fight-details/431e7931d8be8b5d,3,4:46
"August 01, 2015",Bantamweight,http://ufcstats.com/fight-details/480aca1906276700,3,5:00
"August 01, 2015",Heavyweight,http://ufcstats.com/fight-details/b0367c907cc549c0,3,5:00
"August 01, 2015",Heavyweight,http://ufcstats.com/fight-details/8baa6b8850262595,2,0:41
"August 01, 2015",Women's Strawweight,http://ufcstats.com/fight-details/0bf405dabb25251a,3,5:00
"August 01, 2015",Welterweight,http://ufcstats.com/fight-details/17daeb7e36e60cdf,2,2:52
"August 01, 2015",Light Heavyweight,http://ufcstats.com/fight-details/2116affb9c8f193b,3,0:45
"August 01, 2015",Welterweight,http://ufcstats.com/fight-details/72330020a732c635,2,4:11
"August 01, 2015",Bantamweight,http://ufcstats.com/fight-details/7c9830ee4835f757,3,5:00
"August 01, 2015",Middleweight,http://ufcstats.com/fight-details/959de17703476f44,2,2:38
"August 01, 2015",Bantamweight,http://ufcstats.com/fight-details/f7ffa11d592f4092,3,5:00
"July 25, 2015",Bantamweight,http://ufcstats.com/fight-details/f963d716384153ff,4,0:35
"July 25, 2015",Women's Bantamweight,http://ufcstats.com/fight-details/05065fa2bc3693b4,3,5:00
"July 25, 2015",Lightweight,http://ufcstats.com/fight-details/c97e99ca5422f03b,3,5:00
"July 25, 2015",Lightweight,http://ufcstats.com/fight-details/bb56f4e502512ad0,1,2:37
"July 25, 2015",Light Heavyweight,http://ufcstats.com/fight-details/cd55220a7b1378c4,2,0:27
"July 25, 2015",Lightweight,http://ufcstats.com/fight-details/6275b448b6c35f1f,3,5:00
"July 25, 2015",Welterweight,http://ufcstats.com/fight-details/e8f499827178a321,3,5:00
"July 25, 2015",Bantamweight,http://ufcstats.com/fight-details/23fd9d50a99665fe,3,5:00
"July 25, 2015",Lightweight,http://ufcstats.com/fight-details/da7d7b4f20cd2af5,1,1:27
"July 25, 2015",Lightweight,http://ufcstats.com/fight-details/23a75c0338d25abc,3,5:00
"July 25, 2015",Women's Bantamweight,http://ufcstats.com/fight-details/53efc226c8eaf768,3,5:00
"July 25, 2015",Middleweight,http://ufcstats.com/fight-details/c1bfbf5447f21f37,1,0:43
"July 18, 2015",Middleweight,http://ufcstats.com/fight-details/2e47823d38a5649b,5,5:00
"July 18, 2015",Lightweight,http://ufcstats.com/fight-details/0b8fdeeb626b4396,3,5:00
"July 18, 2015",Lightweight,http://ufcstats.com/fight-details/c7780ac294530c0d,1,3:05
"July 18, 2015",Women's Strawweight,http://ufcstats.com/fight-details/d45474993a750878,3,5:00
"July 18, 2015",Welterweight,http://ufcstats.com/fight-details/979538ff8ae1ccd5,3,5:00
"July 18, 2015",Lightweight,http://ufcstats.com/fight-details/976d2cc3d08ca814,1,2:30
"July 18, 2015",Flyweight,http://ufcstats.com/fight-details/486fbba33876da4b,3,5:00
"July 18, 2015",Light Heavyweight,http://ufcstats.com/fight-details/b0cb6a1da8e0da81,1,0:56
"July 18, 2015",Lightweight,http://ufcstats.com/fight-details/7e9cb0c322773157,3,5:00
"July 18, 2015",Featherweight,http://ufcstats.com/fight-details/3bb7210200d90d90,1,3:04
"July 18, 2015",Bantamweight,http://ufcstats.com/fight-details/9cbdbbc414d6dd83,1,1:29
"July 18, 2015",Heavyweight,http://ufcstats.com/fight-details/2e12db181792090f,1,0:48
"July 15, 2015",Heavyweight,http://ufcstats.com/fight-details/3b83ec99accfd271,1,1:13
"July 15, 2015",Lightweight,http://ufcstats.com/fight-details/c0e8095c91c39b06,3,5:00
"July 15, 2015",Women's Bantamweight,http://ufcstats.com/fight-details/fd984e8a9e25c927,3,5:00
"July 15, 2015",Bantamweight,http://ufcstats.com/fight-details/ea967877dd4d6efb,3,5:00
"July 15, 2015",Lightweight,http://ufcstats.com/fight-details/b8019af428c064ef,1,2:56
"July 15, 2015",Welterweight,http://ufcstats.com/fight-details/464133df9ca19865,3,5:00
"July 15, 2015",Featherweight,http://ufcstats.com/fight-details/541e5c7a87712fc2,3,5:00
"July 15, 2015",Women's Bantamweight,http://ufcstats.com/fight-details/d447919ec1a9f34c,3,5:00
"July 15, 2015",Bantamweight,http://ufcstats.com/fight-details/3100a4e29da974ad,3,5:00
"July 15, 2015",Welterweight,http://ufcstats.com/fight-details/5301d765d64f863e,3,5:00
"July 15, 2015",Middleweight,http://ufcstats.com/fight-details/a16d8d0cc93372c4,3,5:00
"July 15, 2015",Welterweight,http://ufcstats.com/fight-details/c3b733bf084c2cd0,2,3:37
"July 12, 2015",Welterweight,http://ufcstats.com/fight-details/54a15700ab185420,1,4:29
"July 12, 2015",Welterweight,http://ufcstats.com/fight-details/d4e3baff532df842,2,1:19
"July 12, 2015",Welterweight,http://ufcstats.com/fight-details/43b9e58ebf4a75ea,3,5:00
"July 12, 2015",Welterweight,http://ufcstats.com/fight-details/11aac355349ecc94,1,4:22
"July 12, 2015",Women's Strawweight,http://ufcstats.com/fight-details/95233ca23cdb02e6,3,2:38
"July 12, 2015",Featherweight,http://ufcstats.com/fight-details/8410fb6d495a2cc2,1,0:16
"July 12, 2015",Middleweight,http://ufcstats.com/fight-details/b823aa523c9618b5,1,2:52
"July 12, 2015",Bantamweight,http://ufcstats.com/fight-details/c8ec30a470f08748,3,5:00
"July 12, 2015",Middleweight,http://ufcstats.com/fight-details/44e3a7b4f4c7d95d,3,5:00
"July 12, 2015",Welterweight,http://ufcstats.com/fight-details/b2eccc1b75633d3d,3,5:00
"July 12, 2015",Flyweight,http://ufcstats.com/fight-details/96740aa476055413,1,1:36
"July 11, 2015",Featherweight,http://ufcstats.com/fight-details/70290140b6a8e038,2,4:57
"July 11, 2015",Welterweight,http://ufcstats.com/fight-details/ecb4534c0066c5f3,5,1:00
"July 11, 2015",Featherweight,http://ufcstats.com/fight-details/4d3cbc7608c8958e,3,0:32
"July 11, 2015",Welterweight,http://ufcstats.com/fight-details/4b997af9fb321123,1,2:54
"July 11, 2015",Bantamweight,http://ufcstats.com/fight-details/a9d8ddb49dbe414b,2,0:29
"July 11, 2015",Welterweight,http://ufcstats.com/fight-details/c4a7f7d8eb8fe484,1,4:44
"July 11, 2015",Welterweight,http://ufcstats.com/fight-details/824368db1ed8191f,3,5:00
"July 11, 2015",Welterweight,http://ufcstats.com/fight-details/2c5d329bdf182468,3,5:00
"July 11, 2015",Bantamweight,http://ufcstats.com/fight-details/8c8c2499d89da07c,3,5:00
"July 11, 2015",Flyweight,http://ufcstats.com/fight-details/9f56b3c053c44060,3,5:00
"July 11, 2015",Lightweight,http://ufcstats.com/fight-details/b90eded8d6b65e8f,3,5:00
"June 27, 2015",Middleweight,http://ufcstats.com/fight-details/42d09ca167ecae07,3,1:38
"June 27, 2015",Welterweight,http://ufcstats.com/fight-details/87b0475688168a42,2,3:07
"June 27, 2015",Middleweight,http://ufcstats.com/fight-details/5b51610a9c8c88ef,3,4:37
"June 27, 2015",Middleweight,http://ufcstats.com/fight-details/7ad6511fb5fb28a4,1,0:29
"June 27, 2015",Featherweight,http://ufcstats.com/fight-details/72d6996a60856b5f,3,5:00
"June 27, 2015",Welterweight,http://ufcstats.com/fight-details/fd80d6d9f4e54387,3,5:00
"June 27, 2015",Welterweight,http://ufcstats.com/fight-details/babfd62f1d4a43a8,3,5:00
"June 27, 2015",Welterweight,http://ufcstats.com/fight-details/665e9a25c5d8c17f,1,2:43
"June 27, 2015",Bantamweight,http://ufcstats.com/fight-details/913d6763b570d060,3,5:00
"June 20, 2015",Women's Strawweight,http://ufcstats.com/fight-details/2f0cbf0502173a79,3,4:22
"June 20, 2015",Featherweight,http://ufcstats.com/fight-details/c1322d09e8b6efca,3,5:00
"June 20, 2015",Welterweight,http://ufcstats.com/fight-details/008d0158831dcbd4,1,2:57
"June 20, 2015",Lightweight,http://ufcstats.com/fight-details/951ccd0041bd1700,3,5:00
"June 20, 2015",Featherweight,http://ufcstats.com/fight-details/447462bc8e540f10,1,1:41
"June 20, 2015",Lightweight,http://ufcstats.com/fight-details/0b98d84a2795f7f8,2,1:30
"June 20, 2015",Featherweight,http://ufcstats.com/fight-details/cd7fd3f034717d3c,3,1:41
"June 20, 2015",Featherweight,http://ufcstats.com/fight-details/7045f8c1d5f6abff,3,5:00
"June 20, 2015",Middleweight,http://ufcstats.com/fight-details/e00da416750f75a9,1,2:52
"June 20, 2015",Lightweight,http://ufcstats.com/fight-details/08cbd4c521831adf,2,3:24
"June 20, 2015",Bantamweight,http://ufcstats.com/fight-details/312c742e614f8993,2,1:26
"June 13, 2015",Heavyweight,http://ufcstats.com/fight-details/93f1b09aa792405e,3,2:13
"June 13, 2015",Lightweight,http://ufcstats.com/fight-details/fd776d7b554a85d0,3,5:00
"June 13, 2015",Middleweight,http://ufcstats.com/fight-details/dc93921bd9342341,2,5:00
"June 13, 2015",Featherweight,http://ufcstats.com/fight-details/243e5e9b6678f303,3,5:00
"June 13, 2015",Women's Strawweight,http://ufcstats.com/fight-details/3b6dfd089301d16e,3,5:00
"June 13, 2015",Flyweight,http://ufcstats.com/fight-details/28c33e9353dac666,3,5:00
"June 13, 2015",Lightweight,http://ufcstats.com/fight-details/47e8726b301f3f32,1,0:54
"June 13, 2015",Bantamweight,http://ufcstats.com/fight-details/c7bc785e99d3ee2a,1,0:23
"June 13, 2015",Lightweight,http://ufcstats.com/fight-details/b2b6cf87cde17136,3,5:00
"June 13, 2015",Welterweight,http://ufcstats.com/fight-details/ac2887a0855a3266,3,5:00
"June 13, 2015",Featherweight,http://ufcstats.com/fight-details/0452dd001f4adb6e,3,5:00
"June 06, 2015",Middleweight,http://ufcstats.com/fight-details/97febb293c99e5a8,1,0:28
"June 06, 2015",Heavyweight,http://ufcstats.com/fight-details/09f67db0cfaee022,1,1:54
"June 06, 2015",Lightweight,http://ufcstats.com/fight-details/f930743af6564795,1,2:38
"June 06, 2015",Featherweight,http://ufcstats.com/fight-details/29c7cb102ddd7ec4,3,4:10
"June 06, 2015",Bantamweight,http://ufcstats.com/fight-details/cad44cd2466fb68f,1,1:37
"June 06, 2015",Bantamweight,http://ufcstats.com/fight-details/c611e81778c0b1fc,1,0:21
"June 06, 2015",Heavyweight,http://ufcstats.com/fight-details/5b0fcecc55bebd5c,2,0:48
"June 06, 2015",Welterweight,http://ufcstats.com/fight-details/245009a9e1a0f60b,1,5:00
"June 06, 2015",Lightweight,http://ufcstats.com/fight-details/a7c04dc830923313,3,5:00
"June 06, 2015",Lightweight,http://ufcstats.com/fight-details/3caa22209cb559b7,3,4:58
"June 06, 2015",Middleweight,http://ufcstats.com/fight-details/c39da8538d9c0321,3,5:00
"June 06, 2015",Bantamweight,http://ufcstats.com/fight-details/5a36c9362552e0dc,1,2:34
"May 30, 2015",Welterweight,http://ufcstats.com/fight-details/8801fbb87bdedbe3,2,5:00
"May 30, 2015",Featherweight,http://ufcstats.com/fight-details/ff64fc34065565d0,3,1:10
"May 30, 2015",Welterweight,http://ufcstats.com/fight-details/bf658320ccd69021,1,2:51
"May 30, 2015",Light Heavyweight,http://ufcstats.com/fight-details/6a9ea8e420a52a21,3,5:00
"May 30, 2015",Lightweight,http://ufcstats.com/fight-details/d4a309663a4da799,3,5:00
"May 30, 2015",Welterweight,http://ufcstats.com/fight-details/61d6b591430b6e25,2,1:37
"May 30, 2015",Featherweight,http://ufcstats.com/fight-details/9968d308e97c6531,1,3:31
"May 30, 2015",Flyweight,http://ufcstats.com/fight-details/d6c02b4bb64ff795,3,5:00
"May 30, 2015",Welterweight,http://ufcstats.com/fight-details/7af604e5aa43bb3b,3,5:00
"May 30, 2015",Featherweight,http://ufcstats.com/fight-details/e54fe354981fe3e7,2,0:30
"May 30, 2015",Women's Strawweight,http://ufcstats.com/fight-details/109674a1ee00f55d,3,5:00
"May 30, 2015",Welterweight,http://ufcstats.com/fight-details/0c5640433ba44a1b,1,4:58
"May 23, 2015",Light Heavyweight,http://ufcstats.com/fight-details/530fb0d1a26fc57a,3,2:39
"May 23, 2015",Middleweight,http://ufcstats.com/fight-details/318460613b6018e9,1,2:53
"May 23, 2015",Lightweight,http://ufcstats.com/fight-details/bee780601ad13583,2,4:44
"May 23, 2015",Heavyweight,http://ufcstats.com/fight-details/652a73f4bf7f1932,1,4:41
"May 23, 2015",Flyweight,http://ufcstats.com/fight-details/3a25be6438e3f94a,3,5:00
"May 23, 2015",Flyweight,http://ufcstats.com/fight-details/6257627ba49e42ab,3,5:00
"May 23, 2015",Welterweight,http://ufcstats.com/fight-details/c2f0a53cd67e1736,3,2:13
"May 23, 2015",Middleweight,http://ufcstats.com/fight-details/b34c608bdfa655e8,3,5:00
"May 23, 2015",Welterweight,http://ufcstats.com/fight-details/0c36a08b1bf60f45,3,5:00
"May 23, 2015",Lightweight,http://ufcstats.com/fight-details/3c3da227fbe36a28,2,2:38
"May 23, 2015",Flyweight,http://ufcstats.com/fight-details/419d8143afbcd61c,3,5:00
"May 16, 2015",Featherweight,http://ufcstats.com/fight-details/7d60cb78ea70fae0,5,5:00
"May 16, 2015",Middleweight,http://ufcstats.com/fight-details/1caec47dc08613a7,3,5:00
"May 16, 2015",Middleweight,http://ufcstats.com/fight-details/3b463d688d598a72,3,5:00
"May 16, 2015",Welterweight,http://ufcstats.com/fight-details/14a40f30e0cb22c9,2,1:24
"May 16, 2015",Featherweight,http://ufcstats.com/fight-details/093ca77f7f7219f6,3,5:00
"May 16, 2015",Featherweight,http://ufcstats.com/fight-details/4702ef17c48bf1d1,3,5:00
"May 16, 2015",Lightweight,http://ufcstats.com/fight-details/1e176413438fabd5,1,3:56
"May 16, 2015",Lightweight,http://ufcstats.com/fight-details/97c302628f231da3,3,5:00
"May 16, 2015",Welterweight,http://ufcstats.com/fight-details/00684df5ed23e6ca,1,1:25
"May 16, 2015",Bantamweight,http://ufcstats.com/fight-details/80551dceed42e7ab,2,4:59
"May 16, 2015",Flyweight,http://ufcstats.com/fight-details/49749ee78bc54a48,2,3:13
"May 16, 2015",Flyweight,http://ufcstats.com/fight-details/c13b2493018fc98b,3,5:00
"May 09, 2015",Heavyweight,http://ufcstats.com/fight-details/57b986d06bde71c2,5,2:47
"May 09, 2015",Middleweight,http://ufcstats.com/fight-details/7ec24848cac6c5a1,1,0:44
"May 09, 2015",Light Heavyweight,http://ufcstats.com/fight-details/0fa31c9f7495810b,1,0:56
"May 09, 2015",Lightweight,http://ufcstats.com/fight-details/418b6f692abe9e35,1,4:53
"May 09, 2015",Featherweight,http://ufcstats.com/fight-details/4f722e80eadb6d2f,2,4:13
"May 09, 2015",Welterweight,http://ufcstats.com/fight-details/43baf5b905686ebf,3,5:00
"May 09, 2015",Middleweight,http://ufcstats.com/fight-details/f208b79b0d78045b,1,0:49
"May 09, 2015",Women's Strawweight,http://ufcstats.com/fight-details/e4549c57faca7a64,1,4:09
"May 09, 2015",Middleweight,http://ufcstats.com/fight-details/8a39075a9ffaa971,2,4:54
"May 09, 2015",Women's Strawweight,http://ufcstats.com/fight-details/d1c4c06780cbd36e,3,3:15
"May 09, 2015",Welterweight,http://ufcstats.com/fight-details/979269d4ab5784af,3,5:00
"May 09, 2015",Flyweight,http://ufcstats.com/fight-details/398f4857f9692204,1,4:59
"April 25, 2015",Flyweight,http://ufcstats.com/fight-details/6c2097664ac1bf16,5,4:59
"April 25, 2015",Catch Weight,http://ufcstats.com/fight-details/4669c07f3cc9e35f,3,5:00
"April 25, 2015",Middleweight,http://ufcstats.com/fight-details/ccbbf1ccd4513551,3,5:00
"April 25, 2015",Catch Weight,http://ufcstats.com/fight-details/0c74e600ded0de97,1,4:53
"April 25, 2015",Bantamweight,http://ufcstats.com/fight-details/78f1457371e2ef6b,1,4:18
"April 25, 2015",Welterweight,http://ufcstats.com/fight-details/591699203b264f6c,3,5:00
"April 25, 2015",Women's Bantamweight,http://ufcstats.com/fight-details/6b532f492e98d22f,2,3:07
"April 25, 2015",Lightweight,http://ufcstats.com/fight-details/48f23cc8cc5ad9a9,3,5:00
"April 25, 2015",Lightweight,http://ufcstats.com/fight-details/0590fb4acc06fa93,3,1:35
"April 25, 2015",Welterweight,http://ufcstats.com/fight-details/059dcd0b3b8e0a3f,3,5:00
"April 25, 2015",Women's Strawweight,http://ufcstats.com/fight-details/71e123d40fff9edb,3,5:00
"April 25, 2015",Women's Strawweight,http://ufcstats.com/fight-details/ab475a3a4487d6d3,3,5:00
"April 18, 2015",Middleweight,http://ufcstats.com/fight-details/5965800d88e0677c,2,2:31
"April 18, 2015",Middleweight,http://ufcstats.com/fight-details/f4717203e762d780,1,2:33
"April 18, 2015",Featherweight,http://ufcstats.com/fight-details/f22d193f3ab42bc5,3,3:58
"April 18, 2015",Women's Strawweight,http://ufcstats.com/fight-details/e2b4130c7b1ff8bc,3,5:00
"April 18, 2015",Lightweight,http://ufcstats.com/fight-details/2bcb878e9d02b8f7,3,5:00
"April 18, 2015",Light Heavyweight,http://ufcstats.com/fight-details/c19f394f3c237789,1,4:54
"April 18, 2015",Light Heavyweight,http://ufcstats.com/fight-details/6b92396d42918366,3,4:18
"April 18, 2015",Bantamweight,http://ufcstats.com/fight-details/2230a5dbc0907859,3,2:11
"April 18, 2015",Welterweight,http://ufcstats.com/fight-details/bd246b9789f88e1c,3,3:41
"April 18, 2015",Featherweight,http://ufcstats.com/fight-details/4785bf265d05d85f,1,5:00
"April 18, 2015",Middleweight,http://ufcstats.com/fight-details/642a8cc1195c5198,3,5:00
"April 11, 2015",Heavyweight,http://ufcstats.com/fight-details/6a7892754af30685,3,3:30
"April 11, 2015",Light Heavyweight,http://ufcstats.com/fight-details/b2bb725b17ab51b8,3,5:00
"April 11, 2015",Welterweight,http://ufcstats.com/fight-details/63c08ecea35e8bee,3,5:00
"April 11, 2015",Women's Strawweight,http://ufcstats.com/fight-details/fe9a58e79d54695b,1,1:30
"April 11, 2015",Welterweight,http://ufcstats.com/fight-details/ec0a1c09d1b113b8,1,0:08
"April 11, 2015",Middleweight,http://ufcstats.com/fight-details/badc8c379cc2e6ff,3,5:00
"April 11, 2015",Welterweight,http://ufcstats.com/fight-details/79e293137ef6421d,3,5:00
"April 11, 2015",Featherweight,http://ufcstats.com/fight-details/439905344ee8035e,3,5:00
"April 11, 2015",Heavyweight,http://ufcstats.com/fight-details/a39d0adbeffe49de,3,5:00
"April 11, 2015",Women's Strawweight,http://ufcstats.com/fight-details/6e652cbaaa406598,2,3:34
"April 11, 2015",Lightweight,http://ufcstats.com/fight-details/e8d336f4465e6640,2,1:35
"April 11, 2015",Featherweight,http://ufcstats.com/fight-details/8502afcf211973a9,3,5:00
"April 04, 2015",Featherweight,http://ufcstats.com/fight-details/bbebfc54abbb1d8b,1,2:45
"April 04, 2015",Lightweight,http://ufcstats.com/fight-details/634dbcef5111f939,3,5:00
"April 04, 2015",Lightweight,http://ufcstats.com/fight-details/9eb92b670eebdcd4,3,5:00
"April 04, 2015",Women's Bantamweight,http://ufcstats.com/fight-details/cc7afab68363e076,1,3:59
"April 04, 2015",Featherweight,http://ufcstats.com/fight-details/0c25bb24dbb63655,3,5:00
"April 04, 2015",Lightweight,http://ufcstats.com/fight-details/12c600dc64edb403,1,3:45
"April 04, 2015",Women's Bantamweight,http://ufcstats.com/fight-details/8cf571afc2618df4,3,5:00
"April 04, 2015",Lightweight,http://ufcstats.com/fight-details/85dcf9425d3c4e56,3,5:00
"April 04, 2015",Heavyweight,http://ufcstats.com/fight-details/f9373ab59b7a853b,1,4:57
"April 04, 2015",Middleweight,http://ufcstats.com/fight-details/3845a6838fe00265,3,5:00
"March 21, 2015",Welterweight,http://ufcstats.com/fight-details/bc096e8ae14582ec,5,5:00
"March 21, 2015",Welterweight,http://ufcstats.com/fight-details/1641d396e409a350,1,4:21
"March 21, 2015",Lightweight,http://ufcstats.com/fight-details/0eac602503b48b1a,2,2:29
"March 21, 2015",Women's Bantamweight,http://ufcstats.com/fight-details/fe5427398fd9d9dc,1,1:56
"March 21, 2015",Lightweight,http://ufcstats.com/fight-details/55c6d02e838dc60f,3,4:14
"March 21, 2015",Featherweight,http://ufcstats.com/fight-details/9150344ed35f355d,1,3:14
"March 21, 2015",Lightweight,http://ufcstats.com/fight-details/22a243c5fba0fb46,3,5:00
"March 21, 2015",Featherweight,http://ufcstats.com/fight-details/7259a1046143e632,1,1:31
"March 21, 2015",Lightweight,http://ufcstats.com/fight-details/b068a4ee6d842606,2,2:45
"March 21, 2015",Lightweight,http://ufcstats.com/fight-details/632f6960544caa3c,3,5:00
"March 21, 2015",Lightweight,http://ufcstats.com/fight-details/0c299ce3719d9ea2,1,3:12
"March 21, 2015",Flyweight,http://ufcstats.com/fight-details/c3ba8f1a4ddc0dc3,3,1:34
"March 14, 2015",Lightweight,http://ufcstats.com/fight-details/39e6cba2480c6d82,5,5:00
"March 14, 2015",Women's Strawweight,http://ufcstats.com/fight-details/bd52e19f2fbefdde,2,4:17
"March 14, 2015",Welterweight,http://ufcstats.com/fight-details/66aa57912b5c5170,3,5:00
"March 14, 2015",Heavyweight,http://ufcstats.com/fight-details/7685da6f627bd98f,3,5:00
"March 14, 2015",Flyweight,http://ufcstats.com/fight-details/6b07c3a9a95493cf,3,5:00
"March 14, 2015",Lightweight,http://ufcstats.com/fight-details/0337fa731f5b02c1,2,1:33
"March 14, 2015",Middleweight,http://ufcstats.com/fight-details/27e421b97bf57d3d,2,4:07
"March 14, 2015",Lightweight,http://ufcstats.com/fight-details/d61a7b593218234b,2,2:38
"March 14, 2015",Heavyweight,http://ufcstats.com/fight-details/0027e179b743c86c,3,3:12
"March 14, 2015",Flyweight,http://ufcstats.com/fight-details/875304f54becda0e,2,1:34
"March 14, 2015",Lightweight,http://ufcstats.com/fight-details/d4d6c5ff6bef93ce,1,1:47
"March 14, 2015",Women's Bantamweight,http://ufcstats.com/fight-details/1cde536c460b1a0e,2,2:02
"February 28, 2015",Women's Bantamweight,http://ufcstats.com/fight-details/e083c7ae1548e08a,1,0:14
"February 28, 2015",Women's Bantamweight,http://ufcstats.com/fight-details/31e62d34abc3a762,3,5:00
"February 28, 2015",Welterweight,http://ufcstats.com/fight-details/618b581f14a37e06,2,4:20
"February 28, 2015",Welterweight,http://ufcstats.com/fight-details/9f4bc2063685211c,1,2:19
"February 28, 2015",Lightweight,http://ufcstats.com/fight-details/ffea776913451b6d,1,2:37
"February 28, 2015",Middleweight,http://ufcstats.com/fight-details/fe49ef11584415d0,1,1:40
"February 28, 2015",Bantamweight,http://ufcstats.com/fight-details/28255055879685bc,2,2:37
"February 28, 2015",Welterweight,http://ufcstats.com/fight-details/203b3098d892c3b1,1,2:17
"February 28, 2015",Heavyweight,http://ufcstats.com/fight-details/f3e1c02ce14bccfe,2,3:18
"February 28, 2015",Lightweight,http://ufcstats.com/fight-details/adc1038ed2e76391,3,5:00
"February 28, 2015",Featherweight,http://ufcstats.com/fight-details/5c827dd56a08f700,3,5:00
"February 22, 2015",Heavyweight,http://ufcstats.com/fight-details/223f9a750428e1d0,1,1:40
"February 22, 2015",Lightweight,http://ufcstats.com/fight-details/d785f22c4cc99a3d,3,5:00
"February 22, 2015",Middleweight,http://ufcstats.com/fight-details/1574bb7476c9e556,1,3:34
"February 22, 2015",Lightweight,http://ufcstats.com/fight-details/4228886e94a25a63,3,5:00
"February 22, 2015",Bantamweight,http://ufcstats.com/fight-details/c7cbf6b47051fa7d,3,5:00
"February 22, 2015",Welterweight,http://ufcstats.com/fight-details/82e713f037e37fe9,3,5:00
"February 22, 2015",Women's Bantamweight,http://ufcstats.com/fight-details/76726a66840ccfa4,1,1:54
"February 22, 2015",Welterweight,http://ufcstats.com/fight-details/ec659c4e19f62700,1,3:14
"February 22, 2015",Featherweight,http://ufcstats.com/fight-details/a7ff11c5dfe65e86,1,2:59
"February 22, 2015",Bantamweight,http://ufcstats.com/fight-details/10cff9ac7ce89c28,3,5:00
"February 22, 2015",Lightweight,http://ufcstats.com/fight-details/b6a609806d44659f,3,5:00
"February 14, 2015",Welterweight,http://ufcstats.com/fight-details/fb5ce6329f243d8b,4,3:58
"February 14, 2015",Featherweight,http://ufcstats.com/fight-details/509bd83b00e4ab7c,3,5:00
"February 14, 2015",Welterweight,http://ufcstats.com/fight-details/0bdb170e1fef36b6,3,1:22
"February 14, 2015",Middleweight,http://ufcstats.com/fight-details/60820d105e57d5d6,3,5:00
"February 14, 2015",Lightweight,http://ufcstats.com/fight-details/dcee56e0cbfacb45,3,5:00
"February 14, 2015",Flyweight,http://ufcstats.com/fight-details/1a3572d1502efdf4,3,2:56
"February 14, 2015",Lightweight,http://ufcstats.com/fight-details/a4badfa86304f799,3,5:00
"February 14, 2015",Featherweight,http://ufcstats.com/fight-details/b91807add93763c9,2,4:59
"February 14, 2015",Flyweight,http://ufcstats.com/fight-details/93ac52a9fdca03e1,3,5:00
"February 14, 2015",Lightweight,http://ufcstats.com/fight-details/357781ff34a3d39f,2,1:49
"January 31, 2015",Middleweight,http://ufcstats.com/fight-details/f4e490d25bd62d39,5,5:00
"January 31, 2015",Welterweight,http://ufcstats.com/fight-details/d52a5d085bfa569b,3,5:00
"January 31, 2015",Lightweight,http://ufcstats.com/fight-details/cbb4673397b5e96f,2,3:34
"January 31, 2015",Middleweight,http://ufcstats.com/fight-details/776a8a645868f616,2,3:45
"January 31, 2015",Welterweight,http://ufcstats.com/fight-details/0a2f344e419bd4fd,2,0:39
"January 31, 2015",Women's Bantamweight,http://ufcstats.com/fight-details/7fa227a1c5ef2238,3,5:00
"January 31, 2015",Middleweight,http://ufcstats.com/fight-details/b347480405118de5,1,0:36
"January 31, 2015",Flyweight,http://ufcstats.com/fight-details/c699c0e56664ff11,3,5:00
"January 31, 2015",Middleweight,http://ufcstats.com/fight-details/fa537adfb4a7b719,3,5:00
"January 31, 2015",Middleweight,http://ufcstats.com/fight-details/5b0ebb843af7465e,3,5:00
"January 31, 2015",Middleweight,http://ufcstats.com/fight-details/6451724f8a836167,1,1:56
"January 24, 2015",Light Heavyweight,http://ufcstats.com/fight-details/f47a32ec7dfda660,1,2:15
"January 24, 2015",Middleweight,http://ufcstats.com/fight-details/c910d2fe570b368a,1,1:10
"January 24, 2015",Light Heavyweight,http://ufcstats.com/fight-details/c3544bce29be1281,3,5:00
"January 24, 2015",Featherweight,http://ufcstats.com/fight-details/eb0775cf8ee7a4e6,1,3:26
"January 24, 2015",Welterweight,http://ufcstats.com/fight-details/eab6e19a2a2a67f0,3,5:00
"January 24, 2015",Welterweight,http://ufcstats.com/fight-details/c565bf49fce2a4cd,1,2:42
"January 24, 2015",Featherweight,http://ufcstats.com/fight-details/9c1d4f57a997a490,1,0:08
"January 24, 2015",Light Heavyweight,http://ufcstats.com/fight-details/b2398418be9a3442,1,1:24
"January 24, 2015",Lightweight,http://ufcstats.com/fight-details/ee65977baeca3c85,2,0:38
"January 24, 2015",Featherweight,http://ufcstats.com/fight-details/c740ceb0427b6317,3,5:00
"January 24, 2015",Heavyweight,http://ufcstats.com/fight-details/96f09d5db68951ef,3,5:00
"January 24, 2015",Flyweight,http://ufcstats.com/fight-details/f88fefd5df0ba06c,3,5:00
"January 18, 2015",Featherweight,http://ufcstats.com/fight-details/3d468536e8904b93,2,1:54
"January 18, 2015",Lightweight,http://ufcstats.com/fight-details/93569f4876c20488,3,5:00
"January 18, 2015",Middleweight,http://ufcstats.com/fight-details/837a7a922066b214,1,3:37
"January 18, 2015",Lightweight,http://ufcstats.com/fight-details/293919e355b362b1,3,5:00
"January 18, 2015",Welterweight,http://ufcstats.com/fight-details/6359bba789ce28ae,3,5:00
"January 18, 2015",Welterweight,http://ufcstats.com/fight-details/90e5169190971647,1,2:17
"January 18, 2015",Lightweight,http://ufcstats.com/fight-details/cf38ced734978fb8,3,5:00
"January 18, 2015",Flyweight,http://ufcstats.com/fight-details/2d24929eaadf0351,3,5:00
"January 18, 2015",Lightweight,http://ufcstats.com/fight-details/53d2d2de5c4cccf2,3,1:54
"January 18, 2015",Featherweight,http://ufcstats.com/fight-details/85e57ad2b3831621,3,4:43
"January 18, 2015",Light Heavyweight,http://ufcstats.com/fight-details/4d3cd5ecf4276c92,3,2:11
"January 18, 2015",Flyweight,http://ufcstats.com/fight-details/a4a78ec539238a5f,3,5:00
"January 03, 2015",Light Heavyweight,http://ufcstats.com/fight-details/57385188587c83b9,5,5:00
"January 03, 2015",Lightweight,http://ufcstats.com/fight-details/f4d91498ca3f0a1f,3,5:00
"January 03, 2015",Middleweight,http://ufcstats.com/fight-details/b2cda211e0e72811,3,5:00
"January 03, 2015",Flyweight,http://ufcstats.com/fight-details/f81cd5b3903bccf8,3,5:00
"January 03, 2015",Welterweight,http://ufcstats.com/fight-details/f3100979573e2895,3,5:00
"January 03, 2015",Lightweight,http://ufcstats.com/fight-details/cee94cd937bf64f2,2,2:09
"January 03, 2015",Bantamweight,http://ufcstats.com/fight-details/22e7485bceb841af,3,4:50
"January 03, 2015",Heavyweight,http://ufcstats.com/fight-details/c0ca05832f518fef,1,2:57
"January 03, 2015",Lightweight,http://ufcstats.com/fight-details/b10a94377bce3e22,3,5:00
"January 03, 2015",Welterweight,http://ufcstats.com/fight-details/e4a9c93ff23eb5bb,3,5:00
"January 03, 2015",Women's Bantamweight,http://ufcstats.com/fight-details/e0f49380b9d31de0,3,5:00
"December 20, 2014",Middleweight,http://ufcstats.com/fight-details/b57aaf04af8bdd34,1,1:02
"December 20, 2014",Bantamweight,http://ufcstats.com/fight-details/53e818dd5abdf787,3,3:53
"December 20, 2014",Light Heavyweight,http://ufcstats.com/fight-details/e17c7b239e8d6c32,3,5:00
"December 20, 2014",Lightweight,http://ufcstats.com/fight-details/8040697ea2f36dbd,3,4:57
"December 20, 2014",Welterweight,http://ufcstats.com/fight-details/647f6d2b9b784222,1,1:15
"December 20, 2014",Middleweight,http://ufcstats.com/fight-details/317e6940e8bf5290,2,1:01
"December 20, 2014",Light Heavyweight,http://ufcstats.com/fight-details/d92abff61b0ff5db,1,1:59
"December 20, 2014",Featherweight,http://ufcstats.com/fight-details/c26a094aa7ce817e,2,3:30
"December 20, 2014",Featherweight,http://ufcstats.com/fight-details/9f5c84d05107f42b,3,5:00
"December 20, 2014",Bantamweight,http://ufcstats.com/fight-details/fb4bce82541b4061,2,4:13
"December 20, 2014",Welterweight,http://ufcstats.com/fight-details/b9893ab3bed62e60,3,5:00
"December 20, 2014",Middleweight,http://ufcstats.com/fight-details/8a6ecf3dc2b17c19,1,4:59
"December 13, 2014",Heavyweight,http://ufcstats.com/fight-details/2ab2753040f455e0,5,5:00
"December 13, 2014",Lightweight,http://ufcstats.com/fight-details/d4bfe75b61d2cbc6,3,5:00
"December 13, 2014",Heavyweight,http://ufcstats.com/fight-details/002921976d27b7da,1,4:13
"December 13, 2014",Heavyweight,http://ufcstats.com/fight-details/5a346087f4120fa3,1,1:59
"December 13, 2014",Women's Strawweight,http://ufcstats.com/fight-details/70d69cf33984d7d1,3,5:00
"December 13, 2014",Flyweight,http://ufcstats.com/fight-details/64f5c4f3f3d8ad2c,3,4:06
"December 13, 2014",Welterweight,http://ufcstats.com/fight-details/1cf53a0b9db52ac6,1,0:57
"December 13, 2014",Lightweight,http://ufcstats.com/fight-details/deaeb2383bbd32bf,1,1:52
"December 13, 2014",Lightweight,http://ufcstats.com/fight-details/7ab72866ff2a6a7e,3,3:24
"December 13, 2014",Lightweight,http://ufcstats.com/fight-details/a4816be2c49e3942,3,5:00
"December 13, 2014",Bantamweight,http://ufcstats.com/fight-details/383f0de18e7ab9c5,3,5:00
"December 13, 2014",Bantamweight,http://ufcstats.com/fight-details/1b23096378482313,1,1:04
"December 12, 2014",Women's Strawweight,http://ufcstats.com/fight-details/73c70a628f0ef14b,3,1:26
"December 12, 2014",Featherweight,http://ufcstats.com/fight-details/18ba44e67d5c5f38,3,5:00
"December 12, 2014",Lightweight,http://ufcstats.com/fight-details/da3210cd829fceb7,2,0:25
"December 12, 2014",Lightweight,http://ufcstats.com/fight-details/d417609ea9670fb3,1,4:37
"December 12, 2014",Women's Strawweight,http://ufcstats.com/fight-details/fa2bed87e5d6c568,3,5:00
"December 12, 2014",Women's Strawweight,http://ufcstats.com/fight-details/e1cfe75b3a8fe709,2,3:05
"December 12, 2014",Women's Strawweight,http://ufcstats.com/fight-details/54afe8c42e2062d6,3,5:00
"December 12, 2014",Women's Strawweight,http://ufcstats.com/fight-details/b079f3d5ad290afb,3,5:00
"December 12, 2014",Women's Strawweight,http://ufcstats.com/fight-details/ed3222701a8c0521,3,5:00
"December 12, 2014",Women's Strawweight,http://ufcstats.com/fight-details/a2c28daf0be59fa7,1,4:53
"December 12, 2014",Women's Strawweight,http://ufcstats.com/fight-details/d643fc29c147d33c,3,5:00
"December 06, 2014",Welterweight,http://ufcstats.com/fight-details/44fc830a664ed611,5,5:00
"December 06, 2014",Lightweight,http://ufcstats.com/fight-details/93b7ae1e0f79d100,2,1:53
"December 06, 2014",Heavyweight,http://ufcstats.com/fight-details/9b1e3d99fffb9c10,1,4:50
"December 06, 2014",Heavyweight,http://ufcstats.com/fight-details/58112f9fc0058e68,1,0:33
"December 06, 2014",Lightweight,http://ufcstats.com/fight-details/7e8f4240725316a4,2,4:19
"December 06, 2014",Bantamweight,http://ufcstats.com/fight-details/c5ae278a05b73db9,2,1:34
"December 06, 2014",Middleweight,http://ufcstats.com/fight-details/acc987adeab45bfc,2,3:08
"December 06, 2014",Light Heavyweight,http://ufcstats.com/fight-details/60030b35e276d338,3,5:00
"December 06, 2014",Women's Bantamweight,http://ufcstats.com/fight-details/802eba82d2b6113e,1,4:59
"December 06, 2014",Bantamweight,http://ufcstats.com/fight-details/2417f4130d707978,3,5:00
"December 06, 2014",Featherweight,http://ufcstats.com/fight-details/bf1a7590c455bc7b,3,5:00
"November 22, 2014",Featherweight,http://ufcstats.com/fight-details/8f9cfe0e283a6ccb,5,4:56
"November 22, 2014",Lightweight,http://ufcstats.com/fight-details/2f93de8b39ec4625,3,5:00
"November 22, 2014",Flyweight,http://ufcstats.com/fight-details/033d968f325842e7,3,5:00
"November 22, 2014",Heavyweight,http://ufcstats.com/fight-details/2ff14dfede1d02dd,1,3:21
"November 22, 2014",Flyweight,http://ufcstats.com/fight-details/079308cc2efa2e5d,3,5:00
"November 22, 2014",Lightweight,http://ufcstats.com/fight-details/a2bd4c46f89f19ae,3,5:00
"November 22, 2014",Heavyweight,http://ufcstats.com/fight-details/171af1114dbfc29d,3,5:00
"November 22, 2014",Middleweight,http://ufcstats.com/fight-details/55e9ea18b8a72b2e,3,5:00
"November 22, 2014",Lightweight,http://ufcstats.com/fight-details/e947baa4cad609d0,3,5:00
"November 22, 2014",Lightweight,http://ufcstats.com/fight-details/56a0f335ef05c825,1,1:52
"November 22, 2014",Women's Strawweight,http://ufcstats.com/fight-details/e7859b4e70d4a9c1,3,2:54
"November 22, 2014",Featherweight,http://ufcstats.com/fight-details/1a637fbda4bdf575,1,0:18
"November 15, 2014",Heavyweight,http://ufcstats.com/fight-details/03a200326e56d597,2,2:27
"November 15, 2014",Welterweight,http://ufcstats.com/fight-details/12eec1df1fd078a2,1,4:46
"November 15, 2014",Featherweight,http://ufcstats.com/fight-details/7228398a1ab12183,1,3:18
"November 15, 2014",Welterweight,http://ufcstats.com/fight-details/925f745c03ebd638,1,4:50
"November 15, 2014",Welterweight,http://ufcstats.com/fight-details/1e1a09bbedf7781d,1,3:38
"November 15, 2014",Featherweight,http://ufcstats.com/fight-details/9e47b2a66d0e9315,3,5:00
"November 15, 2014",Bantamweight,http://ufcstats.com/fight-details/7a440fcd8048b091,3,5:00
"November 15, 2014",Women's Bantamweight,http://ufcstats.com/fight-details/07f9fc40f1e6aa87,2,1:30
"November 15, 2014",Featherweight,http://ufcstats.com/fight-details/4087bb7b3b1b9e24,3,0:30
"November 15, 2014",Bantamweight,http://ufcstats.com/fight-details/a788042d4d0c50d4,2,1:44
"November 15, 2014",Bantamweight,http://ufcstats.com/fight-details/22f52e3b614e0d8a,3,5:00
"November 08, 2014",Light Heavyweight,http://ufcstats.com/fight-details/e8907b881151b79d,1,0:34
"November 08, 2014",Welterweight,http://ufcstats.com/fight-details/cbe954d004415b51,3,5:00
"November 08, 2014",Welterweight,http://ufcstats.com/fight-details/a3480aa7bdc63c11,3,5:00
"November 08, 2014",Welterweight,http://ufcstats.com/fight-details/fadb129e71d8fc22,3,5:00
"November 08, 2014",Women's Strawweight,http://ufcstats.com/fight-details/db9f8144b50227f2,3,5:00
"November 08, 2014",Featherweight,http://ufcstats.com/fight-details/7826c23386a1e09a,3,5:00
"November 08, 2014",Middleweight,http://ufcstats.com/fight-details/208674403b0936d4,1,0:31
"November 08, 2014",Lightweight,http://ufcstats.com/fight-details/207f105716df54f9,1,4:15
"November 08, 2014",Bantamweight,http://ufcstats.com/fight-details/49b05e23e3a2af13,3,5:00
"November 08, 2014",Welterweight,http://ufcstats.com/fight-details/cccb99dd4ec5c2d6,3,3:26
"November 07, 2014",Middleweight,http://ufcstats.com/fight-details/3d741cee0dffe165,2,0:57
"November 07, 2014",Lightweight,http://ufcstats.com/fight-details/73954f3895cac499,2,1:39
"November 07, 2014",Middleweight,http://ufcstats.com/fight-details/13c4251fb451f440,2,2:43
"November 07, 2014",Heavyweight,http://ufcstats.com/fight-details/3e9f3ce3a01bb97f,2,4:49
"November 07, 2014",Lightweight,http://ufcstats.com/fight-details/2faa7b48b4d51cab,2,1:52
"November 07, 2014",Light Heavyweight,http://ufcstats.com/fight-details/b1e7100c2ab1ab79,1,3:46
"November 07, 2014",Middleweight,http://ufcstats.com/fight-details/920b8aae22c04f13,1,2:16
"November 07, 2014",Flyweight,http://ufcstats.com/fight-details/0f0473dde4b873ca,3,0:18
"November 07, 2014",Welterweight,http://ufcstats.com/fight-details/681d77e5d5c0f0ee,1,3:06
"November 07, 2014",Middleweight,http://ufcstats.com/fight-details/3a7d76e3c0b503c3,1,4:27
"November 07, 2014",Bantamweight,http://ufcstats.com/fight-details/c3d336f9aabc9fb6,1,2:58
"October 25, 2014",Featherweight,http://ufcstats.com/fight-details/7099374e91f9283b,5,5:00
"October 25, 2014",Light Heavyweight,http://ufcstats.com/fight-details/06854105c3503075,3,5:00
"October 25, 2014",Light Heavyweight,http://ufcstats.com/fight-details/2bfb60face19904d,2,4:06
"October 25, 2014",Featherweight,http://ufcstats.com/fight-details/ffd3e3d37cba32da,3,5:00
"October 25, 2014",Lightweight,http://ufcstats.com/fight-details/852223ee1a2d0a74,3,5:00
"October 25, 2014",Welterweight,http://ufcstats.com/fight-details/d1b2ce8ee57307c0,3,2:40
"October 25, 2014",Lightweight,http://ufcstats.com/fight-details/502d7cb01921170f,2,3:06
"October 25, 2014",Flyweight,http://ufcstats.com/fight-details/a90fde18a088f99b,1,3:28
"October 25, 2014",Featherweight,http://ufcstats.com/fight-details/432e57033ceecee0,3,5:00
"October 25, 2014",Lightweight,http://ufcstats.com/fight-details/2a44035824303dee,1,4:57
"October 25, 2014",Lightweight,http://ufcstats.com/fight-details/4cc9ef5e68009fd4,1,4:16
"October 04, 2014",Welterweight,http://ufcstats.com/fight-details/64542fe846b9aea9,3,1:28
"October 04, 2014",Bantamweight,http://ufcstats.com/fight-details/06fab49a307ff3d2,3,5:00
"October 04, 2014",Lightweight,http://ufcstats.com/fight-details/20af0f55d226f320,3,5:00
"October 04, 2014",Middleweight,http://ufcstats.com/fight-details/7e25199be406dd7b,3,5:00
"October 04, 2014",Welterweight,http://ufcstats.com/fight-details/5e07077e84fc45cd,3,5:00
"October 04, 2014",Bantamweight,http://ufcstats.com/fight-details/2d13778322a8af82,1,2:06
"October 04, 2014",Lightweight,http://ufcstats.com/fight-details/88933cf1edd83034,3,5:00
"October 04, 2014",Lightweight,http://ufcstats.com/fight-details/2d1f8ee74824f983,2,3:22
"October 04, 2014",Lightweight,http://ufcstats.com/fight-details/4e981b587c1012dd,3,5:00
"October 04, 2014",Flyweight,http://ufcstats.com/fight-details/17bb1e62772ac5af,3,5:00
"October 04, 2014",Welterweight,http://ufcstats.com/fight-details/4664432c0d592411,1,1:03
"October 04, 2014",Bantamweight,http://ufcstats.com/fight-details/1cad3dc6d7eccdfb,1,0:39
"October 04, 2014",Welterweight,http://ufcstats.com/fight-details/da26301ae3e7a9b1,5,5:00
"October 04, 2014",Featherweight,http://ufcstats.com/fight-details/ca16e203eb2bde60,1,3:11
"October 04, 2014",Light Heavyweight,http://ufcstats.com/fight-details/699a70c8fb3c0273,1,1:58
"October 04, 2014",Featherweight,http://ufcstats.com/fight-details/5ed0027812582ad9,1,1:19
"October 04, 2014",Middleweight,http://ufcstats.com/fight-details/5563d6de0b4c4d65,3,5:00
"October 04, 2014",Welterweight,http://ufcstats.com/fight-details/562d3261ca7bdf01,3,5:00
"October 04, 2014",Featherweight,http://ufcstats.com/fight-details/24ac3d1bee1610ef,3,5:00
"October 04, 2014",Welterweight,http://ufcstats.com/fight-details/63e21ff20866b8fb,3,5:00
"October 04, 2014",Middleweight,http://ufcstats.com/fight-details/6c62796d9b7e94a0,3,5:00
"October 04, 2014",Lightweight,http://ufcstats.com/fight-details/23692b9936363da3,1,1:01
"October 04, 2014",Featherweight,http://ufcstats.com/fight-details/75a88258eb967e0c,1,4:21
"September 27, 2014",Flyweight,http://ufcstats.com/fight-details/79c2461046e17eba,2,2:29
"September 27, 2014",Lightweight,http://ufcstats.com/fight-details/64eb4ae171613218,3,5:00
"September 27, 2014",Featherweight,http://ufcstats.com/fight-details/6bcea00473e43a59,1,1:46
"September 27, 2014",Middleweight,http://ufcstats.com/fight-details/3e3db8c37096c260,3,0:58
"September 27, 2014",Women's Bantamweight,http://ufcstats.com/fight-details/b1b82605646eb850,3,1:21
"September 27, 2014",Bantamweight,http://ufcstats.com/fight-details/72656e864ca1c972,1,1:01
"September 27, 2014",Lightweight,http://ufcstats.com/fight-details/65f4d4f44e6e73f7,3,5:00
"September 27, 2014",Welterweight,http://ufcstats.com/fight-details/fceab09944a65840,3,5:00
"September 27, 2014",Welterweight,http://ufcstats.com/fight-details/fc45644c62643c71,3,5:00
"September 27, 2014",Lightweight,http://ufcstats.com/fight-details/9c0721bd410e7a0e,3,5:00
"September 27, 2014",Bantamweight,http://ufcstats.com/fight-details/a49706a6edb0c5c3,2,4:56
"September 20, 2014",Heavyweight,http://ufcstats.com/fight-details/ef3c1a2ac6510d26,2,3:00
"September 20, 2014",Lightweight,http://ufcstats.com/fight-details/5ff0c4c6006f0873,1,1:32
"September 20, 2014",Welterweight,http://ufcstats.com/fight-details/1e797ccd275a98d0,3,5:00
"September 20, 2014",Women's Bantamweight,http://ufcstats.com/fight-details/36d9d7e331e6b589,3,5:00
"September 20, 2014",Welterweight,http://ufcstats.com/fight-details/26cd506de4221057,3,5:00
"September 20, 2014",Flyweight,http://ufcstats.com/fight-details/c2a36e996bba3a4a,1,3:48
"September 20, 2014",Bantamweight,http://ufcstats.com/fight-details/b516beb27416e492,3,5:00
"September 20, 2014",Featherweight,http://ufcstats.com/fight-details/7690e946d9d81f51,2,1:38
"September 20, 2014",Welterweight,http://ufcstats.com/fight-details/de2dad48d95305d7,1,1:18
"September 20, 2014",Bantamweight,http://ufcstats.com/fight-details/a4398b9257a93d78,3,5:00
"September 20, 2014",Lightweight,http://ufcstats.com/fight-details/3dd55cca2358a511,2,2:34
"September 20, 2014",Featherweight,http://ufcstats.com/fight-details/284e05afc9479620,3,5:00
"September 13, 2014",Heavyweight,http://ufcstats.com/fight-details/61c9bbeb2806534b,1,2:59
"September 13, 2014",Lightweight,http://ufcstats.com/fight-details/246f38c7855a6400,3,5:00
"September 13, 2014",Lightweight,http://ufcstats.com/fight-details/72d2ab073f4120a4,3,5:00
"September 13, 2014",Welterweight,http://ufcstats.com/fight-details/033e4538b9014f91,1,1:20
"September 13, 2014",Bantamweight,http://ufcstats.com/fight-details/36c2ce10809f17b3,3,5:00
"September 13, 2014",Women's Bantamweight,http://ufcstats.com/fight-details/2798c746fe93502a,1,4:33
"September 13, 2014",Featherweight,http://ufcstats.com/fight-details/7580c93fec606442,1,4:29
"September 13, 2014",Welterweight,http://ufcstats.com/fight-details/ebb9eeac1faf73ed,2,2:31
"September 13, 2014",Lightweight,http://ufcstats.com/fight-details/e79e3ee088b76d46,3,5:00
"September 13, 2014",Welterweight,http://ufcstats.com/fight-details/972b0643185b2570,3,5:00
"September 13, 2014",Bantamweight,http://ufcstats.com/fight-details/6f19f24780c4f23f,2,2:04
"September 05, 2014",Middleweight,http://ufcstats.com/fight-details/80faf0c138d20999,3,4:30
"September 05, 2014",Heavyweight,http://ufcstats.com/fight-details/1520290d28b75b53,1,2:19
"September 05, 2014",Heavyweight,http://ufcstats.com/fight-details/fd4d5685c2e207b5,1,0:41
"September 05, 2014",Lightweight,http://ufcstats.com/fight-details/c9733393385105cb,2,2:14
"September 05, 2014",Flyweight,http://ufcstats.com/fight-details/839c8cd7b1a32c7c,2,0:47
"September 05, 2014",Lightweight,http://ufcstats.com/fight-details/1c980547431ddcef,3,2:26
"September 05, 2014",Middleweight,http://ufcstats.com/fight-details/98e21492b6bc15d3,3,5:00
"September 05, 2014",Bantamweight,http://ufcstats.com/fight-details/603b0b1fa3ab8f20,3,5:00
"September 05, 2014",Featherweight,http://ufcstats.com/fight-details/7ba4a04673307cc9,3,5:00
"August 30, 2014",Bantamweight,http://ufcstats.com/fight-details/e8c16b26a4bfe163,5,2:20
"August 30, 2014",Lightweight,http://ufcstats.com/fight-details/ae0b5ab5bc4bb6a7,3,5:00
"August 30, 2014",Women's Bantamweight,http://ufcstats.com/fight-details/8452ff5ae6316931,2,1:56
"August 30, 2014",Lightweight,http://ufcstats.com/fight-details/1748b2b5aabe23a5,2,1:53
"August 30, 2014",Lightweight,http://ufcstats.com/fight-details/7cfb05c08ec91525,2,1:54
"August 30, 2014",Middleweight,http://ufcstats.com/fight-details/bd83e4a6f216230f,3,5:00
"August 30, 2014",Heavyweight,http://ufcstats.com/fight-details/c303b8a07d0d06d2,2,4:17
"August 30, 2014",Lightweight,http://ufcstats.com/fight-details/788c4bbf925cdf40,1,1:12
"August 23, 2014",Lightweight,http://ufcstats.com/fight-details/351532f2fe6804d1,1,2:31
"August 23, 2014",Welterweight,http://ufcstats.com/fight-details/c7765a3255701267,1,1:12
"August 23, 2014",Middleweight,http://ufcstats.com/fight-details/735ed861dee80d25,2,0:20
"August 23, 2014",Catch Weight,http://ufcstats.com/fight-details/56fbc2a376569c13,3,3:47
"August 23, 2014",Lightweight,http://ufcstats.com/fight-details/20f0129fc4861674,3,5:00
"August 23, 2014",Featherweight,http://ufcstats.com/fight-details/e8f6232d12d52b58,1,2:35
"August 23, 2014",Welterweight,http://ufcstats.com/fight-details/954362efa4564d60,3,5:00
"August 23, 2014",Lightweight,http://ufcstats.com/fight-details/53fe9da9fb8d4f88,2,3:38
"August 23, 2014",Bantamweight,http://ufcstats.com/fight-details/b2867869d4eb98ce,3,5:00
"August 23, 2014",Welterweight,http://ufcstats.com/fight-details/bb9c60bc6924f373,1,2:18
"August 23, 2014",Flyweight,http://ufcstats.com/fight-details/01be9ab42f1fd8e6,3,5:00
"August 23, 2014",Middleweight,http://ufcstats.com/fight-details/a57b9c636ac198be,4,0:57
"August 23, 2014",Welterweight,http://ufcstats.com/fight-details/7cde85d46dc0bebe,1,1:01
"August 23, 2014",Lightweight,http://ufcstats.com/fight-details/0067048aaa2aa2da,3,5:00
"August 23, 2014",Featherweight,http://ufcstats.com/fight-details/2c417643d6de6f04,3,5:00
"August 23, 2014",Welterweight,http://ufcstats.com/fight-details/2d323659e430bc92,3,5:00
"August 23, 2014",Welterweight,http://ufcstats.com/fight-details/d0ee52e17db605ab,1,4:17
"August 23, 2014",Bantamweight,http://ufcstats.com/fight-details/e5cf527ed3963a0e,1,1:06
"August 23, 2014",Welterweight,http://ufcstats.com/fight-details/4de8b5898e1a23c8,1,4:50
"August 23, 2014",Bantamweight,http://ufcstats.com/fight-details/fe1130f34dea28d8,3,5:00
"August 23, 2014",Women's Bantamweight,http://ufcstats.com/fight-details/63e4cd10ed47f1a8,3,5:00
"August 16, 2014",Light Heavyweight,http://ufcstats.com/fight-details/db209b782f35e0e6,5,5:00
"August 16, 2014",Lightweight,http://ufcstats.com/fight-details/efa3f3c8945cad0a,2,1:35
"August 16, 2014",Middleweight,http://ufcstats.com/fight-details/852442b380088fa5,2,3:18
"August 16, 2014",Welterweight,http://ufcstats.com/fight-details/5df4632f6238e612,1,4:23
"August 16, 2014",Heavyweight,http://ufcstats.com/fight-details/2573a9a722f238f4,3,2:03
"August 16, 2014",Featherweight,http://ufcstats.com/fight-details/6989466d287b4a57,1,4:27
"August 16, 2014",Flyweight,http://ufcstats.com/fight-details/a0e4f43827aa81c4,3,5:00
"August 16, 2014",Women's Bantamweight,http://ufcstats.com/fight-details/03ba4f9ba7c934ad,3,5:00
"August 16, 2014",Middleweight,http://ufcstats.com/fight-details/49d8fc8e4aee9b51,3,5:00
"August 16, 2014",Bantamweight,http://ufcstats.com/fight-details/99dc6aa635a9cf98,3,5:00
"July 26, 2014",Welterweight,http://ufcstats.com/fight-details/677910683d0fd88b,5,5:00
"July 26, 2014",Light Heavyweight,http://ufcstats.com/fight-details/1f63949591ad61bd,1,0:44
"July 26, 2014",Featherweight,http://ufcstats.com/fight-details/1258b6f1cb5eed64,2,2:57
"July 26, 2014",Lightweight,http://ufcstats.com/fight-details/23124e6f3e7aa37d,3,5:00
"July 26, 2014",Lightweight,http://ufcstats.com/fight-details/17dc833cda860933,3,5:00
"July 26, 2014",Light Heavyweight,http://ufcstats.com/fight-details/2e23e7ab6217c034,3,5:00
"July 26, 2014",Welterweight,http://ufcstats.com/fight-details/35cdd5e50d30f26e,3,5:00
"July 26, 2014",Featherweight,http://ufcstats.com/fight-details/fe6b45e7210bfa8e,1,1:39
"July 26, 2014",Lightweight,http://ufcstats.com/fight-details/f9e672ec431fed3f,3,5:00
"July 26, 2014",Welterweight,http://ufcstats.com/fight-details/5da651d5867cbdfe,3,5:00
"July 26, 2014",Women's Strawweight,http://ufcstats.com/fight-details/f29ba17d818d4fac,3,5:00
"July 26, 2014",Featherweight,http://ufcstats.com/fight-details/55b3724a98c0469c,3,5:00
"July 19, 2014",Featherweight,http://ufcstats.com/fight-details/1e603e6aa6d1a750,1,4:05
"July 19, 2014",Welterweight,http://ufcstats.com/fight-details/ab3820fa9944bd22,2,4:48
"July 19, 2014",Flyweight,http://ufcstats.com/fight-details/0836a9bdd8942bb3,3,5:00
"July 19, 2014",Lightweight,http://ufcstats.com/fight-details/611ccad0fc46ba51,2,3:41
"July 19, 2014",Light Heavyweight,http://ufcstats.com/fight-details/85a58685504c63b4,1,2:07
"July 19, 2014",Flyweight,http://ufcstats.com/fight-details/b2457e9da89967e2,3,5:00
"July 19, 2014",Middleweight,http://ufcstats.com/fight-details/f3a970c83d8de1db,2,3:33
"July 19, 2014",Middleweight,http://ufcstats.com/fight-details/c805552171b20b68,3,5:00
"July 19, 2014",Light Heavyweight,http://ufcstats.com/fight-details/f6d6b660e1578744,1,4:57
"July 19, 2014",Flyweight,http://ufcstats.com/fight-details/e554e9910cb83d49,1,3:06
"July 16, 2014",Lightweight,http://ufcstats.com/fight-details/c8998aa536614a5a,2,3:31
"July 16, 2014",Lightweight,http://ufcstats.com/fight-details/4e7c06f8b2b8c24b,1,3:06
"July 16, 2014",Welterweight,http://ufcstats.com/fight-details/a822be2a017f329e,2,2:12
"July 16, 2014",Lightweight,http://ufcstats.com/fight-details/c1bc2a42652f685c,2,3:27
"July 16, 2014",Flyweight,http://ufcstats.com/fight-details/3c06557ddd86f8e8,3,4:51
"July 16, 2014",Featherweight,http://ufcstats.com/fight-details/0dff8509f6a861f1,3,2:08
"July 16, 2014",Lightweight,http://ufcstats.com/fight-details/b0271fa12935bf88,3,5:00
"July 16, 2014",Women's Bantamweight,http://ufcstats.com/fight-details/9fc7fcbdb6587265,1,2:24
"July 16, 2014",Bantamweight,http://ufcstats.com/fight-details/02a183fa803a33fe,3,3:50
"July 16, 2014",Lightweight,http://ufcstats.com/fight-details/635ee9448fe2ddaf,1,5:00
"July 16, 2014",Women's Strawweight,http://ufcstats.com/fight-details/5c30f6535a08d598,3,5:00
"July 06, 2014",Featherweight,http://ufcstats.com/fight-details/bdcb43bf1daa790b,3,4:16
"July 06, 2014",Light Heavyweight,http://ufcstats.com/fight-details/8c5785de472dd9b2,1,1:01
"July 06, 2014",Middleweight,http://ufcstats.com/fight-details/14a59abb3160ddaa,1,1:11
"July 06, 2014",Heavyweight,http://ufcstats.com/fight-details/e7081f3a0a982f9d,1,3:30
"July 06, 2014",Flyweight,http://ufcstats.com/fight-details/de17a01ce8a0c654,3,5:00
"July 06, 2014",Lightweight,http://ufcstats.com/fight-details/94371d1af8aab471,3,5:00
"July 06, 2014",Bantamweight,http://ufcstats.com/fight-details/8fd355e482806ca7,3,3:49
"July 06, 2014",Lightweight,http://ufcstats.com/fight-details/2f91307892d163ce,1,2:21
"July 06, 2014",Light Heavyweight,http://ufcstats.com/fight-details/1117f90ee81e0bbf,3,5:00
"July 06, 2014",Catch Weight,http://ufcstats.com/fight-details/e7318f41bce58b8c,3,5:00
"July 06, 2014",Light Heavyweight,http://ufcstats.com/fight-details/a6245f48fc60bc6a,1,2:03
"July 05, 2014",Middleweight,http://ufcstats.com/fight-details/f966ed41316504b9,5,5:00
"July 05, 2014",Women's Bantamweight,http://ufcstats.com/fight-details/5da7d95051699adb,1,0:16
"July 05, 2014",Middleweight,http://ufcstats.com/fight-details/f560035058bdb18b,3,5:00
"July 05, 2014",Bantamweight,http://ufcstats.com/fight-details/9cba1f0cdf10a8e5,3,5:00
"July 05, 2014",Bantamweight,http://ufcstats.com/fight-details/27c34f7a7e1c4d67,3,1:09
"July 05, 2014",Welterweight,http://ufcstats.com/fight-details/f206143bb9347444,3,5:00
"July 05, 2014",Middleweight,http://ufcstats.com/fight-details/2e8058fb2344ae3f,3,5:00
"July 05, 2014",Bantamweight,http://ufcstats.com/fight-details/c576e311ea337a32,1,2:19
"July 05, 2014",Middleweight,http://ufcstats.com/fight-details/6445b14dbd24ac25,3,5:00
"July 05, 2014",Middleweight,http://ufcstats.com/fight-details/629655f9b898810d,1,1:01
"June 28, 2014",Featherweight,http://ufcstats.com/fight-details/46cfb41b00cb5ad8,5,5:00
"June 28, 2014",Welterweight,http://ufcstats.com/fight-details/0dab467898de22c6,3,5:00
"June 28, 2014",Middleweight,http://ufcstats.com/fight-details/12bf24fa110513d0,3,5:00
"June 28, 2014",Featherweight,http://ufcstats.com/fight-details/2c8d1f5bb73a812b,3,5:00
"June 28, 2014",Middleweight,http://ufcstats.com/fight-details/7d26a6b4b6845e1b,3,5:00
"June 28, 2014",Lightweight,http://ufcstats.com/fight-details/9afda67fdb4d7c07,3,5:00
"June 28, 2014",Lightweight,http://ufcstats.com/fight-details/cbf36e02c68e7719,1,0:38
"June 28, 2014",Bantamweight,http://ufcstats.com/fight-details/4eae10815ebe78e3,1,0:38
"June 28, 2014",Middleweight,http://ufcstats.com/fight-details/47cabf79c3340581,3,5:00
"June 28, 2014",Flyweight,http://ufcstats.com/fight-details/f3fb4be38377e1e9,1,2:17
"June 28, 2014",Heavyweight,http://ufcstats.com/fight-details/612333aaff795989,1,2:18
"June 28, 2014",Middleweight,http://ufcstats.com/fight-details/bfcabf1ab823942f,1,4:34
"June 28, 2014",Heavyweight,http://ufcstats.com/fight-details/7962611f2adbacc0,3,5:00
"June 28, 2014",Featherweight,http://ufcstats.com/fight-details/a4759c52378f9d1a,2,4:32
"June 28, 2014",Welterweight,http://ufcstats.com/fight-details/1f65f03f1225e061,3,5:00
"June 28, 2014",Lightweight,http://ufcstats.com/fight-details/70e49c90d012de66,3,3:16
"June 28, 2014",Flyweight,http://ufcstats.com/fight-details/2977a9b5c30d89c1,3,5:00
"June 28, 2014",Welterweight,http://ufcstats.com/fight-details/eb13a9d04dca676e,1,4:55
"June 28, 2014",Welterweight,http://ufcstats.com/fight-details/2bb2a2652fe38809,2,2:32
"June 28, 2014",Featherweight,http://ufcstats.com/fight-details/ee532a38a0b93127,1,3:34
"June 28, 2014",Light Heavyweight,http://ufcstats.com/fight-details/25a28456f684503e,3,5:00
"June 14, 2014",Flyweight,http://ufcstats.com/fight-details/933660cfab154f1a,5,5:00
"June 14, 2014",Welterweight,http://ufcstats.com/fight-details/de65739f00350c58,3,5:00
"June 14, 2014",Light Heavyweight,http://ufcstats.com/fight-details/b72c19b80fb47ba4,3,5:00
"June 14, 2014",Heavyweight,http://ufcstats.com/fight-details/f3ebce624bb154ae,3,5:00
"June 14, 2014",Light Heavyweight,http://ufcstats.com/fight-details/db747a157e1f264b,2,2:10
"June 14, 2014",Welterweight,http://ufcstats.com/fight-details/7767149280471f2a,1,2:52
"June 14, 2014",Women's Bantamweight,http://ufcstats.com/fight-details/594ce25b9e16c7ba,3,5:00
"June 14, 2014",Bantamweight,http://ufcstats.com/fight-details/5fe5c8cb69d8825e,3,5:00
"June 14, 2014",Lightweight,http://ufcstats.com/fight-details/a84d032d7d217427,3,2:01
"June 14, 2014",Bantamweight,http://ufcstats.com/fight-details/2d7ead5ad0952423,3,5:00
"June 14, 2014",Lightweight,http://ufcstats.com/fight-details/357ba2f1da89031b,1,4:57
"June 07, 2014",Lightweight,http://ufcstats.com/fight-details/753004dcc9c53eb6,4,1:16
"June 07, 2014",Lightweight,http://ufcstats.com/fight-details/8d7ea177efadc718,3,5:00
"June 07, 2014",Flyweight,http://ufcstats.com/fight-details/dbc35626d0f0576b,2,5:00
"June 07, 2014",Lightweight,http://ufcstats.com/fight-details/b97d2f97d109cfc8,2,3:36
"June 07, 2014",Lightweight,http://ufcstats.com/fight-details/6ff8fff0fe2a3cd9,3,2:31
"June 07, 2014",Bantamweight,http://ufcstats.com/fight-details/410e3163827d6d3b,2,1:52
"June 07, 2014",Bantamweight,http://ufcstats.com/fight-details/6eee347f75f223f0,3,5:00
"June 07, 2014",Welterweight,http://ufcstats.com/fight-details/6597b770486021b8,3,5:00
"June 07, 2014",Flyweight,http://ufcstats.com/fight-details/d02ac0447fb2a7a0,3,5:00
"June 07, 2014",Lightweight,http://ufcstats.com/fight-details/5eb07bffdc8b7acf,3,2:47
"June 07, 2014",Light Heavyweight,http://ufcstats.com/fight-details/0c2a634606639d71,2,2:28
"May 31, 2014",Heavyweight,http://ufcstats.com/fight-details/09f9849d363433a7,1,0:35
"May 31, 2014",Heavyweight,http://ufcstats.com/fight-details/c16454a3205506c6,3,5:00
"May 31, 2014",Middleweight,http://ufcstats.com/fight-details/bd0497a410822291,3,0:25
"May 31, 2014",Welterweight,http://ufcstats.com/fight-details/f9109d1e7c4ff9aa,3,5:00
"May 31, 2014",Featherweight,http://ufcstats.com/fight-details/a104c62f69ce47de,3,5:00
"May 31, 2014",Lightweight,http://ufcstats.com/fight-details/16216dcec4a48768,3,5:00
"May 31, 2014",Lightweight,http://ufcstats.com/fight-details/4041e280dc113323,3,4:21
"May 31, 2014",Welterweight,http://ufcstats.com/fight-details/c16b1dc7577fc31c,3,5:00
"May 31, 2014",Featherweight,http://ufcstats.com/fight-details/c556a9d615f11483,2,4:52
"May 31, 2014",Middleweight,http://ufcstats.com/fight-details/e64310b89b54db3f,2,1:06
"May 31, 2014",Heavyweight,http://ufcstats.com/fight-details/ab27a211bcb9550b,1,0:20
"May 31, 2014",Bantamweight,http://ufcstats.com/fight-details/f132535656f28648,1,2:47
"May 31, 2014",Middleweight,http://ufcstats.com/fight-details/5d7c91acbcddda2f,1,3:57
"May 31, 2014",Middleweight,http://ufcstats.com/fight-details/0ecbb881c74a63f5,3,5:00
"May 31, 2014",Middleweight,http://ufcstats.com/fight-details/3618e0e165190576,3,5:00
"May 31, 2014",Featherweight,http://ufcstats.com/fight-details/0b1af005a5f25561,1,4:15
"May 31, 2014",Lightweight,http://ufcstats.com/fight-details/042fee3d05e105fa,3,5:00
"May 31, 2014",Middleweight,http://ufcstats.com/fight-details/5b6405eeb6757637,2,4:59
"May 31, 2014",Bantamweight,http://ufcstats.com/fight-details/2133f8798f089140,1,0:25
"May 31, 2014",Welterweight,http://ufcstats.com/fight-details/e886e22d31bc96c1,3,5:00
"May 31, 2014",Featherweight,http://ufcstats.com/fight-details/47bdfab3cdcdddfd,3,5:00
"May 31, 2014",Heavyweight,http://ufcstats.com/fight-details/2baa02e0df86b566,3,5:00
"May 24, 2014",Bantamweight,http://ufcstats.com/fight-details/edcb573f1462846e,5,2:26
"May 24, 2014",Light Heavyweight,http://ufcstats.com/fight-details/2f6b63e8ec62e3ca,3,3:53
"May 24, 2014",Welterweight,http://ufcstats.com/fight-details/c3e3d5ef06a45616,3,3:06
"May 24, 2014",Bantamweight,http://ufcstats.com/fight-details/f9a59f7c67fbce01,3,5:00
"May 24, 2014",Lightweight,http://ufcstats.com/fight-details/164eb9071caf3fe8,1,5:00
"May 24, 2014",Lightweight,http://ufcstats.com/fight-details/1789d630e31e9c77,3,5:00
"May 24, 2014",Lightweight,http://ufcstats.com/fight-details/002c1562708ac307,1,4:06
"May 24, 2014",Bantamweight,http://ufcstats.com/fight-details/ee0075e188e87e86,3,5:00
"May 24, 2014",Lightweight,http://ufcstats.com/fight-details/4ead27d52c14697a,2,0:57
"May 24, 2014",Lightweight,http://ufcstats.com/fight-details/11d2b546c8533c0f,3,5:00
"May 24, 2014",Featherweight,http://ufcstats.com/fight-details/8d98ccae1057815e,3,5:00
"May 24, 2014",Welterweight,http://ufcstats.com/fight-details/b56fd6eb7d0b6083,3,5:00
"May 10, 2014",Welterweight,http://ufcstats.com/fight-details/f8cceeabeb2afd4d,3,2:11
"May 10, 2014",Middleweight,http://ufcstats.com/fight-details/2d14f73c374f2875,1,3:47
"May 10, 2014",Lightweight,http://ufcstats.com/fight-details/3ee1a3216cf66b95,1,3:21
"May 10, 2014",Welterweight,http://ufcstats.com/fight-details/107079f548338ac3,3,5:00
"May 10, 2014",Heavyweight,http://ufcstats.com/fight-details/4ceadad9c2dd0a87,1,2:20
"May 10, 2014",Flyweight,http://ufcstats.com/fight-details/7d947be4c15ebe36,3,5:00
"May 10, 2014",Middleweight,http://ufcstats.com/fight-details/289004336bd71d34,3,5:00
"May 10, 2014",Flyweight,http://ufcstats.com/fight-details/8ea70cfd5d3aa5ee,3,5:00
"May 10, 2014",Welterweight,http://ufcstats.com/fight-details/9a8fedc4fa968bbd,3,5:00
"May 10, 2014",Bantamweight,http://ufcstats.com/fight-details/23e96ddeb14b5936,1,4:37
"May 10, 2014",Featherweight,http://ufcstats.com/fight-details/687b9b2c11667531,3,5:00
"May 10, 2014",Lightweight,http://ufcstats.com/fight-details/2b6c2cdccb2cc659,1,2:41
"May 10, 2014",Welterweight,http://ufcstats.com/fight-details/d6e4d0d62a96a948,1,3:56
"April 26, 2014",Light Heavyweight,http://ufcstats.com/fight-details/e332aec001b34f50,5,5:00
"April 26, 2014",Light Heavyweight,http://ufcstats.com/fight-details/9a1d57966d8a17a4,3,5:00
"April 26, 2014",Middleweight,http://ufcstats.com/fight-details/9b10db4499b211b7,1,2:08
"April 26, 2014",Lightweight,http://ufcstats.com/fight-details/484cf23d5110ca04,1,3:18
"April 26, 2014",Featherweight,http://ufcstats.com/fight-details/5b0cc074c657ebd4,3,3:39
"April 26, 2014",Flyweight,http://ufcstats.com/fight-details/553a788a44b8e794,1,4:08
"April 26, 2014",Lightweight,http://ufcstats.com/fight-details/23861a2085ea34a3,3,5:00
"April 26, 2014",Women's Bantamweight,http://ufcstats.com/fight-details/c3455ba522bb37eb,3,5:00
"April 26, 2014",Lightweight,http://ufcstats.com/fight-details/e4fcad8261083dbf,2,0:21
"April 26, 2014",Bantamweight,http://ufcstats.com/fight-details/82f00e723ed5f6ea,2,1:51
"April 19, 2014",Heavyweight,http://ufcstats.com/fight-details/a9660625bab5d4a3,5,5:00
"April 19, 2014",Women's Bantamweight,http://ufcstats.com/fight-details/e446c5e4a8b8d189,3,5:00
"April 19, 2014",Lightweight,http://ufcstats.com/fight-details/4e3ccffe18641d9c,1,3:15
"April 19, 2014",Middleweight,http://ufcstats.com/fight-details/f5445d367e7dbb2b,3,5:00
"April 19, 2014",Lightweight,http://ufcstats.com/fight-details/9d1722fb8b83a92a,3,5:00
"April 19, 2014",Welterweight,http://ufcstats.com/fight-details/220aa11288e919c6,3,5:00
"April 19, 2014",Lightweight,http://ufcstats.com/fight-details/f8c9a597f719d75c,3,5:00
"April 19, 2014",Featherweight,http://ufcstats.com/fight-details/3808db1e982cb103,1,1:28
"April 19, 2014",Middleweight,http://ufcstats.com/fight-details/7fe2f0213d641540,1,0:44
"April 19, 2014",Welterweight,http://ufcstats.com/fight-details/73f72edb86c82eef,3,5:00
"April 19, 2014",Flyweight,http://ufcstats.com/fight-details/b36362f5db72abee,3,5:00
"April 19, 2014",Featherweight,http://ufcstats.com/fight-details/70e0e57a6755e31e,3,5:00
"April 19, 2014",Heavyweight,http://ufcstats.com/fight-details/a283975bf9355757,1,4:23
"April 16, 2014",Middleweight,http://ufcstats.com/fight-details/3a5b53d1123d9f7e,5,5:00
"April 16, 2014",Welterweight,http://ufcstats.com/fight-details/1a6e7e7c98886198,3,5:00
"April 16, 2014",Middleweight,http://ufcstats.com/fight-details/273f9520d75f3dac,2,4:41
"April 16, 2014",Welterweight,http://ufcstats.com/fight-details/0dd560fbcae2244f,3,5:00
"April 16, 2014",Featherweight,http://ufcstats.com/fight-details/3e6b5cb3c37bef3b,2,0:42
"April 16, 2014",Welterweight,http://ufcstats.com/fight-details/3406cf3e28e30d1b,1,0:30
"April 16, 2014",Women's Bantamweight,http://ufcstats.com/fight-details/2e8d68b14dde981e,3,5:00
"April 16, 2014",Light Heavyweight,http://ufcstats.com/fight-details/f0b117394e52996b,1,4:27
"April 16, 2014",Bantamweight,http://ufcstats.com/fight-details/3427667c1a265fe5,3,5:00
"April 16, 2014",Lightweight,http://ufcstats.com/fight-details/a7aac5f6b470ddaa,3,5:00
"April 16, 2014",Middleweight,http://ufcstats.com/fight-details/01c67a3990800dc3,3,5:00
"April 16, 2014",Welterweight,http://ufcstats.com/fight-details/e532ef88b8cb26d2,3,5:00
"April 16, 2014",Bantamweight,http://ufcstats.com/fight-details/d2519c169f3039ee,3,5:00
"April 11, 2014",Heavyweight,http://ufcstats.com/fight-details/20d732758337f0a5,1,3:37
"April 11, 2014",Featherweight,http://ufcstats.com/fight-details/a2e1e35e4e84e08d,3,5:00
"April 11, 2014",Welterweight,http://ufcstats.com/fight-details/8c47c4b9503dd5b4,3,5:00
"April 11, 2014",Lightweight,http://ufcstats.com/fight-details/beed8bc1f800de8f,1,4:20
"April 11, 2014",Heavyweight,http://ufcstats.com/fight-details/f524520a7fe0a8b8,3,5:00
"April 11, 2014",Middleweight,http://ufcstats.com/fight-details/a523ac02533f8b4d,1,0:45
"April 11, 2014",Featherweight,http://ufcstats.com/fight-details/f7fac3df5c6dc91f,3,5:00
"April 11, 2014",Bantamweight,http://ufcstats.com/fight-details/ceac6997d22f2f3b,1,0:39
"March 23, 2014",Light Heavyweight,http://ufcstats.com/fight-details/981e2f5a8e46a1f1,3,1:31
"March 23, 2014",Middleweight,http://ufcstats.com/fight-details/eae8d2c30c0bb499,1,0:39
"March 23, 2014",Lightweight,http://ufcstats.com/fight-details/671048cd1933855a,3,5:00
"March 23, 2014",Light Heavyweight,http://ufcstats.com/fight-details/98cea844501261a9,3,5:00
"March 23, 2014",Lightweight,http://ufcstats.com/fight-details/fcb3e9f89987d519,3,5:00
"March 23, 2014",Featherweight,http://ufcstats.com/fight-details/995f0dcdcd5fe43c,1,1:17
"March 23, 2014",Middleweight,http://ufcstats.com/fight-details/283c0b3b7e425252,1,0:53
"March 23, 2014",Flyweight,http://ufcstats.com/fight-details/a5827bfce19e63ea,1,3:07
"March 23, 2014",Welterweight,http://ufcstats.com/fight-details/5464d7ccb4177464,1,1:45
"March 23, 2014",Light Heavyweight,http://ufcstats.com/fight-details/8e87b33bea7c5da9,3,5:00
"March 23, 2014",Featherweight,http://ufcstats.com/fight-details/8f120352072bd5ed,1,2:39
"March 15, 2014",Welterweight,http://ufcstats.com/fight-details/cdf58f62e289efec,5,5:00
"March 15, 2014",Welterweight,http://ufcstats.com/fight-details/ba38b96f39db78c0,2,2:00
"March 15, 2014",Lightweight,http://ufcstats.com/fight-details/d4d4aded862ace46,3,5:00
"March 15, 2014",Welterweight,http://ufcstats.com/fight-details/427a10db0406cfba,3,5:00
"March 15, 2014",Light Heavyweight,http://ufcstats.com/fight-details/2d050cb1f7d8789a,1,1:29
"March 15, 2014",Welterweight,http://ufcstats.com/fight-details/56b57d076f874eb0,3,5:00
"March 15, 2014",Women's Bantamweight,http://ufcstats.com/fight-details/99170b2f2496e479,3,5:00
"March 15, 2014",Featherweight,http://ufcstats.com/fight-details/639013929b61e834,3,2:57
"March 15, 2014",Welterweight,http://ufcstats.com/fight-details/a5f39e8ff1398269,3,5:00
"March 15, 2014",Lightweight,http://ufcstats.com/fight-details/364ed6aecfc8d16d,3,5:00
"March 15, 2014",Flyweight,http://ufcstats.com/fight-details/0175c0d2a98576f1,3,5:00
"March 15, 2014",Middleweight,http://ufcstats.com/fight-details/8f979d206eaec468,1,4:33
"March 15, 2014",Featherweight,http://ufcstats.com/fight-details/543dca66a449d9d5,3,5:00
"March 08, 2014",Light Heavyweight,http://ufcstats.com/fight-details/742fcd610f344810,2,1:18
"March 08, 2014",Lightweight,http://ufcstats.com/fight-details/73f55778c5c55c2f,3,5:00
"March 08, 2014",Flyweight,http://ufcstats.com/fight-details/b5be58e7fa1e7439,3,5:00
"March 08, 2014",Welterweight,http://ufcstats.com/fight-details/0b3c3d363c82835f,1,4:36
"March 08, 2014",Light Heavyweight,http://ufcstats.com/fight-details/6242126d8d06a7ca,1,3:02
"March 08, 2014",Middleweight,http://ufcstats.com/fight-details/406154260435c65a,1,4:24
"March 08, 2014",Middleweight,http://ufcstats.com/fight-details/4911fcfb1b28faa5,3,5:00
"March 08, 2014",Welterweight,http://ufcstats.com/fight-details/54845ec0646a9bee,3,5:00
"March 08, 2014",Flyweight,http://ufcstats.com/fight-details/443791a8c6790cf0,1,1:13
"March 01, 2014",Welterweight,http://ufcstats.com/fight-details/e38d7761a92e1bf9,3,1:02
"March 01, 2014",Welterweight,http://ufcstats.com/fight-details/0fea1cff62e26b46,3,5:00
"March 01, 2014",Heavyweight,http://ufcstats.com/fight-details/82448697e7a44028,1,4:59
"March 01, 2014",Featherweight,http://ufcstats.com/fight-details/57ab45aa1ebd087e,3,5:00
"March 01, 2014",Lightweight,http://ufcstats.com/fight-details/c53a5dca56870ea5,3,5:00
"March 01, 2014",Bantamweight,http://ufcstats.com/fight-details/3fa2e753afa0bdbb,3,5:00
"March 01, 2014",Welterweight,http://ufcstats.com/fight-details/36d4e8f650539bf0,1,5:00
"March 01, 2014",Featherweight,http://ufcstats.com/fight-details/2ebe2ae9b4812f0a,3,5:00
"February 22, 2014",Women's Bantamweight,http://ufcstats.com/fight-details/654127f5b9140be2,1,1:06
"February 22, 2014",Light Heavyweight,http://ufcstats.com/fight-details/b1a033020bd6d3f3,1,1:19
"February 22, 2014",Welterweight,http://ufcstats.com/fight-details/29657325bfc1d590,3,5:00
"February 22, 2014",Welterweight,http://ufcstats.com/fight-details/9988ff4d4197663b,3,4:03
"February 22, 2014",Welterweight,http://ufcstats.com/fight-details/ab0d6346b7938a7f,1,3:43
"February 22, 2014",Women's Bantamweight,http://ufcstats.com/fight-details/36630b8c820db52b,3,5:00
"February 22, 2014",Bantamweight,http://ufcstats.com/fight-details/faaa7340f4ede814,3,5:00
"February 22, 2014",Bantamweight,http://ufcstats.com/fight-details/41727d51af72b1d5,3,5:00
"February 22, 2014",Flyweight,http://ufcstats.com/fight-details/1a8b815679bc89b8,3,5:00
"February 22, 2014",Lightweight,http://ufcstats.com/fight-details/dc28c6e66f333d2a,1,1:24
"February 22, 2014",Lightweight,http://ufcstats.com/fight-details/328ae84bf2af537e,3,5:00
"February 15, 2014",Middleweight,http://ufcstats.com/fight-details/aa11f2375ee2118f,5,5:00
"February 15, 2014",Middleweight,http://ufcstats.com/fight-details/ffbc12e4f821ec68,3,5:00
"February 15, 2014",Welterweight,http://ufcstats.com/fight-details/dadde3eb4e5f43b4,1,0:52
"February 15, 2014",Welterweight,http://ufcstats.com/fight-details/d0e084b6345c5af0,3,5:00
"February 15, 2014",Featherweight,http://ufcstats.com/fight-details/b96e1222eb1a0faf,3,2:40
"February 15, 2014",Lightweight,http://ufcstats.com/fight-details/cfefbf79340d3346,3,5:00
"February 15, 2014",Lightweight,http://ufcstats.com/fight-details/420114bb94080b3c,3,5:00
"February 15, 2014",Lightweight,http://ufcstats.com/fight-details/ea60fdcfd423a15e,3,5:00
"February 15, 2014",Bantamweight,http://ufcstats.com/fight-details/01d4d1d8bcb014cf,3,5:00
"February 15, 2014",Featherweight,http://ufcstats.com/fight-details/8619c3cde7dd4e15,3,5:00
"February 15, 2014",Welterweight,http://ufcstats.com/fight-details/496a169f4c9becec,3,5:00
"February 15, 2014",Featherweight,http://ufcstats.com/fight-details/816119e4d9d983b1,3,5:00
"February 01, 2014",Bantamweight,http://ufcstats.com/fight-details/4c9047d1c1bc1e29,1,3:42
"February 01, 2014",Featherweight,http://ufcstats.com/fight-details/a3b37f8ea171b962,5,5:00
"February 01, 2014",Heavyweight,http://ufcstats.com/fight-details/651bdd9e17a58c5d,3,5:00
"February 01, 2014",Flyweight,http://ufcstats.com/fight-details/a851348faa460c2d,3,5:00
"February 01, 2014",Lightweight,http://ufcstats.com/fight-details/fe936088ec4dcb0d,2,2:32
"February 01, 2014",Lightweight,http://ufcstats.com/fight-details/b9be2e52d02886e2,3,5:00
"February 01, 2014",Flyweight,http://ufcstats.com/fight-details/b705fb146638d859,3,5:00
"February 01, 2014",Middleweight,http://ufcstats.com/fight-details/c145e4b6206d4c18,3,5:00
"February 01, 2014",Lightweight,http://ufcstats.com/fight-details/b51163f358495b41,3,5:00
"February 01, 2014",Middleweight,http://ufcstats.com/fight-details/131732f248cd2829,3,5:00
"February 01, 2014",Lightweight,http://ufcstats.com/fight-details/bc9dd73e0a982c08,3,5:00
"February 01, 2014",Welterweight,http://ufcstats.com/fight-details/7a91b26b3e231fff,3,5:00
"January 25, 2014",Lightweight,http://ufcstats.com/fight-details/7fda79ba69b06c0b,5,5:00
"January 25, 2014",Heavyweight,http://ufcstats.com/fight-details/77d82e8a220053ea,3,5:00
"January 25, 2014",Lightweight,http://ufcstats.com/fight-details/ca8e482388e7ac82,1,4:40
"January 25, 2014",Featherweight,http://ufcstats.com/fight-details/6fdcd1caa0e9d239,3,5:00
"January 25, 2014",Bantamweight,http://ufcstats.com/fight-details/6a7f68feb5c0755d,3,4:39
"January 25, 2014",Bantamweight,http://ufcstats.com/fight-details/97ad3419f2029ba1,2,4:16
"January 25, 2014",Bantamweight,http://ufcstats.com/fight-details/80cb366cd1e54aec,3,5:00
"January 25, 2014",Bantamweight,http://ufcstats.com/fight-details/df7cf7ef41eccbe6,3,5:00
"January 25, 2014",Lightweight,http://ufcstats.com/fight-details/3f1d1bd33a296f26,2,4:56
"January 25, 2014",Welterweight,http://ufcstats.com/fight-details/ea0f7fe570c1533f,3,5:00
"January 25, 2014",Heavyweight,http://ufcstats.com/fight-details/e53c8a20819f9be6,1,0:25
"January 15, 2014",Middleweight,http://ufcstats.com/fight-details/0f3e6876516edeaf,1,2:31
"January 15, 2014",Middleweight,http://ufcstats.com/fight-details/8d6392d59e1ca099,3,5:00
"January 15, 2014",Bantamweight,http://ufcstats.com/fight-details/55139052f4641670,3,5:00
"January 15, 2014",Middleweight,http://ufcstats.com/fight-details/7e3609b672c7ecf9,3,3:23
"January 15, 2014",Flyweight,http://ufcstats.com/fight-details/eea06604a47ea9a8,3,5:00
"January 15, 2014",Featherweight,http://ufcstats.com/fight-details/fac335e6aeff29f5,2,1:54
"January 15, 2014",Lightweight,http://ufcstats.com/fight-details/bbb810f50d60b31a,3,5:00
"January 15, 2014",Lightweight,http://ufcstats.com/fight-details/3b8b70b448b0c604,3,5:00
"January 15, 2014",Middleweight,http://ufcstats.com/fight-details/94608c62dd497366,3,5:00
"January 15, 2014",Flyweight,http://ufcstats.com/fight-details/c2f70bd2fc1bac73,3,5:00
"January 15, 2014",Lightweight,http://ufcstats.com/fight-details/1143d37503a9527d,3,5:00
"January 15, 2014",Lightweight,http://ufcstats.com/fight-details/6f3e189c393c0e09,1,1:45
"January 04, 2014",Welterweight,http://ufcstats.com/fight-details/3ff7d02ef633ee22,5,5:00
"January 04, 2014",Featherweight,http://ufcstats.com/fight-details/07d1d120dab41893,2,0:50
"January 04, 2014",Welterweight,http://ufcstats.com/fight-details/74edd53297a084b9,1,2:57
"January 04, 2014",Bantamweight,http://ufcstats.com/fight-details/221cb15141299346,3,3:53
"January 04, 2014",Featherweight,http://ufcstats.com/fight-details/4b69545737f1902a,2,2:27
"January 04, 2014",Lightweight,http://ufcstats.com/fight-details/ab8722d48a5a447e,3,5:00
"January 04, 2014",Bantamweight,http://ufcstats.com/fight-details/e2bb4b8ce5ada2a8,3,5:00
"January 04, 2014",Lightweight,http://ufcstats.com/fight-details/181429d8227794cb,3,5:00
"January 04, 2014",Bantamweight,http://ufcstats.com/fight-details/eb82e95ab678f8bc,1,2:13
"January 04, 2014",Bantamweight,http://ufcstats.com/fight-details/f7bd56e197bab2a6,2,4:59
"December 28, 2013",Middleweight,http://ufcstats.com/fight-details/2a17686c6b5f334e,2,1:16
"December 28, 2013",Women's Bantamweight,http://ufcstats.com/fight-details/315968a74789600a,3,0:58
"December 28, 2013",Heavyweight,http://ufcstats.com/fight-details/a060b6b0dfe275b7,1,1:00
"December 28, 2013",Lightweight,http://ufcstats.com/fight-details/39be68189f2d5074,1,3:42
"December 28, 2013",Featherweight,http://ufcstats.com/fight-details/5e4f358e0bcc2f15,1,4:54
"December 28, 2013",Middleweight,http://ufcstats.com/fight-details/11706648d34ff3e8,1,5:00
"December 28, 2013",Lightweight,http://ufcstats.com/fight-details/b1fd21231f0604e1,2,1:32
"December 28, 2013",Featherweight,http://ufcstats.com/fight-details/f1a9c3187855155c,3,5:00
"December 28, 2013",Welterweight,http://ufcstats.com/fight-details/a6e494c82d136172,3,5:00
"December 28, 2013",Welterweight,http://ufcstats.com/fight-details/49c0071ae52fc83a,3,5:00
"December 28, 2013",Featherweight,http://ufcstats.com/fight-details/27635cc4d9fcac98,3,0:12
"December 14, 2013",Flyweight,http://ufcstats.com/fight-details/e6663b2c16df6191,1,2:08
"December 14, 2013",Bantamweight,http://ufcstats.com/fight-details/00566b4d89565373,2,3:22
"December 14, 2013",Featherweight,http://ufcstats.com/fight-details/631f0721b3fc56dc,3,5:00
"December 14, 2013",Lightweight,http://ufcstats.com/fight-details/319d75c21fbb5d3f,3,5:00
"December 14, 2013",Welterweight,http://ufcstats.com/fight-details/c1d2ce95229cdbd9,3,5:00
"December 14, 2013",Lightweight,http://ufcstats.com/fight-details/a5c76ead1a2767b6,3,5:00
"December 14, 2013",Lightweight,http://ufcstats.com/fight-details/f5fb4435faf1ca04,3,5:00
"December 14, 2013",Flyweight,http://ufcstats.com/fight-details/5ffccdf4af20dc0d,3,5:00
"December 14, 2013",Lightweight,http://ufcstats.com/fight-details/5929c539190c8a07,3,5:00
"December 14, 2013",Lightweight,http://ufcstats.com/fight-details/4618dcef2dc6250f,2,1:35
"December 14, 2013",Flyweight,http://ufcstats.com/fight-details/0f215b143e08f425,3,5:00
"December 06, 2013",Heavyweight,http://ufcstats.com/fight-details/fe52c91f751e8db6,5,5:00
"December 06, 2013",Light Heavyweight,http://ufcstats.com/fight-details/b568f3700aa2c1f7,1,1:03
"December 06, 2013",Light Heavyweight,http://ufcstats.com/fight-details/bfc321f0b0a7bf40,3,5:00
"December 06, 2013",Heavyweight,http://ufcstats.com/fight-details/45e6eec6b35d7dfe,1,2:09
"December 06, 2013",Middleweight,http://ufcstats.com/fight-details/adc1b34f6988bd68,2,5:00
"December 06, 2013",Women's Bantamweight,http://ufcstats.com/fight-details/39efb868dbe7e311,3,5:00
"December 06, 2013",Bantamweight,http://ufcstats.com/fight-details/b951f2d4080ef172,3,5:00
"December 06, 2013",Middleweight,http://ufcstats.com/fight-details/e982a2648d69fda6,3,5:00
"December 06, 2013",Flyweight,http://ufcstats.com/fight-details/e14b4f2c7b36d0b9,1,4:43
"December 06, 2013",Middleweight,http://ufcstats.com/fight-details/678eb77df5589eac,3,5:00
"December 06, 2013",Welterweight,http://ufcstats.com/fight-details/2389557cfa02df78,1,0:43
"November 30, 2013",Lightweight,http://ufcstats.com/fight-details/f0815638f558968d,1,2:38
"November 30, 2013",Women's Bantamweight,http://ufcstats.com/fight-details/fca7fbd0bafc480c,1,4:59
"November 30, 2013",Bantamweight,http://ufcstats.com/fight-details/a072ec605bebe5a8,2,2:10
"November 30, 2013",Women's Bantamweight,http://ufcstats.com/fight-details/1b7bc992c26ac10f,3,5:00
"November 30, 2013",Women's Bantamweight,http://ufcstats.com/fight-details/2a940fac11da404d,3,5:00
"November 30, 2013",Featherweight,http://ufcstats.com/fight-details/b186f4778257ca6d,1,0:25
"November 30, 2013",Featherweight,http://ufcstats.com/fight-details/e9ec16e4e7cfb120,3,5:00
"November 30, 2013",Heavyweight,http://ufcstats.com/fight-details/2b5058614b56a898,3,5:00
"November 30, 2013",Welterweight,http://ufcstats.com/fight-details/64e1197b8d5d0706,3,5:00
"November 30, 2013",Flyweight,http://ufcstats.com/fight-details/c9ebbba18e4e1e84,2,4:31
"November 16, 2013",Welterweight,http://ufcstats.com/fight-details/7ff036c99621eb1c,5,5:00
"November 16, 2013",Light Heavyweight,http://ufcstats.com/fight-details/25cb0e15dfc8deb3,1,4:05
"November 16, 2013",Welterweight,http://ufcstats.com/fight-details/6c1fa30e1dd38c0b,3,5:00
"November 16, 2013",Welterweight,http://ufcstats.com/fight-details/1f5c71dd2a0672ac,1,4:38
"November 16, 2013",Flyweight,http://ufcstats.com/fight-details/3081e6e1bc1235a8,3,5:00
"November 16, 2013",Lightweight,http://ufcstats.com/fight-details/67222a0d79c83086,2,3:49
"November 16, 2013",Middleweight,http://ufcstats.com/fight-details/e9ed827818e8cadf,3,5:00
"November 16, 2013",Welterweight,http://ufcstats.com/fight-details/9bec9d2d0dd1d7f7,3,5:00
"November 16, 2013",Bantamweight,http://ufcstats.com/fight-details/9cc0582c703637aa,3,5:00
"November 16, 2013",Welterweight,http://ufcstats.com/fight-details/a4d7e8241422ed41,3,5:00
"November 16, 2013",Bantamweight,http://ufcstats.com/fight-details/55f4c3598797ce6f,3,5:00
"November 16, 2013",Light Heavyweight,http://ufcstats.com/fight-details/d8b864e673f53ec2,2,1:22
"November 09, 2013",Light Heavyweight,http://ufcstats.com/fight-details/1d34e2f80cb91188,1,1:17
"November 09, 2013",Middleweight,http://ufcstats.com/fight-details/2d57ce76f7922ed9,3,5:00
"November 09, 2013",Light Heavyweight,http://ufcstats.com/fight-details/c6c37a9e8990baba,1,1:18
"November 09, 2013",Welterweight,http://ufcstats.com/fight-details/8de959ac3c3eeb85,1,2:10
"November 09, 2013",Welterweight,http://ufcstats.com/fight-details/389c844a1a56177c,3,5:00
"November 09, 2013",Featherweight,http://ufcstats.com/fight-details/2e042964c6498e7a,1,0:40
"November 09, 2013",Featherweight,http://ufcstats.com/fight-details/0a70601cc9f2426f,1,1:42
"November 09, 2013",Middleweight,http://ufcstats.com/fight-details/e9bc416752cadd29,1,3:31
"November 09, 2013",Lightweight,http://ufcstats.com/fight-details/ee4d086121100177,1,2:38
"November 09, 2013",Lightweight,http://ufcstats.com/fight-details/2dd0a47f43dfe8f6,2,2:49
"November 09, 2013",Flyweight,http://ufcstats.com/fight-details/5cce3bc28ddb158f,3,3:19
"November 06, 2013",Middleweight,http://ufcstats.com/fight-details/26e876df6d498657,1,4:40
"November 06, 2013",Women's Bantamweight,http://ufcstats.com/fight-details/4c257f69fb974088,3,5:00
"November 06, 2013",Middleweight,http://ufcstats.com/fight-details/b35f2071e6dd4b12,3,1:39
"November 06, 2013",Lightweight,http://ufcstats.com/fight-details/dbc3afd71525c83d,3,5:00
"November 06, 2013",Lightweight,http://ufcstats.com/fight-details/0cd79ea89d5931d0,2,1:41
"November 06, 2013",Lightweight,http://ufcstats.com/fight-details/2bcb1b0b05e2c739,1,3:50
"November 06, 2013",Bantamweight,http://ufcstats.com/fight-details/dc3deae609874677,2,2:20
"November 06, 2013",Featherweight,http://ufcstats.com/fight-details/ce30634422a264f9,3,5:00
"November 06, 2013",Women's Bantamweight,http://ufcstats.com/fight-details/add991cb839af4ed,1,3:56
"November 06, 2013",Middleweight,http://ufcstats.com/fight-details/ef97cccf28cf00a8,3,5:00
"November 06, 2013",Lightweight,http://ufcstats.com/fight-details/ab18079c7c0040fb,1,2:47
"November 06, 2013",Welterweight,http://ufcstats.com/fight-details/6017ccf5fa09da34,3,5:00
"November 06, 2013",Middleweight,http://ufcstats.com/fight-details/20a83369ee44e1d4,1,0:48
"October 26, 2013",Middleweight,http://ufcstats.com/fight-details/49d065270f57ad99,1,3:10
"October 26, 2013",Lightweight,http://ufcstats.com/fight-details/b25662d83e6d4c3b,1,1:57
"October 26, 2013",Light Heavyweight,http://ufcstats.com/fight-details/c33671cab408184b,2,4:41
"October 26, 2013",Lightweight,http://ufcstats.com/fight-details/a34dc365302238e8,3,5:00
"October 26, 2013",Middleweight,http://ufcstats.com/fight-details/2a50b91600e87994,1,3:07
"October 26, 2013",Flyweight,http://ufcstats.com/fight-details/4c0718f12ca664bb,1,2:51
"October 26, 2013",Lightweight,http://ufcstats.com/fight-details/22fdf7a08691db5d,3,5:00
"October 26, 2013",Middleweight,http://ufcstats.com/fight-details/6fbd9d599d638106,2,2:12
"October 26, 2013",Women's Bantamweight,http://ufcstats.com/fight-details/5364d1537fc7d5aa,3,5:00
"October 26, 2013",Featherweight,http://ufcstats.com/fight-details/0051d7fbb7893d27,3,5:00
"October 26, 2013",Featherweight,http://ufcstats.com/fight-details/ce9e10ad39976287,2,2:17
"October 26, 2013",Middleweight,http://ufcstats.com/fight-details/46c89e7e886cdc5b,1,4:17
"October 19, 2013",Heavyweight,http://ufcstats.com/fight-details/0bdc4e7ce6687367,5,3:09
"October 19, 2013",Heavyweight,http://ufcstats.com/fight-details/e7cb40d82d987b9e,3,5:00
"October 19, 2013",Lightweight,http://ufcstats.com/fight-details/340d5e6f22ff6ac4,3,5:00
"October 19, 2013",Heavyweight,http://ufcstats.com/fight-details/ed53922429a19c99,1,1:33
"October 19, 2013",Flyweight,http://ufcstats.com/fight-details/eba86a4ea6128840,1,4:13
"October 19, 2013",Middleweight,http://ufcstats.com/fight-details/fffa21388cdd78b7,3,5:00
"October 19, 2013",Welterweight,http://ufcstats.com/fight-details/2a5fd0e2728967a5,1,1:48
"October 19, 2013",Women's Bantamweight,http://ufcstats.com/fight-details/c9eb00b7efdc7559,3,5:00
"October 19, 2013",Lightweight,http://ufcstats.com/fight-details/ed9d7d85a5ae06b1,3,5:00
"October 19, 2013",Welterweight,http://ufcstats.com/fight-details/2443d8aa86f0070d,1,3:00
"October 19, 2013",Lightweight,http://ufcstats.com/fight-details/58b7b23b46f4ccd6,1,1:52
"October 19, 2013",Featherweight,http://ufcstats.com/fight-details/f11ca082c924464c,2,0:53
"October 19, 2013",Bantamweight,http://ufcstats.com/fight-details/e1ccf09c055bac01,2,3:51
"October 09, 2013",Welterweight,http://ufcstats.com/fight-details/a41ba2624191bf23,5,5:00
"October 09, 2013",Welterweight,http://ufcstats.com/fight-details/3fc3179cd800128e,2,3:01
"October 09, 2013",Light Heavyweight,http://ufcstats.com/fight-details/adede42d4c20494c,3,5:00
"October 09, 2013",Light Heavyweight,http://ufcstats.com/fight-details/fecf9c7a4e965690,3,5:00
"October 09, 2013",Welterweight,http://ufcstats.com/fight-details/e0ca5ac323768da0,1,0:31
"October 09, 2013",Bantamweight,http://ufcstats.com/fight-details/9ad2dde9c35d3cc4,3,5:00
"October 09, 2013",Welterweight,http://ufcstats.com/fight-details/676590832dc86748,3,5:00
"October 09, 2013",Welterweight,http://ufcstats.com/fight-details/3e610c7a2ab31acd,3,5:00
"October 09, 2013",Flyweight,http://ufcstats.com/fight-details/3a8baa48c9b30d47,2,4:31
"October 09, 2013",Lightweight,http://ufcstats.com/fight-details/79e7b986601fdd2a,1,3:54
"September 21, 2013",Light Heavyweight,http://ufcstats.com/fight-details/0aa5be9d0e75dd42,5,5:00
"September 21, 2013",Bantamweight,http://ufcstats.com/fight-details/1019f330bdecfc65,2,0:35
"September 21, 2013",Heavyweight,http://ufcstats.com/fight-details/c0a5eeb0be0049bb,1,4:06
"September 21, 2013",Middleweight,http://ufcstats.com/fight-details/d9834a03626a3c06,3,5:00
"September 21, 2013",Lightweight,http://ufcstats.com/fight-details/ca2b48fd007126e0,3,5:00
"September 21, 2013",Lightweight,http://ufcstats.com/fight-details/b3bb90f5a2aa0d7c,3,5:00
"September 21, 2013",Bantamweight,http://ufcstats.com/fight-details/e37368ff2a7a71f6,3,5:00
"September 21, 2013",Welterweight,http://ufcstats.com/fight-details/a95be3943ea0f691,2,1:27
"September 21, 2013",Bantamweight,http://ufcstats.com/fight-details/0d857bd8245f9d31,1,4:05
"September 21, 2013",Lightweight,http://ufcstats.com/fight-details/d3f9262901219944,1,2:01
"September 21, 2013",Lightweight,http://ufcstats.com/fight-details/5b2cc17158d77f07,3,5:00
"September 21, 2013",Bantamweight,http://ufcstats.com/fight-details/a605d4153c7dbd84,3,5:00
"September 21, 2013",Heavyweight,http://ufcstats.com/fight-details/c3b1653fb5e101e0,3,3:18
"September 04, 2013",Light Heavyweight,http://ufcstats.com/fight-details/8456a02bd3621837,1,2:55
"September 04, 2013",Middleweight,http://ufcstats.com/fight-details/9166d2f99369c06b,1,2:47
"September 04, 2013",Flyweight,http://ufcstats.com/fight-details/bbcb7b5ca439bebb,1,3:07
"September 04, 2013",Lightweight,http://ufcstats.com/fight-details/5aeac72404dd7c6d,2,3:50
"September 04, 2013",Middleweight,http://ufcstats.com/fight-details/d67dadf630c36f18,3,5:00
"September 04, 2013",Flyweight,http://ufcstats.com/fight-details/46aa72d0ccd2be0a,3,3:28
"September 04, 2013",Featherweight,http://ufcstats.com/fight-details/5df777be98ea09de,3,5:00
"September 04, 2013",Bantamweight,http://ufcstats.com/fight-details/b8e1a9db956e245b,1,1:10
"September 04, 2013",Welterweight,http://ufcstats.com/fight-details/e706a0fca8e82288,3,5:00
"September 04, 2013",Welterweight,http://ufcstats.com/fight-details/563adcb4abd48f6b,3,5:00
"September 04, 2013",Welterweight,http://ufcstats.com/fight-details/95d86cec2a7124b3,3,5:00
"August 31, 2013",Lightweight,http://ufcstats.com/fight-details/fa084335b5f87627,1,4:41
"August 31, 2013",Heavyweight,http://ufcstats.com/fight-details/aac887ea8a83d7a4,1,1:56
"August 31, 2013",Featherweight,http://ufcstats.com/fight-details/fef6b147d5fb90bd,3,0:30
"August 31, 2013",Heavyweight,http://ufcstats.com/fight-details/4dc03e76536b85e5,3,1:54
"August 31, 2013",Featherweight,http://ufcstats.com/fight-details/af51920a3e176995,3,5:00
"August 31, 2013",Lightweight,http://ufcstats.com/fight-details/7b13fdc889028e66,3,5:00
"August 31, 2013",Flyweight,http://ufcstats.com/fight-details/336670b46f343d65,3,5:00
"August 31, 2013",Welterweight,http://ufcstats.com/fight-details/66a99e85803efd92,1,3:58
"August 31, 2013",Bantamweight,http://ufcstats.com/fight-details/6ce1b33bccdfa676,3,5:00
"August 31, 2013",Heavyweight,http://ufcstats.com/fight-details/b4555cd5b5d2a53f,3,1:34
"August 31, 2013",Lightweight,http://ufcstats.com/fight-details/9cd973a0a6c1cd5c,3,5:00
"August 31, 2013",Middleweight,http://ufcstats.com/fight-details/98903717ea3dfc24,1,0:57
"August 28, 2013",Welterweight,http://ufcstats.com/fight-details/bfef39e6493f6487,4,0:54
"August 28, 2013",Lightweight,http://ufcstats.com/fight-details/ca17e1385ef98e57,3,5:00
"August 28, 2013",Welterweight,http://ufcstats.com/fight-details/f0d839f6d712a233,1,2:26
"August 28, 2013",Welterweight,http://ufcstats.com/fight-details/f18ea0d8b472dc1e,3,5:00
"August 28, 2013",Bantamweight,http://ufcstats.com/fight-details/382d626d45c36f14,3,5:00
"August 28, 2013",Middleweight,http://ufcstats.com/fight-details/8ab4682a544f3c49,3,5:00
"August 28, 2013",Middleweight,http://ufcstats.com/fight-details/a86b801279e0ef4a,3,1:32
"August 28, 2013",Welterweight,http://ufcstats.com/fight-details/964eb53864554ed0,1,1:23
"August 28, 2013",Featherweight,http://ufcstats.com/fight-details/dd1131c208475365,3,5:00
"August 28, 2013",Welterweight,http://ufcstats.com/fight-details/e1f9390c465a2988,1,1:41
"August 28, 2013",Welterweight,http://ufcstats.com/fight-details/602e8602fe9c9121,1,4:19
"August 28, 2013",Lightweight,http://ufcstats.com/fight-details/6b30fe49b6df63de,2,4:57
"August 17, 2013",Light Heavyweight,http://ufcstats.com/fight-details/1308a39eec6f86cc,1,4:47
"August 17, 2013",Heavyweight,http://ufcstats.com/fight-details/eefc526e320524e6,1,4:08
"August 17, 2013",Bantamweight,http://ufcstats.com/fight-details/751f2796809d2a6f,3,5:00
"August 17, 2013",Welterweight,http://ufcstats.com/fight-details/85ee3b5995874141,1,0:29
"August 17, 2013",Middleweight,http://ufcstats.com/fight-details/47dd6356ceb2eba8,3,5:00
"August 17, 2013",Lightweight,http://ufcstats.com/fight-details/320580a92d5c2924,3,5:00
"August 17, 2013",Bantamweight,http://ufcstats.com/fight-details/8e41d022b55277ae,2,3:43
"August 17, 2013",Featherweight,http://ufcstats.com/fight-details/5d839e4eda09d6e4,3,5:00
"August 17, 2013",Featherweight,http://ufcstats.com/fight-details/05dce98da0acefd8,1,0:50
"August 17, 2013",Featherweight,http://ufcstats.com/fight-details/a2c0f4142ba4ba75,3,5:00
"August 17, 2013",Featherweight,http://ufcstats.com/fight-details/0f74449bf6f64616,3,5:00
"August 17, 2013",Light Heavyweight,http://ufcstats.com/fight-details/5135e078b807f9a2,1,2:07
"August 17, 2013",Lightweight,http://ufcstats.com/fight-details/f12126b5c49a318a,1,0:58
"August 03, 2013",Featherweight,http://ufcstats.com/fight-details/72e1b3e1224f5314,4,2:00
"August 03, 2013",Light Heavyweight,http://ufcstats.com/fight-details/a602962f1dda3205,3,5:00
"August 03, 2013",Middleweight,http://ufcstats.com/fight-details/1acdcfe32d975f42,1,0:47
"August 03, 2013",Middleweight,http://ufcstats.com/fight-details/af0327945c9656e0,3,5:00
"August 03, 2013",Flyweight,http://ufcstats.com/fight-details/5f9b11f4cb3057f2,2,1:03
"August 03, 2013",Light Heavyweight,http://ufcstats.com/fight-details/4c6030fafb46330f,1,0:14
"August 03, 2013",Women's Bantamweight,http://ufcstats.com/fight-details/168413032bb51ce0,1,2:08
"August 03, 2013",Welterweight,http://ufcstats.com/fight-details/3846db1456151f80,1,3:13
"August 03, 2013",Flyweight,http://ufcstats.com/fight-details/5f2065f737591226,3,5:00
"August 03, 2013",Featherweight,http://ufcstats.com/fight-details/bf6857338637013b,3,5:00
"August 03, 2013",Light Heavyweight,http://ufcstats.com/fight-details/7b97ca2c378e7782,3,5:00
"August 03, 2013",Welterweight,http://ufcstats.com/fight-details/4f8b6eecb0361290,1,1:36
"July 27, 2013",Flyweight,http://ufcstats.com/fight-details/edc00a33666b0b59,5,3:43
"July 27, 2013",Welterweight,http://ufcstats.com/fight-details/3f14c96ea899321d,3,5:00
"July 27, 2013",Welterweight,http://ufcstats.com/fight-details/f747701638da90ae,2,0:24
"July 27, 2013",Women's Bantamweight,http://ufcstats.com/fight-details/c543563958093446,2,3:57
"July 27, 2013",Lightweight,http://ufcstats.com/fight-details/900ae72adbf7c49f,2,4:59
"July 27, 2013",Lightweight,http://ufcstats.com/fight-details/dbd0ffc84699ad6b,3,5:00
"July 27, 2013",Lightweight,http://ufcstats.com/fight-details/7ec61e2b0728e6d4,2,2:47
"July 27, 2013",Lightweight,http://ufcstats.com/fight-details/cf6b9a001b0824de,3,5:00
"July 27, 2013",Middleweight,http://ufcstats.com/fight-details/c5603628f7ae84d3,3,5:00
"July 27, 2013",Women's Bantamweight,http://ufcstats.com/fight-details/dbab923a090fe93f,3,5:00
"July 27, 2013",Lightweight,http://ufcstats.com/fight-details/b616969d55fb2d7a,3,5:00
"July 27, 2013",Bantamweight,http://ufcstats.com/fight-details/9cb8fe20b05d886e,2,2:49
"July 06, 2013",Middleweight,http://ufcstats.com/fight-details/9a6a6716cdfadc98,2,1:18
"July 06, 2013",Featherweight,http://ufcstats.com/fight-details/6453b20a65c62cfe,3,5:00
"July 06, 2013",Middleweight,http://ufcstats.com/fight-details/b57f68fa967fa59e,3,5:00
"July 06, 2013",Middleweight,http://ufcstats.com/fight-details/8c124a6196e39ad8,3,5:00
"July 06, 2013",Featherweight,http://ufcstats.com/fight-details/c3601529b7a7d489,3,2:24
"July 06, 2013",Middleweight,http://ufcstats.com/fight-details/701279417e0bf776,3,5:00
"July 06, 2013",Lightweight,http://ufcstats.com/fight-details/86bbe429ae27d913,3,5:00
"July 06, 2013",Heavyweight,http://ufcstats.com/fight-details/c5de5c3633a0bfce,1,0:17
"July 06, 2013",Lightweight,http://ufcstats.com/fight-details/005723fb99440272,2,1:44
"July 06, 2013",Welterweight,http://ufcstats.com/fight-details/faca931257ad2e92,1,4:59
"July 06, 2013",Welterweight,http://ufcstats.com/fight-details/a7cc5dc1a5c1e643,2,2:55
"June 15, 2013",Light Heavyweight,http://ufcstats.com/fight-details/c8ec6fd9aa2dcc23,3,5:00
"June 15, 2013",Heavyweight,http://ufcstats.com/fight-details/a4daf2f24acdcd43,3,5:00
"June 15, 2013",Light Heavyweight,http://ufcstats.com/fight-details/44ca8997a3e5cda8,3,5:00
"June 15, 2013",Women's Bantamweight,http://ufcstats.com/fight-details/4912788e449ce79a,3,5:00
"June 15, 2013",Heavyweight,http://ufcstats.com/fight-details/27ff1bfeb2d50b38,1,0:59
"June 15, 2013",Welterweight,http://ufcstats.com/fight-details/43d1693f0198a93e,3,5:00
"June 15, 2013",Lightweight,http://ufcstats.com/fight-details/63af858a04c1ad79,3,4:47
"June 15, 2013",Welterweight,http://ufcstats.com/fight-details/177c1956907ed687,3,5:00
"June 15, 2013",Bantamweight,http://ufcstats.com/fight-details/8b08b73f16ff7b3b,3,5:00
"June 15, 2013",Lightweight,http://ufcstats.com/fight-details/5deeecb6aaa5dfd1,3,5:00
"June 15, 2013",Bantamweight,http://ufcstats.com/fight-details/19828eb12f6d41a8,3,5:00
"June 08, 2013",Heavyweight,http://ufcstats.com/fight-details/8857bf28823b1b2d,2,2:41
"June 08, 2013",Welterweight,http://ufcstats.com/fight-details/bd9100f5d4ee6823,2,4:43
"June 08, 2013",Light Heavyweight,http://ufcstats.com/fight-details/2692ac9853970e08,1,4:29
"June 08, 2013",Welterweight,http://ufcstats.com/fight-details/0e272af30a23e09b,1,1:11
"June 08, 2013",Middleweight,http://ufcstats.com/fight-details/8c1787fe568f1ca6,1,2:20
"June 08, 2013",Featherweight,http://ufcstats.com/fight-details/c25c2000aa99832c,1,1:24
"June 08, 2013",Bantamweight,http://ufcstats.com/fight-details/f5ebfe526cf409e8,2,1:51
"June 08, 2013",Featherweight,http://ufcstats.com/fight-details/d03618c86d395b43,1,3:32
"June 08, 2013",Welterweight,http://ufcstats.com/fight-details/b6d027c60f879e4a,3,5:00
"June 08, 2013",Featherweight,http://ufcstats.com/fight-details/291bebbbf4f9128f,3,5:00
"June 08, 2013",Middleweight,http://ufcstats.com/fight-details/401a21d881a1f26a,2,2:49
"June 08, 2013",Middleweight,http://ufcstats.com/fight-details/66b295262ef7ee91,1,1:52
"May 25, 2013",Heavyweight,http://ufcstats.com/fight-details/d51757fe7dd89f2d,1,1:21
"May 25, 2013",Heavyweight,http://ufcstats.com/fight-details/19d6c7f5263c9398,3,4:18
"May 25, 2013",Light Heavyweight,http://ufcstats.com/fight-details/5f87dc7d18517d87,1,2:38
"May 25, 2013",Lightweight,http://ufcstats.com/fight-details/9dd931fd20d6c886,1,2:07
"May 25, 2013",Lightweight,http://ufcstats.com/fight-details/3f19bab8de698eb0,3,5:00
"May 25, 2013",Welterweight,http://ufcstats.com/fight-details/d236fe0f180312e3,3,5:00
"May 25, 2013",Featherweight,http://ufcstats.com/fight-details/149a0b38fa02e647,3,5:00
"May 25, 2013",Welterweight,http://ufcstats.com/fight-details/3333fdbe86a763fb,3,0:41
"May 25, 2013",Lightweight,http://ufcstats.com/fight-details/e1d33aa47b35d021,3,5:00
"May 25, 2013",Welterweight,http://ufcstats.com/fight-details/a6ba04a54eb7e8fa,3,5:00
"May 25, 2013",Bantamweight,http://ufcstats.com/fight-details/1260d0031a5e469d,2,1:43
"May 25, 2013",Featherweight,http://ufcstats.com/fight-details/172dfd6cab9b627b,3,5:00
"May 18, 2013",Middleweight,http://ufcstats.com/fight-details/110d18c0953bde1d,1,2:32
"May 18, 2013",Middleweight,http://ufcstats.com/fight-details/ac269f99e4e53634,1,3:37
"May 18, 2013",Lightweight,http://ufcstats.com/fight-details/05f8696303709939,3,5:00
"May 18, 2013",Middleweight,http://ufcstats.com/fight-details/59bb17087b12ad35,3,5:00
"May 18, 2013",Featherweight,http://ufcstats.com/fight-details/cf5f9da861c5e63f,3,5:00
"May 18, 2013",Lightweight,http://ufcstats.com/fight-details/91f33ac24fb39eca,1,3:08
"May 18, 2013",Lightweight,http://ufcstats.com/fight-details/edc4e54d5258eea8,2,2:34
"May 18, 2013",Welterweight,http://ufcstats.com/fight-details/4b4c4df2778538d9,3,5:00
"May 18, 2013",Bantamweight,http://ufcstats.com/fight-details/019b88d4ac875ae4,1,2:31
"May 18, 2013",Light Heavyweight,http://ufcstats.com/fight-details/11249454ed5fd71f,3,5:00
"May 18, 2013",Flyweight,http://ufcstats.com/fight-details/8aff100107d0ba11,2,1:07
"May 18, 2013",Flyweight,http://ufcstats.com/fight-details/caa56c26127bf7e8,3,5:00
"May 18, 2013",Lightweight,http://ufcstats.com/fight-details/eacfc05c3e5ead5e,3,0:13
"April 27, 2013",Light Heavyweight,http://ufcstats.com/fight-details/8151421edf24a821,1,4:33
"April 27, 2013",Middleweight,http://ufcstats.com/fight-details/1ac61e415deca2fe,3,4:31
"April 27, 2013",Heavyweight,http://ufcstats.com/fight-details/04e6a26fe2a4017d,1,2:03
"April 27, 2013",Light Heavyweight,http://ufcstats.com/fight-details/c29850ed8d9d1073,3,5:00
"April 27, 2013",Lightweight,http://ufcstats.com/fight-details/bb59b82bddc96cca,3,4:02
"April 27, 2013",Lightweight,http://ufcstats.com/fight-details/59ad5b88804afbf5,1,2:32
"April 27, 2013",Light Heavyweight,http://ufcstats.com/fight-details/523e8ca343a0becc,3,0:33
"April 27, 2013",Women's Bantamweight,http://ufcstats.com/fight-details/fb30b2752d3dc1eb,1,4:06
"April 27, 2013",Bantamweight,http://ufcstats.com/fight-details/372a0456aa4ff6cf,3,4:44
"April 27, 2013",Featherweight,http://ufcstats.com/fight-details/44ad16cd4e6c93d7,3,5:00
"April 27, 2013",Featherweight,http://ufcstats.com/fight-details/6d6a1834e0d18f0c,3,5:00
"April 20, 2013",Lightweight,http://ufcstats.com/fight-details/6599a94704d56719,5,5:00
"April 20, 2013",Heavyweight,http://ufcstats.com/fight-details/4dd561df1ca58ab8,3,5:00
"April 20, 2013",Lightweight,http://ufcstats.com/fight-details/56ce29bdb1fe9abf,2,3:44
"April 20, 2013",Welterweight,http://ufcstats.com/fight-details/004885f7983f4658,2,1:00
"April 20, 2013",Featherweight,http://ufcstats.com/fight-details/d13ea6559225991f,1,1:08
"April 20, 2013",Middleweight,http://ufcstats.com/fight-details/3566c8e9d3a9caa8,3,5:00
"April 20, 2013",Lightweight,http://ufcstats.com/fight-details/704adfae22d0dfb8,2,1:02
"April 20, 2013",Flyweight,http://ufcstats.com/fight-details/a6797238f9f98644,2,4:50
"April 20, 2013",Lightweight,http://ufcstats.com/fight-details/786033c27fdaa020,3,5:00
"April 20, 2013",Bantamweight,http://ufcstats.com/fight-details/b229ee2997b70d16,1,4:22
"April 20, 2013",Lightweight,http://ufcstats.com/fight-details/56ad1de1924984ad,2,2:52
"April 20, 2013",Middleweight,http://ufcstats.com/fight-details/c8a48abe3263f796,1,1:32
"April 13, 2013",Bantamweight,http://ufcstats.com/fight-details/b4d0659f60c8aa7c,4,3:16
"April 13, 2013",Middleweight,http://ufcstats.com/fight-details/f286aad7b3558b21,3,5:00
"April 13, 2013",Women's Bantamweight,http://ufcstats.com/fight-details/2594287e8fa31404,3,2:55
"April 13, 2013",Heavyweight,http://ufcstats.com/fight-details/5ba1e6f5519074c9,1,1:11
"April 13, 2013",Middleweight,http://ufcstats.com/fight-details/dc85144d1d945076,3,2:49
"April 13, 2013",Middleweight,http://ufcstats.com/fight-details/5067fe22dbc4baff,2,2:17
"April 13, 2013",Middleweight,http://ufcstats.com/fight-details/8c8468ed2878dc0a,3,5:00
"April 13, 2013",Middleweight,http://ufcstats.com/fight-details/adf590055f922f5b,1,3:22
"April 13, 2013",Middleweight,http://ufcstats.com/fight-details/40a43ffdd1624bed,3,3:53
"April 13, 2013",Featherweight,http://ufcstats.com/fight-details/4f850f7e35d85bb8,1,4:23
"April 13, 2013",Featherweight,http://ufcstats.com/fight-details/0a5a021cb11299bf,3,5:00
"April 13, 2013",Featherweight,http://ufcstats.com/fight-details/ae0fdb792308b0f8,1,1:35
"April 06, 2013",Light Heavyweight,http://ufcstats.com/fight-details/3509779ebe302d06,3,5:00
"April 06, 2013",Lightweight,http://ufcstats.com/fight-details/fa520c5834cda94e,2,3:45
"April 06, 2013",Heavyweight,http://ufcstats.com/fight-details/a89b9eeacdb85ec1,1,0:19
"April 06, 2013",Bantamweight,http://ufcstats.com/fight-details/4e69c86d09c9f782,3,5:00
"April 06, 2013",Featherweight,http://ufcstats.com/fight-details/f3ebaf9af44c1e6d,1,3:27
"April 06, 2013",Featherweight,http://ufcstats.com/fight-details/53467e6296c2e5e6,3,5:00
"April 06, 2013",Lightweight,http://ufcstats.com/fight-details/bc0779b232828e67,3,1:33
"April 06, 2013",Middleweight,http://ufcstats.com/fight-details/7047b70f28c2d2fd,1,3:11
"April 06, 2013",Welterweight,http://ufcstats.com/fight-details/9eb1ce435cc1536e,3,5:00
"April 06, 2013",Featherweight,http://ufcstats.com/fight-details/24393bea0c4cf49a,1,1:07
"April 06, 2013",Welterweight,http://ufcstats.com/fight-details/8b0ff8defc1a14f4,3,5:00
"April 06, 2013",Middleweight,http://ufcstats.com/fight-details/438f5404c43303b8,2,1:05
"April 06, 2013",Welterweight,http://ufcstats.com/fight-details/e67e15cc6578d1c3,3,5:00
"March 16, 2013",Welterweight,http://ufcstats.com/fight-details/e5e3c3a055df3016,5,5:00
"March 16, 2013",Welterweight,http://ufcstats.com/fight-details/29398b15b94c3847,3,5:00
"March 16, 2013",Welterweight,http://ufcstats.com/fight-details/5adcbd20eed3795d,1,3:00
"March 16, 2013",Middleweight,http://ufcstats.com/fight-details/79dcde3ad50f6165,3,5:00
"March 16, 2013",Lightweight,http://ufcstats.com/fight-details/cc6e74d0558b7340,3,5:00
"March 16, 2013",Welterweight,http://ufcstats.com/fight-details/d0797451df1de80f,3,5:00
"March 16, 2013",Featherweight,http://ufcstats.com/fight-details/7b9de06ef8c09ba6,1,3:06
"March 16, 2013",Welterweight,http://ufcstats.com/fight-details/b6c46c3c239e7863,1,4:42
"March 16, 2013",Lightweight,http://ufcstats.com/fight-details/0bd0ca01a255038c,3,5:00
"March 16, 2013",Welterweight,http://ufcstats.com/fight-details/9030c92a161afaf9,1,3:05
"March 16, 2013",Bantamweight,http://ufcstats.com/fight-details/9c3db86db300119e,2,0:26
"March 16, 2013",Bantamweight,http://ufcstats.com/fight-details/8e4650807ea06626,3,5:00
"March 02, 2013",Light Heavyweight,http://ufcstats.com/fight-details/e2b547e64f6532bb,2,4:08
"March 02, 2013",Heavyweight,http://ufcstats.com/fight-details/c996b2ff10a915b1,3,1:44
"March 02, 2013",Lightweight,http://ufcstats.com/fight-details/1acde2739237c4f8,3,5:00
"March 02, 2013",Middleweight,http://ufcstats.com/fight-details/e830cb1df07f3466,3,5:00
"March 02, 2013",Featherweight,http://ufcstats.com/fight-details/1dcc880fc80e6332,3,5:00
"March 02, 2013",Welterweight,http://ufcstats.com/fight-details/e0bdef2580715030,3,5:00
"March 02, 2013",Middleweight,http://ufcstats.com/fight-details/c79c00f5443c2f6e,3,5:00
"March 02, 2013",Bantamweight,http://ufcstats.com/fight-details/7af713ee9e3006eb,3,5:00
"March 02, 2013",Lightweight,http://ufcstats.com/fight-details/8666332154fc6f4a,3,5:00
"March 02, 2013",Bantamweight,http://ufcstats.com/fight-details/be70a2f68f6ad3e7,3,5:00
"March 02, 2013",Welterweight,http://ufcstats.com/fight-details/68e1a69423360900,2,4:00
"February 23, 2013",Women's Bantamweight,http://ufcstats.com/fight-details/e9e6023dbba9a8b0,1,4:49
"February 23, 2013",Light Heavyweight,http://ufcstats.com/fight-details/ee43dc83049ecc8d,3,5:00
"February 23, 2013",Bantamweight,http://ufcstats.com/fight-details/785c0e68b34ea383,1,4:34
"February 23, 2013",Welterweight,http://ufcstats.com/fight-details/db43605f10bd67b4,3,5:00
"February 23, 2013",Welterweight,http://ufcstats.com/fight-details/b4db19e62f087a7f,1,3:57
"February 23, 2013",Heavyweight,http://ufcstats.com/fight-details/50eb4822a74a417e,3,5:00
"February 23, 2013",Lightweight,http://ufcstats.com/fight-details/69f8e2ba5d1048d4,2,2:29
"February 23, 2013",Featherweight,http://ufcstats.com/fight-details/80769cf090fa34dd,3,5:00
"February 23, 2013",Lightweight,http://ufcstats.com/fight-details/2b3a1c063245e280,3,5:00
"February 23, 2013",Welterweight,http://ufcstats.com/fight-details/2a8ff828e4891b82,1,2:57
"February 23, 2013",Welterweight,http://ufcstats.com/fight-details/919ddc634c54ad20,3,5:00
"February 23, 2013",Welterweight,http://ufcstats.com/fight-details/69ca032aaef2e3d0,3,5:00
"February 16, 2013",Bantamweight,http://ufcstats.com/fight-details/3dbf17b9946d26db,4,3:57
"February 16, 2013",Featherweight,http://ufcstats.com/fight-details/493b7a8e3253b133,3,5:00
"February 16, 2013",Light Heavyweight,http://ufcstats.com/fight-details/2968840a5f24ce9f,1,5:00
"February 16, 2013",Welterweight,http://ufcstats.com/fight-details/7549887ba7ae86e6,3,5:00
"February 16, 2013",Light Heavyweight,http://ufcstats.com/fight-details/635ef1f12a60e9d7,3,5:00
"February 16, 2013",Welterweight,http://ufcstats.com/fight-details/287c71b9017c5769,3,5:00
"February 16, 2013",Lightweight,http://ufcstats.com/fight-details/e27a9b4b4a46f091,3,5:00
"February 16, 2013",Lightweight,http://ufcstats.com/fight-details/530558f01ac425af,3,5:00
"February 16, 2013",Featherweight,http://ufcstats.com/fight-details/d607908be8b19273,3,5:00
"February 16, 2013",Middleweight,http://ufcstats.com/fight-details/22a574162e2ebcf6,2,4:42
"February 16, 2013",Bantamweight,http://ufcstats.com/fight-details/f509d5ffcc3f46fe,3,5:00
"February 16, 2013",Flyweight,http://ufcstats.com/fight-details/16ba92318ff66d4a,3,5:00
"February 02, 2013",Featherweight,http://ufcstats.com/fight-details/1c4e4b3358089960,5,5:00
"February 02, 2013",Light Heavyweight,http://ufcstats.com/fight-details/031eac0f0f85d0bf,3,5:00
"February 02, 2013",Heavyweight,http://ufcstats.com/fight-details/21419797f539de5e,3,0:25
"February 02, 2013",Welterweight,http://ufcstats.com/fight-details/171eb38b335030d3,3,5:00
"February 02, 2013",Flyweight,http://ufcstats.com/fight-details/40cc0ccf580a4836,3,5:00
"February 02, 2013",Lightweight,http://ufcstats.com/fight-details/1d43112d98de273a,3,5:00
"February 02, 2013",Welterweight,http://ufcstats.com/fight-details/8bcdb1c3418fe739,1,0:36
"February 02, 2013",Lightweight,http://ufcstats.com/fight-details/cd03bff050e53625,3,4:25
"February 02, 2013",Lightweight,http://ufcstats.com/fight-details/54c842a037183f48,3,5:00
"February 02, 2013",Bantamweight,http://ufcstats.com/fight-details/6247ad19755b71d6,3,1:50
"February 02, 2013",Bantamweight,http://ufcstats.com/fight-details/42eba784becde9ad,2,4:20
"January 26, 2013",Flyweight,http://ufcstats.com/fight-details/9b9591a4f7febe32,5,5:00
"January 26, 2013",Light Heavyweight,http://ufcstats.com/fight-details/638093bc4f69f639,3,5:00
"January 26, 2013",Lightweight,http://ufcstats.com/fight-details/bddf441908777c0c,1,2:35
"January 26, 2013",Featherweight,http://ufcstats.com/fight-details/4e87af7e5156bbf7,2,2:32
"January 26, 2013",Lightweight,http://ufcstats.com/fight-details/e8c24a1754599237,1,4:51
"January 26, 2013",Featherweight,http://ufcstats.com/fight-details/76690fbdcaa85c21,3,5:00
"January 26, 2013",Welterweight,http://ufcstats.com/fight-details/856e171bdfc98cb5,3,5:00
"January 26, 2013",Light Heavyweight,http://ufcstats.com/fight-details/97cec48c97e7ea31,1,0:50
"January 26, 2013",Heavyweight,http://ufcstats.com/fight-details/ca28f69fa42f88ed,2,3:48
"January 26, 2013",Middleweight,http://ufcstats.com/fight-details/df0d3dec831e2142,3,2:13
"January 26, 2013",Welterweight,http://ufcstats.com/fight-details/83f6a6fc79036749,3,5:00
"January 19, 2013",Middleweight,http://ufcstats.com/fight-details/b51d691b9f5603a8,2,1:27
"January 19, 2013",Middleweight,http://ufcstats.com/fight-details/4d231d5d5f815085,3,5:00
"January 19, 2013",Heavyweight,http://ufcstats.com/fight-details/2eeb1656692bd967,2,1:01
"January 19, 2013",Lightweight,http://ufcstats.com/fight-details/7651b2e09ea2c420,1,1:55
"January 19, 2013",Featherweight,http://ufcstats.com/fight-details/8f426040f746905d,3,5:00
"January 19, 2013",Middleweight,http://ufcstats.com/fight-details/dff7ce155b47442c,3,5:00
"January 19, 2013",Featherweight,http://ufcstats.com/fight-details/302ce74d8b0d12a6,3,5:00
"January 19, 2013",Lightweight,http://ufcstats.com/fight-details/470f6fdd47f671fd,1,2:38
"January 19, 2013",Bantamweight,http://ufcstats.com/fight-details/7601245171a28da1,1,2:11
"January 19, 2013",Light Heavyweight,http://ufcstats.com/fight-details/c7ad34973f9d1cf6,2,2:39
"January 19, 2013",Lightweight,http://ufcstats.com/fight-details/f4273b2155fe20fe,2,1:50
"December 29, 2012",Heavyweight,http://ufcstats.com/fight-details/02a373f6503b3530,5,5:00
"December 29, 2012",Lightweight,http://ufcstats.com/fight-details/5d7a720a2e2f4749,3,5:00
"December 29, 2012",Middleweight,http://ufcstats.com/fight-details/526790a5b3c4b5a2,3,2:11
"December 29, 2012",Middleweight,http://ufcstats.com/fight-details/23cdc3ef525ba8e4,3,5:00
"December 29, 2012",Middleweight,http://ufcstats.com/fight-details/bab948352454f302,3,5:00
"December 29, 2012",Bantamweight,http://ufcstats.com/fight-details/5a65ffe3842ce2f2,3,5:00
"December 29, 2012",Bantamweight,http://ufcstats.com/fight-details/ea9059fd076a2f1e,1,3:50
"December 29, 2012",Lightweight,http://ufcstats.com/fight-details/0d4927585d0480fc,3,5:00
"December 29, 2012",Lightweight,http://ufcstats.com/fight-details/85f67de8e9dc5689,3,5:00
"December 29, 2012",Heavyweight,http://ufcstats.com/fight-details/84500d5c1aba97a2,1,2:04
"December 29, 2012",Featherweight,http://ufcstats.com/fight-details/a551d93167533459,3,5:00
"December 29, 2012",Flyweight,http://ufcstats.com/fight-details/fc9ec3a01d0129b6,3,1:11
"December 15, 2012",Heavyweight,http://ufcstats.com/fight-details/5bcc7204a43cf34e,1,2:58
"December 15, 2012",Welterweight,http://ufcstats.com/fight-details/99c12cc04b4261bf,3,5:00
"December 15, 2012",Heavyweight,http://ufcstats.com/fight-details/cade8a4e97911e89,2,0:26
"December 15, 2012",Featherweight,http://ufcstats.com/fight-details/e88c59ad88e9dc27,1,4:15
"December 15, 2012",Welterweight,http://ufcstats.com/fight-details/1d20bba4aca5f81a,1,1:55
"December 15, 2012",Bantamweight,http://ufcstats.com/fight-details/452a9728317893d7,2,1:00
"December 15, 2012",Lightweight,http://ufcstats.com/fight-details/12d17a837caeae63,1,2:15
"December 15, 2012",Welterweight,http://ufcstats.com/fight-details/6b83234360b3ca62,2,1:04
"December 15, 2012",Bantamweight,http://ufcstats.com/fight-details/6463a48c9347a9f3,1,4:05
"December 15, 2012",Lightweight,http://ufcstats.com/fight-details/8935fc5943a78c20,3,4:11
"December 15, 2012",Flyweight,http://ufcstats.com/fight-details/b43c83505edcd8fa,3,5:00
"December 14, 2012",Lightweight,http://ufcstats.com/fight-details/e2bacdc395aa7b40,3,0:41
"December 14, 2012",Welterweight,http://ufcstats.com/fight-details/d6b3c56a4cf14c1a,3,5:00
"December 14, 2012",Lightweight,http://ufcstats.com/fight-details/ddf2eff896475431,3,5:00
"December 14, 2012",Middleweight,http://ufcstats.com/fight-details/6834ae686aa0c588,1,3:38
"December 14, 2012",Featherweight,http://ufcstats.com/fight-details/a6097fd4e77cb881,1,1:55
"December 14, 2012",Light Heavyweight,http://ufcstats.com/fight-details/61d89fc97e7b145c,3,5:00
"December 14, 2012",Welterweight,http://ufcstats.com/fight-details/d4c85298623130de,3,5:00
"December 14, 2012",Welterweight,http://ufcstats.com/fight-details/e57b884785848624,1,4:57
"December 14, 2012",Lightweight,http://ufcstats.com/fight-details/f82c414666fe934c,3,5:00
"December 14, 2012",Light Heavyweight,http://ufcstats.com/fight-details/4eda704823ccfb71,1,4:35
"December 08, 2012",Lightweight,http://ufcstats.com/fight-details/bc72dac46f0383f1,5,5:00
"December 08, 2012",Light Heavyweight,http://ufcstats.com/fight-details/3b1aed7d00a775c6,3,5:00
"December 08, 2012",Welterweight,http://ufcstats.com/fight-details/2adfc6444d1adc01,3,5:00
"December 08, 2012",Welterweight,http://ufcstats.com/fight-details/405cbbcaa79db24b,2,2:31
"December 08, 2012",Lightweight,http://ufcstats.com/fight-details/9caaca5748ea9086,1,1:55
"December 08, 2012",Bantamweight,http://ufcstats.com/fight-details/b3e520f1092401c1,3,5:00
"December 08, 2012",Lightweight,http://ufcstats.com/fight-details/b57345c34f6d2ab3,3,5:00
"December 08, 2012",Lightweight,http://ufcstats.com/fight-details/5c36d760c7e272f5,2,2:57
"December 08, 2012",Lightweight,http://ufcstats.com/fight-details/ed8944898353b526,2,3:56
"December 08, 2012",Featherweight,http://ufcstats.com/fight-details/41d1e163b930426b,3,5:00
"December 08, 2012",Bantamweight,http://ufcstats.com/fight-details/f0cf2ca8e5c621a8,1,4:59
"November 17, 2012",Welterweight,http://ufcstats.com/fight-details/8d12287f672cabd8,5,5:00
"November 17, 2012",Welterweight,http://ufcstats.com/fight-details/4a29c1f671bd89cb,1,0:46
"November 17, 2012",Middleweight,http://ufcstats.com/fight-details/4861212df08bbf77,3,5:00
"November 17, 2012",Lightweight,http://ufcstats.com/fight-details/a65cf6951e097273,3,5:00
"November 17, 2012",Featherweight,http://ufcstats.com/fight-details/bc3323f172832a53,3,5:00
"November 17, 2012",Middleweight,http://ufcstats.com/fight-details/72a3ec0672871ab4,1,1:26
"November 17, 2012",Light Heavyweight,http://ufcstats.com/fight-details/1f7c1c741b06a3ed,1,2:24
"November 17, 2012",Lightweight,http://ufcstats.com/fight-details/467d2dc6a71e1b00,3,5:00
"November 17, 2012",Featherweight,http://ufcstats.com/fight-details/f6d8bdc3cdcf1dd8,3,5:00
"November 17, 2012",Welterweight,http://ufcstats.com/fight-details/30ebe705eac7b121,3,5:00
"November 17, 2012",Bantamweight,http://ufcstats.com/fight-details/9b6806203bc4875a,1,2:44
"November 17, 2012",Featherweight,http://ufcstats.com/fight-details/e843a7a6f49db3bb,3,5:00
"November 10, 2012",Middleweight,http://ufcstats.com/fight-details/1a113ac3255f3ac3,1,2:17
"November 10, 2012",Light Heavyweight,http://ufcstats.com/fight-details/346875f19aefc88d,3,1:45
"November 10, 2012",Welterweight,http://ufcstats.com/fight-details/dd875196c446fdf0,3,5:00
"November 10, 2012",Lightweight,http://ufcstats.com/fight-details/0fad42b9ab3f31be,3,5:00
"November 10, 2012",Lightweight,http://ufcstats.com/fight-details/8d556e2826924946,3,5:00
"November 10, 2012",Bantamweight,http://ufcstats.com/fight-details/e881ba0a28fffb6e,3,5:00
"November 10, 2012",Bantamweight,http://ufcstats.com/fight-details/01993fb1d4b34b21,3,5:00
"November 10, 2012",Flyweight,http://ufcstats.com/fight-details/b79a0b9c1f729c0d,3,5:00
"November 10, 2012",Middleweight,http://ufcstats.com/fight-details/dd440cb166329a82,3,5:00
"October 13, 2012",Light Heavyweight,http://ufcstats.com/fight-details/526ab0f38313c630,1,4:40
"October 13, 2012",Heavyweight,http://ufcstats.com/fight-details/dba1add63d4bcbaa,2,4:31
"October 13, 2012",Light Heavyweight,http://ufcstats.com/fight-details/778d3f5c4bcc2927,2,5:00
"October 13, 2012",Welterweight,http://ufcstats.com/fight-details/034ce0af4dedbfd7,3,5:00
"October 13, 2012",Light Heavyweight,http://ufcstats.com/fight-details/4c9cb823fd7e3e2c,2,4:29
"October 13, 2012",Welterweight,http://ufcstats.com/fight-details/219610bc6e7d9196,1,2:30
"October 13, 2012",Featherweight,http://ufcstats.com/fight-details/dab5e3680cf6eac7,2,4:16
"October 13, 2012",Lightweight,http://ufcstats.com/fight-details/297a3fe0edd6f1c5,3,5:00
"October 13, 2012",Featherweight,http://ufcstats.com/fight-details/eaa0355223b770dc,3,5:00
"October 13, 2012",Welterweight,http://ufcstats.com/fight-details/5ab7629e07da22e6,3,3:10
"October 13, 2012",Middleweight,http://ufcstats.com/fight-details/d9df78e82953bfe5,3,5:00
"October 13, 2012",Lightweight,http://ufcstats.com/fight-details/e3072951bb030826,3,5:00
"October 05, 2012",Heavyweight,http://ufcstats.com/fight-details/0cced3b02b6b1b95,1,3:27
"October 05, 2012",Welterweight,http://ufcstats.com/fight-details/8802182074bf4a3a,3,5:00
"October 05, 2012",Flyweight,http://ufcstats.com/fight-details/dc5e46b2ee0898ec,2,4:35
"October 05, 2012",Welterweight,http://ufcstats.com/fight-details/b56d1822b9f9a35f,1,0:45
"October 05, 2012",Lightweight,http://ufcstats.com/fight-details/3195350c98c9491d,2,1:06
"October 05, 2012",Welterweight,http://ufcstats.com/fight-details/28990faebda68fa8,2,0:29
"October 05, 2012",Lightweight,http://ufcstats.com/fight-details/5e69e2fa8421ce5e,3,5:00
"October 05, 2012",Lightweight,http://ufcstats.com/fight-details/a80162f4c8842da3,1,2:38
"October 05, 2012",Featherweight,http://ufcstats.com/fight-details/a6548a1e188c53fb,3,5:00
"October 05, 2012",Flyweight,http://ufcstats.com/fight-details/147c04a6798a69c3,2,3:38
"September 29, 2012",Heavyweight,http://ufcstats.com/fight-details/a97a7707d5021181,2,3:50
"September 29, 2012",Welterweight,http://ufcstats.com/fight-details/1332dc236a3fd3b2,3,5:00
"September 29, 2012",Bantamweight,http://ufcstats.com/fight-details/21392a61a2cf24a3,1,3:40
"September 29, 2012",Lightweight,http://ufcstats.com/fight-details/29cd6bee493a8662,1,3:48
"September 29, 2012",Welterweight,http://ufcstats.com/fight-details/91e4da6ecf28a7a3,3,5:00
"September 29, 2012",Welterweight,http://ufcstats.com/fight-details/4c54ca018e70ed04,1,2:28
"September 29, 2012",Light Heavyweight,http://ufcstats.com/fight-details/26f876a7fb1020e1,2,5:00
"September 29, 2012",Featherweight,http://ufcstats.com/fight-details/cc6934588298958e,3,5:00
"September 29, 2012",Middleweight,http://ufcstats.com/fight-details/e34d313fbe1c28f1,3,5:00
"September 29, 2012",Catch Weight,http://ufcstats.com/fight-details/ddf768753c8030c1,1,3:34
"September 29, 2012",Featherweight,http://ufcstats.com/fight-details/e0a69c1f4a019727,1,0:23
"September 22, 2012",Light Heavyweight,http://ufcstats.com/fight-details/8af511cc6e6a9678,4,0:54
"September 22, 2012",Flyweight,http://ufcstats.com/fight-details/9890835f4c1c6b75,5,5:00
"September 22, 2012",Middleweight,http://ufcstats.com/fight-details/c97d0a476c2e7cb5,3,5:00
"September 22, 2012",Light Heavyweight,http://ufcstats.com/fight-details/304fc030ee6dd9ee,3,5:00
"September 22, 2012",Featherweight,http://ufcstats.com/fight-details/307b12b9f08a4cbf,1,2:40
"September 22, 2012",Light Heavyweight,http://ufcstats.com/fight-details/3367081258d6ae12,2,1:14
"September 22, 2012",Lightweight,http://ufcstats.com/fight-details/5af6a54d7e0f2b7f,3,5:00
"September 22, 2012",Welterweight,http://ufcstats.com/fight-details/de1124dba8c1a1b0,3,5:00
"September 22, 2012",Featherweight,http://ufcstats.com/fight-details/147e0b1c64cb7ef0,3,5:00
"September 22, 2012",Welterweight,http://ufcstats.com/fight-details/aa1db19806dfd62e,1,4:10
"September 22, 2012",Bantamweight,http://ufcstats.com/fight-details/2aff05a835ed715e,1,1:09
"September 22, 2012",Welterweight,http://ufcstats.com/fight-details/87790788d1bb3b75,1,0:45
"August 11, 2012",Lightweight,http://ufcstats.com/fight-details/7ddf71a85fbb0e4c,5,5:00
"August 11, 2012",Lightweight,http://ufcstats.com/fight-details/7c07a71fa1882bf4,1,1:16
"August 11, 2012",Middleweight,http://ufcstats.com/fight-details/c47cf097227cc6a0,3,5:00
"August 11, 2012",Middleweight,http://ufcstats.com/fight-details/f0d5e2c27c9fd2c1,2,3:05
"August 11, 2012",Featherweight,http://ufcstats.com/fight-details/42f11b82d67585af,2,4:49
"August 11, 2012",Featherweight,http://ufcstats.com/fight-details/0c58b5f37bfeb65a,1,4:43
"August 11, 2012",Middleweight,http://ufcstats.com/fight-details/9360a34eb511a9b4,2,2:16
"August 11, 2012",Bantamweight,http://ufcstats.com/fight-details/19da5aa17c896a1a,1,0:17
"August 11, 2012",Bantamweight,http://ufcstats.com/fight-details/be6d6abb11ef8297,3,5:00
"August 11, 2012",Featherweight,http://ufcstats.com/fight-details/4af9088a165c7751,1,3:45
"August 04, 2012",Light Heavyweight,http://ufcstats.com/fight-details/1cbffe3a467d0ded,4,4:09
"August 04, 2012",Light Heavyweight,http://ufcstats.com/fight-details/957b7c74ce120a32,2,1:32
"August 04, 2012",Lightweight,http://ufcstats.com/fight-details/4c4e1f7521c27900,3,2:44
"August 04, 2012",Welterweight,http://ufcstats.com/fight-details/1e2677e481a587fd,2,1:20
"August 04, 2012",Featherweight,http://ufcstats.com/fight-details/d2ea9181abacc2ee,3,5:00
"August 04, 2012",Light Heavyweight,http://ufcstats.com/fight-details/7e27d9f37c217b63,1,1:28
"August 04, 2012",Featherweight,http://ufcstats.com/fight-details/9a85303025a077b5,1,3:15
"August 04, 2012",Heavyweight,http://ufcstats.com/fight-details/758ec6b5d55c1b09,2,4:16
"August 04, 2012",Featherweight,http://ufcstats.com/fight-details/3e6dfafb8aa780f9,3,5:00
"August 04, 2012",Flyweight,http://ufcstats.com/fight-details/08bd9e03c187f66b,1,3:46
"July 21, 2012",Bantamweight,http://ufcstats.com/fight-details/50a381c1eb88dbb0,5,5:00
"July 21, 2012",Middleweight,http://ufcstats.com/fight-details/b6620177ac975ff2,3,5:00
"July 21, 2012",Heavyweight,http://ufcstats.com/fight-details/66785060ebaa2387,3,5:00
"July 21, 2012",Welterweight,http://ufcstats.com/fight-details/c330107229012260,3,5:00
"July 21, 2012",Welterweight,http://ufcstats.com/fight-details/ccacbe6a4c31cd45,3,2:02
"July 21, 2012",Middleweight,http://ufcstats.com/fight-details/3c552514bb9b5c98,3,5:00
"July 21, 2012",Bantamweight,http://ufcstats.com/fight-details/93ffadd9e41af797,1,4:19
"July 21, 2012",Light Heavyweight,http://ufcstats.com/fight-details/ec5e9ce2be2e1586,1,0:07
"July 21, 2012",Bantamweight,http://ufcstats.com/fight-details/fa6775e369b9eec9,3,1:39
"July 21, 2012",Featherweight,http://ufcstats.com/fight-details/64fa0e558f5d1b24,1,1:11
"July 21, 2012",Lightweight,http://ufcstats.com/fight-details/b616ec23516b7244,3,5:00
"July 11, 2012",Middleweight,http://ufcstats.com/fight-details/8d2f3e0abb22689f,2,1:37
"July 11, 2012",Light Heavyweight,http://ufcstats.com/fight-details/0d63a7d3e08df3db,3,5:00
"July 11, 2012",Welterweight,http://ufcstats.com/fight-details/1eb7733d880a0b8f,3,5:00
"July 11, 2012",Middleweight,http://ufcstats.com/fight-details/d37660fceaa8125a,2,1:39
"July 11, 2012",Bantamweight,http://ufcstats.com/fight-details/7287b029f4596be7,1,2:33
"July 11, 2012",Lightweight,http://ufcstats.com/fight-details/34e67c2b110f6b6a,3,5:00
"July 11, 2012",Bantamweight,http://ufcstats.com/fight-details/d6dcbf543d7e303d,2,1:27
"July 11, 2012",Flyweight,http://ufcstats.com/fight-details/1085f281dd966d96,3,5:00
"July 11, 2012",Middleweight,http://ufcstats.com/fight-details/0ae4889892f21738,2,4:52
"July 11, 2012",Welterweight,http://ufcstats.com/fight-details/831957c67bfc4486,3,5:00
"July 11, 2012",Bantamweight,http://ufcstats.com/fight-details/a914df32b95a1abc,2,0:25
"July 07, 2012",Middleweight,http://ufcstats.com/fight-details/83526f699d25e4e4,2,1:55
"July 07, 2012",Light Heavyweight,http://ufcstats.com/fight-details/cf04a408cedb37ff,3,5:00
"July 07, 2012",Middleweight,http://ufcstats.com/fight-details/64d4c58a37e1d29b,3,5:00
"July 07, 2012",Welterweight,http://ufcstats.com/fight-details/61cb2ca1469c83ba,1,0:47
"July 07, 2012",Featherweight,http://ufcstats.com/fight-details/d1268ffa059f9d42,1,0:31
"July 07, 2012",Bantamweight,http://ufcstats.com/fight-details/21751a3cc69e5aae,3,5:00
"July 07, 2012",Lightweight,http://ufcstats.com/fight-details/0c37ff69a00c0e74,3,5:00
"July 07, 2012",Lightweight,http://ufcstats.com/fight-details/ded18af0e4eae2f7,3,5:00
"July 07, 2012",Middleweight,http://ufcstats.com/fight-details/2f5e137118d57d0e,3,5:00
"July 07, 2012",Lightweight,http://ufcstats.com/fight-details/5c783d455daff573,3,5:00
"July 07, 2012",Lightweight,http://ufcstats.com/fight-details/8e7b1dfc608a2ef4,3,5:00
"June 23, 2012",Catch Weight,http://ufcstats.com/fight-details/1b80d5696c2dc640,5,5:00
"June 23, 2012",Middleweight,http://ufcstats.com/fight-details/9232fed045b1f4f9,3,5:00
"June 23, 2012",Featherweight,http://ufcstats.com/fight-details/366de1daf05a2b62,3,5:00
"June 23, 2012",Heavyweight,http://ufcstats.com/fight-details/0239f24134022656,1,2:28
"June 23, 2012",Featherweight,http://ufcstats.com/fight-details/f638f176dd1834c0,3,5:00
"June 23, 2012",Featherweight,http://ufcstats.com/fight-details/1bfb8faa1edd3867,1,2:12
"June 23, 2012",Middleweight,http://ufcstats.com/fight-details/c1bf9ca94c1f7f09,1,4:21
"June 23, 2012",Featherweight,http://ufcstats.com/fight-details/00c20fa576380ac8,3,5:00
"June 23, 2012",Middleweight,http://ufcstats.com/fight-details/cc3e0c5a0f868502,3,0:41
"June 23, 2012",Featherweight,http://ufcstats.com/fight-details/f269d25146eec937,3,1:04
"June 23, 2012",Featherweight,http://ufcstats.com/fight-details/1c0bf66167c91e01,3,5:00
"June 22, 2012",Lightweight,http://ufcstats.com/fight-details/18efcec3c51750e9,5,5:00
"June 22, 2012",Lightweight,http://ufcstats.com/fight-details/756cae177016ebf1,3,5:00
"June 22, 2012",Welterweight,http://ufcstats.com/fight-details/69fd05c73b645a62,3,5:00
"June 22, 2012",Featherweight,http://ufcstats.com/fight-details/40fa0bf9783cdc2e,2,4:14
"June 22, 2012",Featherweight,http://ufcstats.com/fight-details/8a1678a54dc82206,3,5:00
"June 22, 2012",Lightweight,http://ufcstats.com/fight-details/00731068c3195f7f,1,2:29
"June 22, 2012",Welterweight,http://ufcstats.com/fight-details/2d3cbfb47faf717d,3,5:00
"June 22, 2012",Featherweight,http://ufcstats.com/fight-details/cd055be419f77f3e,1,2:47
"June 22, 2012",Middleweight,http://ufcstats.com/fight-details/f4af2b4349b7b589,3,1:51
"June 22, 2012",Welterweight,http://ufcstats.com/fight-details/a497d4a83afe6f2d,2,4:20
"June 22, 2012",Welterweight,http://ufcstats.com/fight-details/ecb9c5ae7fd7a5cc,3,3:12
"June 22, 2012",Bantamweight,http://ufcstats.com/fight-details/179426f56818a1c9,3,5:00
"June 08, 2012",Flyweight,http://ufcstats.com/fight-details/2cf065874bcc4144,3,5:00
"June 08, 2012",Welterweight,http://ufcstats.com/fight-details/77b6fd5d0b8c60b4,1,4:33
"June 08, 2012",Welterweight,http://ufcstats.com/fight-details/be6024894ebcb360,1,4:56
"June 08, 2012",Bantamweight,http://ufcstats.com/fight-details/ed697b0ef9d455e4,2,4:10
"June 08, 2012",Welterweight,http://ufcstats.com/fight-details/13a6496a09ae821e,3,5:00
"June 08, 2012",Welterweight,http://ufcstats.com/fight-details/2771872dd02e5d19,3,5:00
"June 08, 2012",Featherweight,http://ufcstats.com/fight-details/a6d07c32a1cb9730,3,5:00
"June 08, 2012",Bantamweight,http://ufcstats.com/fight-details/2ccecfdd7683043e,1,3:21
"June 08, 2012",Lightweight,http://ufcstats.com/fight-details/1984570de7f0c89e,1,1:06
"June 08, 2012",Middleweight,http://ufcstats.com/fight-details/873886ee1dee4c9a,3,5:00
"June 08, 2012",Lightweight,http://ufcstats.com/fight-details/d1ad8d6ef48f7835,3,5:00
"June 08, 2012",Welterweight,http://ufcstats.com/fight-details/d08a7d4de3c760ec,3,5:00
"June 01, 2012",Welterweight,http://ufcstats.com/fight-details/8422c70a72eb9291,2,1:40
"June 01, 2012",Lightweight,http://ufcstats.com/fight-details/1c245dc63a0b9d51,1,2:47
"June 01, 2012",Featherweight,http://ufcstats.com/fight-details/0b5c7c95b0316276,2,2:42
"June 01, 2012",Featherweight,http://ufcstats.com/fight-details/fe1ce9e3a38a734b,3,5:00
"June 01, 2012",Lightweight,http://ufcstats.com/fight-details/64e7c4ee81d46900,3,0:19
"June 01, 2012",Lightweight,http://ufcstats.com/fight-details/06a28491fe26baa6,3,5:00
"June 01, 2012",Lightweight,http://ufcstats.com/fight-details/2a7cf1a89de3709e,1,4:03
"June 01, 2012",Lightweight,http://ufcstats.com/fight-details/fa8c1f3d27fc349c,2,2:53
"June 01, 2012",Lightweight,http://ufcstats.com/fight-details/e8bb812cd91d9c28,1,1:59
"June 01, 2012",Bantamweight,http://ufcstats.com/fight-details/8e4439cdc98d0644,1,4:18
"May 26, 2012",Heavyweight,http://ufcstats.com/fight-details/41e6ace08a2679e1,2,3:04
"May 26, 2012",Heavyweight,http://ufcstats.com/fight-details/1a699da1b1b5ef85,1,3:36
"May 26, 2012",Heavyweight,http://ufcstats.com/fight-details/00cf159d5e637238,1,0:51
"May 26, 2012",Heavyweight,http://ufcstats.com/fight-details/cd2a60453f8ac133,2,3:14
"May 26, 2012",Heavyweight,http://ufcstats.com/fight-details/a8dc7400f270a144,1,1:05
"May 26, 2012",Featherweight,http://ufcstats.com/fight-details/b187bdcc2ceba00f,3,5:00
"May 26, 2012",Lightweight,http://ufcstats.com/fight-details/9cdeb62aa9092713,1,3:23
"May 26, 2012",Middleweight,http://ufcstats.com/fight-details/de8e1dd07ad49c94,3,5:00
"May 26, 2012",Welterweight,http://ufcstats.com/fight-details/8238c5f16d0b39c3,1,3:51
"May 26, 2012",Lightweight,http://ufcstats.com/fight-details/3fc1ebe73920a2a7,1,1:54
"May 26, 2012",Light Heavyweight,http://ufcstats.com/fight-details/a6a1adfeab7f7bb7,1,1:53
"May 26, 2012",Featherweight,http://ufcstats.com/fight-details/d5457867cbd0caf7,3,5:00
"May 15, 2012",Featherweight,http://ufcstats.com/fight-details/a8ec9c513d28c25c,4,1:07
"May 15, 2012",Welterweight,http://ufcstats.com/fight-details/0b4ac9bcf5dbb382,3,5:00
"May 15, 2012",Lightweight,http://ufcstats.com/fight-details/49818fb1520ce956,3,5:00
"May 15, 2012",Bantamweight,http://ufcstats.com/fight-details/e0e41464c1bc7ee1,3,5:00
"May 15, 2012",Light Heavyweight,http://ufcstats.com/fight-details/303db84673492cd6,3,5:00
"May 15, 2012",Middleweight,http://ufcstats.com/fight-details/57bbe424b0d6837c,1,0:50
"May 15, 2012",Middleweight,http://ufcstats.com/fight-details/3b1461ff02a3f98e,3,5:00
"May 15, 2012",Lightweight,http://ufcstats.com/fight-details/df5ab14481442365,1,3:05
"May 15, 2012",Lightweight,http://ufcstats.com/fight-details/4655930eb83446c7,3,5:00
"May 15, 2012",Lightweight,http://ufcstats.com/fight-details/ade59be2e9bc1108,1,1:40
"May 15, 2012",Bantamweight,http://ufcstats.com/fight-details/fc95c49b69a8d476,3,5:00
"May 15, 2012",Bantamweight,http://ufcstats.com/fight-details/b4407dd3627c1675,3,5:00
"May 05, 2012",Lightweight,http://ufcstats.com/fight-details/db51d17ea03da745,2,4:09
"May 05, 2012",Welterweight,http://ufcstats.com/fight-details/a5fa3bf3dc91eb88,3,5:00
"May 05, 2012",Middleweight,http://ufcstats.com/fight-details/704a089fde021153,1,4:18
"May 05, 2012",Heavyweight,http://ufcstats.com/fight-details/c7be6a466d1d0a1e,1,4:38
"May 05, 2012",Lightweight,http://ufcstats.com/fight-details/1f290005cc147afb,3,5:00
"May 05, 2012",Flyweight,http://ufcstats.com/fight-details/e257f0f5224ef6ab,3,5:00
"May 05, 2012",Welterweight,http://ufcstats.com/fight-details/920665daa1261dbc,3,5:00
"May 05, 2012",Flyweight,http://ufcstats.com/fight-details/539e0008bb634f1b,2,4:54
"May 05, 2012",Lightweight,http://ufcstats.com/fight-details/c039953c2f438832,3,5:00
"May 05, 2012",Featherweight,http://ufcstats.com/fight-details/0387bc11a0a0c325,3,5:00
"May 05, 2012",Bantamweight,http://ufcstats.com/fight-details/151f9966cae7682c,1,4:59
"May 05, 2012",Middleweight,http://ufcstats.com/fight-details/a28c80463d7d0c03,2,1:07
"April 21, 2012",Light Heavyweight,http://ufcstats.com/fight-details/9dc5b5f29d9ff028,5,5:00
"April 21, 2012",Welterweight,http://ufcstats.com/fight-details/4966e9d7479c8d8d,2,2:20
"April 21, 2012",Heavyweight,http://ufcstats.com/fight-details/41d170c5da83c8be,1,1:10
"April 21, 2012",Bantamweight,http://ufcstats.com/fight-details/33a93002fef6c89d,1,3:18
"April 21, 2012",Featherweight,http://ufcstats.com/fight-details/eb5cd79e00dd5cd2,3,5:00
"April 21, 2012",Lightweight,http://ufcstats.com/fight-details/c1c8b38d315d487b,3,5:00
"April 21, 2012",Heavyweight,http://ufcstats.com/fight-details/a6c02fb0b18e916c,1,2:29
"April 21, 2012",Welterweight,http://ufcstats.com/fight-details/bf5a5b23a49fa17c,3,5:00
"April 21, 2012",Lightweight,http://ufcstats.com/fight-details/2bb3a036759d79f2,3,5:00
"April 21, 2012",Lightweight,http://ufcstats.com/fight-details/ad101f8850eff427,3,5:00
"April 21, 2012",Welterweight,http://ufcstats.com/fight-details/06eb7492a27bb19a,3,5:00
"April 21, 2012",Featherweight,http://ufcstats.com/fight-details/eaf8782e4e03139b,3,5:00
"April 14, 2012",Light Heavyweight,http://ufcstats.com/fight-details/93096cfccdbf4fe8,3,5:00
"April 14, 2012",Middleweight,http://ufcstats.com/fight-details/990bf4ef60890853,1,2:26
"April 14, 2012",Welterweight,http://ufcstats.com/fight-details/8757fbfa0857415f,1,0:42
"April 14, 2012",Featherweight,http://ufcstats.com/fight-details/2dc181c1473eb269,3,5:00
"April 14, 2012",Welterweight,http://ufcstats.com/fight-details/3368c2419e259992,2,4:40
"April 14, 2012",Bantamweight,http://ufcstats.com/fight-details/806761834799c352,2,4:05
"April 14, 2012",Welterweight,http://ufcstats.com/fight-details/a2308473bcd77da8,1,4:33
"April 14, 2012",Light Heavyweight,http://ufcstats.com/fight-details/8aa637fc26a01581,3,5:00
"April 14, 2012",Middleweight,http://ufcstats.com/fight-details/a90cabf2913fc6ef,2,1:42
"April 14, 2012",Lightweight,http://ufcstats.com/fight-details/a7e1e349980063c9,2,1:28
"April 14, 2012",Welterweight,http://ufcstats.com/fight-details/589fd70f6f8b747c,2,2:36
"April 14, 2012",Featherweight,http://ufcstats.com/fight-details/0890d21317c9aa2d,3,5:00
"March 02, 2012",Welterweight,http://ufcstats.com/fight-details/b42d4c3c701945bf,3,4:12
"March 02, 2012",Flyweight,http://ufcstats.com/fight-details/058d32372a2271fd,2,0:11
"March 02, 2012",Flyweight,http://ufcstats.com/fight-details/5c55530a258a9e41,3,5:00
"March 02, 2012",Middleweight,http://ufcstats.com/fight-details/01e5e4099f03f20e,3,5:00
"March 02, 2012",Light Heavyweight,http://ufcstats.com/fight-details/33f0817701e49bf1,1,2:08
"March 02, 2012",Light Heavyweight,http://ufcstats.com/fight-details/b218d6a420abb67b,1,4:59
"March 02, 2012",Featherweight,http://ufcstats.com/fight-details/54b7b3378e394070,3,5:00
"March 02, 2012",Middleweight,http://ufcstats.com/fight-details/a00b98f41c05ae6c,3,5:00
"March 02, 2012",Welterweight,http://ufcstats.com/fight-details/3a2bd4fe6f08bc17,1,0:55
"March 02, 2012",Featherweight,http://ufcstats.com/fight-details/60f53ad3f114da6e,1,2:05
"March 02, 2012",Heavyweight,http://ufcstats.com/fight-details/6ba485fc7b8f38ee,2,3:53
"February 25, 2012",Lightweight,http://ufcstats.com/fight-details/43b494c32b7f18cb,5,5:00
"February 25, 2012",Light Heavyweight,http://ufcstats.com/fight-details/7c307d98ed135d32,3,5:00
"February 25, 2012",Heavyweight,http://ufcstats.com/fight-details/319053a9de63ab85,1,2:11
"February 25, 2012",Welterweight,http://ufcstats.com/fight-details/53d2a57daaae700b,3,5:00
"February 25, 2012",Middleweight,http://ufcstats.com/fight-details/eac1c31f1b3d11f3,3,0:54
"February 25, 2012",Featherweight,http://ufcstats.com/fight-details/6bcf5381dd8de85b,3,5:00
"February 25, 2012",Lightweight,http://ufcstats.com/fight-details/9b4bff38430a01eb,1,1:21
"February 25, 2012",Lightweight,http://ufcstats.com/fight-details/1b4f87d607b3964d,2,2:21
"February 25, 2012",Bantamweight,http://ufcstats.com/fight-details/a196dce12754e34e,1,4:29
"February 25, 2012",Middleweight,http://ufcstats.com/fight-details/fb57dcc651894ae9,3,5:00
"February 25, 2012",Bantamweight,http://ufcstats.com/fight-details/3101c8d54df53e27,3,5:00
"February 25, 2012",Featherweight,http://ufcstats.com/fight-details/84e800acc2aacd8e,2,0:32
"February 15, 2012",Welterweight,http://ufcstats.com/fight-details/3e50773520e7a218,3,5:00
"February 15, 2012",Heavyweight,http://ufcstats.com/fight-details/e93d07a18ca847c8,2,3:52
"February 15, 2012",Middleweight,http://ufcstats.com/fight-details/f10d3d4ffd5a4922,3,5:00
"February 15, 2012",Heavyweight,http://ufcstats.com/fight-details/796a7e1fa80af990,1,0:43
"February 15, 2012",Bantamweight,http://ufcstats.com/fight-details/5f7a1ba6e016b249,3,5:00
"February 15, 2012",Bantamweight,http://ufcstats.com/fight-details/74e92a66b29674a9,1,3:45
"February 15, 2012",Featherweight,http://ufcstats.com/fight-details/2341651d1043e2c0,1,1:32
"February 15, 2012",Lightweight,http://ufcstats.com/fight-details/adb35d212e716b8a,3,5:00
"February 15, 2012",Lightweight,http://ufcstats.com/fight-details/638a999dab6fe310,3,5:00
"February 04, 2012",Welterweight,http://ufcstats.com/fight-details/09a2909e1848be52,5,5:00
"February 04, 2012",Heavyweight,http://ufcstats.com/fight-details/6bde0b88f21304d4,3,5:00
"February 04, 2012",Welterweight,http://ufcstats.com/fight-details/cee1fb8ac703f34f,3,5:00
"February 04, 2012",Bantamweight,http://ufcstats.com/fight-details/6fbe7dffff5f5f1e,3,5:00
"February 04, 2012",Middleweight,http://ufcstats.com/fight-details/7e57d7848f9faacf,2,1:43
"February 04, 2012",Featherweight,http://ufcstats.com/fight-details/099a2db0470d456b,1,3:23
"February 04, 2012",Bantamweight,http://ufcstats.com/fight-details/d019250cc6d93527,3,5:00
"February 04, 2012",Welterweight,http://ufcstats.com/fight-details/bd340a13bc3df8a1,2,1:19
"February 04, 2012",Welterweight,http://ufcstats.com/fight-details/6ecc59654c2f519f,3,5:00
"February 04, 2012",Middleweight,http://ufcstats.com/fight-details/5510b86a35c5614b,3,5:00
"February 04, 2012",Welterweight,http://ufcstats.com/fight-details/40c080d0f86f1f1f,1,4:13
"January 28, 2012",Light Heavyweight,http://ufcstats.com/fight-details/e0df5f84686586a1,5,5:00
"January 28, 2012",Middleweight,http://ufcstats.com/fight-details/81c5c897717a1ef6,3,5:00
"January 28, 2012",Middleweight,http://ufcstats.com/fight-details/ba75be28158d424c,3,5:00
"January 28, 2012",Lightweight,http://ufcstats.com/fight-details/e7861d4e2b29193f,2,5:00
"January 28, 2012",Heavyweight,http://ufcstats.com/fight-details/c63a050af0692daf,3,5:00
"January 28, 2012",Featherweight,http://ufcstats.com/fight-details/ca263e46051261e2,2,2:22
"January 28, 2012",Featherweight,http://ufcstats.com/fight-details/7a4e5bcd7336d203,1,1:43
"January 28, 2012",Lightweight,http://ufcstats.com/fight-details/e8a167bb84082832,3,5:00
"January 28, 2012",Heavyweight,http://ufcstats.com/fight-details/fd230ba169b3f2b6,1,4:24
"January 28, 2012",Middleweight,http://ufcstats.com/fight-details/7a37fd92b26d15c8,3,1:08
"January 20, 2012",Lightweight,http://ufcstats.com/fight-details/90d50fb7e2bf789e,1,3:04
"January 20, 2012",Welterweight,http://ufcstats.com/fight-details/d391ca8154bcf507,1,3:04
"January 20, 2012",Bantamweight,http://ufcstats.com/fight-details/77c1e127c1be9983,3,5:00
"January 20, 2012",Heavyweight,http://ufcstats.com/fight-details/fc91f1e448f35797,1,3:38
"January 20, 2012",Middleweight,http://ufcstats.com/fight-details/0071c5d16e6e07f6,2,1:31
"January 20, 2012",Lightweight,http://ufcstats.com/fight-details/8360accf6f70ebc4,3,2:08
"January 20, 2012",Welterweight,http://ufcstats.com/fight-details/be7b9301e7c689c1,3,5:00
"January 20, 2012",Lightweight,http://ufcstats.com/fight-details/37e0251af7b18742,1,4:03
"January 20, 2012",Featherweight,http://ufcstats.com/fight-details/f4bdf10856c1760e,1,1:37
"January 20, 2012",Bantamweight,http://ufcstats.com/fight-details/26cdaf7cf575f656,1,0:22
"January 14, 2012",Featherweight,http://ufcstats.com/fight-details/9afcb091777f6a83,1,4:59
"January 14, 2012",Middleweight,http://ufcstats.com/fight-details/50bdcb20286690ff,1,4:49
"January 14, 2012",Middleweight,http://ufcstats.com/fight-details/c715c165cb3469d2,1,1:03
"January 14, 2012",Welterweight,http://ufcstats.com/fight-details/b2a91be41c3233cd,1,0:29
"January 14, 2012",Lightweight,http://ufcstats.com/fight-details/11e7f12ecb2d1597,3,2:02
"January 14, 2012",Lightweight,http://ufcstats.com/fight-details/977e37adadd1b8ad,3,5:00
"January 14, 2012",Heavyweight,http://ufcstats.com/fight-details/0695d1f42b1550a2,1,3:22
"January 14, 2012",Featherweight,http://ufcstats.com/fight-details/0be68308b5d63a47,3,5:00
"January 14, 2012",Welterweight,http://ufcstats.com/fight-details/f126491f024c1563,1,1:22
"January 14, 2012",Featherweight,http://ufcstats.com/fight-details/7bb603674999e675,3,5:00
"December 30, 2011",Heavyweight,http://ufcstats.com/fight-details/5c3325b7da3f7828,1,2:26
"December 30, 2011",Lightweight,http://ufcstats.com/fight-details/d940ffe543c4e38b,3,5:00
"December 30, 2011",Welterweight,http://ufcstats.com/fight-details/b9508f47504ccc59,1,0:12
"December 30, 2011",Light Heavyweight,http://ufcstats.com/fight-details/607722017a9d7e22,1,2:13
"December 30, 2011",Featherweight,http://ufcstats.com/fight-details/eeef3df8adb8acc7,3,5:00
"December 30, 2011",Featherweight,http://ufcstats.com/fight-details/434411f139e51760,3,5:00
"December 30, 2011",Lightweight,http://ufcstats.com/fight-details/68137e9ff22d426b,3,5:00
"December 30, 2011",Welterweight,http://ufcstats.com/fight-details/972034fcd94ca83b,3,5:00
"December 30, 2011",Lightweight,http://ufcstats.com/fight-details/46bea6d63ffe17e4,3,5:00
"December 30, 2011",Featherweight,http://ufcstats.com/fight-details/2f715933d0626544,3,5:00
"December 10, 2011",Light Heavyweight,http://ufcstats.com/fight-details/834968d130e1f0e9,2,4:26
"December 10, 2011",Heavyweight,http://ufcstats.com/fight-details/92d0c39f0df77c7e,1,3:38
"December 10, 2011",Light Heavyweight,http://ufcstats.com/fight-details/69d6d58d58cb81e3,1,3:15
"December 10, 2011",Welterweight,http://ufcstats.com/fight-details/dbe53d31f4c1ccf7,3,5:00
"December 10, 2011",Featherweight,http://ufcstats.com/fight-details/8abe79e6d300b639,1,0:07
"December 10, 2011",Light Heavyweight,http://ufcstats.com/fight-details/e03ec6b24fca2386,1,0:35
"December 10, 2011",Middleweight,http://ufcstats.com/fight-details/76d18b94f580be6e,1,3:11
"December 10, 2011",Lightweight,http://ufcstats.com/fight-details/fd0c847858bd346f,1,2:58
"December 10, 2011",Bantamweight,http://ufcstats.com/fight-details/fef109b9f26585b3,3,5:00
"December 10, 2011",Lightweight,http://ufcstats.com/fight-details/70995170c27c4143,3,5:00
"December 10, 2011",Welterweight,http://ufcstats.com/fight-details/d6d812269487071e,2,1:10
"December 10, 2011",Lightweight,http://ufcstats.com/fight-details/e094423979fc7c6a,2,4:36
"December 03, 2011",Middleweight,http://ufcstats.com/fight-details/f182b13c6e07dfb1,3,3:34
"December 03, 2011",Featherweight,http://ufcstats.com/fight-details/6e85d8d17c3eed58,1,4:51
"December 03, 2011",Bantamweight,http://ufcstats.com/fight-details/9a3908ab337c5f3f,1,1:54
"December 03, 2011",Lightweight,http://ufcstats.com/fight-details/381b2df85ac06615,3,5:00
"December 03, 2011",Bantamweight,http://ufcstats.com/fight-details/25783a9abbfee4fc,3,1:58
"December 03, 2011",Featherweight,http://ufcstats.com/fight-details/9821faf6a5d6fd0d,3,5:00
"December 03, 2011",Bantamweight,http://ufcstats.com/fight-details/72481ce1897251cd,1,1:09
"December 03, 2011",Bantamweight,http://ufcstats.com/fight-details/c302f24082239f82,3,0:22
"December 03, 2011",Featherweight,http://ufcstats.com/fight-details/21ebc940f3dfde82,3,5:00
"December 03, 2011",Featherweight,http://ufcstats.com/fight-details/b28aad0fdc0b8cc0,2,3:38
"November 19, 2011",Light Heavyweight,http://ufcstats.com/fight-details/206db35805bb83dc,5,5:00
"November 19, 2011",Middleweight,http://ufcstats.com/fight-details/30c574f33700010a,2,4:49
"November 19, 2011",Bantamweight,http://ufcstats.com/fight-details/73fd4982ef7aae44,2,1:27
"November 19, 2011",Welterweight,http://ufcstats.com/fight-details/89820fae001dd151,3,5:00
"November 19, 2011",Light Heavyweight,http://ufcstats.com/fight-details/50ffbc85d3c50604,3,5:00
"November 19, 2011",Light Heavyweight,http://ufcstats.com/fight-details/2f5ced39b8208e46,1,1:17
"November 19, 2011",Bantamweight,http://ufcstats.com/fight-details/52f77a9f9eb66ab7,1,0:56
"November 19, 2011",Middleweight,http://ufcstats.com/fight-details/f754d17d5047d536,1,2:07
"November 19, 2011",Lightweight,http://ufcstats.com/fight-details/a117805ab030b194,3,5:00
"November 19, 2011",Bantamweight,http://ufcstats.com/fight-details/10f54096561f587d,3,5:00
"November 19, 2011",Welterweight,http://ufcstats.com/fight-details/421842986f10851e,2,0:42
"November 19, 2011",Lightweight,http://ufcstats.com/fight-details/39e7bb2a0842b8a1,1,4:52
"November 12, 2011",Heavyweight,http://ufcstats.com/fight-details/78294f5d5e0f2b13,1,1:04
"November 12, 2011",Lightweight,http://ufcstats.com/fight-details/5254658d4e4126c9,3,5:00
"November 12, 2011",Featherweight,http://ufcstats.com/fight-details/db690563ae7fa070,2,1:32
"November 12, 2011",Featherweight,http://ufcstats.com/fight-details/0f22781ab4635414,2,2:16
"November 12, 2011",Welterweight,http://ufcstats.com/fight-details/bc7743819590b193,1,1:34
"November 12, 2011",Bantamweight,http://ufcstats.com/fight-details/f0666193c544be4a,3,5:00
"November 12, 2011",Featherweight,http://ufcstats.com/fight-details/8208afe1e52b02e9,3,1:54
"November 12, 2011",Bantamweight,http://ufcstats.com/fight-details/9eed1b277c76f576,3,5:00
"November 12, 2011",Welterweight,http://ufcstats.com/fight-details/42a353676554ecf2,3,5:00
"November 12, 2011",Light Heavyweight,http://ufcstats.com/fight-details/48c6c45d9628bb79,3,5:00
"November 05, 2011",Middleweight,http://ufcstats.com/fight-details/3fad8fd8b6e4465d,2,5:00
"November 05, 2011",Bantamweight,http://ufcstats.com/fight-details/3ca05de15ddd658b,1,4:09
"November 05, 2011",Welterweight,http://ufcstats.com/fight-details/30d0cab706e43838,1,3:32
"November 05, 2011",Light Heavyweight,http://ufcstats.com/fight-details/da876a1ab4b8eb48,2,3:09
"November 05, 2011",Lightweight,http://ufcstats.com/fight-details/92030ef8b5796b0a,1,0:17
"November 05, 2011",Welterweight,http://ufcstats.com/fight-details/e623355d7f897b92,3,5:00
"November 05, 2011",Heavyweight,http://ufcstats.com/fight-details/b7799cdf8a6470ea,3,5:00
"November 05, 2011",Featherweight,http://ufcstats.com/fight-details/77862f580ce9bca8,3,5:00
"November 05, 2011",Welterweight,http://ufcstats.com/fight-details/7360ec204d4e0e10,1,0:40
"November 05, 2011",Bantamweight,http://ufcstats.com/fight-details/3ed2190f1d604432,3,5:00
"October 29, 2011",Welterweight,http://ufcstats.com/fight-details/0583a3d402bed6e4,3,5:00
"October 29, 2011",Heavyweight,http://ufcstats.com/fight-details/ce05150d524a1829,3,5:00
"October 29, 2011",Heavyweight,http://ufcstats.com/fight-details/9574c1ed9ad25816,3,1:30
"October 29, 2011",Bantamweight,http://ufcstats.com/fight-details/332432834ece3bc7,3,5:00
"October 29, 2011",Featherweight,http://ufcstats.com/fight-details/040f9c9b470f3e6b,3,5:00
"October 29, 2011",Lightweight,http://ufcstats.com/fight-details/f141416b02a31f4e,1,2:22
"October 29, 2011",Featherweight,http://ufcstats.com/fight-details/8aefe4de7a490de6,1,2:45
"October 29, 2011",Light Heavyweight,http://ufcstats.com/fight-details/3ce9fb5e3bdee7b0,3,5:00
"October 29, 2011",Lightweight,http://ufcstats.com/fight-details/baf123a5b5fc674c,3,5:00
"October 29, 2011",Middleweight,http://ufcstats.com/fight-details/f19a56ecc6c150e3,3,5:00
"October 29, 2011",Middleweight,http://ufcstats.com/fight-details/1a28928b8d7b4c11,3,5:00
"October 08, 2011",Lightweight,http://ufcstats.com/fight-details/8a660069ae42edc2,4,3:54
"October 08, 2011",Featherweight,http://ufcstats.com/fight-details/21d2958e13389511,5,5:00
"October 08, 2011",Middleweight,http://ufcstats.com/fight-details/63ee688385bf7c69,2,3:51
"October 08, 2011",Featherweight,http://ufcstats.com/fight-details/80538f958af30aa0,3,5:00
"October 08, 2011",Lightweight,http://ufcstats.com/fight-details/a369d5ca5aef8b25,1,0:47
"October 08, 2011",Middleweight,http://ufcstats.com/fight-details/5f4284409503d874,3,5:00
"October 08, 2011",Lightweight,http://ufcstats.com/fight-details/24d92c89c893db42,3,5:00
"October 08, 2011",Heavyweight,http://ufcstats.com/fight-details/9274af24eb96e4b1,3,5:00
"October 08, 2011",Featherweight,http://ufcstats.com/fight-details/a730a20ab0c61499,3,5:00
"October 08, 2011",Middleweight,http://ufcstats.com/fight-details/b16534d6bb279b2a,3,5:00
"October 08, 2011",Middleweight,http://ufcstats.com/fight-details/14b450e4ff3c5b97,3,5:00
"October 01, 2011",Bantamweight,http://ufcstats.com/fight-details/e2433610f128d963,5,5:00
"October 01, 2011",Heavyweight,http://ufcstats.com/fight-details/008d1123cc90f003,2,3:22
"October 01, 2011",Welterweight,http://ufcstats.com/fight-details/f914dd2414f9a0ae,1,2:49
"October 01, 2011",Lightweight,http://ufcstats.com/fight-details/3542b1fd47163fcd,3,5:00
"October 01, 2011",Lightweight,http://ufcstats.com/fight-details/765a1fde5ee12784,2,2:44
"October 01, 2011",Lightweight,http://ufcstats.com/fight-details/6aa873e65d880322,1,3:00
"October 01, 2011",Bantamweight,http://ufcstats.com/fight-details/d7f151f529543431,2,4:52
"October 01, 2011",Lightweight,http://ufcstats.com/fight-details/cdedc8f026307dd7,3,2:12
"October 01, 2011",Welterweight,http://ufcstats.com/fight-details/425e856cac6f521b,2,5:00
"October 01, 2011",Bantamweight,http://ufcstats.com/fight-details/8bd1f8cb9aa06dcf,1,1:17
"September 24, 2011",Light Heavyweight,http://ufcstats.com/fight-details/181ce41897b37352,4,1:14
"September 24, 2011",Welterweight,http://ufcstats.com/fight-details/8133b11f2b7ad634,1,4:59
"September 24, 2011",Heavyweight,http://ufcstats.com/fight-details/cca58aece2816dd1,3,5:00
"September 24, 2011",Heavyweight,http://ufcstats.com/fight-details/9cb967c62498ff02,3,5:00
"September 24, 2011",Lightweight,http://ufcstats.com/fight-details/fde66b153c65e25d,1,4:27
"September 24, 2011",Lightweight,http://ufcstats.com/fight-details/3f7c7917a57d2782,1,5:00
"September 24, 2011",Middleweight,http://ufcstats.com/fight-details/8af87933e6409e24,3,5:00
"September 24, 2011",Featherweight,http://ufcstats.com/fight-details/d7d7c9ce3d812eca,3,5:00
"September 24, 2011",Bantamweight,http://ufcstats.com/fight-details/eb5b6287ba73640d,2,4:30
"September 24, 2011",Light Heavyweight,http://ufcstats.com/fight-details/38591fb67eb2a6c3,1,0:47
"September 17, 2011",Welterweight,http://ufcstats.com/fight-details/1fa175b6a35e95e2,1,0:53
"September 17, 2011",Middleweight,http://ufcstats.com/fight-details/032a61c6f9439b1d,3,5:00
"September 17, 2011",Featherweight,http://ufcstats.com/fight-details/b4daedb1e0c4ee02,3,5:00
"September 17, 2011",Middleweight,http://ufcstats.com/fight-details/a7fca585b4fd4255,1,3:48
"September 17, 2011",Lightweight,http://ufcstats.com/fight-details/5dc4552c9288441a,2,3:49
"September 17, 2011",Lightweight,http://ufcstats.com/fight-details/fdc82a98c68588c4,3,5:00
"September 17, 2011",Welterweight,http://ufcstats.com/fight-details/558b54d28a662cca,3,5:00
"September 17, 2011",Bantamweight,http://ufcstats.com/fight-details/35cfe0b894b93332,1,2:40
"September 17, 2011",Welterweight,http://ufcstats.com/fight-details/be5cdd4872fbd0b7,2,1:12
"September 17, 2011",Welterweight,http://ufcstats.com/fight-details/11141cf97c6156b6,1,3:52
"September 17, 2011",Featherweight,http://ufcstats.com/fight-details/0f5f1f5828ebd9c5,3,5:00
"September 17, 2011",Welterweight,http://ufcstats.com/fight-details/1f70cf05ec46f065,3,5:00
"August 27, 2011",Middleweight,http://ufcstats.com/fight-details/89cc8f4a69e9ea0e,2,2:04
"August 27, 2011",Light Heavyweight,http://ufcstats.com/fight-details/e7da014d4dfc5bf3,1,1:53
"August 27, 2011",Lightweight,http://ufcstats.com/fight-details/fa3294fe655440dd,3,5:00
"August 27, 2011",Heavyweight,http://ufcstats.com/fight-details/c8fbe7ade97e2055,1,3:09
"August 27, 2011",Light Heavyweight,http://ufcstats.com/fight-details/8782dca7c99717a6,1,4:13
"August 27, 2011",Lightweight,http://ufcstats.com/fight-details/6265ffd51a18ff21,2,2:51
"August 27, 2011",Middleweight,http://ufcstats.com/fight-details/15b62b191eb6dacf,3,5:00
"August 27, 2011",Welterweight,http://ufcstats.com/fight-details/8938fad6ec08499d,3,5:00
"August 27, 2011",Bantamweight,http://ufcstats.com/fight-details/7b1d63d0e3e12804,3,5:00
"August 27, 2011",Welterweight,http://ufcstats.com/fight-details/9d379b41d86d7c7f,1,0:40
"August 27, 2011",Featherweight,http://ufcstats.com/fight-details/7036a87673c98a13,3,5:00
"August 27, 2011",Bantamweight,http://ufcstats.com/fight-details/1fb62d8192128dc1,3,5:00
"August 14, 2011",Welterweight,http://ufcstats.com/fight-details/aa4aa75f0065a687,3,4:16
"August 14, 2011",Lightweight,http://ufcstats.com/fight-details/5169aaf0ce80d1f8,3,5:00
"August 14, 2011",Lightweight,http://ufcstats.com/fight-details/295c2e1ae2d54287,1,3:01
"August 14, 2011",Welterweight,http://ufcstats.com/fight-details/09c1d4c96efd0545,3,5:00
"August 14, 2011",Middleweight,http://ufcstats.com/fight-details/74773b56e0b31c6b,2,3:38
"August 14, 2011",Bantamweight,http://ufcstats.com/fight-details/0fd5485e64712df9,3,5:00
"August 14, 2011",Middleweight,http://ufcstats.com/fight-details/23243c27deb4d596,1,4:15
"August 14, 2011",Light Heavyweight,http://ufcstats.com/fight-details/a39286bf0a443ff0,3,5:00
"August 14, 2011",Featherweight,http://ufcstats.com/fight-details/345f0bd50451a321,2,3:12
"August 14, 2011",Lightweight,http://ufcstats.com/fight-details/475c55534f9e08ee,2,2:38
"August 14, 2011",Lightweight,http://ufcstats.com/fight-details/03938272fb7c3971,3,5:00
"August 14, 2011",Bantamweight,http://ufcstats.com/fight-details/096d656048f85b18,2,0:50
"August 06, 2011",Light Heavyweight,http://ufcstats.com/fight-details/68ac97071275099f,2,4:48
"August 06, 2011",Middleweight,http://ufcstats.com/fight-details/eb3093e235f048c8,1,1:52
"August 06, 2011",Welterweight,http://ufcstats.com/fight-details/27593cd1cda3cc2f,1,4:28
"August 06, 2011",Middleweight,http://ufcstats.com/fight-details/04df2fbb108b23c1,3,5:00
"August 06, 2011",Welterweight,http://ufcstats.com/fight-details/c299ca1bc07857d5,1,3:54
"August 06, 2011",Light Heavyweight,http://ufcstats.com/fight-details/48ac0e2cf3681cca,2,3:34
"August 06, 2011",Featherweight,http://ufcstats.com/fight-details/e516a0e035fd57f7,3,5:00
"August 06, 2011",Bantamweight,http://ufcstats.com/fight-details/de41ca23c9a13bfb,3,5:00
"August 06, 2011",Welterweight,http://ufcstats.com/fight-details/87cc38e9d565f819,3,5:00
"August 06, 2011",Featherweight,http://ufcstats.com/fight-details/9468f58f8abf78df,3,5:00
"August 06, 2011",Middleweight,http://ufcstats.com/fight-details/ba2f30fb7143a6b1,3,5:00
"July 02, 2011",Bantamweight,http://ufcstats.com/fight-details/8f4a445ccb548f15,5,5:00
"July 02, 2011",Middleweight,http://ufcstats.com/fight-details/50ebe7915d9f0cab,1,0:27
"July 02, 2011",Lightweight,http://ufcstats.com/fight-details/be79dafe6c0b7671,3,5:00
"July 02, 2011",Light Heavyweight,http://ufcstats.com/fight-details/34c6c06ba60a9ade,1,1:56
"July 02, 2011",Welterweight,http://ufcstats.com/fight-details/d5d6ae85ebcfd160,1,2:58
"July 02, 2011",Lightweight,http://ufcstats.com/fight-details/137d7dea41cacdc6,1,2:12
"July 02, 2011",Lightweight,http://ufcstats.com/fight-details/65171ae917df102f,1,0:59
"July 02, 2011",Bantamweight,http://ufcstats.com/fight-details/a0d1be5413e301dd,3,5:00
"July 02, 2011",Middleweight,http://ufcstats.com/fight-details/ec20620c294a49a4,3,5:00
"July 02, 2011",Lightweight,http://ufcstats.com/fight-details/d8287db48ec356df,3,5:00
"July 02, 2011",Bantamweight,http://ufcstats.com/fight-details/29a1ed2c88c34fe0,3,5:00
"June 26, 2011",Heavyweight,http://ufcstats.com/fight-details/4d6f492092d827cf,1,2:39
"June 26, 2011",Welterweight,http://ufcstats.com/fight-details/0212461ac95ae690,3,5:00
"June 26, 2011",Welterweight,http://ufcstats.com/fight-details/5ad0a7ec5e99955b,3,5:00
"June 26, 2011",Heavyweight,http://ufcstats.com/fight-details/41f186bffee2bb29,2,4:28
"June 26, 2011",Featherweight,http://ufcstats.com/fight-details/70ddd13934e6c0e9,3,5:00
"June 26, 2011",Featherweight,http://ufcstats.com/fight-details/4289bcb551b07bc1,3,5:00
"June 26, 2011",Lightweight,http://ufcstats.com/fight-details/6b3038fe26a57b80,1,1:58
"June 26, 2011",Welterweight,http://ufcstats.com/fight-details/6cc8c21becd17ffa,3,5:00
"June 26, 2011",Lightweight,http://ufcstats.com/fight-details/91daeeeea0a83e49,2,1:48
"June 26, 2011",Featherweight,http://ufcstats.com/fight-details/16da233dcf7fecc8,1,4:41
"June 26, 2011",Lightweight,http://ufcstats.com/fight-details/daa06084bcc66645,1,4:42
"June 11, 2011",Heavyweight,http://ufcstats.com/fight-details/60be440e54760b40,3,5:00
"June 11, 2011",Featherweight,http://ufcstats.com/fight-details/c1039954c3457fe7,3,5:00
"June 11, 2011",Middleweight,http://ufcstats.com/fight-details/6dc666fd76a3b280,3,5:00
"June 11, 2011",Heavyweight,http://ufcstats.com/fight-details/65270a16c25b59ad,2,3:19
"June 11, 2011",Lightweight,http://ufcstats.com/fight-details/9f69f6420f21080a,3,5:00
"June 11, 2011",Lightweight,http://ufcstats.com/fight-details/44e24628e8eda0b1,1,3:52
"June 11, 2011",Middleweight,http://ufcstats.com/fight-details/65ac65daa51720e2,1,4:54
"June 11, 2011",Light Heavyweight,http://ufcstats.com/fight-details/1878e37418f1dfcd,3,5:00
"June 11, 2011",Middleweight,http://ufcstats.com/fight-details/06db48a74d81a15e,3,3:33
"June 11, 2011",Featherweight,http://ufcstats.com/fight-details/b3a0fc0a945a31f7,3,5:00
"June 11, 2011",Heavyweight,http://ufcstats.com/fight-details/9a18479792f990f7,3,1:26
"June 11, 2011",Featherweight,http://ufcstats.com/fight-details/29bf7862fb1c28d6,3,5:00
"June 04, 2011",Welterweight,http://ufcstats.com/fight-details/cd0bc692a7bce9e7,1,3:54
"June 04, 2011",Lightweight,http://ufcstats.com/fight-details/e9fc9dcc549c7f3b,3,5:00
"June 04, 2011",Middleweight,http://ufcstats.com/fight-details/a1f9a28339f5e1b2,1,0:48
"June 04, 2011",Light Heavyweight,http://ufcstats.com/fight-details/35e23b1917b59132,3,5:00
"June 04, 2011",Welterweight,http://ufcstats.com/fight-details/1b0887e7533b9b49,3,5:00
"June 04, 2011",Lightweight,http://ufcstats.com/fight-details/7240a9432bf2af67,3,5:00
"June 04, 2011",Featherweight,http://ufcstats.com/fight-details/2ebfb072b178649e,3,3:14
"June 04, 2011",Welterweight,http://ufcstats.com/fight-details/ba0b95898baad200,3,5:00
"June 04, 2011",Welterweight,http://ufcstats.com/fight-details/33005a28b1226d15,3,5:00
"June 04, 2011",Bantamweight,http://ufcstats.com/fight-details/57622ac93e8d8900,1,4:01
"June 04, 2011",Bantamweight,http://ufcstats.com/fight-details/07df55cb3cc0ec30,3,1:57
"May 28, 2011",Light Heavyweight,http://ufcstats.com/fight-details/9cf91ae875d886df,3,5:00
"May 28, 2011",Heavyweight,http://ufcstats.com/fight-details/c553753c64379c39,3,5:00
"May 28, 2011",Heavyweight,http://ufcstats.com/fight-details/727c8004faed648d,1,4:11
"May 28, 2011",Welterweight,http://ufcstats.com/fight-details/7956ae951020ce8c,3,5:00
"May 28, 2011",Middleweight,http://ufcstats.com/fight-details/6617170d3659b175,2,4:29
"May 28, 2011",Bantamweight,http://ufcstats.com/fight-details/b0cfaf01a155985b,3,5:00
"May 28, 2011",Middleweight,http://ufcstats.com/fight-details/3d1a835c15fd8cb2,3,5:00
"May 28, 2011",Lightweight,http://ufcstats.com/fight-details/6299412d7bbfbce6,2,3:28
"May 28, 2011",Bantamweight,http://ufcstats.com/fight-details/556952a9520d0ae0,3,5:00
"May 28, 2011",Bantamweight,http://ufcstats.com/fight-details/4cc8bef7c487cf9d,3,5:00
"April 30, 2011",Welterweight,http://ufcstats.com/fight-details/9c3c0818f0c32768,5,5:00
"April 30, 2011",Featherweight,http://ufcstats.com/fight-details/12b94f0229c30ead,5,5:00
"April 30, 2011",Light Heavyweight,http://ufcstats.com/fight-details/f0e299c134cbac37,2,1:05
"April 30, 2011",Light Heavyweight,http://ufcstats.com/fight-details/520de85f6d492264,1,0:20
"April 30, 2011",Lightweight,http://ufcstats.com/fight-details/eb8e4c57d131fb46,3,5:00
"April 30, 2011",Welterweight,http://ufcstats.com/fight-details/6f0dc5319bf900dc,3,5:00
"April 30, 2011",Welterweight,http://ufcstats.com/fight-details/81ec228bf7af0fc1,1,2:42
"April 30, 2011",Welterweight,http://ufcstats.com/fight-details/eb6a55ee772dd722,3,5:00
"April 30, 2011",Bantamweight,http://ufcstats.com/fight-details/6d83de8d54f75ffc,1,1:30
"April 30, 2011",Middleweight,http://ufcstats.com/fight-details/5aef2af22f5f2fbd,1,1:37
"April 30, 2011",Lightweight,http://ufcstats.com/fight-details/6d3655c731347f94,3,1:27
"April 30, 2011",Featherweight,http://ufcstats.com/fight-details/8348ff428d1687ab,1,4:31
"March 26, 2011",Light Heavyweight,http://ufcstats.com/fight-details/28b405fe1552ccad,3,5:00
"March 26, 2011",Welterweight,http://ufcstats.com/fight-details/60f3232bc7a73b15,3,5:00
"March 26, 2011",Welterweight,http://ufcstats.com/fight-details/de78bdd8c734e8ab,2,3:27
"March 26, 2011",Featherweight,http://ufcstats.com/fight-details/bb70048e290f4a86,2,4:59
"March 26, 2011",Heavyweight,http://ufcstats.com/fight-details/70e78fcf793bc82b,2,5:00
"March 26, 2011",Featherweight,http://ufcstats.com/fight-details/28f57f60a46654f6,1,3:18
"March 26, 2011",Welterweight,http://ufcstats.com/fight-details/60d27c73e4a20318,3,5:00
"March 26, 2011",Bantamweight,http://ufcstats.com/fight-details/c67473192bda50d8,3,5:00
"March 26, 2011",Heavyweight,http://ufcstats.com/fight-details/774f7eed6b0180be,2,4:10
"March 26, 2011",Welterweight,http://ufcstats.com/fight-details/a1f4a5fcef50915b,1,1:35
"March 26, 2011",Middleweight,http://ufcstats.com/fight-details/89d39663ff1b890e,3,5:00
"March 26, 2011",Lightweight,http://ufcstats.com/fight-details/04d97700dbdaef5e,3,2:24
"March 19, 2011",Light Heavyweight,http://ufcstats.com/fight-details/dc2a3aeac1441991,3,2:37
"March 19, 2011",Bantamweight,http://ufcstats.com/fight-details/dd3ea525fe1898f1,3,5:00
"March 19, 2011",Lightweight,http://ufcstats.com/fight-details/2a28ce0035468735,3,2:15
"March 19, 2011",Middleweight,http://ufcstats.com/fight-details/376beb49aadb06d6,3,5:00
"March 19, 2011",Heavyweight,http://ufcstats.com/fight-details/077667e3aaf314db,3,3:44
"March 19, 2011",Light Heavyweight,http://ufcstats.com/fight-details/e1563825c36aad26,1,2:15
"March 19, 2011",Lightweight,http://ufcstats.com/fight-details/42e7cc48c31d8f29,3,5:00
"March 19, 2011",Welterweight,http://ufcstats.com/fight-details/a8cf22bc7d05c0a1,3,5:00
"March 19, 2011",Lightweight,http://ufcstats.com/fight-details/e595cb4bfc26193b,3,5:00
"March 19, 2011",Bantamweight,http://ufcstats.com/fight-details/04193f1fff93ddb1,3,5:00
"March 19, 2011",Catch Weight,http://ufcstats.com/fight-details/560cec2acc9b0a13,3,5:00
"March 19, 2011",Featherweight,http://ufcstats.com/fight-details/18b31990d1808419,1,2:32
"March 03, 2011",Welterweight,http://ufcstats.com/fight-details/42536a8cf2eda678,3,5:00
"March 03, 2011",Middleweight,http://ufcstats.com/fight-details/08602f790f09d949,1,0:54
"March 03, 2011",Middleweight,http://ufcstats.com/fight-details/4186686dbd9957cd,3,5:00
"March 03, 2011",Bantamweight,http://ufcstats.com/fight-details/f06030bf27ebe337,1,3:30
"March 03, 2011",Light Heavyweight,http://ufcstats.com/fight-details/67afd8e69820ffa0,3,5:00
"March 03, 2011",Lightweight,http://ufcstats.com/fight-details/bbbb4c62c35f5390,3,5:00
"March 03, 2011",Lightweight,http://ufcstats.com/fight-details/16b0e962beb6d15e,2,1:28
"March 03, 2011",Bantamweight,http://ufcstats.com/fight-details/d59b40be94d5a609,3,5:00
"March 03, 2011",Middleweight,http://ufcstats.com/fight-details/de2513c984996c8c,2,4:47
"March 03, 2011",Middleweight,http://ufcstats.com/fight-details/1fa6d636d283ac84,2,1:44
"March 03, 2011",Light Heavyweight,http://ufcstats.com/fight-details/3ce9e07f51239edd,1,5:00
"February 26, 2011",Welterweight,http://ufcstats.com/fight-details/f825e17e7a1332cd,3,5:00
"February 26, 2011",Middleweight,http://ufcstats.com/fight-details/0f461c4ddf70eff9,2,1:54
"February 26, 2011",Lightweight,http://ufcstats.com/fight-details/2dd864ec1a1a4031,3,5:00
"February 26, 2011",Welterweight,http://ufcstats.com/fight-details/d5e7fe1f5035505c,3,5:00
"February 26, 2011",Middleweight,http://ufcstats.com/fight-details/76e6177c401f2176,1,1:35
"February 26, 2011",Lightweight,http://ufcstats.com/fight-details/72372c31dee3cadc,3,5:00
"February 26, 2011",Light Heavyweight,http://ufcstats.com/fight-details/fec8b9760d6bb235,1,4:27
"February 26, 2011",Middleweight,http://ufcstats.com/fight-details/ae07b35f2797242e,3,5:00
"February 26, 2011",Light Heavyweight,http://ufcstats.com/fight-details/e4b5f0358ce7bad4,1,2:45
"February 26, 2011",Featherweight,http://ufcstats.com/fight-details/5b6796a9194d339b,1,0:48
"February 26, 2011",Heavyweight,http://ufcstats.com/fight-details/6ac1478baeddaae8,2,1:41
"February 26, 2011",Lightweight,http://ufcstats.com/fight-details/062816ff1b591bbb,3,5:00
"February 05, 2011",Middleweight,http://ufcstats.com/fight-details/87c73e2086214b5c,1,3:25
"February 05, 2011",Light Heavyweight,http://ufcstats.com/fight-details/d2246624da1c4e38,3,5:00
"February 05, 2011",Light Heavyweight,http://ufcstats.com/fight-details/65ce293c20bd25e2,2,4:20
"February 05, 2011",Welterweight,http://ufcstats.com/fight-details/d1cda3a0c148b725,3,5:00
"February 05, 2011",Bantamweight,http://ufcstats.com/fight-details/ce6f4d06fe5b51f3,3,5:00
"February 05, 2011",Lightweight,http://ufcstats.com/fight-details/6b7033df94818cee,2,3:48
"February 05, 2011",Featherweight,http://ufcstats.com/fight-details/ae3ab5d1892153ef,3,5:00
"February 05, 2011",Bantamweight,http://ufcstats.com/fight-details/20aa994cd23074b9,3,5:00
"February 05, 2011",Lightweight,http://ufcstats.com/fight-details/95f136c07f9834be,2,1:42
"February 05, 2011",Light Heavyweight,http://ufcstats.com/fight-details/c1843fa8f113d321,1,0:21
"February 05, 2011",Welterweight,http://ufcstats.com/fight-details/791b8b3a475487e9,2,0:29
"January 22, 2011",Lightweight,http://ufcstats.com/fight-details/6963c65b49e47277,1,2:58
"January 22, 2011",Heavyweight,http://ufcstats.com/fight-details/a60ba933a7ea898e,1,2:59
"January 22, 2011",Featherweight,http://ufcstats.com/fight-details/9a71dc94152a76ac,1,1:28
"January 22, 2011",Heavyweight,http://ufcstats.com/fight-details/4abf375aa97364f6,3,5:00
"January 22, 2011",Lightweight,http://ufcstats.com/fight-details/dc58af0c02a42743,3,5:00
"January 22, 2011",Lightweight,http://ufcstats.com/fight-details/ab8b506dd2277da3,2,4:33
"January 22, 2011",Welterweight,http://ufcstats.com/fight-details/a245b4d0a7861fb8,1,3:22
"January 22, 2011",Featherweight,http://ufcstats.com/fight-details/ba5b23e7ef308883,3,5:00
"January 22, 2011",Lightweight,http://ufcstats.com/fight-details/dbfac95047e7b33a,3,5:00
"January 22, 2011",Welterweight,http://ufcstats.com/fight-details/986bc0ce25dac848,3,5:00
"January 22, 2011",Bantamweight,http://ufcstats.com/fight-details/89cb6801b51f2216,3,5:00
"January 01, 2011",Lightweight,http://ufcstats.com/fight-details/91bb64656e13a1d4,5,5:00
"January 01, 2011",Middleweight,http://ufcstats.com/fight-details/075be81e3f92c2bf,1,3:37
"January 01, 2011",Light Heavyweight,http://ufcstats.com/fight-details/65b4d4be2d04bb34,3,5:00
"January 01, 2011",Welterweight,http://ufcstats.com/fight-details/de7eec13356baebe,3,5:00
"January 01, 2011",Lightweight,http://ufcstats.com/fight-details/f327f8e59acfab1b,2,4:27
"January 01, 2011",Lightweight,http://ufcstats.com/fight-details/df42fd9af4740d24,3,2:33
"January 01, 2011",Featherweight,http://ufcstats.com/fight-details/b13e3620949300c5,3,5:00
"January 01, 2011",Middleweight,http://ufcstats.com/fight-details/fbc7d73f7bf60b9c,1,4:20
"January 01, 2011",Featherweight,http://ufcstats.com/fight-details/965989097794b22b,3,5:00
"January 01, 2011",Welterweight,http://ufcstats.com/fight-details/33c8395139de7551,1,3:45
"January 01, 2011",Lightweight,http://ufcstats.com/fight-details/e7ace0544d5ab596,3,5:00
"December 11, 2010",Welterweight,http://ufcstats.com/fight-details/e87b5c403533b057,5,5:00
"December 11, 2010",Heavyweight,http://ufcstats.com/fight-details/ed6a02c8dcc6f922,1,3:55
"December 11, 2010",Lightweight,http://ufcstats.com/fight-details/77785292d4df807c,1,1:59
"December 11, 2010",Lightweight,http://ufcstats.com/fight-details/ecc41acbd699812a,1,1:54
"December 11, 2010",Welterweight,http://ufcstats.com/fight-details/f0d86420d88ca27b,3,5:00
"December 11, 2010",Middleweight,http://ufcstats.com/fight-details/ecc80630494d402a,3,5:00
"December 11, 2010",Lightweight,http://ufcstats.com/fight-details/94a3e3df3d28d8f0,1,2:33
"December 11, 2010",Middleweight,http://ufcstats.com/fight-details/1de579eecc094c8b,3,5:00
"December 11, 2010",Welterweight,http://ufcstats.com/fight-details/37d988593cb5f14a,3,5:00
"December 11, 2010",Welterweight,http://ufcstats.com/fight-details/42a361f33cbb8d6f,3,5:00
"December 11, 2010",Lightweight,http://ufcstats.com/fight-details/c4bbae7615545c85,3,5:00
"December 04, 2010",Lightweight,http://ufcstats.com/fight-details/dca2a0eb4cd3deac,3,5:00
"December 04, 2010",Light Heavyweight,http://ufcstats.com/fight-details/a2be3b3f9739d0af,3,5:00
"December 04, 2010",Middleweight,http://ufcstats.com/fight-details/dee976dde74e7e05,3,5:00
"December 04, 2010",Welterweight,http://ufcstats.com/fight-details/dca074896265f816,3,5:00
"December 04, 2010",Featherweight,http://ufcstats.com/fight-details/6e574bd614afffd9,3,5:00
"December 04, 2010",Lightweight,http://ufcstats.com/fight-details/f5686732b85adafc,1,2:03
"December 04, 2010",Featherweight,http://ufcstats.com/fight-details/ee85a66d86490f83,3,5:00
"December 04, 2010",Lightweight,http://ufcstats.com/fight-details/a1b035662f43aae2,3,5:00
"December 04, 2010",Bantamweight,http://ufcstats.com/fight-details/d2287a9cfb6b9b07,3,4:33
"December 04, 2010",Featherweight,http://ufcstats.com/fight-details/7206d0aa1d53e518,1,0:51
"December 04, 2010",Middleweight,http://ufcstats.com/fight-details/3d16f99de58b9d0e,3,5:00
"November 20, 2010",Light Heavyweight,http://ufcstats.com/fight-details/47b690fb54f2eaf9,3,5:00
"November 20, 2010",Welterweight,http://ufcstats.com/fight-details/552973c278f08fbb,1,0:21
"November 20, 2010",Middleweight,http://ufcstats.com/fight-details/256aacb8cb2c4289,3,5:00
"November 20, 2010",Light Heavyweight,http://ufcstats.com/fight-details/71bcafd04decc8ce,2,2:55
"November 20, 2010",Lightweight,http://ufcstats.com/fight-details/3e0301367e511512,2,2:43
"November 20, 2010",Welterweight,http://ufcstats.com/fight-details/15cae38f1326adfb,2,2:11
"November 20, 2010",Middleweight,http://ufcstats.com/fight-details/8d886fba9328269c,3,5:00
"November 20, 2010",Welterweight,http://ufcstats.com/fight-details/0ed093f6aaab94d3,1,1:47
"November 20, 2010",Lightweight,http://ufcstats.com/fight-details/8b87b341bcd130ee,3,0:26
"November 20, 2010",Lightweight,http://ufcstats.com/fight-details/e76c3346ad9be24a,2,3:16
"November 20, 2010",Lightweight,http://ufcstats.com/fight-details/83ea3c36a6f91cb8,3,5:00
"November 13, 2010",Middleweight,http://ufcstats.com/fight-details/fdb7377a34603e47,3,5:00
"November 13, 2010",Lightweight,http://ufcstats.com/fight-details/6a32cabbcd9b1e42,1,3:37
"November 13, 2010",Welterweight,http://ufcstats.com/fight-details/82ad4eb50b3d7bd0,3,5:00
"November 13, 2010",Light Heavyweight,http://ufcstats.com/fight-details/5e3f46e6f46d5a90,3,5:00
"November 13, 2010",Welterweight,http://ufcstats.com/fight-details/68b3222e977a6a11,3,5:00
"November 13, 2010",Light Heavyweight,http://ufcstats.com/fight-details/2a9755f4d43f3e2f,1,2:20
"November 13, 2010",Welterweight,http://ufcstats.com/fight-details/d2ce61c578e67067,3,5:00
"November 13, 2010",Middleweight,http://ufcstats.com/fight-details/0a5d29e380f1e3e0,2,1:33
"November 13, 2010",Light Heavyweight,http://ufcstats.com/fight-details/ebf204638524c377,1,3:46
"November 13, 2010",Welterweight,http://ufcstats.com/fight-details/d87755257628de36,1,2:21
"October 23, 2010",Heavyweight,http://ufcstats.com/fight-details/8f301d4eb8e97449,1,4:12
"October 23, 2010",Welterweight,http://ufcstats.com/fight-details/1a0b90c661fd603e,3,5:00
"October 23, 2010",Welterweight,http://ufcstats.com/fight-details/635763ab6b5f0bf0,3,5:00
"October 23, 2010",Light Heavyweight,http://ufcstats.com/fight-details/ec618a1214d4b171,3,5:00
"October 23, 2010",Heavyweight,http://ufcstats.com/fight-details/8787d56f59bfb4c3,3,5:00
"October 23, 2010",Middleweight,http://ufcstats.com/fight-details/46c74829fb4c2dd5,3,1:21
"October 23, 2010",Middleweight,http://ufcstats.com/fight-details/704e1351a64581ed,3,5:00
"October 23, 2010",Welterweight,http://ufcstats.com/fight-details/f7e5e9fdcbff28b3,1,1:13
"October 23, 2010",Lightweight,http://ufcstats.com/fight-details/95ca100d6bf829b2,3,5:00
"October 23, 2010",Middleweight,http://ufcstats.com/fight-details/f817a161eb72e685,3,5:00
"October 23, 2010",Heavyweight,http://ufcstats.com/fight-details/9c354bd6ea1bf25a,1,1:48
"October 16, 2010",Middleweight,http://ufcstats.com/fight-details/ab341b7bb01cdc89,3,5:00
"October 16, 2010",Welterweight,http://ufcstats.com/fight-details/9984333d8933dd58,1,4:27
"October 16, 2010",Welterweight,http://ufcstats.com/fight-details/a829493aa8d25e3c,3,5:00
"October 16, 2010",Heavyweight,http://ufcstats.com/fight-details/00ecb8ea731e64d6,3,5:00
"October 16, 2010",Welterweight,http://ufcstats.com/fight-details/2037295b161c8269,3,5:00
"October 16, 2010",Light Heavyweight,http://ufcstats.com/fight-details/5014298453caf116,2,2:41
"October 16, 2010",Heavyweight,http://ufcstats.com/fight-details/9f2e58bf880157b2,3,1:43
"October 16, 2010",Lightweight,http://ufcstats.com/fight-details/676f5091ce2c3c90,1,4:45
"October 16, 2010",Lightweight,http://ufcstats.com/fight-details/62d4a918256c83e8,3,5:00
"October 16, 2010",Light Heavyweight,http://ufcstats.com/fight-details/8c8d46d89bf899e8,3,0:48
"September 25, 2010",Heavyweight,http://ufcstats.com/fight-details/301b145c186635de,3,4:02
"September 25, 2010",Light Heavyweight,http://ufcstats.com/fight-details/7e3679992f2c6ff6,3,5:00
"September 25, 2010",Welterweight,http://ufcstats.com/fight-details/5b986cd7289a0884,3,5:00
"September 25, 2010",Lightweight,http://ufcstats.com/fight-details/81b5e933186a685a,3,5:00
"September 25, 2010",Lightweight,http://ufcstats.com/fight-details/8e2e14693e04bf45,3,5:00
"September 25, 2010",Middleweight,http://ufcstats.com/fight-details/1733594124569598,1,2:13
"September 25, 2010",Heavyweight,http://ufcstats.com/fight-details/b2717e8f7e7a196f,3,5:00
"September 25, 2010",Lightweight,http://ufcstats.com/fight-details/c22d25f1febd8d09,1,3:47
"September 25, 2010",Lightweight,http://ufcstats.com/fight-details/b30bb2ba5b68a180,3,5:00
"September 25, 2010",Welterweight,http://ufcstats.com/fight-details/a8b22e990cba6144,3,5:00
"September 25, 2010",Heavyweight,http://ufcstats.com/fight-details/bd057764cb51f065,1,1:03
"September 15, 2010",Middleweight,http://ufcstats.com/fight-details/48db60440ead6f6d,1,3:28
"September 15, 2010",Lightweight,http://ufcstats.com/fight-details/a24121c70f773fe2,3,2:25
"September 15, 2010",Lightweight,http://ufcstats.com/fight-details/108140213049e629,3,5:00
"September 15, 2010",Lightweight,http://ufcstats.com/fight-details/2aeba1cc4004d0bc,2,1:49
"September 15, 2010",Lightweight,http://ufcstats.com/fight-details/25137d9cc8b47f57,3,5:00
"September 15, 2010",Light Heavyweight,http://ufcstats.com/fight-details/b972f998103731da,3,5:00
"September 15, 2010",Middleweight,http://ufcstats.com/fight-details/2f2ac4c08e763d38,3,5:00
"September 15, 2010",Middleweight,http://ufcstats.com/fight-details/f1ffe3ba615ad7b9,3,5:00
"September 15, 2010",Welterweight,http://ufcstats.com/fight-details/a4bc92bfe82d0547,3,5:00
"September 15, 2010",Welterweight,http://ufcstats.com/fight-details/88ef809a0fde3900,1,1:07
"August 28, 2010",Lightweight,http://ufcstats.com/fight-details/3d38022fdcb3b5c9,5,5:00
"August 28, 2010",Heavyweight,http://ufcstats.com/fight-details/bec66de67818a9b1,1,3:19
"August 28, 2010",Middleweight,http://ufcstats.com/fight-details/4bb7363bb03628f6,3,5:00
"August 28, 2010",Lightweight,http://ufcstats.com/fight-details/f484290346cfcf73,3,5:00
"August 28, 2010",Welterweight,http://ufcstats.com/fight-details/17a8fbfbe8d32258,3,4:02
"August 28, 2010",Lightweight,http://ufcstats.com/fight-details/a5962421d687de8f,1,2:01
"August 28, 2010",Lightweight,http://ufcstats.com/fight-details/65290fc5216c2a73,3,5:00
"August 28, 2010",Middleweight,http://ufcstats.com/fight-details/18cfc2f58d20c0f2,2,1:53
"August 28, 2010",Welterweight,http://ufcstats.com/fight-details/dacca5ea6be14d08,3,5:00
"August 28, 2010",Welterweight,http://ufcstats.com/fight-details/9443197a9e0a22a2,3,3:11
"August 07, 2010",Middleweight,http://ufcstats.com/fight-details/bcab3ebdc21b0b64,5,3:10
"August 07, 2010",Welterweight,http://ufcstats.com/fight-details/c92c53954903554a,3,5:00
"August 07, 2010",Lightweight,http://ufcstats.com/fight-details/3559cab3329e5431,3,1:51
"August 07, 2010",Welterweight,http://ufcstats.com/fight-details/10fd87a88178aedd,1,3:15
"August 07, 2010",Heavyweight,http://ufcstats.com/fight-details/241a307a9c3d9a21,3,5:00
"August 07, 2010",Welterweight,http://ufcstats.com/fight-details/57d481c10c842ba2,2,1:15
"August 07, 2010",Light Heavyweight,http://ufcstats.com/fight-details/10e35a0667d39086,3,5:00
"August 07, 2010",Welterweight,http://ufcstats.com/fight-details/2592954ad51764b0,2,0:40
"August 07, 2010",Light Heavyweight,http://ufcstats.com/fight-details/0072df705378477c,3,5:00
"August 07, 2010",Heavyweight,http://ufcstats.com/fight-details/55e12d44e9e524cf,2,0:22
"August 07, 2010",Welterweight,http://ufcstats.com/fight-details/951d11f8684ed734,3,5:00
"August 01, 2010",Light Heavyweight,http://ufcstats.com/fight-details/7949430ebc47f31b,1,1:52
"August 01, 2010",Middleweight,http://ufcstats.com/fight-details/743f9df5bdfbcb95,3,5:00
"August 01, 2010",Welterweight,http://ufcstats.com/fight-details/c0dc7511452ed0f8,3,2:21
"August 01, 2010",Lightweight,http://ufcstats.com/fight-details/a01524699dfa3526,1,1:04
"August 01, 2010",Lightweight,http://ufcstats.com/fight-details/71cb15f6dbdaccd8,3,5:00
"August 01, 2010",Welterweight,http://ufcstats.com/fight-details/860954fbe26b867a,2,4:29
"August 01, 2010",Light Heavyweight,http://ufcstats.com/fight-details/26800d759ba50371,1,2:29
"August 01, 2010",Middleweight,http://ufcstats.com/fight-details/a3902e22c10725c4,3,3:10
"August 01, 2010",Lightweight,http://ufcstats.com/fight-details/db1c5b5a710fbdb0,1,0:41
"August 01, 2010",Middleweight,http://ufcstats.com/fight-details/92dea6ff8f0c1b10,3,5:00
"July 03, 2010",Heavyweight,http://ufcstats.com/fight-details/d9c61052035c9b69,2,2:19
"July 03, 2010",Middleweight,http://ufcstats.com/fight-details/049659c5a58ebb61,3,4:40
"July 03, 2010",Welterweight,http://ufcstats.com/fight-details/4c5a2a3cf2bea222,2,2:02
"July 03, 2010",Light Heavyweight,http://ufcstats.com/fight-details/536c26ef4da9ace7,2,3:08
"July 03, 2010",Lightweight,http://ufcstats.com/fight-details/b5608e83faac1387,3,5:00
"July 03, 2010",Heavyweight,http://ufcstats.com/fight-details/07ba406a1d0a5a71,1,1:07
"July 03, 2010",Light Heavyweight,http://ufcstats.com/fight-details/20d28c177a7d43a4,2,3:05
"July 03, 2010",Middleweight,http://ufcstats.com/fight-details/16cab4b91e2c8881,3,5:00
"July 03, 2010",Middleweight,http://ufcstats.com/fight-details/458e6de1b9ef3500,3,2:35
"July 03, 2010",Welterweight,http://ufcstats.com/fight-details/bb7df9a9c9a69914,3,5:00
"July 03, 2010",Heavyweight,http://ufcstats.com/fight-details/6e62908d6639dcdb,3,5:00
"June 19, 2010",Middleweight,http://ufcstats.com/fight-details/8c082a3c69e2d192,2,3:41
"June 19, 2010",Light Heavyweight,http://ufcstats.com/fight-details/13fa791f0772250c,3,5:00
"June 19, 2010",Middleweight,http://ufcstats.com/fight-details/a754766050409638,2,4:17
"June 19, 2010",Lightweight,http://ufcstats.com/fight-details/9b38456520395242,3,5:00
"June 19, 2010",Middleweight,http://ufcstats.com/fight-details/256c9a39386f94a9,2,4:25
"June 19, 2010",Lightweight,http://ufcstats.com/fight-details/76ca3d1cefd6945a,3,5:00
"June 19, 2010",Middleweight,http://ufcstats.com/fight-details/3eb829eb77256ac0,3,5:00
"June 19, 2010",Middleweight,http://ufcstats.com/fight-details/3657196c2f624138,2,3:12
"June 19, 2010",Middleweight,http://ufcstats.com/fight-details/c3e49cc87bd262c8,3,5:00
"June 19, 2010",Heavyweight,http://ufcstats.com/fight-details/a9da6a31229b136c,1,4:32
"June 12, 2010",Light Heavyweight,http://ufcstats.com/fight-details/8c3179f0fd62af14,1,4:55
"June 12, 2010",Heavyweight,http://ufcstats.com/fight-details/9ae6a6f0f0730fa1,3,4:30
"June 12, 2010",Welterweight,http://ufcstats.com/fight-details/11774c581b818e30,3,5:00
"June 12, 2010",Heavyweight,http://ufcstats.com/fight-details/dd7920cac66bed25,3,5:00
"June 12, 2010",Welterweight,http://ufcstats.com/fight-details/0031c043c9f14eb8,3,4:53
"June 12, 2010",Lightweight,http://ufcstats.com/fight-details/72d69e969eda8679,3,5:00
"June 12, 2010",Lightweight,http://ufcstats.com/fight-details/c40fd062610d4e61,1,1:45
"June 12, 2010",Middleweight,http://ufcstats.com/fight-details/37e2f89510cc0bba,2,4:07
"June 12, 2010",Welterweight,http://ufcstats.com/fight-details/e7cb3f5cb39c33e6,3,5:00
"June 12, 2010",Welterweight,http://ufcstats.com/fight-details/ab7934f39038ab27,2,1:48
"June 12, 2010",Welterweight,http://ufcstats.com/fight-details/fcac56089f65d04e,3,4:44
"May 29, 2010",Light Heavyweight,http://ufcstats.com/fight-details/3046c0d0208a65f1,3,5:00
"May 29, 2010",Middleweight,http://ufcstats.com/fight-details/f89589236dc3cbd7,3,5:00
"May 29, 2010",Heavyweight,http://ufcstats.com/fight-details/094a77eecd56a27a,3,2:35
"May 29, 2010",Light Heavyweight,http://ufcstats.com/fight-details/26025a42e011229f,3,5:00
"May 29, 2010",Welterweight,http://ufcstats.com/fight-details/7f35ce1469dab556,3,5:00
"May 29, 2010",Welterweight,http://ufcstats.com/fight-details/96f51af6a93b94c6,3,5:00
"May 29, 2010",Lightweight,http://ufcstats.com/fight-details/3832958c913305f0,3,5:00
"May 29, 2010",Lightweight,http://ufcstats.com/fight-details/655a110a0bd2ea42,1,3:28
"May 29, 2010",Light Heavyweight,http://ufcstats.com/fight-details/8ba089858a7d647b,1,2:13
"May 29, 2010",Lightweight,http://ufcstats.com/fight-details/6190569c372725bf,3,5:00
"May 29, 2010",Middleweight,http://ufcstats.com/fight-details/5000a0bde6213fd9,1,1:06
"May 08, 2010",Light Heavyweight,http://ufcstats.com/fight-details/1572dbb2433d2201,1,3:35
"May 08, 2010",Welterweight,http://ufcstats.com/fight-details/bb58aad30b58b1e4,3,5:00
"May 08, 2010",Lightweight,http://ufcstats.com/fight-details/fc2badbeebf85ebf,3,5:00
"May 08, 2010",Heavyweight,http://ufcstats.com/fight-details/19425b506594d5c7,2,4:24
"May 08, 2010",Middleweight,http://ufcstats.com/fight-details/44adac5d05f7e883,2,3:25
"May 08, 2010",Middleweight,http://ufcstats.com/fight-details/351dccf63078a20e,2,2:10
"May 08, 2010",Welterweight,http://ufcstats.com/fight-details/59f77a6ecd041dff,2,1:23
"May 08, 2010",Welterweight,http://ufcstats.com/fight-details/e3846855a38f0bce,3,5:00
"May 08, 2010",Heavyweight,http://ufcstats.com/fight-details/d4415f08ba3e017e,3,5:00
"May 08, 2010",Welterweight,http://ufcstats.com/fight-details/189d14e4e1602c48,3,5:00
"May 08, 2010",Middleweight,http://ufcstats.com/fight-details/c795c4b7beb89bee,1,2:42
"April 10, 2010",Middleweight,http://ufcstats.com/fight-details/63f744d672fbb8b4,5,5:00
"April 10, 2010",Lightweight,http://ufcstats.com/fight-details/29c9e57b23116aa2,5,5:00
"April 10, 2010",Welterweight,http://ufcstats.com/fight-details/5a6861ca6d7fd021,3,4:40
"April 10, 2010",Lightweight,http://ufcstats.com/fight-details/38ea5a7a5b4932cb,2,4:30
"April 10, 2010",Middleweight,http://ufcstats.com/fight-details/354a92ca4fd824a1,2,2:50
"April 10, 2010",Light Heavyweight,http://ufcstats.com/fight-details/e1f77d40503e5259,1,4:55
"April 10, 2010",Welterweight,http://ufcstats.com/fight-details/3a1d4016452477f5,3,5:00
"April 10, 2010",Welterweight,http://ufcstats.com/fight-details/867904bc58d656df,3,2:08
"April 10, 2010",Lightweight,http://ufcstats.com/fight-details/a2e7273a95d5db4a,2,3:41
"April 10, 2010",Heavyweight,http://ufcstats.com/fight-details/2fec2ba8ea346a3a,3,5:00
"March 31, 2010",Lightweight,http://ufcstats.com/fight-details/8d986c9ee38daf19,3,2:52
"March 31, 2010",Heavyweight,http://ufcstats.com/fight-details/17cda9957f96883f,1,0:39
"March 31, 2010",Middleweight,http://ufcstats.com/fight-details/516868e246064e2b,2,0:29
"March 31, 2010",Lightweight,http://ufcstats.com/fight-details/2328c7832a356a6d,3,5:00
"March 31, 2010",Lightweight,http://ufcstats.com/fight-details/eeb8b25df8543e0f,3,5:00
"March 31, 2010",Lightweight,http://ufcstats.com/fight-details/c16403197580e0af,3,5:00
"March 31, 2010",Lightweight,http://ufcstats.com/fight-details/b32acf1c70321321,3,5:00
"March 31, 2010",Lightweight,http://ufcstats.com/fight-details/2e8217f029c25a3a,1,4:13
"March 31, 2010",Middleweight,http://ufcstats.com/fight-details/713c9b6d0abe5cfc,2,2:47
"March 31, 2010",Middleweight,http://ufcstats.com/fight-details/9eaea5e0165802d0,1,4:49
"March 31, 2010",Welterweight,http://ufcstats.com/fight-details/8afb878a0900372e,3,5:00
"March 27, 2010",Welterweight,http://ufcstats.com/fight-details/d0e4876ab954d27d,5,5:00
"March 27, 2010",Heavyweight,http://ufcstats.com/fight-details/5755a68d39867abc,1,3:48
"March 27, 2010",Lightweight,http://ufcstats.com/fight-details/e74e3c2a96fa9c55,2,4:20
"March 27, 2010",Welterweight,http://ufcstats.com/fight-details/d89e004e3992c5a4,3,5:00
"March 27, 2010",Lightweight,http://ufcstats.com/fight-details/3b8e793ed8151a51,3,5:00
"March 27, 2010",Welterweight,http://ufcstats.com/fight-details/0ae251dd5c0b5304,1,2:47
"March 27, 2010",Welterweight,http://ufcstats.com/fight-details/103b36a1b9d98102,2,3:30
"March 27, 2010",Middleweight,http://ufcstats.com/fight-details/828776734a528b62,1,0:45
"March 27, 2010",Light Heavyweight,http://ufcstats.com/fight-details/4be101dd6883d9bb,3,5:00
"March 27, 2010",Welterweight,http://ufcstats.com/fight-details/2059fd17f2ff4e4a,3,1:30
"March 21, 2010",Light Heavyweight,http://ufcstats.com/fight-details/43f0495855470427,1,3:19
"March 21, 2010",Heavyweight,http://ufcstats.com/fight-details/7aa7b0c5706a0492,1,3:53
"March 21, 2010",Heavyweight,http://ufcstats.com/fight-details/d215c4e6dc1346ae,3,1:16
"March 21, 2010",Middleweight,http://ufcstats.com/fight-details/275c22a93bdd84d8,1,3:01
"March 21, 2010",Lightweight,http://ufcstats.com/fight-details/9368a80ba62d87e2,2,3:40
"March 21, 2010",Light Heavyweight,http://ufcstats.com/fight-details/2270b89b17067838,3,5:00
"March 21, 2010",Lightweight,http://ufcstats.com/fight-details/f63a647b74359194,1,0:44
"March 21, 2010",Welterweight,http://ufcstats.com/fight-details/eb62bfcd3d96a182,1,2:01
"March 21, 2010",Heavyweight,http://ufcstats.com/fight-details/dd56acbfb08aa6b2,1,0:47
"March 21, 2010",Welterweight,http://ufcstats.com/fight-details/a41be337367884e6,3,5:00
"March 21, 2010",Light Heavyweight,http://ufcstats.com/fight-details/9f6f356a56e4fe6f,3,5:00
"February 20, 2010",Heavyweight,http://ufcstats.com/fight-details/ca93e3f69fa3d725,1,2:20
"February 20, 2010",Middleweight,http://ufcstats.com/fight-details/241a722f3b042c59,3,5:00
"February 20, 2010",Lightweight,http://ufcstats.com/fight-details/b4d624bdc27dff83,3,5:00
"February 20, 2010",Light Heavyweight,http://ufcstats.com/fight-details/aefca2869c87eb11,3,2:10
"February 20, 2010",Heavyweight,http://ufcstats.com/fight-details/e716f8079c60bc66,2,5:00
"February 20, 2010",Light Heavyweight,http://ufcstats.com/fight-details/0ea087a71863184d,3,1:04
"February 20, 2010",Welterweight,http://ufcstats.com/fight-details/3b0258eb19d66f8f,1,1:41
"February 20, 2010",Middleweight,http://ufcstats.com/fight-details/e892b4a03304f2a4,3,5:00
"February 20, 2010",Light Heavyweight,http://ufcstats.com/fight-details/46a7cb6937144ba2,3,3:26
"February 06, 2010",Light Heavyweight,http://ufcstats.com/fight-details/f92e8d6c96306013,2,1:09
"February 06, 2010",Middleweight,http://ufcstats.com/fight-details/b091e021e61f1950,3,5:00
"February 06, 2010",Welterweight,http://ufcstats.com/fight-details/5e52b0bf9719f0ae,2,1:54
"February 06, 2010",Middleweight,http://ufcstats.com/fight-details/83a7cc0b0de904b9,3,5:00
"February 06, 2010",Welterweight,http://ufcstats.com/fight-details/2bf24d9c33bb4d49,1,2:23
"February 06, 2010",Lightweight,http://ufcstats.com/fight-details/1fc065e1d3243594,3,5:00
"February 06, 2010",Lightweight,http://ufcstats.com/fight-details/fb9b03644f559604,3,5:00
"February 06, 2010",Lightweight,http://ufcstats.com/fight-details/840863604b38a33f,3,5:00
"February 06, 2010",Light Heavyweight,http://ufcstats.com/fight-details/adddc6e46da5ca19,3,5:00
"February 06, 2010",Heavyweight,http://ufcstats.com/fight-details/20628fd4e19a97e4,3,5:00
"February 06, 2010",Heavyweight,http://ufcstats.com/fight-details/1a21263dc5d866b6,2,1:31
"January 11, 2010",Lightweight,http://ufcstats.com/fight-details/5355fd4a2598f679,3,5:00
"January 11, 2010",Lightweight,http://ufcstats.com/fight-details/504b540805598fa5,3,1:59
"January 11, 2010",Middleweight,http://ufcstats.com/fight-details/be72958d9715757d,3,5:00
"January 11, 2010",Welterweight,http://ufcstats.com/fight-details/a570acbbcbbd151d,3,5:00
"January 11, 2010",Middleweight,http://ufcstats.com/fight-details/d5e0fd3eec76f7e1,3,5:00
"January 11, 2010",Welterweight,http://ufcstats.com/fight-details/f4641db74fcb8ab7,3,5:00
"January 11, 2010",Lightweight,http://ufcstats.com/fight-details/bad1f36202e2c7d7,3,5:00
"January 11, 2010",Welterweight,http://ufcstats.com/fight-details/19f615a7a5cfd304,1,4:27
"January 11, 2010",Lightweight,http://ufcstats.com/fight-details/c4fa93a4f37a6ca7,3,5:00
"January 11, 2010",Middleweight,http://ufcstats.com/fight-details/db620510bbb3f0af,3,3:24
"January 11, 2010",Middleweight,http://ufcstats.com/fight-details/f338da998c4fdf53,3,5:00
"January 02, 2010",Light Heavyweight,http://ufcstats.com/fight-details/57dca2ebe96ed622,3,5:00
"January 02, 2010",Welterweight,http://ufcstats.com/fight-details/c99370e3e54bd5fd,1,2:24
"January 02, 2010",Lightweight,http://ufcstats.com/fight-details/d7f9a09021a9a13c,3,5:00
"January 02, 2010",Lightweight,http://ufcstats.com/fight-details/9d2c9d2249d4fe50,1,2:31
"January 02, 2010",Heavyweight,http://ufcstats.com/fight-details/41e9da89f349b2bc,1,2:07
"January 02, 2010",Welterweight,http://ufcstats.com/fight-details/78b928a602a81971,1,4:03
"January 02, 2010",Lightweight,http://ufcstats.com/fight-details/47245dd345d9ef7e,1,3:05
"January 02, 2010",Middleweight,http://ufcstats.com/fight-details/0e05f54d8b66f317,1,2:30
"January 02, 2010",Welterweight,http://ufcstats.com/fight-details/24e14c4824144c64,2,0:22
"January 02, 2010",Lightweight,http://ufcstats.com/fight-details/0949caefc6735f9b,3,5:00
"December 12, 2009",Lightweight,http://ufcstats.com/fight-details/f6d078e9fe7d17c8,5,2:37
"December 12, 2009",Heavyweight,http://ufcstats.com/fight-details/a9bc7915974b7d15,1,1:12
"December 12, 2009",Welterweight,http://ufcstats.com/fight-details/ccac56928fc2b40b,3,5:00
"December 12, 2009",Lightweight,http://ufcstats.com/fight-details/9172138df0d70cb0,2,2:19
"December 12, 2009",Heavyweight,http://ufcstats.com/fight-details/a29236fcb395f443,3,5:00
"December 12, 2009",Catch Weight,http://ufcstats.com/fight-details/7f9a1b6d83d08c42,1,3:03
"December 12, 2009",Lightweight,http://ufcstats.com/fight-details/8e9f2b82a7b87778,3,5:00
"December 12, 2009",Welterweight,http://ufcstats.com/fight-details/afd5e85676eb697d,3,5:00
"December 12, 2009",Middleweight,http://ufcstats.com/fight-details/a7c63a2b33049ace,2,3:21
"December 12, 2009",Welterweight,http://ufcstats.com/fight-details/483d934c46351c78,1,4:03
"December 12, 2009",Welterweight,http://ufcstats.com/fight-details/7e50ae4dbdd380a1,1,4:57
"December 05, 2009",Heavyweight,http://ufcstats.com/fight-details/e246b6a8cd7853de,1,3:45
"December 05, 2009",Light Heavyweight,http://ufcstats.com/fight-details/3f0826158f87f41d,1,4:14
"December 05, 2009",Catch Weight,http://ufcstats.com/fight-details/de2328aa13e5ecdc,3,5:00
"December 05, 2009",Lightweight,http://ufcstats.com/fight-details/5ab4bdec4db84f7d,2,2:20
"December 05, 2009",Heavyweight,http://ufcstats.com/fight-details/f6246d2b9f663e33,2,0:10
"December 05, 2009",Heavyweight,http://ufcstats.com/fight-details/f5affe923c640d0e,3,3:20
"December 05, 2009",Heavyweight,http://ufcstats.com/fight-details/4182524382590e07,3,5:00
"December 05, 2009",Light Heavyweight,http://ufcstats.com/fight-details/c32b24a24d946893,3,5:00
"December 05, 2009",Welterweight,http://ufcstats.com/fight-details/0b0ba5238399545c,3,4:55
"December 05, 2009",Lightweight,http://ufcstats.com/fight-details/7f0e469103ab46b6,1,3:36
"November 21, 2009",Light Heavyweight,http://ufcstats.com/fight-details/9fa3f9f7caf429d6,3,5:00
"November 21, 2009",Welterweight,http://ufcstats.com/fight-details/31f12d3f95576ef4,2,4:47
"November 21, 2009",Welterweight,http://ufcstats.com/fight-details/70228adf93b6434f,3,5:00
"November 21, 2009",Light Heavyweight,http://ufcstats.com/fight-details/119b156ded2af0f1,1,1:56
"November 21, 2009",Welterweight,http://ufcstats.com/fight-details/fc0f12be6552bfe5,3,5:00
"November 21, 2009",Welterweight,http://ufcstats.com/fight-details/0c6055509d98ed06,1,3:24
"November 21, 2009",Middleweight,http://ufcstats.com/fight-details/c52e23519279d18a,1,3:59
"November 21, 2009",Welterweight,http://ufcstats.com/fight-details/ef8f31b86469a967,2,3:25
"November 21, 2009",Lightweight,http://ufcstats.com/fight-details/d66f2c83c26e5b80,3,5:00
"November 21, 2009",Lightweight,http://ufcstats.com/fight-details/6f78fc53b8662627,2,4:36
"November 14, 2009",Light Heavyweight,http://ufcstats.com/fight-details/7cdc6fdf983fb412,3,5:00
"November 14, 2009",Welterweight,http://ufcstats.com/fight-details/bf8164367980fcd3,3,5:00
"November 14, 2009",Middleweight,http://ufcstats.com/fight-details/b12d96ba9426b8d4,2,4:24
"November 14, 2009",Welterweight,http://ufcstats.com/fight-details/2c07f8ba25640237,3,2:27
"November 14, 2009",Lightweight,http://ufcstats.com/fight-details/b4ebb7576e9745e7,2,4:38
"November 14, 2009",Welterweight,http://ufcstats.com/fight-details/cb510afff3dafdab,3,5:00
"November 14, 2009",Lightweight,http://ufcstats.com/fight-details/4f36bc6fe119c4ac,2,1:24
"November 14, 2009",Welterweight,http://ufcstats.com/fight-details/81283a33e907dbbe,3,3:53
"November 14, 2009",Lightweight,http://ufcstats.com/fight-details/6c569785225fd2e7,2,2:53
"November 14, 2009",Light Heavyweight,http://ufcstats.com/fight-details/964245b54324810d,1,0:41
"November 14, 2009",Lightweight,http://ufcstats.com/fight-details/b0ee33ab448e252b,1,3:22
"October 24, 2009",Light Heavyweight,http://ufcstats.com/fight-details/e60e53bdc614a0af,5,5:00
"October 24, 2009",Heavyweight,http://ufcstats.com/fight-details/b4627dd3bb50be2c,2,0:58
"October 24, 2009",Lightweight,http://ufcstats.com/fight-details/92975b516e6463b6,3,5:00
"October 24, 2009",Lightweight,http://ufcstats.com/fight-details/1238f31a41b78528,2,4:03
"October 24, 2009",Welterweight,http://ufcstats.com/fight-details/7a72d7448159fb59,1,0:41
"October 24, 2009",Light Heavyweight,http://ufcstats.com/fight-details/5c612d2cc1f5da21,3,5:00
"October 24, 2009",Heavyweight,http://ufcstats.com/fight-details/d77a72e3fa8db853,2,2:30
"October 24, 2009",Middleweight,http://ufcstats.com/fight-details/32ae3f0d43babd86,3,5:00
"October 24, 2009",Middleweight,http://ufcstats.com/fight-details/5a9ecff594dc6bb9,3,1:53
"October 24, 2009",Light Heavyweight,http://ufcstats.com/fight-details/03c2cebad8d8c012,3,5:00
"October 24, 2009",Heavyweight,http://ufcstats.com/fight-details/1298d89922befa8c,1,4:04
"September 19, 2009",Catch Weight,http://ufcstats.com/fight-details/ec271393bc31ab72,1,3:02
"September 19, 2009",Heavyweight,http://ufcstats.com/fight-details/2ff09ddaa2b78cc4,3,2:00
"September 19, 2009",Welterweight,http://ufcstats.com/fight-details/acfa3a3c0d09bb57,1,2:31
"September 19, 2009",Welterweight,http://ufcstats.com/fight-details/fd61b04ee64f7f20,1,1:25
"September 19, 2009",Lightweight,http://ufcstats.com/fight-details/b272e9a4ed7a1b23,2,3:26
"September 19, 2009",Lightweight,http://ufcstats.com/fight-details/656e1040e6e007b2,1,3:36
"September 19, 2009",Middleweight,http://ufcstats.com/fight-details/a2da03d9c25b49e5,2,1:03
"September 19, 2009",Lightweight,http://ufcstats.com/fight-details/42a7d576dc207e63,2,0:48
"September 19, 2009",Lightweight,http://ufcstats.com/fight-details/92ea4999f99f55fd,3,5:00
"September 19, 2009",Welterweight,http://ufcstats.com/fight-details/7b06e7f2b34d24b8,2,1:09
"September 19, 2009",Light Heavyweight,http://ufcstats.com/fight-details/d359fe8a99250f64,3,5:00
"September 19, 2009",Light Heavyweight,http://ufcstats.com/fight-details/e314474cb6a7a65c,3,5:00
"September 19, 2009",Lightweight,http://ufcstats.com/fight-details/329a097e0b53daac,3,5:00
"September 16, 2009",Lightweight,http://ufcstats.com/fight-details/1287c631cb74f1d9,2,2:13
"September 16, 2009",Lightweight,http://ufcstats.com/fight-details/b4a81d7eb4e42c1c,3,5:00
"September 16, 2009",Welterweight,http://ufcstats.com/fight-details/aceaa32be99719b0,3,5:00
"September 16, 2009",Middleweight,http://ufcstats.com/fight-details/b589aba75770bc6b,3,5:00
"September 16, 2009",Light Heavyweight,http://ufcstats.com/fight-details/c1be2b862f737c18,3,5:00
"September 16, 2009",Welterweight,http://ufcstats.com/fight-details/7c620723b6840231,3,2:15
"September 16, 2009",Middleweight,http://ufcstats.com/fight-details/e83b214695941af1,3,5:00
"September 16, 2009",Lightweight,http://ufcstats.com/fight-details/4553c3ab494c2d05,1,3:23
"September 16, 2009",Welterweight,http://ufcstats.com/fight-details/0454bfbc49e95c16,3,5:00
"September 16, 2009",Middleweight,http://ufcstats.com/fight-details/d6e75e0238d3ad9b,1,3:56
"August 29, 2009",Heavyweight,http://ufcstats.com/fight-details/2a23f787fff1d837,3,5:00
"August 29, 2009",Light Heavyweight,http://ufcstats.com/fight-details/39f07708af6ecfc7,1,1:35
"August 29, 2009",Middleweight,http://ufcstats.com/fight-details/e3c9c95b67580b9b,3,1:30
"August 29, 2009",Middleweight,http://ufcstats.com/fight-details/3445246f8e3eba24,1,0:21
"August 29, 2009",Light Heavyweight,http://ufcstats.com/fight-details/6d32a829217cf2fa,3,5:00
"August 29, 2009",Middleweight,http://ufcstats.com/fight-details/2711e57bbef4d928,2,0:17
"August 29, 2009",Heavyweight,http://ufcstats.com/fight-details/4d3297af1b7889ba,1,2:27
"August 29, 2009",Heavyweight,http://ufcstats.com/fight-details/6ae10aa4c6dc986d,3,5:00
"August 29, 2009",Heavyweight,http://ufcstats.com/fight-details/fa0d393a452c0809,1,0:07
"August 29, 2009",Middleweight,http://ufcstats.com/fight-details/fd292c2a587bb2f5,3,5:00
"August 29, 2009",Lightweight,http://ufcstats.com/fight-details/b0958ed411ae9675,3,5:00
"August 08, 2009",Lightweight,http://ufcstats.com/fight-details/73a4a092c1850b57,4,3:54
"August 08, 2009",Light Heavyweight,http://ufcstats.com/fight-details/de495aa2ec1f1e91,1,3:23
"August 08, 2009",Lightweight,http://ufcstats.com/fight-details/6a61d45818534b19,3,5:00
"August 08, 2009",Welterweight,http://ufcstats.com/fight-details/28037f9be7e0781a,1,0:29
"August 08, 2009",Middleweight,http://ufcstats.com/fight-details/a9dc59e90779c1e3,3,5:00
"August 08, 2009",Lightweight,http://ufcstats.com/fight-details/b71f07f052d0a48b,3,5:00
"August 08, 2009",Welterweight,http://ufcstats.com/fight-details/ef6a0ee848382391,3,5:00
"August 08, 2009",Middleweight,http://ufcstats.com/fight-details/faec13fd40b6d797,3,5:00
"August 08, 2009",Welterweight,http://ufcstats.com/fight-details/5a8c92dfbb16d26f,3,5:00
"August 08, 2009",Lightweight,http://ufcstats.com/fight-details/8ead66bc1678519b,2,1:59
"August 08, 2009",Welterweight,http://ufcstats.com/fight-details/ea9edb20f527b49e,3,3:37
"July 11, 2009",Welterweight,http://ufcstats.com/fight-details/55833bf5054126e2,3,5:00
"July 11, 2009",Heavyweight,http://ufcstats.com/fight-details/8df2751dcbfa0fa2,2,1:48
"July 11, 2009",Welterweight,http://ufcstats.com/fight-details/b0dfb313364a7c80,5,5:00
"July 11, 2009",Middleweight,http://ufcstats.com/fight-details/6d1093a1c31dab94,2,3:20
"July 11, 2009",Middleweight,http://ufcstats.com/fight-details/15705df8ba8dcbe1,3,5:00
"July 11, 2009",Light Heavyweight,http://ufcstats.com/fight-details/f885b95dbb354e3d,3,5:00
"July 11, 2009",Lightweight,http://ufcstats.com/fight-details/d9c3d7b09d8df3e4,3,5:00
"July 11, 2009",Light Heavyweight,http://ufcstats.com/fight-details/6f6158830b01ea27,2,2:43
"July 11, 2009",Welterweight,http://ufcstats.com/fight-details/b6234bf015c80fc5,3,5:00
"July 11, 2009",Middleweight,http://ufcstats.com/fight-details/f8896b43f4ecf861,1,0:55
"July 11, 2009",Lightweight,http://ufcstats.com/fight-details/55bcf58be822d115,1,2:36
"June 20, 2009",Lightweight,http://ufcstats.com/fight-details/468d6da7f097e449,3,5:00
"June 20, 2009",Welterweight,http://ufcstats.com/fight-details/036bb5b335e93ca8,1,4:54
"June 20, 2009",Welterweight,http://ufcstats.com/fight-details/4ae231bd909ceddc,3,5:00
"June 20, 2009",Lightweight,http://ufcstats.com/fight-details/1d30430af5257347,3,5:00
"June 20, 2009",Lightweight,http://ufcstats.com/fight-details/11871325db7a13ec,3,5:00
"June 20, 2009",Lightweight,http://ufcstats.com/fight-details/a5a5e24f4dd40fbf,3,5:00
"June 20, 2009",Welterweight,http://ufcstats.com/fight-details/08c5dcd426dea606,3,5:00
"June 20, 2009",Light Heavyweight,http://ufcstats.com/fight-details/0486ad62f7dfd11e,1,4:48
"June 20, 2009",Welterweight,http://ufcstats.com/fight-details/707d6023b8723c5d,1,3:40
"June 20, 2009",Lightweight,http://ufcstats.com/fight-details/43712d71cec9bde6,1,4:46
"June 13, 2009",Catch Weight,http://ufcstats.com/fight-details/fcf3b0d21df10f56,3,5:00
"June 13, 2009",Heavyweight,http://ufcstats.com/fight-details/09e7db36cd72bf61,3,5:00
"June 13, 2009",Heavyweight,http://ufcstats.com/fight-details/3b44d0179f94726c,1,3:06
"June 13, 2009",Welterweight,http://ufcstats.com/fight-details/df28f8cb5a12ec8e,2,3:47
"June 13, 2009",Lightweight,http://ufcstats.com/fight-details/cfacff39c9f3b2f9,3,5:00
"June 13, 2009",Welterweight,http://ufcstats.com/fight-details/11ca5d09db47708b,3,5:00
"June 13, 2009",Lightweight,http://ufcstats.com/fight-details/0d09e95e85efad69,2,2:38
"June 13, 2009",Lightweight,http://ufcstats.com/fight-details/bb0794053766a866,1,3:23
"June 13, 2009",Welterweight,http://ufcstats.com/fight-details/83314e1ed6f7d94e,3,5:00
"June 13, 2009",Lightweight,http://ufcstats.com/fight-details/cd45a78028039f53,3,5:00
"June 13, 2009",Heavyweight,http://ufcstats.com/fight-details/440936f9db783997,2,2:37
"June 13, 2009",Welterweight,http://ufcstats.com/fight-details/f25d324841223f26,3,5:00
"May 23, 2009",Light Heavyweight,http://ufcstats.com/fight-details/15750dc75b7426f3,2,3:57
"May 23, 2009",Welterweight,http://ufcstats.com/fight-details/d1e144ce44599f3a,3,5:00
"May 23, 2009",Middleweight,http://ufcstats.com/fight-details/62fbd9d089a9a306,1,0:37
"May 23, 2009",Middleweight,http://ufcstats.com/fight-details/1e87e0e4da55c92f,3,5:00
"May 23, 2009",Lightweight,http://ufcstats.com/fight-details/eb23f3574b656624,3,5:00
"May 23, 2009",Welterweight,http://ufcstats.com/fight-details/b9be472f456cac79,1,3:06
"May 23, 2009",Heavyweight,http://ufcstats.com/fight-details/f1423b63d81c88ea,1,1:42
"May 23, 2009",Lightweight,http://ufcstats.com/fight-details/b4bf090eb5c57903,1,1:03
"May 23, 2009",Light Heavyweight,http://ufcstats.com/fight-details/dd400f38c483f629,1,3:17
"May 23, 2009",Welterweight,http://ufcstats.com/fight-details/54d14f98d4a83def,1,2:24
"May 23, 2009",Lightweight,http://ufcstats.com/fight-details/5060770f197e2147,3,5:00
"April 18, 2009",Middleweight,http://ufcstats.com/fight-details/7291a111058dbf0e,5,5:00
"April 18, 2009",Lightweight,http://ufcstats.com/fight-details/de84ebe3b8cb8cd3,3,5:00
"April 18, 2009",Light Heavyweight,http://ufcstats.com/fight-details/d29dd21d8881a0e0,1,4:28
"April 18, 2009",Light Heavyweight,http://ufcstats.com/fight-details/1f64e532f942ef57,1,3:53
"April 18, 2009",Heavyweight,http://ufcstats.com/fight-details/bcba81de8f082768,2,2:29
"April 18, 2009",Light Heavyweight,http://ufcstats.com/fight-details/0bf025d86cc2a409,3,5:00
"April 18, 2009",Middleweight,http://ufcstats.com/fight-details/154da5e0d8541508,3,5:00
"April 18, 2009",Middleweight,http://ufcstats.com/fight-details/793432d042384a02,1,2:27
"April 18, 2009",Middleweight,http://ufcstats.com/fight-details/06142a1de3bbae75,3,5:00
"April 18, 2009",Lightweight,http://ufcstats.com/fight-details/bdb62b661d033fe2,1,4:57
"April 18, 2009",Welterweight,http://ufcstats.com/fight-details/226de3e7e71f2b4f,3,5:00
"April 18, 2009",Light Heavyweight,http://ufcstats.com/fight-details/c6a5ed1127cbc9b9,3,5:00
"April 01, 2009",Welterweight,http://ufcstats.com/fight-details/ae68274ab6f78cd8,3,5:00
"April 01, 2009",Light Heavyweight,http://ufcstats.com/fight-details/a7d42315236560e9,3,5:00
"April 01, 2009",Lightweight,http://ufcstats.com/fight-details/f1100f1bc6cbb351,3,5:00
"April 01, 2009",Lightweight,http://ufcstats.com/fight-details/33e576af1d064e4e,1,1:58
"April 01, 2009",Lightweight,http://ufcstats.com/fight-details/9c7a67ce1d6a01f9,3,5:00
"April 01, 2009",Middleweight,http://ufcstats.com/fight-details/4b9203b86f0aa870,3,5:00
"April 01, 2009",Welterweight,http://ufcstats.com/fight-details/47e17513aae45a95,1,2:01
"April 01, 2009",Middleweight,http://ufcstats.com/fight-details/c642640db89fb033,2,3:45
"April 01, 2009",Middleweight,http://ufcstats.com/fight-details/4cffb137402f7bb0,3,5:00
"April 01, 2009",Middleweight,http://ufcstats.com/fight-details/a561360edf66ee6f,1,1:54
"April 01, 2009",Middleweight,http://ufcstats.com/fight-details/ddc233f8ca7c05aa,1,1:40
"March 07, 2009",Light Heavyweight,http://ufcstats.com/fight-details/011d818ec9bb3de6,3,5:00
"March 07, 2009",Heavyweight,http://ufcstats.com/fight-details/038c472ae3fd7728,1,1:09
"March 07, 2009",Welterweight,http://ufcstats.com/fight-details/1df12710cfdb60f4,1,1:32
"March 07, 2009",Light Heavyweight,http://ufcstats.com/fight-details/798ca95afb5875ef,1,3:53
"March 07, 2009",Lightweight,http://ufcstats.com/fight-details/789a8911fcd6de13,3,5:00
"March 07, 2009",Welterweight,http://ufcstats.com/fight-details/31535a79c5959be8,1,3:35
"March 07, 2009",Middleweight,http://ufcstats.com/fight-details/d9d7e8e9149e61b1,1,1:32
"March 07, 2009",Light Heavyweight,http://ufcstats.com/fight-details/39b79764bbac93cb,3,5:00
"March 07, 2009",Light Heavyweight,http://ufcstats.com/fight-details/731a3120fdffa44c,2,1:27
"March 07, 2009",Lightweight,http://ufcstats.com/fight-details/21b02cb26307ac0f,1,0:44
"February 21, 2009",Lightweight,http://ufcstats.com/fight-details/56aac937d9f1d13a,3,5:00
"February 21, 2009",Welterweight,http://ufcstats.com/fight-details/9379672d351808a3,1,1:09
"February 21, 2009",Middleweight,http://ufcstats.com/fight-details/c1b0670419fa0894,3,3:10
"February 21, 2009",Middleweight,http://ufcstats.com/fight-details/995d42d9ff422ed1,1,2:37
"February 21, 2009",Welterweight,http://ufcstats.com/fight-details/fd05ac3ac2f7d042,1,3:29
"February 21, 2009",Lightweight,http://ufcstats.com/fight-details/0bf249717dacc5c3,2,0:10
"February 21, 2009",Heavyweight,http://ufcstats.com/fight-details/95c229097cd2d7c3,1,0:54
"February 21, 2009",Lightweight,http://ufcstats.com/fight-details/d89b849df7bff79b,1,2:13
"February 21, 2009",Heavyweight,http://ufcstats.com/fight-details/0d395cb5d91f811f,1,1:03
"February 21, 2009",Welterweight,http://ufcstats.com/fight-details/cdfaa6f4154a0ee9,3,5:00
"February 07, 2009",Lightweight,http://ufcstats.com/fight-details/83c5a944258d2332,2,4:43
"February 07, 2009",Heavyweight,http://ufcstats.com/fight-details/2d80f60b67791b97,2,2:34
"February 07, 2009",Lightweight,http://ufcstats.com/fight-details/df7f3c60c523ca55,2,3:36
"February 07, 2009",Welterweight,http://ufcstats.com/fight-details/868833557ae90877,1,4:39
"February 07, 2009",Lightweight,http://ufcstats.com/fight-details/0a1f2e1f9d91bc9a,2,3:14
"February 07, 2009",Middleweight,http://ufcstats.com/fight-details/14c3447726332f2b,1,1:03
"February 07, 2009",Lightweight,http://ufcstats.com/fight-details/6a663c04dfe5b88e,1,4:34
"February 07, 2009",Lightweight,http://ufcstats.com/fight-details/c9721146eba68c2a,1,4:35
"February 07, 2009",Middleweight,http://ufcstats.com/fight-details/26888b89fbd860cf,2,1:15
"February 07, 2009",Welterweight,http://ufcstats.com/fight-details/e4420b9812501c17,3,5:00
"January 31, 2009",Welterweight,http://ufcstats.com/fight-details/a158e4ff7ea93d43,4,5:00
"January 31, 2009",Light Heavyweight,http://ufcstats.com/fight-details/41b9240c854b0956,1,4:59
"January 31, 2009",Light Heavyweight,http://ufcstats.com/fight-details/afb9d3476c5caafa,3,5:00
"January 31, 2009",Welterweight,http://ufcstats.com/fight-details/aa161809e78bef96,3,5:00
"January 31, 2009",Lightweight,http://ufcstats.com/fight-details/92e9c53671ac8fe7,3,5:00
"January 31, 2009",Welterweight,http://ufcstats.com/fight-details/c598261fac8cf23a,3,5:00
"January 31, 2009",Lightweight,http://ufcstats.com/fight-details/e6dd15ef9fd7927e,3,5:00
"January 31, 2009",Welterweight,http://ufcstats.com/fight-details/08f5bdfe45082ec5,3,5:00
"January 31, 2009",Light Heavyweight,http://ufcstats.com/fight-details/1cb28e867dd749b8,3,5:00
"January 31, 2009",Welterweight,http://ufcstats.com/fight-details/fb7d31b36bebc5af,3,5:00
"January 17, 2009",Light Heavyweight,http://ufcstats.com/fight-details/cb7cfa8b9900878f,3,5:00
"January 17, 2009",Light Heavyweight,http://ufcstats.com/fight-details/396214fd188c2549,3,4:36
"January 17, 2009",Middleweight,http://ufcstats.com/fight-details/dd5f7a14f5782f79,3,5:00
"January 17, 2009",Middleweight,http://ufcstats.com/fight-details/591e7797363a6c89,2,4:36
"January 17, 2009",Welterweight,http://ufcstats.com/fight-details/e90dd017386025c4,3,5:00
"January 17, 2009",Welterweight,http://ufcstats.com/fight-details/20b84b2cbfb92dc7,1,4:36
"January 17, 2009",Welterweight,http://ufcstats.com/fight-details/e9658a79cfaafbb1,2,3:09
"January 17, 2009",Light Heavyweight,http://ufcstats.com/fight-details/4da34f2980b5c58d,1,3:35
"January 17, 2009",Light Heavyweight,http://ufcstats.com/fight-details/5a3b530c73106c5c,1,2:02
"January 17, 2009",Lightweight,http://ufcstats.com/fight-details/f046dfa306dc7acb,3,3:45
"December 27, 2008",Light Heavyweight,http://ufcstats.com/fight-details/041dd0fae4650970,3,2:46
"December 27, 2008",Heavyweight,http://ufcstats.com/fight-details/02c54d382fb1c347,2,1:54
"December 27, 2008",Middleweight,http://ufcstats.com/fight-details/b8927a3a2735acb0,1,3:01
"December 27, 2008",Light Heavyweight,http://ufcstats.com/fight-details/c62d5962b99938de,1,3:21
"December 27, 2008",Heavyweight,http://ufcstats.com/fight-details/b3f4583109b429af,1,4:37
"December 27, 2008",Middleweight,http://ufcstats.com/fight-details/4918b7e3600f67a1,3,5:00
"December 27, 2008",Heavyweight,http://ufcstats.com/fight-details/59e653313c871c3f,2,2:09
"December 27, 2008",Light Heavyweight,http://ufcstats.com/fight-details/539eff1fe2fb39ba,2,2:19
"December 27, 2008",Welterweight,http://ufcstats.com/fight-details/f27bf6f21410547f,3,5:00
"December 27, 2008",Heavyweight,http://ufcstats.com/fight-details/8add23232cdb36ee,1,2:36
"December 13, 2008",Lightweight,http://ufcstats.com/fight-details/86b8419f22f398c0,3,5:00
"December 13, 2008",Light Heavyweight,http://ufcstats.com/fight-details/e65da830a1928fe6,1,2:18
"December 13, 2008",Welterweight,http://ufcstats.com/fight-details/f7cd0a90da3be3b2,3,0:28
"December 13, 2008",Middleweight,http://ufcstats.com/fight-details/0b58bd40373b1811,1,2:18
"December 13, 2008",Lightweight,http://ufcstats.com/fight-details/ec8ad2966a6816b3,2,1:32
"December 13, 2008",Light Heavyweight,http://ufcstats.com/fight-details/edeba52fc9b2855f,2,3:27
"December 13, 2008",Light Heavyweight,http://ufcstats.com/fight-details/59bd4e83d8f846ee,1,1:27
"December 13, 2008",Light Heavyweight,http://ufcstats.com/fight-details/09b36c7157770516,3,5:00
"December 13, 2008",Lightweight,http://ufcstats.com/fight-details/52e07b6540fad19e,3,5:00
"December 13, 2008",Lightweight,http://ufcstats.com/fight-details/bacb62c4f2058fd8,2,2:18
"December 10, 2008",Welterweight,http://ufcstats.com/fight-details/11c3035dd9104e50,1,2:15
"December 10, 2008",Welterweight,http://ufcstats.com/fight-details/0f235698600c962e,1,0:33
"December 10, 2008",Light Heavyweight,http://ufcstats.com/fight-details/d8f64b001cd590fa,1,4:04
"December 10, 2008",Middleweight,http://ufcstats.com/fight-details/83406cd29d3c2d0f,2,5:00
"December 10, 2008",Lightweight,http://ufcstats.com/fight-details/d90567f7d4372160,3,5:00
"December 10, 2008",Catch Weight,http://ufcstats.com/fight-details/ecfe522e5f1e766b,3,5:00
"December 10, 2008",Welterweight,http://ufcstats.com/fight-details/44c9ca6a502db390,2,3:44
"December 10, 2008",Welterweight,http://ufcstats.com/fight-details/79298011365a6d90,1,1:49
"December 10, 2008",Lightweight,http://ufcstats.com/fight-details/c4e16d57dd9a1b39,2,0:20
"December 10, 2008",Heavyweight,http://ufcstats.com/fight-details/2f736846aebbf12d,3,5:00
"November 15, 2008",Heavyweight,http://ufcstats.com/fight-details/75577b11361cb645,2,3:07
"November 15, 2008",Lightweight,http://ufcstats.com/fight-details/821c27f0dbb27e86,1,4:03
"November 15, 2008",Welterweight,http://ufcstats.com/fight-details/c739195deef32b45,1,3:59
"November 15, 2008",Heavyweight,http://ufcstats.com/fight-details/e94d7bfb0c92e30d,1,1:01
"November 15, 2008",Middleweight,http://ufcstats.com/fight-details/bfd846ad4d597bbb,1,2:13
"November 15, 2008",Lightweight,http://ufcstats.com/fight-details/958bd435389dd12a,3,5:00
"November 15, 2008",Lightweight,http://ufcstats.com/fight-details/9e99536eae6d709b,3,0:39
"November 15, 2008",Lightweight,http://ufcstats.com/fight-details/8191b8edfde3b9c3,3,3:16
"November 15, 2008",Welterweight,http://ufcstats.com/fight-details/b34fb9e15fbd6b3b,2,0:57
"October 25, 2008",Middleweight,http://ufcstats.com/fight-details/2281dea0c5903a2f,3,0:39
"October 25, 2008",Welterweight,http://ufcstats.com/fight-details/64da1f4774624b72,3,5:00
"October 25, 2008",Lightweight,http://ufcstats.com/fight-details/27868eac1d141498,3,5:00
"October 25, 2008",Heavyweight,http://ufcstats.com/fight-details/af4cbb9072814a86,1,1:21
"October 25, 2008",Lightweight,http://ufcstats.com/fight-details/d5a0e8c67ed8abe0,3,5:00
"October 25, 2008",Middleweight,http://ufcstats.com/fight-details/3feb2a8de9cf37da,1,1:18
"October 25, 2008",Lightweight,http://ufcstats.com/fight-details/80fd1902547e0744,3,3:56
"October 25, 2008",Middleweight,http://ufcstats.com/fight-details/34d1bfdde8ea3e11,3,5:00
"October 25, 2008",Lightweight,http://ufcstats.com/fight-details/854c64fe481e65ee,3,5:00
"October 25, 2008",Welterweight,http://ufcstats.com/fight-details/cfbeeffd65101ae1,3,5:00
"October 18, 2008",Middleweight,http://ufcstats.com/fight-details/1776c84e3d22d7cc,3,5:00
"October 18, 2008",Light Heavyweight,http://ufcstats.com/fight-details/01d71345ba7ea6f9,3,5:00
"October 18, 2008",Light Heavyweight,http://ufcstats.com/fight-details/781017bfa44d4058,2,4:15
"October 18, 2008",Welterweight,http://ufcstats.com/fight-details/f24db9d7c3636a2a,3,5:00
"October 18, 2008",Welterweight,http://ufcstats.com/fight-details/cc9cabc1fc747aaf,2,2:16
"October 18, 2008",Welterweight,http://ufcstats.com/fight-details/0510d12ad43ede89,3,5:00
"October 18, 2008",Heavyweight,http://ufcstats.com/fight-details/550daf3853d050ba,1,1:31
"October 18, 2008",Lightweight,http://ufcstats.com/fight-details/194f8d501f318ada,3,5:00
"October 18, 2008",Lightweight,http://ufcstats.com/fight-details/cd5336ef8b2329f4,3,5:00
"October 18, 2008",Lightweight,http://ufcstats.com/fight-details/9b8c29f50d452025,3,3:19
"October 18, 2008",Lightweight,http://ufcstats.com/fight-details/757c11f17278b06a,3,1:47
"September 17, 2008",Lightweight,http://ufcstats.com/fight-details/9fc232c3829a1ef0,3,5:00
"September 17, 2008",Lightweight,http://ufcstats.com/fight-details/d460961065f1198b,3,5:00
"September 17, 2008",Middleweight,http://ufcstats.com/fight-details/3818a33c9103c88f,3,5:00
"September 17, 2008",Light Heavyweight,http://ufcstats.com/fight-details/505d3d9b006014c8,1,4:53
"September 17, 2008",Middleweight,http://ufcstats.com/fight-details/830bf05d0ee635a1,1,1:27
"September 17, 2008",Middleweight,http://ufcstats.com/fight-details/43e8fcd8e4d015fb,2,2:04
"September 17, 2008",Lightweight,http://ufcstats.com/fight-details/f6ea148cfeb1aaf7,2,1:34
"September 17, 2008",Light Heavyweight,http://ufcstats.com/fight-details/d23b05f33b741c47,2,2:54
"September 17, 2008",Middleweight,http://ufcstats.com/fight-details/2822226962195259,1,1:28
"September 17, 2008",Middleweight,http://ufcstats.com/fight-details/1992dcae0699200e,1,1:27
"September 06, 2008",Light Heavyweight,http://ufcstats.com/fight-details/3e126f482e9a84b8,2,1:51
"September 06, 2008",Light Heavyweight,http://ufcstats.com/fight-details/c5574b79e31a1b2b,3,0:39
"September 06, 2008",Middleweight,http://ufcstats.com/fight-details/a34dc525a16ce375,3,5:00
"September 06, 2008",Middleweight,http://ufcstats.com/fight-details/b74ecc368d3ecbc4,1,1:22
"September 06, 2008",Welterweight,http://ufcstats.com/fight-details/cafb86764ea92268,3,5:00
"September 06, 2008",Lightweight,http://ufcstats.com/fight-details/976f7f5e7537c62b,3,5:00
"September 06, 2008",Light Heavyweight,http://ufcstats.com/fight-details/0568994b8323d640,1,2:03
"September 06, 2008",Middleweight,http://ufcstats.com/fight-details/81734d11cb6a8ebb,2,1:20
"September 06, 2008",Welterweight,http://ufcstats.com/fight-details/9a596aaa2b9a18db,3,5:00
"August 09, 2008",Welterweight,http://ufcstats.com/fight-details/a23b4817f0b773c8,5,5:00
"August 09, 2008",Heavyweight,http://ufcstats.com/fight-details/b2013a8b4ed68c8d,3,5:00
"August 09, 2008",Lightweight,http://ufcstats.com/fight-details/e915c1987050eac8,1,0:12
"August 09, 2008",Lightweight,http://ufcstats.com/fight-details/c2fd7ee22721846c,3,5:00
"August 09, 2008",Middleweight,http://ufcstats.com/fight-details/31362d9ea15127b2,3,2:44
"August 09, 2008",Welterweight,http://ufcstats.com/fight-details/e2a61ec3bc83da98,3,5:00
"August 09, 2008",Heavyweight,http://ufcstats.com/fight-details/4f7a7a0b67f085b3,1,4:55
"August 09, 2008",Light Heavyweight,http://ufcstats.com/fight-details/c5e0e4ee11903076,3,5:00
"August 09, 2008",Welterweight,http://ufcstats.com/fight-details/c92a4fe402579c49,3,5:00
"August 09, 2008",Welterweight,http://ufcstats.com/fight-details/204fe39cf94f45dc,2,2:28
"July 19, 2008",Light Heavyweight,http://ufcstats.com/fight-details/4eafb2657c3781f5,1,1:01
"July 19, 2008",Light Heavyweight,http://ufcstats.com/fight-details/512f2d10f92d0d36,3,5:00
"July 19, 2008",Lightweight,http://ufcstats.com/fight-details/9f14f080b08e6869,3,5:00
"July 19, 2008",Heavyweight,http://ufcstats.com/fight-details/333c9e6f3cc8f91e,1,2:02
"July 19, 2008",Welterweight,http://ufcstats.com/fight-details/51ae1d8a663ae1fe,3,3:35
"July 19, 2008",Middleweight,http://ufcstats.com/fight-details/403bed9fe983b10a,1,3:58
"July 19, 2008",Middleweight,http://ufcstats.com/fight-details/b9b8509c568dc144,1,1:54
"July 19, 2008",Welterweight,http://ufcstats.com/fight-details/82f2afc6d7db44f3,1,1:37
"July 19, 2008",Middleweight,http://ufcstats.com/fight-details/f8b6468621db85ca,1,4:21
"July 19, 2008",Welterweight,http://ufcstats.com/fight-details/62f487635d7a9bb0,2,2:29
"July 19, 2008",Lightweight,http://ufcstats.com/fight-details/8d26509990b6e518,1,3:33
"July 05, 2008",Light Heavyweight,http://ufcstats.com/fight-details/ae674ec42bd0a979,5,5:00
"July 05, 2008",Middleweight,http://ufcstats.com/fight-details/6760e48a36571feb,3,5:00
"July 05, 2008",Lightweight,http://ufcstats.com/fight-details/51b0cc51799e7d5d,2,2:57
"July 05, 2008",Welterweight,http://ufcstats.com/fight-details/ac82d28aaa5faaf0,3,5:00
"July 05, 2008",Lightweight,http://ufcstats.com/fight-details/61f0ceb980c1ae81,3,5:00
"July 05, 2008",Heavyweight,http://ufcstats.com/fight-details/bbe3d2a2ad8d204e,1,1:57
"July 05, 2008",Lightweight,http://ufcstats.com/fight-details/66f0238fac31130f,3,4:48
"July 05, 2008",Lightweight,http://ufcstats.com/fight-details/13858ffdaaef5671,1,0:36
"July 05, 2008",Lightweight,http://ufcstats.com/fight-details/bcefcb29bec709d6,2,3:57
"June 21, 2008",Middleweight,http://ufcstats.com/fight-details/98b1ee14ad4ea1c6,3,5:00
"June 21, 2008",Middleweight,http://ufcstats.com/fight-details/0064bbc554d85421,1,3:02
"June 21, 2008",Welterweight,http://ufcstats.com/fight-details/31c2d8648b06a001,3,4:07
"June 21, 2008",Lightweight,http://ufcstats.com/fight-details/7ddaf46a81b7e616,3,5:00
"June 21, 2008",Middleweight,http://ufcstats.com/fight-details/61d89b0cb175430c,3,5:00
"June 21, 2008",Welterweight,http://ufcstats.com/fight-details/688c8b695e521ce8,2,4:46
"June 21, 2008",Middleweight,http://ufcstats.com/fight-details/98a1121ffbc47657,1,1:08
"June 21, 2008",Welterweight,http://ufcstats.com/fight-details/6aee27cc2610b56a,2,3:40
"June 21, 2008",Middleweight,http://ufcstats.com/fight-details/5288ef3edf1eda6e,1,3:52
"June 21, 2008",Middleweight,http://ufcstats.com/fight-details/0700b74037329215,1,3:58
"June 07, 2008",Welterweight,http://ufcstats.com/fight-details/b3a3341a5db2d484,2,1:02
"June 07, 2008",Middleweight,http://ufcstats.com/fight-details/761681c1ab0fdead,1,3:42
"June 07, 2008",Welterweight,http://ufcstats.com/fight-details/ff872fa3e9ec32a9,3,5:00
"June 07, 2008",Middleweight,http://ufcstats.com/fight-details/171007deb1cc56aa,3,5:00
"June 07, 2008",Heavyweight,http://ufcstats.com/fight-details/0fe3681eb934bdc3,1,4:40
"June 07, 2008",Middleweight,http://ufcstats.com/fight-details/4a482ad5b021bb25,1,2:44
"June 07, 2008",Lightweight,http://ufcstats.com/fight-details/94f880f25dd011cd,2,1:57
"June 07, 2008",Welterweight,http://ufcstats.com/fight-details/f8f73efa2d4cc566,2,3:50
"June 07, 2008",Light Heavyweight,http://ufcstats.com/fight-details/b976eb99de0f63ca,1,2:07
"June 07, 2008",Welterweight,http://ufcstats.com/fight-details/96c95cff535291d9,3,5:00
"June 07, 2008",Heavyweight,http://ufcstats.com/fight-details/8a8400c6c42df59a,2,4:15
"May 24, 2008",Lightweight,http://ufcstats.com/fight-details/c9d3ccbfef600989,3,5:00
"May 24, 2008",Light Heavyweight,http://ufcstats.com/fight-details/6baa381a75582d98,1,0:36
"May 24, 2008",Light Heavyweight,http://ufcstats.com/fight-details/c5bef3da17e595ee,2,3:15
"May 24, 2008",Light Heavyweight,http://ufcstats.com/fight-details/bd5edc0bfa0db8c8,3,5:00
"May 24, 2008",Light Heavyweight,http://ufcstats.com/fight-details/e57d1260201e5101,1,2:24
"May 24, 2008",Middleweight,http://ufcstats.com/fight-details/03d30a534dee8ac5,1,2:36
"May 24, 2008",Light Heavyweight,http://ufcstats.com/fight-details/004b9368337d3cd6,1,5:00
"May 24, 2008",Lightweight,http://ufcstats.com/fight-details/02d2da0420fbdd39,3,5:00
"May 24, 2008",Welterweight,http://ufcstats.com/fight-details/b376a6fb0ca4862e,1,0:56
"May 24, 2008",Welterweight,http://ufcstats.com/fight-details/1d00497a573d7f4c,3,0:25
"May 24, 2008",Heavyweight,http://ufcstats.com/fight-details/628d02b6046d5f73,1,0:44
"April 19, 2008",Welterweight,http://ufcstats.com/fight-details/67948da92e6c9bdc,2,4:45
"April 19, 2008",Middleweight,http://ufcstats.com/fight-details/6ae2cd7feede5a33,2,3:01
"April 19, 2008",Middleweight,http://ufcstats.com/fight-details/b675c94f20551631,3,5:00
"April 19, 2008",Middleweight,http://ufcstats.com/fight-details/8153c30fad5b2ad8,1,5:00
"April 19, 2008",Lightweight,http://ufcstats.com/fight-details/df3b75809b7fe252,3,3:48
"April 19, 2008",Middleweight,http://ufcstats.com/fight-details/96da5813683649f5,2,0:54
"April 19, 2008",Middleweight,http://ufcstats.com/fight-details/920194911d727a38,1,3:58
"April 19, 2008",Middleweight,http://ufcstats.com/fight-details/af178adff964d854,2,2:27
"April 19, 2008",Lightweight,http://ufcstats.com/fight-details/219bd976b8ca745d,3,5:00
"April 19, 2008",Heavyweight,http://ufcstats.com/fight-details/eb1b371dfc37fcdb,1,2:10
"April 19, 2008",Welterweight,http://ufcstats.com/fight-details/be38ed9ccfe2ee03,2,2:07
"April 02, 2008",Lightweight,http://ufcstats.com/fight-details/362f78f23304c6f4,2,3:28
"April 02, 2008",Lightweight,http://ufcstats.com/fight-details/190c61d5a67018b5,3,5:00
"April 02, 2008",Welterweight,http://ufcstats.com/fight-details/78f46acac9223859,2,0:24
"April 02, 2008",Light Heavyweight,http://ufcstats.com/fight-details/dbe6c361530958bc,2,1:25
"April 02, 2008",Lightweight,http://ufcstats.com/fight-details/089dd2e0cc6395fa,2,3:06
"April 02, 2008",Light Heavyweight,http://ufcstats.com/fight-details/10b19bb48aadc6bd,1,0:08
"April 02, 2008",Lightweight,http://ufcstats.com/fight-details/9103686732816d77,3,5:00
"April 02, 2008",Lightweight,http://ufcstats.com/fight-details/6ca284a75c21c2e0,1,0:16
"April 02, 2008",Lightweight,http://ufcstats.com/fight-details/b89dea8c3e6bba6f,1,1:41
"April 02, 2008",Lightweight,http://ufcstats.com/fight-details/f35b859289fba80e,1,4:15
"April 02, 2008",Welterweight,http://ufcstats.com/fight-details/53e9e8fefa2c2f42,2,2:24
"April 02, 2008",Welterweight,http://ufcstats.com/fight-details/30aa9b4d266eb622,1,0:51
"March 01, 2008",Middleweight,http://ufcstats.com/fight-details/a53b8686b748849f,2,4:52
"March 01, 2008",Heavyweight,http://ufcstats.com/fight-details/65352762d807cd59,3,5:00
"March 01, 2008",Middleweight,http://ufcstats.com/fight-details/50325e08203fedbd,1,3:16
"March 01, 2008",Middleweight,http://ufcstats.com/fight-details/04476d021385a621,2,3:00
"March 01, 2008",Welterweight,http://ufcstats.com/fight-details/029cd254fe02d4b8,3,5:00
"March 01, 2008",Heavyweight,http://ufcstats.com/fight-details/8b15591a73aa7eb0,2,4:17
"March 01, 2008",Welterweight,http://ufcstats.com/fight-details/5182daf3d8726f6d,3,5:00
"March 01, 2008",Welterweight,http://ufcstats.com/fight-details/825aa322af15780a,2,1:24
"March 01, 2008",Welterweight,http://ufcstats.com/fight-details/bcf49463525efbee,1,4:43
"March 01, 2008",Lightweight,http://ufcstats.com/fight-details/d036a7aeab47cf8c,3,5:00
"February 02, 2008",Heavyweight,http://ufcstats.com/fight-details/fc6d1396755692b4,3,1:28
"February 02, 2008",Heavyweight,http://ufcstats.com/fight-details/f0b42c9e55025ad3,1,1:30
"February 02, 2008",Middleweight,http://ufcstats.com/fight-details/8f560a1fa19c122a,2,1:37
"February 02, 2008",Middleweight,http://ufcstats.com/fight-details/96828ec042f211bf,1,1:08
"February 02, 2008",Lightweight,http://ufcstats.com/fight-details/dd47c3359dc1b7d0,3,5:00
"February 02, 2008",Welterweight,http://ufcstats.com/fight-details/bb6eacc986791dcd,1,0:33
"February 02, 2008",Light Heavyweight,http://ufcstats.com/fight-details/d9a8d19107d2bd9e,1,4:52
"February 02, 2008",Middleweight,http://ufcstats.com/fight-details/7929542a0003799f,3,5:00
"February 02, 2008",Lightweight,http://ufcstats.com/fight-details/c5f56797c68ecbeb,3,5:00
"January 23, 2008",Welterweight,http://ufcstats.com/fight-details/20fc3b3ab2d2fecf,3,5:00
"January 23, 2008",Middleweight,http://ufcstats.com/fight-details/d470bb3cb98d9ed7,1,1:44
"January 23, 2008",Lightweight,http://ufcstats.com/fight-details/b5bef60f79b38e69,3,5:00
"January 23, 2008",Lightweight,http://ufcstats.com/fight-details/d9decf169a2da676,1,3:39
"January 23, 2008",Lightweight,http://ufcstats.com/fight-details/3957d820e11275f7,2,1:55
"January 23, 2008",Lightweight,http://ufcstats.com/fight-details/804eff79a58ad250,3,5:00
"January 23, 2008",Lightweight,http://ufcstats.com/fight-details/c4b0ef8f42eecbcc,2,4:44
"January 23, 2008",Lightweight,http://ufcstats.com/fight-details/e1c333892d395a35,2,0:37
"January 23, 2008",Lightweight,http://ufcstats.com/fight-details/fc0d77057ec806fe,1,2:56
"January 19, 2008",Lightweight,http://ufcstats.com/fight-details/d98d5a3800cd21fb,2,4:02
"January 19, 2008",Heavyweight,http://ufcstats.com/fight-details/f9b600343a31227b,2,4:34
"January 19, 2008",Welterweight,http://ufcstats.com/fight-details/524ce5c0d6db74bb,1,1:04
"January 19, 2008",Light Heavyweight,http://ufcstats.com/fight-details/0e37ea649c51fba9,2,0:37
"January 19, 2008",Middleweight,http://ufcstats.com/fight-details/74c98716b4a74a3d,1,1:20
"January 19, 2008",Heavyweight,http://ufcstats.com/fight-details/26ad51050ea55600,1,0:17
"January 19, 2008",Welterweight,http://ufcstats.com/fight-details/cfca060f39db1742,3,5:00
"January 19, 2008",Light Heavyweight,http://ufcstats.com/fight-details/1197b94bb4b56cc2,1,1:30
"January 19, 2008",Lightweight,http://ufcstats.com/fight-details/db68ff7bf2487971,3,5:00
"December 29, 2007",Welterweight,http://ufcstats.com/fight-details/71e3272f7ebcca26,2,4:54
"December 29, 2007",Light Heavyweight,http://ufcstats.com/fight-details/2c9ddc75869894c5,3,5:00
"December 29, 2007",Heavyweight,http://ufcstats.com/fight-details/6d691b736d8c98b0,3,3:24
"December 29, 2007",Light Heavyweight,http://ufcstats.com/fight-details/2886e831af3994b7,2,4:20
"December 29, 2007",Lightweight,http://ufcstats.com/fight-details/17404e252bdab9e7,1,4:40
"December 29, 2007",Light Heavyweight,http://ufcstats.com/fight-details/2b2a50d442da2b84,1,1:51
"December 29, 2007",Lightweight,http://ufcstats.com/fight-details/478b0eaf22475be0,1,1:31
"December 29, 2007",Middleweight,http://ufcstats.com/fight-details/afedd038b986cebc,3,5:00
"December 29, 2007",Welterweight,http://ufcstats.com/fight-details/b03816c9ccd089d7,2,3:33
"December 29, 2007",Lightweight,http://ufcstats.com/fight-details/c1b59b145d064048,3,5:00
"December 08, 2007",Lightweight,http://ufcstats.com/fight-details/6ed5847dd874d2d2,3,0:51
"December 08, 2007",Welterweight,http://ufcstats.com/fight-details/0fd639e6e28c51bb,1,2:01
"December 08, 2007",Welterweight,http://ufcstats.com/fight-details/fc1f199c8ba32a19,3,2:01
"December 08, 2007",Welterweight,http://ufcstats.com/fight-details/d1ce7361cb4e442b,1,1:36
"December 08, 2007",Welterweight,http://ufcstats.com/fight-details/7f47865cfb9b0d55,3,5:00
"December 08, 2007",Welterweight,http://ufcstats.com/fight-details/f62c29310e1d6253,1,4:20
"December 08, 2007",Welterweight,http://ufcstats.com/fight-details/d3e37d1c95a5f382,1,4:42
"December 08, 2007",Welterweight,http://ufcstats.com/fight-details/759659ca9303c720,1,0:23
"December 08, 2007",Welterweight,http://ufcstats.com/fight-details/e301a2c3a415cd33,1,4:42
"November 17, 2007",Light Heavyweight,http://ufcstats.com/fight-details/0b217fc503bd0585,3,5:00
"November 17, 2007",Light Heavyweight,http://ufcstats.com/fight-details/9d59ae86a2e6c444,1,3:25
"November 17, 2007",Welterweight,http://ufcstats.com/fight-details/04995619538ae939,3,5:00
"November 17, 2007",Middleweight,http://ufcstats.com/fight-details/bdd782059be98dfb,3,0:39
"November 17, 2007",Lightweight,http://ufcstats.com/fight-details/0dddf7ec457caab3,3,5:00
"November 17, 2007",Welterweight,http://ufcstats.com/fight-details/177201b1a7fa0dd0,2,5:00
"November 17, 2007",Lightweight,http://ufcstats.com/fight-details/71440bf87b9c58a1,1,1:14
"November 17, 2007",Lightweight,http://ufcstats.com/fight-details/63cfbf28e44febc2,1,4:29
"November 17, 2007",Welterweight,http://ufcstats.com/fight-details/ec041009ce404879,2,3:19
"October 20, 2007",Middleweight,http://ufcstats.com/fight-details/3fe3208df1098fdc,2,1:07
"October 20, 2007",Heavyweight,http://ufcstats.com/fight-details/2e43a2f6e9336e2b,3,5:00
"October 20, 2007",Lightweight,http://ufcstats.com/fight-details/2571e91b263df9fb,3,5:00
"October 20, 2007",Light Heavyweight,http://ufcstats.com/fight-details/f4e5f49ca3831e64,2,2:47
"October 20, 2007",Middleweight,http://ufcstats.com/fight-details/431282ab4ee417f6,2,1:39
"October 20, 2007",Middleweight,http://ufcstats.com/fight-details/c7f6da6cd8e940b2,3,5:00
"October 20, 2007",Middleweight,http://ufcstats.com/fight-details/5498622706d8dc17,1,2:40
"October 20, 2007",Welterweight,http://ufcstats.com/fight-details/a9e13a29a332c886,3,5:00
"October 20, 2007",Lightweight,http://ufcstats.com/fight-details/91f7986d6fee7d57,3,5:00
"September 22, 2007",Light Heavyweight,http://ufcstats.com/fight-details/068e118edac9e057,3,5:00
"September 22, 2007",Light Heavyweight,http://ufcstats.com/fight-details/6773055965441b18,3,4:45
"September 22, 2007",Welterweight,http://ufcstats.com/fight-details/344e6898a381648f,3,5:00
"September 22, 2007",Light Heavyweight,http://ufcstats.com/fight-details/90fb826944c46000,3,5:00
"September 22, 2007",Lightweight,http://ufcstats.com/fight-details/669e3927b38a36fb,3,5:00
"September 22, 2007",Welterweight,http://ufcstats.com/fight-details/4a7d39ebc9dce5db,2,3:05
"September 22, 2007",Lightweight,http://ufcstats.com/fight-details/a1b912fe361f75bc,3,5:00
"September 22, 2007",Heavyweight,http://ufcstats.com/fight-details/51696044aafb2037,1,3:19
"September 22, 2007",Lightweight,http://ufcstats.com/fight-details/73726e32d26c17ee,3,5:00
"September 19, 2007",Lightweight,http://ufcstats.com/fight-details/62dd8808ce397fa6,1,4:31
"September 19, 2007",Middleweight,http://ufcstats.com/fight-details/e7d444e279914116,3,3:56
"September 19, 2007",Lightweight,http://ufcstats.com/fight-details/a1950f4bd19ed06f,1,4:10
"September 19, 2007",Middleweight,http://ufcstats.com/fight-details/b46679306287ea79,3,0:44
"September 19, 2007",Welterweight,http://ufcstats.com/fight-details/997eda9196aad7f9,1,1:45
"September 19, 2007",Lightweight,http://ufcstats.com/fight-details/be307e6647a655c8,3,5:00
"September 19, 2007",Lightweight,http://ufcstats.com/fight-details/c86702c01c4cfee2,1,0:09
"September 19, 2007",Welterweight,http://ufcstats.com/fight-details/c536a1119406c0f0,2,4:04
"September 19, 2007",Welterweight,http://ufcstats.com/fight-details/88295b0ab9868db5,1,1:14
"September 08, 2007",Light Heavyweight,http://ufcstats.com/fight-details/49458279eafdaf94,5,5:00
"September 08, 2007",Light Heavyweight,http://ufcstats.com/fight-details/59d456f0da1159cf,3,5:00
"September 08, 2007",Heavyweight,http://ufcstats.com/fight-details/76d490a8bb168c78,3,5:00
"September 08, 2007",Welterweight,http://ufcstats.com/fight-details/b953a9b5357cbf99,1,4:14
"September 08, 2007",Light Heavyweight,http://ufcstats.com/fight-details/79db1d9b15e16b1d,1,1:01
"September 08, 2007",Lightweight,http://ufcstats.com/fight-details/9971f8bcd3b10069,3,5:00
"September 08, 2007",Light Heavyweight,http://ufcstats.com/fight-details/a3dfa0ac05433450,2,4:23
"September 08, 2007",Lightweight,http://ufcstats.com/fight-details/574b4599ae9cb64e,2,2:04
"September 08, 2007",Welterweight,http://ufcstats.com/fight-details/8f5e57a21383fa87,1,4:10
"August 25, 2007",Heavyweight,http://ufcstats.com/fight-details/2f22e38844aa7d96,3,1:37
"August 25, 2007",Welterweight,http://ufcstats.com/fight-details/675cbe90f6d96feb,3,5:00
"August 25, 2007",Lightweight,http://ufcstats.com/fight-details/6ce5d8041189d652,3,1:50
"August 25, 2007",Lightweight,http://ufcstats.com/fight-details/f00b588a0d9a90e4,3,5:00
"August 25, 2007",Middleweight,http://ufcstats.com/fight-details/cc17e4d182235a95,1,4:45
"August 25, 2007",Light Heavyweight,http://ufcstats.com/fight-details/6b38906e77607c77,2,3:30
"August 25, 2007",Heavyweight,http://ufcstats.com/fight-details/e7ff18a0cfa09702,1,1:17
"August 25, 2007",Middleweight,http://ufcstats.com/fight-details/4a9b3b97fa2bbca9,1,3:47
"August 25, 2007",Lightweight,http://ufcstats.com/fight-details/fa2271eecde701ed,3,5:00
"July 07, 2007",Lightweight,http://ufcstats.com/fight-details/19da32f5af2e8e2b,1,4:30
"July 07, 2007",Middleweight,http://ufcstats.com/fight-details/eff9207427f0e02c,1,4:50
"July 07, 2007",Light Heavyweight,http://ufcstats.com/fight-details/0ec579db0efcf0c6,3,5:00
"July 07, 2007",Lightweight,http://ufcstats.com/fight-details/6a9e343bd12dfa64,5,5:00
"July 07, 2007",Heavyweight,http://ufcstats.com/fight-details/4dd2cd7da33e35d7,3,5:00
"July 07, 2007",Light Heavyweight,http://ufcstats.com/fight-details/340a08b1f3d1dd36,1,2:14
"July 07, 2007",Lightweight,http://ufcstats.com/fight-details/a8bab8884249f634,3,5:00
"July 07, 2007",Welterweight,http://ufcstats.com/fight-details/3aa19b85fbf4114c,1,2:15
"July 07, 2007",Lightweight,http://ufcstats.com/fight-details/2748001ead121b8a,1,4:55
"June 23, 2007",Lightweight,http://ufcstats.com/fight-details/30d7a9a1d99b327c,2,3:12
"June 23, 2007",Lightweight,http://ufcstats.com/fight-details/3542c5c5c5180090,2,0:20
"June 23, 2007",Middleweight,http://ufcstats.com/fight-details/1c36ff6c6284a523,1,3:50
"June 23, 2007",Lightweight,http://ufcstats.com/fight-details/518fec4812ed1587,2,3:30
"June 23, 2007",Lightweight,http://ufcstats.com/fight-details/5ab0e805e90d20d5,2,2:09
"June 23, 2007",Lightweight,http://ufcstats.com/fight-details/41c979b223b3fb56,1,1:10
"June 23, 2007",Lightweight,http://ufcstats.com/fight-details/53343bd123bcf651,2,0:39
"June 23, 2007",Lightweight,http://ufcstats.com/fight-details/fda850240fb80339,1,4:22
"June 23, 2007",Lightweight,http://ufcstats.com/fight-details/62454fb3a4fd5737,1,2:09
"June 16, 2007",Middleweight,http://ufcstats.com/fight-details/dbc30717a3efba58,3,5:00
"June 16, 2007",Light Heavyweight,http://ufcstats.com/fight-details/6603ed5f10bd8047,3,5:00
"June 16, 2007",Middleweight,http://ufcstats.com/fight-details/e8005a8c3c029a73,2,3:18
"June 16, 2007",Lightweight,http://ufcstats.com/fight-details/071d716229f5ae7f,3,5:00
"June 16, 2007",Middleweight,http://ufcstats.com/fight-details/805bc227bd40b0cc,2,2:25
"June 16, 2007",Welterweight,http://ufcstats.com/fight-details/f1c1890491959bcf,1,1:15
"June 16, 2007",Heavyweight,http://ufcstats.com/fight-details/d4fa680b2a912534,2,0:32
"June 16, 2007",Welterweight,http://ufcstats.com/fight-details/62048467be051636,1,2:50
"June 12, 2007",Lightweight,http://ufcstats.com/fight-details/07018cb7ae879456,3,5:00
"June 12, 2007",Welterweight,http://ufcstats.com/fight-details/59da727c3ae7b497,2,1:07
"June 12, 2007",Middleweight,http://ufcstats.com/fight-details/3b52291052353eef,1,0:33
"June 12, 2007",Lightweight,http://ufcstats.com/fight-details/a6edcccdfccb9132,2,2:49
"June 12, 2007",Welterweight,http://ufcstats.com/fight-details/1e12c4828d576b5c,3,5:00
"June 12, 2007",Welterweight,http://ufcstats.com/fight-details/1d127ec120dcb58e,2,2:04
"June 12, 2007",Lightweight,http://ufcstats.com/fight-details/ff8802aae3b81c3f,1,1:52
"June 12, 2007",Welterweight,http://ufcstats.com/fight-details/764e5910ac779ae9,1,0:13
"June 12, 2007",Lightweight,http://ufcstats.com/fight-details/ee071b5125ced92a,3,5:00
"May 26, 2007",Light Heavyweight,http://ufcstats.com/fight-details/88b225f6f1fa5c59,1,1:53
"May 26, 2007",Welterweight,http://ufcstats.com/fight-details/2ce541a11b2eb392,3,5:00
"May 26, 2007",Middleweight,http://ufcstats.com/fight-details/1ac335f049ed4e5e,1,2:04
"May 26, 2007",Light Heavyweight,http://ufcstats.com/fight-details/5157988b77ca1097,1,0:48
"May 26, 2007",Middleweight,http://ufcstats.com/fight-details/71348fd10e392dac,3,5:00
"May 26, 2007",Light Heavyweight,http://ufcstats.com/fight-details/cc444b10ea87c381,1,1:06
"May 26, 2007",Light Heavyweight,http://ufcstats.com/fight-details/b6462127cf553ff3,1,0:53
"May 26, 2007",Lightweight,http://ufcstats.com/fight-details/a6cb909888f6a495,2,2:44
"May 26, 2007",Light Heavyweight,http://ufcstats.com/fight-details/dab2d3e9f2052047,1,3:06
"April 21, 2007",Heavyweight,http://ufcstats.com/fight-details/e7a7ab126225540c,1,4:51
"April 21, 2007",Heavyweight,http://ufcstats.com/fight-details/57871671074ceb4c,3,5:00
"April 21, 2007",Light Heavyweight,http://ufcstats.com/fight-details/05b7bfd4fe75af69,2,1:40
"April 21, 2007",Light Heavyweight,http://ufcstats.com/fight-details/89b27e0bfa4ef4c3,3,5:00
"April 21, 2007",Heavyweight,http://ufcstats.com/fight-details/67160b93dec2b399,3,5:00
"April 21, 2007",Lightweight,http://ufcstats.com/fight-details/8dbd4d1df2e7ff67,1,4:48
"April 21, 2007",Lightweight,http://ufcstats.com/fight-details/4563e02bc4c1a1ef,2,1:55
"April 21, 2007",Light Heavyweight,http://ufcstats.com/fight-details/d8b098e5598509cc,1,1:44
"April 21, 2007",Welterweight,http://ufcstats.com/fight-details/bc8e4abec782fd2b,1,1:21
"April 21, 2007",Welterweight,http://ufcstats.com/fight-details/57a71ab365d2b64d,3,0:37
"April 07, 2007",Welterweight,http://ufcstats.com/fight-details/9f60dd19c5705d45,1,3:25
"April 07, 2007",Welterweight,http://ufcstats.com/fight-details/fc4e42a55ba285f6,3,5:00
"April 07, 2007",Lightweight,http://ufcstats.com/fight-details/e7fdbd5c65798a5c,3,5:00
"April 07, 2007",Middleweight,http://ufcstats.com/fight-details/cb93f5f9d09b29f1,3,5:00
"April 07, 2007",Middleweight,http://ufcstats.com/fight-details/33b9285aec39e37f,2,4:42
"April 07, 2007",Heavyweight,http://ufcstats.com/fight-details/579f0be80b359d8b,3,5:00
"April 07, 2007",Middleweight,http://ufcstats.com/fight-details/54cf1ffbc6e7a9fd,3,5:00
"April 07, 2007",Welterweight,http://ufcstats.com/fight-details/f25e367b1cb8fab5,2,2:57
"April 07, 2007",Welterweight,http://ufcstats.com/fight-details/32b058d82c9e38de,2,2:45
"April 05, 2007",Lightweight,http://ufcstats.com/fight-details/e9390cff6e5d52d0,1,0:27
"April 05, 2007",Heavyweight,http://ufcstats.com/fight-details/fc4fc81d3b7cc3bd,3,5:00
"April 05, 2007",Lightweight,http://ufcstats.com/fight-details/b2443846570bee7b,3,3:57
"April 05, 2007",Light Heavyweight,http://ufcstats.com/fight-details/de2b0b8ef112f3b7,2,0:39
"April 05, 2007",Welterweight,http://ufcstats.com/fight-details/73ed365b57dc1a6e,3,5:00
"April 05, 2007",Lightweight,http://ufcstats.com/fight-details/b15bebf4c6b6f495,1,2:58
"April 05, 2007",Welterweight,http://ufcstats.com/fight-details/6d370bfe4248dc88,3,5:00
"April 05, 2007",Welterweight,http://ufcstats.com/fight-details/460b421493dd9fb8,3,5:00
"April 05, 2007",Lightweight,http://ufcstats.com/fight-details/e89db3b111f92587,3,5:00
"March 03, 2007",Heavyweight,http://ufcstats.com/fight-details/7401d0f8ededa102,5,5:00
"March 03, 2007",Middleweight,http://ufcstats.com/fight-details/0653b6227894cfd7,1,4:06
"March 03, 2007",Middleweight,http://ufcstats.com/fight-details/3404f9095676a556,2,5:00
"March 03, 2007",Welterweight,http://ufcstats.com/fight-details/204932945d332406,3,5:00
"March 03, 2007",Light Heavyweight,http://ufcstats.com/fight-details/8ca1bb1b2517f2e5,2,3:36
"March 03, 2007",Light Heavyweight,http://ufcstats.com/fight-details/8afc674a60abab61,1,4:00
"March 03, 2007",Welterweight,http://ufcstats.com/fight-details/94df6c8cd2256f54,2,3:05
"March 03, 2007",Lightweight,http://ufcstats.com/fight-details/808d47f905e84e7e,3,5:00
"March 03, 2007",Lightweight,http://ufcstats.com/fight-details/85e130a7c48f25f6,1,1:34
"February 03, 2007",Middleweight,http://ufcstats.com/fight-details/33065e87a42a74a2,2,2:11
"February 03, 2007",Heavyweight,http://ufcstats.com/fight-details/ca5b6d6a26891f4b,1,4:33
"February 03, 2007",Lightweight,http://ufcstats.com/fight-details/5d06b45564f62c80,1,0:19
"February 03, 2007",Light Heavyweight,http://ufcstats.com/fight-details/c1df212ba092c404,2,3:49
"February 03, 2007",Middleweight,http://ufcstats.com/fight-details/f0b7729fba7e4533,3,5:00
"February 03, 2007",Middleweight,http://ufcstats.com/fight-details/c742bd1673635ded,1,0:14
"February 03, 2007",Lightweight,http://ufcstats.com/fight-details/063599b1d4107289,3,5:00
"February 03, 2007",Light Heavyweight,http://ufcstats.com/fight-details/77df989840c76a08,3,5:00
"February 03, 2007",Lightweight,http://ufcstats.com/fight-details/d6e35b8c66732da6,3,5:00
"January 25, 2007",Light Heavyweight,http://ufcstats.com/fight-details/88d9e7ec7f228908,2,1:06
"January 25, 2007",Heavyweight,http://ufcstats.com/fight-details/830e59a396dddec3,3,5:00
"January 25, 2007",Lightweight,http://ufcstats.com/fight-details/17b2d89ceb879a29,2,4:03
"January 25, 2007",Middleweight,http://ufcstats.com/fight-details/7253daded133e97c,3,5:00
"January 25, 2007",Welterweight,http://ufcstats.com/fight-details/539a550c0c1acd3e,3,5:00
"January 25, 2007",Middleweight,http://ufcstats.com/fight-details/221928c8441779e4,1,2:58
"January 25, 2007",Lightweight,http://ufcstats.com/fight-details/9c9039f921aa86ca,3,5:00
"January 25, 2007",Welterweight,http://ufcstats.com/fight-details/14df6d96c5f2d1df,2,4:53
"December 30, 2006",Light Heavyweight,http://ufcstats.com/fight-details/f507b715628d7bcb,3,3:59
"December 30, 2006",Light Heavyweight,http://ufcstats.com/fight-details/bb007be9f60ab3da,1,4:41
"December 30, 2006",Middleweight,http://ufcstats.com/fight-details/3825f998c01cbeab,2,4:03
"December 30, 2006",Heavyweight,http://ufcstats.com/fight-details/5027a869467001d3,1,3:15
"December 30, 2006",Light Heavyweight,http://ufcstats.com/fight-details/da666b02372a465b,1,4:24
"December 30, 2006",Welterweight,http://ufcstats.com/fight-details/cc02aaf53503d022,2,1:10
"December 30, 2006",Heavyweight,http://ufcstats.com/fight-details/2606c3853a8c0b62,1,3:22
"December 30, 2006",Middleweight,http://ufcstats.com/fight-details/343b016754852c36,3,4:03
"December 30, 2006",Heavyweight,http://ufcstats.com/fight-details/56f77263c75392f2,3,5:00
"December 13, 2006",Welterweight,http://ufcstats.com/fight-details/bc0155d267fb5892,1,1:45
"December 13, 2006",Welterweight,http://ufcstats.com/fight-details/0d2314d23dee3796,3,5:00
"December 13, 2006",Welterweight,http://ufcstats.com/fight-details/844fc95da48937b3,3,5:00
"December 13, 2006",Welterweight,http://ufcstats.com/fight-details/a5155aef1093048b,3,5:00
"December 13, 2006",Light Heavyweight,http://ufcstats.com/fight-details/4faa30eab9089d71,3,5:00
"December 13, 2006",Middleweight,http://ufcstats.com/fight-details/77a8a6e2c3a09d19,3,2:45
"December 13, 2006",Welterweight,http://ufcstats.com/fight-details/e52eae4ea46c6010,1,4:44
"December 13, 2006",Welterweight,http://ufcstats.com/fight-details/abf6ea197979e634,3,5:00
"December 13, 2006",Middleweight,http://ufcstats.com/fight-details/8d3c5635cffe12cb,3,5:00
"November 18, 2006",Welterweight,http://ufcstats.com/fight-details/148f5128a45e9212,2,1:25
"November 18, 2006",Heavyweight,http://ufcstats.com/fight-details/2f379b530fefb7ea,5,5:00
"November 18, 2006",Light Heavyweight,http://ufcstats.com/fight-details/cb17062bfd400fb2,1,4:07
"November 18, 2006",Heavyweight,http://ufcstats.com/fight-details/ba0a3a4b80418db9,1,1:09
"November 18, 2006",Lightweight,http://ufcstats.com/fight-details/e3d9bbea4c51dec4,1,2:07
"November 18, 2006",Welterweight,http://ufcstats.com/fight-details/b03109dd04b2fa60,2,2:27
"November 18, 2006",Heavyweight,http://ufcstats.com/fight-details/3f7bf047b310943d,1,3:15
"November 18, 2006",Light Heavyweight,http://ufcstats.com/fight-details/719dbfab71e6c0bd,2,2:36
"November 18, 2006",Heavyweight,http://ufcstats.com/fight-details/f743abae6896c1e8,3,5:00
"November 11, 2006",Welterweight,http://ufcstats.com/fight-details/71900a1af85710a9,3,5:00
"November 11, 2006",Middleweight,http://ufcstats.com/fight-details/c00a49eadfb592f0,1,2:18
"November 11, 2006",Lightweight,http://ufcstats.com/fight-details/c0e8b02fd4a5e56c,2,3:11
"November 11, 2006",Middleweight,http://ufcstats.com/fight-details/b34aa3946ccfcfbb,1,2:37
"November 11, 2006",Welterweight,http://ufcstats.com/fight-details/4cd909fa0d3e0483,2,1:11
"November 11, 2006",Middleweight,http://ufcstats.com/fight-details/36895d9bbf5abc51,2,3:25
"November 11, 2006",Middleweight,http://ufcstats.com/fight-details/cf1f2322c4b8bc64,1,4:43
"November 11, 2006",Middleweight,http://ufcstats.com/fight-details/f8e3b306cf3e6d95,3,5:00
"October 14, 2006",Middleweight,http://ufcstats.com/fight-details/84efac79989f4d0a,1,2:59
"October 14, 2006",Lightweight,http://ufcstats.com/fight-details/e30ee434b864e4ac,5,5:00
"October 14, 2006",Welterweight,http://ufcstats.com/fight-details/1ef09b1bf60f23cb,3,5:00
"October 14, 2006",Heavyweight,http://ufcstats.com/fight-details/95f052cbeb1d5e65,3,5:00
"October 14, 2006",Lightweight,http://ufcstats.com/fight-details/94c1844d487490ef,1,4:38
"October 14, 2006",Middleweight,http://ufcstats.com/fight-details/b23c7d4fb2068989,3,1:40
"October 14, 2006",Lightweight,http://ufcstats.com/fight-details/a2e2d0e8b94d8eba,2,4:42
"October 14, 2006",Lightweight,http://ufcstats.com/fight-details/7455cb1ee651f774,1,2:04
"October 10, 2006",Light Heavyweight,http://ufcstats.com/fight-details/2cbba9394114edb5,1,2:23
"October 10, 2006",Middleweight,http://ufcstats.com/fight-details/2e5a301f042f1fd6,1,3:59
"October 10, 2006",Middleweight,http://ufcstats.com/fight-details/27cdd152218b44d4,1,2:43
"October 10, 2006",Light Heavyweight,http://ufcstats.com/fight-details/724dd26b47b7349e,3,5:00
"October 10, 2006",Middleweight,http://ufcstats.com/fight-details/fee1d48d7bc17e56,2,1:14
"October 10, 2006",Welterweight,http://ufcstats.com/fight-details/2e6c21d6bad88346,1,3:59
"October 10, 2006",Middleweight,http://ufcstats.com/fight-details/963631fe3261f8e1,3,5:00
"October 10, 2006",Welterweight,http://ufcstats.com/fight-details/ebfdeab96ca766be,3,5:00
"October 10, 2006",Welterweight,http://ufcstats.com/fight-details/afda8492a55f1c5d,1,4:58
"September 23, 2006",Welterweight,http://ufcstats.com/fight-details/b4a2fc934d4660ff,3,3:53
"September 23, 2006",Middleweight,http://ufcstats.com/fight-details/07c3ec83596e9798,3,5:00
"September 23, 2006",Lightweight,http://ufcstats.com/fight-details/28a8c644c87ce45e,2,1:01
"September 23, 2006",Light Heavyweight,http://ufcstats.com/fight-details/87c07416af211de1,2,2:22
"September 23, 2006",Lightweight,http://ufcstats.com/fight-details/cd9f95344fe14e37,1,0:48
"September 23, 2006",Lightweight,http://ufcstats.com/fight-details/67a3b8dc3c0c3e45,3,5:00
"September 23, 2006",Heavyweight,http://ufcstats.com/fight-details/9a6b4829863eb9dc,2,0:17
"September 23, 2006",Lightweight,http://ufcstats.com/fight-details/38231925d72d1309,3,5:00
"September 23, 2006",Lightweight,http://ufcstats.com/fight-details/16dcd55681f990c0,1,1:50
"August 26, 2006",Light Heavyweight,http://ufcstats.com/fight-details/ec916b9f67175633,1,1:35
"August 26, 2006",Light Heavyweight,http://ufcstats.com/fight-details/c151729e47d9122b,3,5:00
"August 26, 2006",Welterweight,http://ufcstats.com/fight-details/cd6070783f11619b,3,1:42
"August 26, 2006",Heavyweight,http://ufcstats.com/fight-details/2de0acc04cba91d3,1,2:51
"August 26, 2006",Lightweight,http://ufcstats.com/fight-details/d40bfa821f2fe46a,3,3:31
"August 26, 2006",Light Heavyweight,http://ufcstats.com/fight-details/eb5fd91dd3d937db,1,2:26
"August 26, 2006",Light Heavyweight,http://ufcstats.com/fight-details/7c7177a028d55964,1,3:23
"August 26, 2006",Light Heavyweight,http://ufcstats.com/fight-details/14b61d9b3f6ddd37,1,2:32
"August 26, 2006",Middleweight,http://ufcstats.com/fight-details/5ed402ad08d9d4f9,3,5:00
"August 17, 2006",Welterweight,http://ufcstats.com/fight-details/8b07bdaa0402bf2b,3,5:00
"August 17, 2006",Middleweight,http://ufcstats.com/fight-details/8304a0ea004e73f5,2,0:35
"August 17, 2006",Middleweight,http://ufcstats.com/fight-details/d14abced904806ca,3,5:00
"August 17, 2006",Welterweight,http://ufcstats.com/fight-details/9450f80c9fab4da1,1,4:10
"August 17, 2006",Middleweight,http://ufcstats.com/fight-details/1c9798288310201c,1,2:59
"August 17, 2006",Welterweight,http://ufcstats.com/fight-details/8e51f8648840eb38,1,2:01
"August 17, 2006",Heavyweight,http://ufcstats.com/fight-details/2f4baf8f94c400cd,2,0:52
"August 17, 2006",Welterweight,http://ufcstats.com/fight-details/fa2be4b37de934bf,3,5:00
"August 17, 2006",Welterweight,http://ufcstats.com/fight-details/0c96a5a8ab740ca8,1,2:37
"July 08, 2006",Heavyweight,http://ufcstats.com/fight-details/3c3533ba486a2006,5,5:00
"July 08, 2006",Welterweight,http://ufcstats.com/fight-details/000da3152b7b5ab1,3,5:00
"July 08, 2006",Light Heavyweight,http://ufcstats.com/fight-details/ee6000812e2b9f9d,1,1:18
"July 08, 2006",Heavyweight,http://ufcstats.com/fight-details/9ce2d0b880e88934,3,5:00
"July 08, 2006",Lightweight,http://ufcstats.com/fight-details/4000e1f32058796a,2,5:00
"July 08, 2006",Catch Weight,http://ufcstats.com/fight-details/01733579ef03be00,3,0:47
"July 08, 2006",Heavyweight,http://ufcstats.com/fight-details/bc7a81a81840e4be,1,2:42
"July 08, 2006",Heavyweight,http://ufcstats.com/fight-details/e3b5f66198161226,1,4:13
"July 08, 2006",Welterweight,http://ufcstats.com/fight-details/979318b05efd1ea4,3,1:20
"June 28, 2006",Welterweight,http://ufcstats.com/fight-details/c4f05ff2781530f4,3,5:00
"June 28, 2006",Middleweight,http://ufcstats.com/fight-details/ccdd6c7577927a8c,1,0:49
"June 28, 2006",Light Heavyweight,http://ufcstats.com/fight-details/e22b2f50d7eeed3a,3,5:00
"June 28, 2006",Lightweight,http://ufcstats.com/fight-details/e7225dcc3349ae57,3,5:00
"June 28, 2006",Welterweight,http://ufcstats.com/fight-details/4f1a8eade87e928e,3,5:00
"June 28, 2006",Light Heavyweight,http://ufcstats.com/fight-details/b0ba95fd1503411f,1,5:00
"June 28, 2006",Welterweight,http://ufcstats.com/fight-details/16de071ad45cd350,2,4:37
"June 28, 2006",Light Heavyweight,http://ufcstats.com/fight-details/282d8651ca34b7f6,1,4:01
"June 28, 2006",Middleweight,http://ufcstats.com/fight-details/919c86cce0eca615,1,2:13
"June 24, 2006",Lightweight,http://ufcstats.com/fight-details/7cdb56b2f207a41b,1,1:46
"June 24, 2006",Light Heavyweight,http://ufcstats.com/fight-details/b48a211abe177846,2,4:14
"June 24, 2006",Middleweight,http://ufcstats.com/fight-details/2b95f2982b19518a,3,5:00
"June 24, 2006",Light Heavyweight,http://ufcstats.com/fight-details/2168b2c814faada6,3,5:00
"June 24, 2006",Middleweight,http://ufcstats.com/fight-details/4df8efe64e83f74e,1,0:44
"June 24, 2006",Middleweight,http://ufcstats.com/fight-details/387bdcc2ca8709c1,1,2:56
"June 24, 2006",Middleweight,http://ufcstats.com/fight-details/5bfba809430d178b,1,4:15
"June 24, 2006",Light Heavyweight,http://ufcstats.com/fight-details/20e28ee267d9b5dc,1,4:47
"June 24, 2006",Light Heavyweight,http://ufcstats.com/fight-details/43e5f75fe9cedafd,1,3:10
"May 27, 2006",Catch Weight,http://ufcstats.com/fight-details/ed3ae3852fe549d4,1,4:39
"May 27, 2006",Light Heavyweight,http://ufcstats.com/fight-details/356fdab9bc109093,1,2:20
"May 27, 2006",Welterweight,http://ufcstats.com/fight-details/d490c78bd5d0145a,3,5:00
"May 27, 2006",Heavyweight,http://ufcstats.com/fight-details/c66bd50ed1e75d2b,1,2:39
"May 27, 2006",Middleweight,http://ufcstats.com/fight-details/c409c3a5eda764ba,1,2:19
"May 27, 2006",Middleweight,http://ufcstats.com/fight-details/d1b8ff290d09013b,2,1:17
"May 27, 2006",Lightweight,http://ufcstats.com/fight-details/857365273ed2f353,2,1:43
"May 27, 2006",Heavyweight,http://ufcstats.com/fight-details/3df422ea531e16c6,2,0:24
"May 27, 2006",Lightweight,http://ufcstats.com/fight-details/25acf5f94667e79d,1,1:37
"April 15, 2006",Heavyweight,http://ufcstats.com/fight-details/57a7767c4255e034,1,2:43
"April 15, 2006",Welterweight,http://ufcstats.com/fight-details/fef433a7cb7a2029,3,5:00
"April 15, 2006",Light Heavyweight,http://ufcstats.com/fight-details/5f9b063630e52778,3,5:00
"April 15, 2006",Middleweight,http://ufcstats.com/fight-details/f747fbe721cdb042,1,3:14
"April 15, 2006",Heavyweight,http://ufcstats.com/fight-details/fb972da69450127f,3,5:00
"April 15, 2006",Welterweight,http://ufcstats.com/fight-details/0a083ab881ef3a5f,1,4:44
"April 15, 2006",Middleweight,http://ufcstats.com/fight-details/fdafa20b7ec8cb44,1,3:08
"April 15, 2006",Light Heavyweight,http://ufcstats.com/fight-details/3fe41b95899316d5,2,2:37
"April 15, 2006",Welterweight,http://ufcstats.com/fight-details/12231c1ca2e09011,1,2:54
"April 06, 2006",Light Heavyweight,http://ufcstats.com/fight-details/d39ce3ecd3fbdadf,3,5:00
"April 06, 2006",Light Heavyweight,http://ufcstats.com/fight-details/99eb03e6c7dc4be2,3,5:00
"April 06, 2006",Welterweight,http://ufcstats.com/fight-details/d066287b31c871a6,3,5:00
"April 06, 2006",Middleweight,http://ufcstats.com/fight-details/44a79a250fdd61cd,3,5:00
"April 06, 2006",Welterweight,http://ufcstats.com/fight-details/3adae93bbf06287a,3,5:00
"April 06, 2006",Welterweight,http://ufcstats.com/fight-details/eeb77732d7c3389a,2,4:57
"April 06, 2006",Heavyweight,http://ufcstats.com/fight-details/fb1f1b0c9ef454dc,3,3:37
"April 06, 2006",Welterweight,http://ufcstats.com/fight-details/622cada31f247f9a,1,3:29
"April 06, 2006",Middleweight,http://ufcstats.com/fight-details/fa193b3d07c0ed9b,3,5:00
"March 04, 2006",Middleweight,http://ufcstats.com/fight-details/002cb1bb411c5f60,5,5:00
"March 04, 2006",Middleweight,http://ufcstats.com/fight-details/f989a1acbda0e16a,1,2:09
"March 04, 2006",Welterweight,http://ufcstats.com/fight-details/817c3b44517daa91,3,5:00
"March 04, 2006",Middleweight,http://ufcstats.com/fight-details/00dc5354794818a7,3,5:00
"March 04, 2006",Lightweight,http://ufcstats.com/fight-details/0cc225bf45697271,2,1:52
"March 04, 2006",Lightweight,http://ufcstats.com/fight-details/7ba640f8b70bc685,3,5:00
"March 04, 2006",Light Heavyweight,http://ufcstats.com/fight-details/7ca8095148c23b71,1,1:54
"March 04, 2006",Heavyweight,http://ufcstats.com/fight-details/82a5e1bba6b843be,3,1:59
"February 04, 2006",Light Heavyweight,http://ufcstats.com/fight-details/0e94e0a8c2130cea,2,1:28
"February 04, 2006",Heavyweight,http://ufcstats.com/fight-details/235e4c69d5d945e8,1,1:25
"February 04, 2006",Heavyweight,http://ufcstats.com/fight-details/44592a74cda71275,1,4:10
"February 04, 2006",Light Heavyweight,http://ufcstats.com/fight-details/357f438c15e1326f,1,2:21
"February 04, 2006",Welterweight,http://ufcstats.com/fight-details/d9499d55f9f53112,3,5:00
"February 04, 2006",Light Heavyweight,http://ufcstats.com/fight-details/14850f48b2bede47,3,5:00
"February 04, 2006",Heavyweight,http://ufcstats.com/fight-details/bb5ceaf835c0bb18,2,2:27
"February 04, 2006",Heavyweight,http://ufcstats.com/fight-details/d49bc8e4e5613614,1,4:35
"February 04, 2006",Light Heavyweight,http://ufcstats.com/fight-details/a63ed5d48f00ad18,3,5:00
"January 16, 2006",Heavyweight,http://ufcstats.com/fight-details/537012aa6fb20f00,3,5:00
"January 16, 2006",Light Heavyweight,http://ufcstats.com/fight-details/bd5afec6940c5d32,1,4:30
"January 16, 2006",Welterweight,http://ufcstats.com/fight-details/fbd75b08f377d149,1,1:07
"January 16, 2006",Middleweight,http://ufcstats.com/fight-details/0582b78dc635301b,1,1:44
"January 16, 2006",Welterweight,http://ufcstats.com/fight-details/e55b69543aa74907,1,4:20
"January 16, 2006",Welterweight,http://ufcstats.com/fight-details/392089df68b1a721,1,0:06
"January 16, 2006",Welterweight,http://ufcstats.com/fight-details/52125c3e41a1bd1e,1,5:00
"January 16, 2006",Welterweight,http://ufcstats.com/fight-details/d0fcabb07a3e9500,3,1:17
"November 19, 2005",Middleweight,http://ufcstats.com/fight-details/2dfda46cbc17bc99,1,2:34
"November 19, 2005",Heavyweight,http://ufcstats.com/fight-details/670db5afcb26df7c,3,4:39
"November 19, 2005",Welterweight,http://ufcstats.com/fight-details/8062a7852a8b1560,1,3:28
"November 19, 2005",Welterweight,http://ufcstats.com/fight-details/388df822e50b04f8,2,2:53
"November 19, 2005",Middleweight,http://ufcstats.com/fight-details/5f9d5ebe5ec28753,3,5:00
"November 19, 2005",Light Heavyweight,http://ufcstats.com/fight-details/84c510ab7e764598,2,2:05
"November 19, 2005",Welterweight,http://ufcstats.com/fight-details/678af75cb4c155a9,1,2:25
"November 19, 2005",Welterweight,http://ufcstats.com/fight-details/57b5e8bda9447b77,3,5:00
"November 05, 2005",Welterweight,http://ufcstats.com/fight-details/2eb9b36c09c00d69,3,5:00
"November 05, 2005",Heavyweight,http://ufcstats.com/fight-details/c22f4a7540cffdda,3,5:00
"November 05, 2005",Welterweight,http://ufcstats.com/fight-details/e364cd5772cfd27c,3,5:00
"November 05, 2005",Welterweight,http://ufcstats.com/fight-details/19646a0c8baee966,2,0:37
"November 05, 2005",Welterweight,http://ufcstats.com/fight-details/e050c299ffa1f2d3,1,0:21
"November 05, 2005",Welterweight,http://ufcstats.com/fight-details/f846fd001397db45,2,2:55
"November 05, 2005",Heavyweight,http://ufcstats.com/fight-details/39c4f4a1aff68189,2,3:28
"October 07, 2005",Heavyweight,http://ufcstats.com/fight-details/1c45d0feab67364f,1,0:15
"October 07, 2005",Heavyweight,http://ufcstats.com/fight-details/f8a90f8a7beaa330,1,4:14
"October 07, 2005",Light Heavyweight,http://ufcstats.com/fight-details/e917559aedf85a98,1,3:30
"October 07, 2005",Light Heavyweight,http://ufcstats.com/fight-details/75926dd5b984aa06,2,1:20
"October 07, 2005",Welterweight,http://ufcstats.com/fight-details/f15be91b30b11e0c,2,2:00
"October 07, 2005",Middleweight,http://ufcstats.com/fight-details/06a75406d3dd5cfd,3,5:00
"October 07, 2005",Heavyweight,http://ufcstats.com/fight-details/fea1931b041cc5ff,2,1:02
"October 07, 2005",Light Heavyweight,http://ufcstats.com/fight-details/2aa175f3ebffcdf2,2,0:10
"October 03, 2005",Middleweight,http://ufcstats.com/fight-details/5521b9bb8f220993,2,4:15
"October 03, 2005",Middleweight,http://ufcstats.com/fight-details/0731a4519d64df6d,1,3:26
"October 03, 2005",Heavyweight,http://ufcstats.com/fight-details/6ddabf12abd6fe25,2,3:22
"October 03, 2005",Welterweight,http://ufcstats.com/fight-details/f5cb6cbb09ee8a16,3,4:28
"October 03, 2005",Welterweight,http://ufcstats.com/fight-details/926091425f88d038,2,4:43
"October 03, 2005",Middleweight,http://ufcstats.com/fight-details/5f2240d94375f907,3,5:00
"October 03, 2005",Welterweight,http://ufcstats.com/fight-details/c25a97523bf56e49,3,1:05
"August 20, 2005",Light Heavyweight,http://ufcstats.com/fight-details/5a3fcd3d3a1e1c38,4,2:46
"August 20, 2005",Heavyweight,http://ufcstats.com/fight-details/8a380b11aaf82c49,1,4:59
"August 20, 2005",Light Heavyweight,http://ufcstats.com/fight-details/093ef5ab2081cf65,3,0:52
"August 20, 2005",Welterweight,http://ufcstats.com/fight-details/d250a9d1c602e266,2,1:56
"August 20, 2005",Welterweight,http://ufcstats.com/fight-details/beaa6ae419b8c8c6,1,4:09
"August 20, 2005",Middleweight,http://ufcstats.com/fight-details/adc0b9c6afe76c23,3,5:00
"August 20, 2005",Middleweight,http://ufcstats.com/fight-details/ee69302c232e0909,3,5:00
"August 20, 2005",Light Heavyweight,http://ufcstats.com/fight-details/42957e04417af1d8,2,0:09
"August 06, 2005",Middleweight,http://ufcstats.com/fight-details/fd2f0f36b1eb5f83,3,5:00
"August 06, 2005",Middleweight,http://ufcstats.com/fight-details/389b7ca84b333c4c,3,5:00
"August 06, 2005",Light Heavyweight,http://ufcstats.com/fight-details/994739f676c2105f,3,5:00
"August 06, 2005",Middleweight,http://ufcstats.com/fight-details/bf1525f9761a116e,1,0:42
"August 06, 2005",Welterweight,http://ufcstats.com/fight-details/44e4a1caae180261,1,1:53
"August 06, 2005",Middleweight,http://ufcstats.com/fight-details/b2f604f2332cd8af,1,0:22
"August 06, 2005",Welterweight,http://ufcstats.com/fight-details/c2c000a37a89b82f,2,2:52
"August 06, 2005",Welterweight,http://ufcstats.com/fight-details/7acca0910edd7023,1,1:35
"June 04, 2005",Heavyweight,http://ufcstats.com/fight-details/a507bfa374885a25,1,4:10
"June 04, 2005",Welterweight,http://ufcstats.com/fight-details/d80b07269dd36aad,3,5:00
"June 04, 2005",Middleweight,http://ufcstats.com/fight-details/98cc8f5dd64895c4,4,3:25
"June 04, 2005",Light Heavyweight,http://ufcstats.com/fight-details/ea8b1a909155b0c2,1,2:18
"June 04, 2005",Heavyweight,http://ufcstats.com/fight-details/fb252c420e9830cd,1,4:00
"June 04, 2005",Middleweight,http://ufcstats.com/fight-details/ca3230227ee700b7,1,2:37
"June 04, 2005",Middleweight,http://ufcstats.com/fight-details/e5261884b0a0ed39,2,2:10
"June 04, 2005",Welterweight,http://ufcstats.com/fight-details/07886c772e37d5de,1,1:24
"April 16, 2005",Light Heavyweight,http://ufcstats.com/fight-details/2ae8623ef4156105,1,2:06
"April 16, 2005",Light Heavyweight,http://ufcstats.com/fight-details/cb8e91f8b9f0e24f,2,0:24
"April 16, 2005",Welterweight,http://ufcstats.com/fight-details/b1b66441acc5e8df,1,4:05
"April 16, 2005",Middleweight,http://ufcstats.com/fight-details/36dbc3cee586e53d,2,3:13
"April 16, 2005",Welterweight,http://ufcstats.com/fight-details/f4e6f8223d0816fe,3,5:00
"April 16, 2005",Middleweight,http://ufcstats.com/fight-details/5d72fa4562b13f7b,1,2:42
"April 16, 2005",Middleweight,http://ufcstats.com/fight-details/026e64f70e319e00,3,2:35
"April 16, 2005",Heavyweight,http://ufcstats.com/fight-details/5e1b0e52d2bb1b5c,3,5:00
"April 09, 2005",Light Heavyweight,http://ufcstats.com/fight-details/c50a3025d1519fc8,1,2:42
"April 09, 2005",Light Heavyweight,http://ufcstats.com/fight-details/4705a4db0bf1edcd,3,5:00
"April 09, 2005",Middleweight,http://ufcstats.com/fight-details/d172d88fbeb8c6a8,1,2:49
"April 09, 2005",Light Heavyweight,http://ufcstats.com/fight-details/ddb950831580a5fe,3,5:00
"April 09, 2005",Middleweight,http://ufcstats.com/fight-details/a3b268798d3ab216,1,1:35
"April 09, 2005",Middleweight,http://ufcstats.com/fight-details/61733e5f00f4e194,1,4:21
"April 09, 2005",Middleweight,http://ufcstats.com/fight-details/f434775e97920d95,1,3:17
"April 09, 2005",Middleweight,http://ufcstats.com/fight-details/74f757bacb86a71c,1,0:20
"April 09, 2005",Welterweight,http://ufcstats.com/fight-details/17affee2c796c225,1,1:40
"February 05, 2005",Light Heavyweight,http://ufcstats.com/fight-details/4fb2c181e8fd5910,3,5:00
"February 05, 2005",Middleweight,http://ufcstats.com/fight-details/987b6b4f7825e40e,3,4:19
"February 05, 2005",Heavyweight,http://ufcstats.com/fight-details/dae856cb00cf5163,1,0:47
"February 05, 2005",Middleweight,http://ufcstats.com/fight-details/7cfc8649d07b704c,1,4:35
"February 05, 2005",Heavyweight,http://ufcstats.com/fight-details/c91ef06766009965,1,3:34
"February 05, 2005",Heavyweight,http://ufcstats.com/fight-details/48189cad0c11ff63,1,1:55
"February 05, 2005",Middleweight,http://ufcstats.com/fight-details/e30780438191654f,1,5:00
"February 05, 2005",Welterweight,http://ufcstats.com/fight-details/45a52e065b73ecba,3,5:00
"February 05, 2005",Welterweight,http://ufcstats.com/fight-details/e8196de20c4a969a,1,4:40
"October 22, 2004",Light Heavyweight,http://ufcstats.com/fight-details/9422b3caf780a995,3,5:00
"October 22, 2004",Middleweight,http://ufcstats.com/fight-details/b76a722dd429612e,3,4:28
"October 22, 2004",Welterweight,http://ufcstats.com/fight-details/6f21a27075f0695c,1,4:59
"October 22, 2004",Welterweight,http://ufcstats.com/fight-details/1a471a1bff47a960,2,2:11
"October 22, 2004",Middleweight,http://ufcstats.com/fight-details/929fb67b49eaa405,1,2:22
"October 22, 2004",Middleweight,http://ufcstats.com/fight-details/0d15b14d1215c853,1,1:36
"October 22, 2004",Light Heavyweight,http://ufcstats.com/fight-details/dc9b52352dca15ef,2,0:33
"August 21, 2004",Light Heavyweight,http://ufcstats.com/fight-details/977e56ada4acc596,3,5:00
"August 21, 2004",Middleweight,http://ufcstats.com/fight-details/719f21fdb310fcfb,2,3:39
"August 21, 2004",Light Heavyweight,http://ufcstats.com/fight-details/ebd51f898209c4c8,1,4:05
"August 21, 2004",Middleweight,http://ufcstats.com/fight-details/6e2254b4fd39ce40,1,0:24
"August 21, 2004",Heavyweight,http://ufcstats.com/fight-details/c74eef9b337602c6,1,1:14
"August 21, 2004",Welterweight,http://ufcstats.com/fight-details/5db23cc876db1619,2,1:17
"August 21, 2004",Welterweight,http://ufcstats.com/fight-details/6996eb7755709945,3,5:00
"August 21, 2004",Lightweight,http://ufcstats.com/fight-details/c9c5b2507c6be9e3,1,4:32
"June 19, 2004",Heavyweight,http://ufcstats.com/fight-details/66eaf9f4a2cd67d8,1,1:26
"June 19, 2004",Welterweight,http://ufcstats.com/fight-details/1201d192092baacf,1,4:15
"June 19, 2004",Heavyweight,http://ufcstats.com/fight-details/dffef4343e822399,1,0:50
"June 19, 2004",Welterweight,http://ufcstats.com/fight-details/5261874c58322b46,3,5:00
"June 19, 2004",Middleweight,http://ufcstats.com/fight-details/7014356795515aea,3,5:00
"June 19, 2004",Lightweight,http://ufcstats.com/fight-details/41222c4fab03d6f8,3,5:00
"June 19, 2004",Welterweight,http://ufcstats.com/fight-details/a40e421630b67e5c,1,1:42
"June 19, 2004",Middleweight,http://ufcstats.com/fight-details/5cbd93c68225a845,2,1:05
"April 02, 2004",Light Heavyweight,http://ufcstats.com/fight-details/2dbd0bc3e61ca00b,2,0:38
"April 02, 2004",Welterweight,http://ufcstats.com/fight-details/eecbc6c850e62d97,2,1:55
"April 02, 2004",Lightweight,http://ufcstats.com/fight-details/268f0fcc45e1a6fe,3,5:00
"April 02, 2004",Heavyweight,http://ufcstats.com/fight-details/0f23c5569204a69b,2,1:15
"April 02, 2004",Welterweight,http://ufcstats.com/fight-details/0374646197b8e0fa,2,1:31
"April 02, 2004",Heavyweight,http://ufcstats.com/fight-details/3b8bfe14b0c297b2,1,4:59
"April 02, 2004",Heavyweight,http://ufcstats.com/fight-details/ba5e8c30d41559fd,1,4:40
"April 02, 2004",Lightweight,http://ufcstats.com/fight-details/1d9d91f78334129d,1,3:31
"January 31, 2004",Light Heavyweight,http://ufcstats.com/fight-details/9cd343b9d5d87528,1,0:49
"January 31, 2004",Welterweight,http://ufcstats.com/fight-details/829146a45b3b236b,3,5:00
"January 31, 2004",Welterweight,http://ufcstats.com/fight-details/4076a87092da5bfa,1,4:39
"January 31, 2004",Heavyweight,http://ufcstats.com/fight-details/476548ca3d8cf0ee,2,4:21
"January 31, 2004",Middleweight,http://ufcstats.com/fight-details/bee02eaf332eb7f1,1,1:45
"January 31, 2004",Welterweight,http://ufcstats.com/fight-details/1bc4996fa543a91a,3,5:00
"January 31, 2004",Lightweight,http://ufcstats.com/fight-details/fab7e4790b11de3c,3,5:00
"January 31, 2004",Lightweight,http://ufcstats.com/fight-details/5bdaa71a5daebcb5,3,5:00
"November 21, 2003",Welterweight,http://ufcstats.com/fight-details/2cfde31b41b2220d,1,3:54
"November 21, 2003",Middleweight,http://ufcstats.com/fight-details/9f108233c7c787d9,3,4:23
"November 21, 2003",Heavyweight,http://ufcstats.com/fight-details/d1d33be012417f75,1,2:14
"November 21, 2003",Middleweight,http://ufcstats.com/fight-details/b35adb9d047f5cd8,1,4:42
"November 21, 2003",Welterweight,http://ufcstats.com/fight-details/7d2d327fd7580364,3,5:00
"November 21, 2003",Heavyweight,http://ufcstats.com/fight-details/906d6f62fb7f9b19,3,5:00
"November 21, 2003",Middleweight,http://ufcstats.com/fight-details/61a211b4a7f942cd,1,3:29
"November 21, 2003",Lightweight,http://ufcstats.com/fight-details/823d7037552a8907,2,2:14
"September 26, 2003",Light Heavyweight,http://ufcstats.com/fight-details/6cd107e2f5886b25,5,5:00
"September 26, 2003",Heavyweight,http://ufcstats.com/fight-details/fdb4ea9783c4452a,1,1:59
"September 26, 2003",Heavyweight,http://ufcstats.com/fight-details/6e7eb1720bec2bca,1,1:54
"September 26, 2003",Middleweight,http://ufcstats.com/fight-details/ac6fd4c78f0e3198,3,5:00
"September 26, 2003",Light Heavyweight,http://ufcstats.com/fight-details/180128adae7897db,1,3:35
"September 26, 2003",Welterweight,http://ufcstats.com/fight-details/e5b2782426c8109c,1,3:52
"September 26, 2003",Lightweight,http://ufcstats.com/fight-details/3cdcaa0a59dfb8ea,1,2:45
"September 26, 2003",Welterweight,http://ufcstats.com/fight-details/5ac9cf4ffc15ccca,3,2:04
"September 26, 2003",Lightweight,http://ufcstats.com/fight-details/10976fbb37d41c43,2,2:46
"June 06, 2003",Light Heavyweight,http://ufcstats.com/fight-details/c83cba9573cca196,3,2:39
"June 06, 2003",Heavyweight,http://ufcstats.com/fight-details/ffe629a5232a878b,1,1:59
"June 06, 2003",Light Heavyweight,http://ufcstats.com/fight-details/400aa8a24e1d8997,1,1:07
"June 06, 2003",Heavyweight,http://ufcstats.com/fight-details/ed503d1c8963d894,3,5:00
"June 06, 2003",Heavyweight,http://ufcstats.com/fight-details/b5854feb57f40bb4,1,2:55
"June 06, 2003",Lightweight,http://ufcstats.com/fight-details/be0507682d0ce713,3,5:00
"June 06, 2003",Middleweight,http://ufcstats.com/fight-details/4f5ce22f8384d151,1,1:56
"June 06, 2003",Heavyweight,http://ufcstats.com/fight-details/9fb822537c12d726,2,4:24
"April 25, 2003",Welterweight,http://ufcstats.com/fight-details/00a5e033391bf8df,5,5:00
"April 25, 2003",Welterweight,http://ufcstats.com/fight-details/808245ba66df5f1c,2,2:28
"April 25, 2003",Welterweight,http://ufcstats.com/fight-details/9f5f9173666ce1b7,3,5:00
"April 25, 2003",Heavyweight,http://ufcstats.com/fight-details/4e75ed154de637e2,2,1:46
"April 25, 2003",Light Heavyweight,http://ufcstats.com/fight-details/af59e32a5b3f6065,1,2:40
"April 25, 2003",Lightweight,http://ufcstats.com/fight-details/5a9657d4faeea2c5,3,5:00
"April 25, 2003",Lightweight,http://ufcstats.com/fight-details/363efd241750c23d,3,5:00
"April 25, 2003",Middleweight,http://ufcstats.com/fight-details/863319fd2e711ffc,1,3:55
"February 28, 2003",Heavyweight,http://ufcstats.com/fight-details/334cd8572d9842cb,1,3:09
"February 28, 2003",Heavyweight,http://ufcstats.com/fight-details/a85a0831580696ff,1,0:46
"February 28, 2003",Lightweight,http://ufcstats.com/fight-details/63ff2ed92c800ef8,5,5:00
"February 28, 2003",Middleweight,http://ufcstats.com/fight-details/795c682c30d66c19,3,5:00
"February 28, 2003",Heavyweight,http://ufcstats.com/fight-details/558ef0822c8fa5b9,3,5:00
"February 28, 2003",Lightweight,http://ufcstats.com/fight-details/6a0c5b9079a4128e,3,5:00
"February 28, 2003",Heavyweight,http://ufcstats.com/fight-details/62ed2b178310306e,1,4:49
"February 28, 2003",Lightweight,http://ufcstats.com/fight-details/0dade757305afebd,3,4:07
"November 22, 2002",Light Heavyweight,http://ufcstats.com/fight-details/9e6f956caa7b549b,3,5:00
"November 22, 2002",Light Heavyweight,http://ufcstats.com/fight-details/9a0865000a3d642e,1,2:55
"November 22, 2002",Welterweight,http://ufcstats.com/fight-details/b0bb09e4ca8343af,1,5:00
"November 22, 2002",Welterweight,http://ufcstats.com/fight-details/497a87188392e057,1,1:45
"November 22, 2002",Welterweight,http://ufcstats.com/fight-details/68b141785f76575b,1,1:29
"November 22, 2002",Heavyweight,http://ufcstats.com/fight-details/9d9c2c8802d21887,1,1:18
"November 22, 2002",Heavyweight,http://ufcstats.com/fight-details/754882d95491d287,1,4:10
"November 22, 2002",Middleweight,http://ufcstats.com/fight-details/e66eebeff23ceb1e,2,4:50
"September 27, 2002",Heavyweight,http://ufcstats.com/fight-details/e06ff3d3f1c0ab69,5,3:04
"September 27, 2002",Heavyweight,http://ufcstats.com/fight-details/ffe4379d6bd1e82b,2,1:43
"September 27, 2002",Lightweight,http://ufcstats.com/fight-details/b0ed7f6450ad33c5,3,5:00
"September 27, 2002",Lightweight,http://ufcstats.com/fight-details/826b03504b9bad4e,3,5:00
"September 27, 2002",Heavyweight,http://ufcstats.com/fight-details/56ba0c15cf501669,1,5:00
"September 27, 2002",Middleweight,http://ufcstats.com/fight-details/20a6710c50698166,1,0:18
"September 27, 2002",Middleweight,http://ufcstats.com/fight-details/e7183e758f6b8bda,3,5:00
"September 27, 2002",Welterweight,http://ufcstats.com/fight-details/9e62f31318d21a32,1,4:16
"July 13, 2002",Welterweight,http://ufcstats.com/fight-details/0f6dd5d9a96ceb9d,4,3:37
"July 13, 2002",Heavyweight,http://ufcstats.com/fight-details/2a2f50039ac636d0,1,4:35
"July 13, 2002",Middleweight,http://ufcstats.com/fight-details/38d8b19a1ef5942a,1,0:10
"July 13, 2002",Lightweight,http://ufcstats.com/fight-details/fb93d1cafcc6b455,2,1:38
"July 13, 2002",Light Heavyweight,http://ufcstats.com/fight-details/90b36806779330b9,3,5:00
"July 13, 2002",Light Heavyweight,http://ufcstats.com/fight-details/1531cb3152157ada,3,5:00
"July 13, 2002",Light Heavyweight,http://ufcstats.com/fight-details/b5c4fbd6e1d94594,3,5:00
"June 22, 2002",Light Heavyweight,http://ufcstats.com/fight-details/2d1c4027b8e50a0d,3,5:00
"June 22, 2002",Welterweight,http://ufcstats.com/fight-details/255da7afa89eb0e5,3,5:00
"June 22, 2002",Welterweight,http://ufcstats.com/fight-details/3c27780140809908,1,2:25
"June 22, 2002",Welterweight,http://ufcstats.com/fight-details/37ae54e5a84fd646,2,0:27
"June 22, 2002",Middleweight,http://ufcstats.com/fight-details/0e30b22cd0987640,2,3:34
"June 22, 2002",Lightweight,http://ufcstats.com/fight-details/5637c7b3e4131941,1,1:19
"May 10, 2002",Middleweight,http://ufcstats.com/fight-details/188537d906b30a7c,3,1:33
"May 10, 2002",Heavyweight,http://ufcstats.com/fight-details/18273af728dda0c8,2,3:25
"May 10, 2002",Lightweight,http://ufcstats.com/fight-details/92de601366ced6dc,2,3:23
"May 10, 2002",Middleweight,http://ufcstats.com/fight-details/56812137775844c8,1,2:59
"May 10, 2002",Lightweight,http://ufcstats.com/fight-details/1228c4297882e8ba,3,5:00
"May 10, 2002",Middleweight,http://ufcstats.com/fight-details/b82abffcf66db401,3,2:27
"May 10, 2002",Welterweight,http://ufcstats.com/fight-details/fe60fd0ee67902dc,1,0:27
"May 10, 2002",Welterweight,http://ufcstats.com/fight-details/5550e3d9ff8b965c,3,5:00
"March 22, 2002",Heavyweight,http://ufcstats.com/fight-details/38dbb6f2e1456acd,2,4:35
"March 22, 2002",Heavyweight,http://ufcstats.com/fight-details/efc865fce64b5848,3,1:45
"March 22, 2002",Welterweight,http://ufcstats.com/fight-details/e7833d5728f3ebef,4,3:01
"March 22, 2002",Middleweight,http://ufcstats.com/fight-details/3c2ac653409cf5f2,1,3:09
"March 22, 2002",Light Heavyweight,http://ufcstats.com/fight-details/1c0f5152b0bbef05,1,2:06
"March 22, 2002",Heavyweight,http://ufcstats.com/fight-details/7468f870b08aaccc,1,0:46
"March 22, 2002",Lightweight,http://ufcstats.com/fight-details/ef83377d584ec055,1,2:58
"March 22, 2002",Welterweight,http://ufcstats.com/fight-details/87f39e0d82349c3b,3,5:00
"January 11, 2002",Lightweight,http://ufcstats.com/fight-details/e1bc211f43378ee7,5,5:00
"January 11, 2002",Heavyweight,http://ufcstats.com/fight-details/0ff019f37961b954,3,3:00
"January 11, 2002",Middleweight,http://ufcstats.com/fight-details/cfa9bc77c803956e,2,0:44
"January 11, 2002",Light Heavyweight,http://ufcstats.com/fight-details/0fe4e788b16c03cd,3,5:00
"January 11, 2002",Middleweight,http://ufcstats.com/fight-details/17ba2950b7f6d64a,2,2:01
"January 11, 2002",Light Heavyweight,http://ufcstats.com/fight-details/f67fa758cc79cd65,3,5:00
"January 11, 2002",Welterweight,http://ufcstats.com/fight-details/8762b96aaefb03af,3,5:00
"January 11, 2002",Middleweight,http://ufcstats.com/fight-details/1f299942446461e9,2,1:14
"November 02, 2001",Heavyweight,http://ufcstats.com/fight-details/bce4808806f88c99,3,3:22
"November 02, 2001",Heavyweight,http://ufcstats.com/fight-details/7c76b3c48a5583df,2,4:02
"November 02, 2001",Welterweight,http://ufcstats.com/fight-details/57f4aac17f067c11,2,1:27
"November 02, 2001",Lightweight,http://ufcstats.com/fight-details/f20bd0b549e1a97d,1,0:11
"November 02, 2001",Heavyweight,http://ufcstats.com/fight-details/c3b2a72cc291db4e,2,4:25
"November 02, 2001",Light Heavyweight,http://ufcstats.com/fight-details/7ea81958dfb80d70,2,0:55
"November 02, 2001",Middleweight,http://ufcstats.com/fight-details/e4628e64a2ef7100,3,5:00
"November 02, 2001",Heavyweight,http://ufcstats.com/fight-details/586635087cdfbbcc,1,1:05
"September 28, 2001",Light Heavyweight,http://ufcstats.com/fight-details/ea64af61ed03453f,5,5:00
"September 28, 2001",Lightweight,http://ufcstats.com/fight-details/970c2beda72908c6,5,5:00
"September 28, 2001",Light Heavyweight,http://ufcstats.com/fight-details/a6a4be467d12ea5c,3,5:00
"September 28, 2001",Welterweight,http://ufcstats.com/fight-details/3b63f4fb24694d74,3,5:00
"September 28, 2001",Middleweight,http://ufcstats.com/fight-details/37cb7ce0f0b70640,5,5:00
"September 28, 2001",Welterweight,http://ufcstats.com/fight-details/2e2b70a5294012bd,2,0:15
"September 28, 2001",Middleweight,http://ufcstats.com/fight-details/fb1fe28a5d97db51,1,4:06
"September 28, 2001",Lightweight,http://ufcstats.com/fight-details/9cd5a54a285653c2,3,5:00
"June 29, 2001",Light Heavyweight,http://ufcstats.com/fight-details/40dbe22895f98978,1,3:32
"June 29, 2001",Lightweight,http://ufcstats.com/fight-details/5e80048e6a5681b8,1,2:42
"June 29, 2001",Heavyweight,http://ufcstats.com/fight-details/09da511e611b4eb1,1,4:21
"June 29, 2001",Welterweight,http://ufcstats.com/fight-details/b7419e18d9461277,2,2:42
"June 29, 2001",Lightweight,http://ufcstats.com/fight-details/6314e63003745e80,1,1:48
"June 29, 2001",Light Heavyweight,http://ufcstats.com/fight-details/6afdefcb6728467e,3,5:00
"June 29, 2001",Heavyweight,http://ufcstats.com/fight-details/c9d2abc25651a1a7,3,1:23
"June 29, 2001",Welterweight,http://ufcstats.com/fight-details/085d6ea4d12917a2,1,1:05
"May 04, 2001",Heavyweight,http://ufcstats.com/fight-details/6f62436ae042009b,5,5:00
"May 04, 2001",Welterweight,http://ufcstats.com/fight-details/34ab72077963ee74,3,2:50
"May 04, 2001",Light Heavyweight,http://ufcstats.com/fight-details/c0be83e56601e7ce,1,1:18
"May 04, 2001",Welterweight,http://ufcstats.com/fight-details/0434a68809885ea1,3,4:51
"May 04, 2001",Heavyweight,http://ufcstats.com/fight-details/7a018ddd9239e45f,2,1:28
"May 04, 2001",Light Heavyweight,http://ufcstats.com/fight-details/ef99fb08c6b06963,3,4:21
"May 04, 2001",Lightweight,http://ufcstats.com/fight-details/97a4b37cee48ea0b,1,4:57
"May 04, 2001",Welterweight,http://ufcstats.com/fight-details/49693a06fc1d8906,3,5:00
"February 23, 2001",Middleweight,http://ufcstats.com/fight-details/f8820294bbe01486,1,0:32
"February 23, 2001",Lightweight,http://ufcstats.com/fight-details/a38ec65ac140fcf8,5,5:00
"February 23, 2001",Welterweight,http://ufcstats.com/fight-details/74d0da1f9df17b9e,1,1:40
"February 23, 2001",Middleweight,http://ufcstats.com/fight-details/4a1f37200bc69376,1,2:52
"February 23, 2001",Heavyweight,http://ufcstats.com/fight-details/75a401066ad784f6,2,4:21
"February 23, 2001",Heavyweight,http://ufcstats.com/fight-details/651da45cc83ce011,1,3:27
"February 23, 2001",Middleweight,http://ufcstats.com/fight-details/a949b05c64e43131,2,5:00
"February 23, 2001",Welterweight,http://ufcstats.com/fight-details/bfb468c3427faa50,2,4:47
"December 16, 2000",Middleweight,http://ufcstats.com/fight-details/2783ccf179321171,1,1:52
"December 16, 2000",Welterweight,http://ufcstats.com/fight-details/53a736ebc356cc4a,2,1:58
"December 16, 2000",Middleweight,http://ufcstats.com/fight-details/c39728802a8409ee,1,2:58
"December 16, 2000",Welterweight,http://ufcstats.com/fight-details/5a4f6ff454b1eeb8,1,2:24
"December 16, 2000",Middleweight,http://ufcstats.com/fight-details/019eca4a900ed793,1,4:58
"December 16, 2000",Welterweight,http://ufcstats.com/fight-details/3c49bf20e4442a81,1,0:20
"December 16, 2000",Middleweight,http://ufcstats.com/fight-details/9ea4087371f7a892,3,5:00
"November 17, 2000",Heavyweight,http://ufcstats.com/fight-details/10cca6f437922b6c,3,4:13
"November 17, 2000",Heavyweight,http://ufcstats.com/fight-details/40d31c37e00d6d0b,3,5:00
"November 17, 2000",Super Heavyweight,http://ufcstats.com/fight-details/e4df2b73dff57d3a,2,4:34
"November 17, 2000",Heavyweight,http://ufcstats.com/fight-details/91cef206019c119e,1,0:55
"November 17, 2000",Lightweight,http://ufcstats.com/fight-details/be8e34d585be9dc7,1,0:15
"November 17, 2000",Middleweight,http://ufcstats.com/fight-details/b85ce7371fb18305,2,5:00
"November 17, 2000",Welterweight,http://ufcstats.com/fight-details/4aef975838bc19ec,2,5:00
"September 22, 2000",Heavyweight,http://ufcstats.com/fight-details/794ec0a93eca0492,1,1:33
"September 22, 2000",Heavyweight,http://ufcstats.com/fight-details/c5bec85a32462995,3,5:00
"September 22, 2000",Middleweight,http://ufcstats.com/fight-details/3ef7c2b26af8cf22,1,4:32
"September 22, 2000",Welterweight,http://ufcstats.com/fight-details/0bec32c32da199ed,1,1:10
"September 22, 2000",Middleweight,http://ufcstats.com/fight-details/8a9a37d68cc428d6,3,2:28
"September 22, 2000",Heavyweight,http://ufcstats.com/fight-details/ae54f944d1ba378f,3,5:00
"September 22, 2000",Heavyweight,http://ufcstats.com/fight-details/075dee476361e83e,2,5:00
"September 22, 2000",Welterweight,http://ufcstats.com/fight-details/c078544a32e18ba3,2,5:00
"June 09, 2000",Heavyweight,http://ufcstats.com/fight-details/cef1b43c77e02635,5,5:00
"June 09, 2000",Middleweight,http://ufcstats.com/fight-details/60e5b2c1bdaa203e,3,5:00
"June 09, 2000",Welterweight,http://ufcstats.com/fight-details/f0b2020d11a0cf94,2,1:43
"June 09, 2000",Middleweight,http://ufcstats.com/fight-details/a0dfc397caef4afe,2,0:43
"June 09, 2000",Welterweight,http://ufcstats.com/fight-details/d84f88ac792e8c53,1,4:34
"June 09, 2000",Lightweight,http://ufcstats.com/fight-details/8452f6d5a1450cfb,3,5:00
"June 09, 2000",Heavyweight,http://ufcstats.com/fight-details/7edac7a0a2f72f28,2,2:13
"June 09, 2000",Welterweight,http://ufcstats.com/fight-details/85f28a8276a141b6,2,5:00
"April 14, 2000",Middleweight,http://ufcstats.com/fight-details/0adfdf8f563be462,5,5:00
"April 14, 2000",Middleweight,http://ufcstats.com/fight-details/b675fb8f413b59e4,2,0:31
"April 14, 2000",Middleweight,http://ufcstats.com/fight-details/ba8b1ed5b05a719a,1,4:38
"April 14, 2000",Heavyweight,http://ufcstats.com/fight-details/f6066d192a16f5ff,3,5:00
"April 14, 2000",Middleweight,http://ufcstats.com/fight-details/9397493152c0669a,3,1:54
"April 14, 2000",Lightweight,http://ufcstats.com/fight-details/cf8fe599f0b44fd5,3,5:00
"March 10, 2000",Heavyweight,http://ufcstats.com/fight-details/9f2b94c46b70c6fb,1,3:23
"March 10, 2000",Middleweight,http://ufcstats.com/fight-details/17be6e24dafd31e0,3,3:35
"March 10, 2000",Lightweight,http://ufcstats.com/fight-details/aca2f98ee112d137,3,5:00
"March 10, 2000",Lightweight,http://ufcstats.com/fight-details/22911cbd32370f6c,2,1:29
"March 10, 2000",Lightweight,http://ufcstats.com/fight-details/cf85523b0d442d35,2,2:41
"March 10, 2000",Heavyweight,http://ufcstats.com/fight-details/81b0c08f7503e79a,1,3:09
"March 10, 2000",Lightweight,http://ufcstats.com/fight-details/77f9b97f62f373b0,2,5:00
"November 19, 1999",Heavyweight,http://ufcstats.com/fight-details/2ab41c5519d0b1b9,5,5:00
"November 19, 1999",Heavyweight,http://ufcstats.com/fight-details/c22545a5881459ac,3,1:17
"November 19, 1999",Open Weight,http://ufcstats.com/fight-details/9c7830c91fad60d8,2,4:15
"November 19, 1999",Middleweight,http://ufcstats.com/fight-details/2cd6330ef18210b9,1,1:28
"November 19, 1999",Middleweight,http://ufcstats.com/fight-details/36c929fb1569d4b9,3,3:12
"November 19, 1999",Open Weight,http://ufcstats.com/fight-details/a4e592c874e8233f,3,5:00
"November 19, 1999",Open Weight,http://ufcstats.com/fight-details/ee1950e871aa5cc2,2,3:12
"September 24, 1999",Middleweight,http://ufcstats.com/fight-details/b1134affa18449dd,4,4:42
"September 24, 1999",Heavyweight,http://ufcstats.com/fight-details/96c247ba0eb1ac65,3,5:00
"September 24, 1999",Heavyweight,http://ufcstats.com/fight-details/eebf672428b168b7,1,2:08
"September 24, 1999",Heavyweight,http://ufcstats.com/fight-details/c57acf13de48330a,1,0:30
"September 24, 1999",Middleweight,http://ufcstats.com/fight-details/c6ead49500c047e5,1,3:53
"September 24, 1999",Lightweight,http://ufcstats.com/fight-details/d9e86958bcb15c26,3,5:00
"September 24, 1999",Middleweight,http://ufcstats.com/fight-details/968cd768ac41e6ee,3,0:13
"September 24, 1999",Lightweight,http://ufcstats.com/fight-details/a1c1e3c1e9c6cf1e,2,5:00
"July 16, 1999",Heavyweight,http://ufcstats.com/fight-details/62ac5bff3c181f50,1,5:00
"July 16, 1999",Lightweight,http://ufcstats.com/fight-details/df8d4014d8206ab1,2,1:34
"July 16, 1999",Middleweight,http://ufcstats.com/fight-details/38e3986b7cfff608,1,4:41
"July 16, 1999",Middleweight,http://ufcstats.com/fight-details/82cf32aea3d7edf3,1,4:20
"July 16, 1999",Heavyweight,http://ufcstats.com/fight-details/3e4199f9a69bac88,2,5:00
"July 16, 1999",Middleweight,http://ufcstats.com/fight-details/693e4a0bed9a1369,2,1:19
"July 16, 1999",Heavyweight,http://ufcstats.com/fight-details/c6f8541973f69080,1,2:51
"July 16, 1999",Heavyweight,http://ufcstats.com/fight-details/1db8bed8b4d30fb3,2,5:00
"May 07, 1999",Heavyweight,http://ufcstats.com/fight-details/73c07530f667289f,3,3:00
"May 07, 1999",Heavyweight,http://ufcstats.com/fight-details/99b5010fd25911af,1,4:30
"May 07, 1999",Heavyweight,http://ufcstats.com/fight-details/a3fe8217502c42a4,1,6:28
"May 07, 1999",Middleweight,http://ufcstats.com/fight-details/c892b23ad8f2208b,1,2:53
"May 07, 1999",Lightweight,http://ufcstats.com/fight-details/6bb2a427004deecc,1,1:23
"May 07, 1999",Lightweight,http://ufcstats.com/fight-details/3a271d9d9210a818,1,1:21
"May 07, 1999",Heavyweight,http://ufcstats.com/fight-details/79f9086932f21016,1,0:28
"March 05, 1999",Middleweight,http://ufcstats.com/fight-details/c03d0d781df4ad2a,1,9:56
"March 05, 1999",Heavyweight,http://ufcstats.com/fight-details/28f31c3fd7afe737,1,0:43
"March 05, 1999",Middleweight,http://ufcstats.com/fight-details/b26c2f616c9436fb,1,12:00
"March 05, 1999",Heavyweight,http://ufcstats.com/fight-details/997753de17f81e3a,2,3:00
"March 05, 1999",Middleweight,http://ufcstats.com/fight-details/25215e8c06d7d63f,1,2:58
"March 05, 1999",Heavyweight,http://ufcstats.com/fight-details/9a38c18f00bb8b8e,1,1:56
"March 05, 1999",Heavyweight,http://ufcstats.com/fight-details/03afd7b6a217aaac,1,10:01
"January 08, 1999",Heavyweight,http://ufcstats.com/fight-details/3fc4d9f17be8d003,2,2:15
"January 08, 1999",Lightweight,http://ufcstats.com/fight-details/453118d7f05be814,3,3:00
"January 08, 1999",Heavyweight,http://ufcstats.com/fight-details/86090172facd6cf7,2,3:00
"January 08, 1999",Middleweight,http://ufcstats.com/fight-details/6c15d41df17349c9,2,2:31
"January 08, 1999",Lightweight,http://ufcstats.com/fight-details/48fccedc8889a473,2,3:00
"January 08, 1999",Middleweight,http://ufcstats.com/fight-details/fb8e8d1a734b6fe8,1,7:57
"January 08, 1999",Lightweight,http://ufcstats.com/fight-details/0cf7636471fc5e45,1,6:52
"October 16, 1998",Middleweight,http://ufcstats.com/fight-details/c8a04210d832a928,1,7:40
"October 16, 1998",Middleweight,http://ufcstats.com/fight-details/3261bd16c10e3014,1,0:44
"October 16, 1998",Heavyweight,http://ufcstats.com/fight-details/f85bbc760000f001,1,8:07
"October 16, 1998",Lightweight,http://ufcstats.com/fight-details/07423d10cc23bfeb,3,3:00
"October 16, 1998",Heavyweight,http://ufcstats.com/fight-details/dbdad3eb157703bc,2,3:00
"October 16, 1998",Middleweight,http://ufcstats.com/fight-details/b6de61e312dbb1db,1,3:27
"October 16, 1998",Middleweight,http://ufcstats.com/fight-details/35b871e0bdc1415b,1,9:00
"October 16, 1998",Lightweight,http://ufcstats.com/fight-details/635fbf57001897c7,1,10:27
"May 15, 1998",Middleweight,http://ufcstats.com/fight-details/1d3c1dedfba6eddc,2,1:28
"May 15, 1998",Heavyweight,http://ufcstats.com/fight-details/a4d8e991ec42b048,2,0:38
"May 15, 1998",Middleweight,http://ufcstats.com/fight-details/17526cb9fb6072ef,2,3:00
"May 15, 1998",Heavyweight,http://ufcstats.com/fight-details/1e14e79a477f2357,1,0:43
"May 15, 1998",Heavyweight,http://ufcstats.com/fight-details/74dcccd3d2f487a1,1,11:01
"May 15, 1998",Middleweight,http://ufcstats.com/fight-details/8d83354075a937f2,1,0:52
"May 15, 1998",Middleweight,http://ufcstats.com/fight-details/21aa163b80e504f9,2,3:00
"May 15, 1998",Heavyweight,http://ufcstats.com/fight-details/8b258bbb37f74a66,2,3:00
"May 15, 1998",Middleweight,http://ufcstats.com/fight-details/ea535b46e0f69ad3,1,12:00
"March 13, 1998",Middleweight,http://ufcstats.com/fight-details/f32f823658478705,1,0:22
"March 13, 1998",Heavyweight,http://ufcstats.com/fight-details/b55481006297ba05,2,3:00
"March 13, 1998",Lightweight,http://ufcstats.com/fight-details/16f25f0808db6f77,1,9:02
"March 13, 1998",Middleweight,http://ufcstats.com/fight-details/db936df21e61209e,1,10:23
"March 13, 1998",Lightweight,http://ufcstats.com/fight-details/43885ee6cc5ed241,2,3:00
"March 13, 1998",Lightweight,http://ufcstats.com/fight-details/a3a328ca117184df,1,9:45
"March 13, 1998",Lightweight,http://ufcstats.com/fight-details/4bce0ce561a65288,1,1:20
"March 13, 1998",Lightweight,http://ufcstats.com/fight-details/b80872821bc4f6ba,1,1:15
"December 21, 1997",Heavyweight,http://ufcstats.com/fight-details/748657d9ba9d7c71,3,3:00
"December 21, 1997",Heavyweight,http://ufcstats.com/fight-details/ec1bda9a4c2aab42,1,3:44
"December 21, 1997",Heavyweight,http://ufcstats.com/fight-details/5c3542260741c6bc,1,4:03
"December 21, 1997",Lightweight,http://ufcstats.com/fight-details/e0c636beed345e1d,1,0:16
"December 21, 1997",Heavyweight,http://ufcstats.com/fight-details/2750ac5854e8b28b,1,1:51
"December 21, 1997",Heavyweight,http://ufcstats.com/fight-details/764e492b55c0ec40,2,3:00
"December 21, 1997",Heavyweight,http://ufcstats.com/fight-details/0e0629a1503125a6,1,10:05
"October 17, 1997",Heavyweight,http://ufcstats.com/fight-details/b3cafb4e6e1b2ad0,1,8:08
"October 17, 1997",Heavyweight,http://ufcstats.com/fight-details/1c1f8f281b2065e0,1,0:53
"October 17, 1997",Heavyweight,http://ufcstats.com/fight-details/b5e49b35bc25c5a9,1,8:16
"October 17, 1997",Heavyweight,http://ufcstats.com/fight-details/3bd789bcfb12368d,2,3:00
"October 17, 1997",Heavyweight,http://ufcstats.com/fight-details/6603f1d60bfeefa9,1,0:17
"October 17, 1997",Heavyweight,http://ufcstats.com/fight-details/da77ead135cb4f17,1,3:43
"October 17, 1997",Heavyweight,http://ufcstats.com/fight-details/c99e302777049f2d,1,12:00
"July 27, 1997",Heavyweight,http://ufcstats.com/fight-details/1a5171802bf3bce6,3,3:00
"July 27, 1997",Heavyweight,http://ufcstats.com/fight-details/1f561a3e35a9b48a,1,1:38
"July 27, 1997",Lightweight,http://ufcstats.com/fight-details/c92596c3143db25b,1,0:44
"July 27, 1997",Heavyweight,http://ufcstats.com/fight-details/3f6c0a76407e1863,1,2:10
"July 27, 1997",Heavyweight,http://ufcstats.com/fight-details/f44aa569b4eec404,1,2:22
"July 27, 1997",Lightweight,http://ufcstats.com/fight-details/e0a11799d3446b87,1,1:27
"July 27, 1997",Lightweight,http://ufcstats.com/fight-details/6158150558be0edf,2,3:00
"July 27, 1997",Heavyweight,http://ufcstats.com/fight-details/f373e50e2fab3d5f,1,2:30
"July 27, 1997",Lightweight,http://ufcstats.com/fight-details/1586c14f26880553,1,1:31
"May 30, 1997",Heavyweight,http://ufcstats.com/fight-details/0e16795e385e76a7,1,0:52
"May 30, 1997",Heavyweight,http://ufcstats.com/fight-details/4165dd0c39926e2f,1,3:13
"May 30, 1997",Lightweight,http://ufcstats.com/fight-details/86f566f142593667,1,2:00
"May 30, 1997",Heavyweight,http://ufcstats.com/fight-details/75d16f9eae9c6ea6,1,0:56
"May 30, 1997",Heavyweight,http://ufcstats.com/fight-details/e3255c742fff811c,1,1:30
"May 30, 1997",Lightweight,http://ufcstats.com/fight-details/90557b479ce1c2a7,1,1:36
"May 30, 1997",Lightweight,http://ufcstats.com/fight-details/45e49fe8d3d1bfb5,2,3:00
"May 30, 1997",Lightweight,http://ufcstats.com/fight-details/0473ef44197be419,1,1:23
"May 30, 1997",Lightweight,http://ufcstats.com/fight-details/f3c33d0b7a087eaf,1,0:31
"February 07, 1997",Heavyweight,http://ufcstats.com/fight-details/3e813ba25895913d,1,2:57
"February 07, 1997",Heavyweight,http://ufcstats.com/fight-details/fa347a9ac9d0558c,1,0:43
"February 07, 1997",Lightweight,http://ufcstats.com/fight-details/2963e9a4b8c10bc9,1,0:39
"February 07, 1997",Heavyweight,http://ufcstats.com/fight-details/b28809d58f8c18fd,1,1:17
"February 07, 1997",Heavyweight,http://ufcstats.com/fight-details/72e7d6d5328bc3d6,1,8:02
"February 07, 1997",Lightweight,http://ufcstats.com/fight-details/e45feb9866eb2da7,2,3:00
"February 07, 1997",Lightweight,http://ufcstats.com/fight-details/18af785da73b5996,1,1:24
"February 07, 1997",Heavyweight,http://ufcstats.com/fight-details/77bf1e37929b0d59,1,0:14
"February 07, 1997",Lightweight,http://ufcstats.com/fight-details/565ecefd8a37ad7e,1,0:48
"December 07, 1996",Open Weight,http://ufcstats.com/fight-details/d595d2c36ddba8ee,1,1:22
"December 07, 1996",Open Weight,http://ufcstats.com/fight-details/c8ff8a72f3c5a825,1,1:03
"December 07, 1996",Open Weight,http://ufcstats.com/fight-details/f716e27b04a6fbb5,1,0:20
"December 07, 1996",Open Weight,http://ufcstats.com/fight-details/fa48320affd3b2b4,1,5:48
"December 07, 1996",Open Weight,http://ufcstats.com/fight-details/14e48e29fefe1b3d,1,9:08
"December 07, 1996",Open Weight,http://ufcstats.com/fight-details/f84070b049bc14e6,1,2:51
"December 07, 1996",Open Weight,http://ufcstats.com/fight-details/9713ba5e92ee4f5d,1,11:19
"December 07, 1996",Open Weight,http://ufcstats.com/fight-details/2f449bd58b3d9a99,1,4:46
"December 07, 1996",Open Weight,http://ufcstats.com/fight-details/d93c8c77e1091a16,1,1:37
"December 07, 1996",Open Weight,http://ufcstats.com/fight-details/a5c90086fb65f58e,1,1:45
"September 20, 1996",Open Weight,http://ufcstats.com/fight-details/9f6a7aee1fce539a,2,3:00
"September 20, 1996",Open Weight,http://ufcstats.com/fight-details/b633d9d9626239ec,1,2:20
"September 20, 1996",Open Weight,http://ufcstats.com/fight-details/a5200c9bac3c420b,1,15:00
"September 20, 1996",Open Weight,http://ufcstats.com/fight-details/398ff6015a5ba3b5,1,2:06
"September 20, 1996",Open Weight,http://ufcstats.com/fight-details/7149494344c04258,1,0:28
"September 20, 1996",Open Weight,http://ufcstats.com/fight-details/b03b58b04dafa93a,1,0:45
"September 20, 1996",Open Weight,http://ufcstats.com/fight-details/3badedeb2c5533f4,1,1:33
"September 20, 1996",Open Weight,http://ufcstats.com/fight-details/c413b0abc04358c3,1,1:45
"July 12, 1996",Open Weight,http://ufcstats.com/fight-details/6397fba14ce7f674,1,11:34
"July 12, 1996",Open Weight,http://ufcstats.com/fight-details/b71cb011942f3176,1,7:00
"July 12, 1996",Open Weight,http://ufcstats.com/fight-details/ced000124f98f276,1,4:37
"July 12, 1996",Open Weight,http://ufcstats.com/fight-details/bde5589889ded1c9,1,1:28
"July 12, 1996",Open Weight,http://ufcstats.com/fight-details/ba65a2f56dc6a5ed,1,2:43
"July 12, 1996",Open Weight,http://ufcstats.com/fight-details/e4acc3bb3c3e27d1,1,2:25
"July 12, 1996",Open Weight,http://ufcstats.com/fight-details/de2ced807ed3eb0b,1,10:21
"July 12, 1996",Open Weight,http://ufcstats.com/fight-details/f59b1215176636f6,2,3:00
"July 12, 1996",Open Weight,http://ufcstats.com/fight-details/dc6a8ec4d6c477de,1,5:57
"May 17, 1996",Open Weight,http://ufcstats.com/fight-details/6a060498e60756af,3,3:00
"May 17, 1996",Open Weight,http://ufcstats.com/fight-details/db845f2e28c22b4c,1,9:30
"May 17, 1996",Open Weight,http://ufcstats.com/fight-details/378ede9e541c82f9,1,0:47
"May 17, 1996",Open Weight,http://ufcstats.com/fight-details/ca62a52ab0bd9108,1,12:00
"May 17, 1996",Open Weight,http://ufcstats.com/fight-details/c89017008da245be,1,5:32
"May 17, 1996",Open Weight,http://ufcstats.com/fight-details/31fc4d5d5d1a6126,1,3:14
"May 17, 1996",Open Weight,http://ufcstats.com/fight-details/e92abaf81ad5949b,1,7:25
"February 16, 1996",Open Weight,http://ufcstats.com/fight-details/8d2e99599124a16f,1,2:14
"February 16, 1996",Open Weight,http://ufcstats.com/fight-details/16b4a0b06427f1ac,1,4:24
"February 16, 1996",Open Weight,http://ufcstats.com/fight-details/f5156ca4dcd2a0e3,1,5:31
"February 16, 1996",Open Weight,http://ufcstats.com/fight-details/90bce37a788afeaa,1,0:48
"February 16, 1996",Open Weight,http://ufcstats.com/fight-details/8312985b75241b06,1,0:13
"February 16, 1996",Open Weight,http://ufcstats.com/fight-details/ab7390e549e28893,1,9:03
"February 16, 1996",Open Weight,http://ufcstats.com/fight-details/16cb0064575e2b0b,1,10:00
"February 16, 1996",Open Weight,http://ufcstats.com/fight-details/3cf6583153078f8f,1,0:08
"February 16, 1996",Open Weight,http://ufcstats.com/fight-details/5701dbbbfa4f8313,1,0:50
"December 16, 1995",Open Weight,http://ufcstats.com/fight-details/524b49a676498c6d,2,3:00
"December 16, 1995",Open Weight,http://ufcstats.com/fight-details/717f3c3932279196,1,18:00
"December 16, 1995",Open Weight,http://ufcstats.com/fight-details/0d872527bbb3cd40,1,18:00
"December 16, 1995",Open Weight,http://ufcstats.com/fight-details/d45f9dfdb75a640f,1,1:15
"December 16, 1995",Open Weight,http://ufcstats.com/fight-details/3e39aac3e15d75bd,1,2:39
"December 16, 1995",Open Weight,http://ufcstats.com/fight-details/8cc976ee1a123fb8,1,1:01
"December 16, 1995",Open Weight,http://ufcstats.com/fight-details/6b0430e9c97afec7,1,1:14
"December 16, 1995",Open Weight,http://ufcstats.com/fight-details/7ffcc3a72e082ace,1,5:29
"December 16, 1995",Open Weight,http://ufcstats.com/fight-details/6449a1a9a69a830c,1,4:38
"September 08, 1995",Open Weight,http://ufcstats.com/fight-details/e7ca291dd8f5661b,1,13:17
"September 08, 1995",Open Weight,http://ufcstats.com/fight-details/3932f8e9a74f3d11,2,3:00
"September 08, 1995",Open Weight,http://ufcstats.com/fight-details/99d98a2d278bfa1f,1,12:27
"September 08, 1995",Open Weight,http://ufcstats.com/fight-details/62bb4ea8bf86790c,1,1:01
"September 08, 1995",Open Weight,http://ufcstats.com/fight-details/9ebb7bba0b45d517,1,3:23
"September 08, 1995",Open Weight,http://ufcstats.com/fight-details/ef2ccb690dcd943f,1,3:05
"September 08, 1995",Open Weight,http://ufcstats.com/fight-details/fcf632627ce40195,1,1:41
"September 08, 1995",Open Weight,http://ufcstats.com/fight-details/869d753568a114a6,1,1:05
"September 08, 1995",Open Weight,http://ufcstats.com/fight-details/e9ce3a28eeb83905,1,0:31
"September 08, 1995",Open Weight,http://ufcstats.com/fight-details/e4fe950846b51bdf,1,5:26
"September 08, 1995",Open Weight,http://ufcstats.com/fight-details/4b334c9727eee450,1,0:48
"July 14, 1995",Open Weight,http://ufcstats.com/fight-details/66c029f49d3c5da6,1,17:45
"July 14, 1995",Open Weight,http://ufcstats.com/fight-details/d62aec55bc142346,1,2:14
"July 14, 1995",Open Weight,http://ufcstats.com/fight-details/3c2c7c095c79a506,1,0:09
"July 14, 1995",Open Weight,http://ufcstats.com/fight-details/43f6b0c40113d0d8,1,1:53
"July 14, 1995",Open Weight,http://ufcstats.com/fight-details/5d19fa2df1cb61a2,1,0:57
"July 14, 1995",Open Weight,http://ufcstats.com/fight-details/e2b32e1683a566af,1,1:08
"July 14, 1995",Open Weight,http://ufcstats.com/fight-details/547295977141cbc2,1,1:02
"July 14, 1995",Open Weight,http://ufcstats.com/fight-details/88945d70ee6c6467,1,0:20
"July 14, 1995",Open Weight,http://ufcstats.com/fight-details/8e03db41687d9132,1,3:06
"July 14, 1995",Open Weight,http://ufcstats.com/fight-details/b297c3e938e1005e,1,2:01
"April 07, 1995",Open Weight,http://ufcstats.com/fight-details/6ca94b35719eb300,1,3:01
"April 07, 1995",Open Weight,http://ufcstats.com/fight-details/db8df615610f3632,2,5:00
"April 07, 1995",Open Weight,http://ufcstats.com/fight-details/cbf3fc8730b4ad09,1,4:21
"April 07, 1995",Open Weight,http://ufcstats.com/fight-details/db4c169722cf1e33,1,2:12
"April 07, 1995",Open Weight,http://ufcstats.com/fight-details/2308e0da38efd4ba,1,1:38
"April 07, 1995",Open Weight,http://ufcstats.com/fight-details/ebfe035b70080668,1,2:23
"April 07, 1995",Open Weight,http://ufcstats.com/fight-details/43c2c904e1574c59,1,2:55
"April 07, 1995",Open Weight,http://ufcstats.com/fight-details/fa3b940bd48da7e2,1,1:23
"April 07, 1995",Open Weight,http://ufcstats.com/fight-details/fa152ada833de1d4,1,2:02
"April 07, 1995",Open Weight,http://ufcstats.com/fight-details/802c0e4e228996ac,1,0:21
"December 16, 1994",Open Weight,http://ufcstats.com/fight-details/f29eec19aa5c1303,1,15:49
"December 16, 1994",Open Weight,http://ufcstats.com/fight-details/e65a23b80c869456,1,0:52
"December 16, 1994",Open Weight,http://ufcstats.com/fight-details/9c74c2758a2c7c2e,1,5:32
"December 16, 1994",Open Weight,http://ufcstats.com/fight-details/040ecf01338dff9e,1,1:45
"December 16, 1994",Open Weight,http://ufcstats.com/fight-details/7e7d7a488ea21f63,1,4:47
"December 16, 1994",Open Weight,http://ufcstats.com/fight-details/ccccc0a22b05eac6,1,2:44
"December 16, 1994",Open Weight,http://ufcstats.com/fight-details/0b71ada6c9209fc9,1,3:49
"December 16, 1994",Open Weight,http://ufcstats.com/fight-details/8f8f47a728c3127e,1,2:13
"December 16, 1994",Open Weight,http://ufcstats.com/fight-details/b80e6a799c95d499,1,4:55
"December 16, 1994",Open Weight,http://ufcstats.com/fight-details/a1db4c917777aa79,1,0:14
"September 09, 1994",Open Weight,http://ufcstats.com/fight-details/323f543eb8abdb36,1,1:27
"September 09, 1994",Open Weight,http://ufcstats.com/fight-details/5167a5aec41f8b6d,1,4:34
"September 09, 1994",Open Weight,http://ufcstats.com/fight-details/f65b000b7e450bcf,1,4:40
"September 09, 1994",Open Weight,http://ufcstats.com/fight-details/ca837b002a318766,1,0:46
"September 09, 1994",Open Weight,http://ufcstats.com/fight-details/56315d5ac11594a5,1,4:49
"September 09, 1994",Open Weight,http://ufcstats.com/fight-details/8887948f0c097cd8,1,1:59
"March 11, 1994",Open Weight,http://ufcstats.com/fight-details/00835554f95fa911,1,1:17
"March 11, 1994",Open Weight,http://ufcstats.com/fight-details/aa161c7159741766,1,1:31
"March 11, 1994",Open Weight,http://ufcstats.com/fight-details/8fbdde20b712b8da,1,1:07
"March 11, 1994",Open Weight,http://ufcstats.com/fight-details/5655639baecd8f6a,1,1:07
"March 11, 1994",Open Weight,http://ufcstats.com/fight-details/c4aa04781989699e,1,1:29
"March 11, 1994",Open Weight,http://ufcstats.com/fight-details/b72acedda7ddc006,1,3:07
"March 11, 1994",Open Weight,http://ufcstats.com/fight-details/8ea72cf82fac07f6,1,0:30
"March 11, 1994",Open Weight,http://ufcstats.com/fight-details/fcd8e8ec45eb6b9f,1,5:08
"March 11, 1994",Open Weight,http://ufcstats.com/fight-details/c53325be8ce33b8b,1,6:41
"March 11, 1994",Open Weight,http://ufcstats.com/fight-details/17ee4caf06981b81,1,9:51
"March 11, 1994",Open Weight,http://ufcstats.com/fight-details/3b020d4914b44fc8,1,2:50
"March 11, 1994",Open Weight,http://ufcstats.com/fight-details/d917c8c7461b9831,1,4:52
"March 11, 1994",Open Weight,http://ufcstats.com/fight-details/ccee020be2e8d9f6,1,12:13
"March 11, 1994",Open Weight,http://ufcstats.com/fight-details/4b9ae533ccb3fcdf,1,0:58
"March 11, 1994",Open Weight,http://ufcstats.com/fight-details/4acab67848e78327,1,0:20
