kd_diff,sig_strike_diff,total_strikes_diff,td_diff,ctrl_time_diff,height_diff,reach_diff,age_diff,winrate_diff,winner
-0.4,49.2,93.8,0.6,19.2,4,0,1,-0.104774536,0
-0.1,14.8,16.8,-1,-29.5,5,6,13,-0.23015873,0
0.25,1,16,-1,-22.5,-2,-1,12,-0.072222222,0
-0.6,2.6,29,0,30.6,2,2,-1,0.144886364,1
0.2,14,-42,-1,-302,3,6,-2,-0.014285714,0
0.4,5.4,-13.4,-0.6,-41,1,-1,9,-0.158181818,1
0,-11,0.8,0.2,53.6,3,5,6,-0.292753623,0
0,-21.6,-19.4,0.2,131,-2,3,7,0.032608696,1
0,13,-5,0,-14,-2,-1,5,-0.208333333,0
1,64.2,94.8,0.8,54.8,3,1,9,-0.133333333,0
0,0,0,0,0,-1,-1,-4,-0.142857143,0
0,15.3,-22.8,-0.8,-311.9,-2,-5,11,0.04040404,1
0,-0.2,54.8,6.4,209.2,-1,1,2,0.007692308,0
-0.6,-49.6,-63.8,5.2,430.4,0,2,11,-0.055555556,0
-0.4,70.8,59.4,-1,-191.8,0,0,7,-0.228618421,0
-0.2,22,21.8,1,-1,-6,-6,11,-0.189393939,0
-0.6,21.2,31,0.6,68.6,-1,2,9,-0.132142857,0
-0.6,16.6,82,2.4,488,0,-1,1,0.034615385,0
0,-19.8,-20,-1.2,-65.4,0,2,-1,-0.202352941,0
-0.2,36.4,33.8,-0.4,1.4,0,-2,-5,0.122352941,1
0.2,4.8,-15.2,-1.4,-214.4,-3,-6,3,0.027972028,0
-0.4,81.2,79.6,-0.6,-25.2,2,2,-1,-0.227180527,0
-0.2,31,27.8,0.4,53.6,-4,-2,9,0.006578947,0
-0.25,3.75,22,1,59.5,-3,-4,-2,0.222222222,1
0.333333333,18.66666667,8.833333333,0.333333333,-104.5,-3,0,-7,0.333333333,1
-0.333333333,-17.2,1.066666667,1.8,175.2666667,2,-2,6,-0.182662539,0
0,5.8,10.6,2.8,264.8,-5,-3,-6,0.235966736,1
0,25.4,39.2,1.6,83.6,-4,-2,9,-0.116858238,0
0.4,14.6,24.6,0.4,46.2,2,-1,-2,-0.014992504,1
-0.25,53,50.85,-3.65,-239.55,3,3,10,-0.176470588,0
0.15,28,28.7,-0.15,-133.65,0,0,-1,0.013888889,1
-0.2,-10.4,-11,-0.8,112.8,3,7,-1,-0.025,0
0,-1.5,-5,2,223.5,-1,1,4,-0.210526316,0
0.4,30,40.6,-0.6,148.8,-1,0,10,-0.08,1
0,-6.6,-35.2,-4.4,-370.4,2,0,2,-0.17032967,0
0,30.33333333,45.66666667,1,51,-1,2,-11,0.266666667,1
1,-35.5,-58.5,-1,-284,0,0,-1,-0.075,0
0,26.3,47.8,1.3,15,-4,-2,-5,0.03030303,1
0,-13,27.5,1.5,512,-1,-1,-7,0.142857143,1
0,0,0,0,0,3,0,-1,-0.017857143,0
0,48.4,37.2,-2.2,-268.2,1,3,-5,-0.108374384,0
-0.2,-13.4,9.2,1,-94.8,1,3,1,0,1
-1,-5.8,76.2,4.2,436.6,-2,-7,7,-0.1,0
-1.2,25,37,0.8,105.2,1,-4,2,0.019047619,0
0,0,5.2,-0.2,71.8,-1,-1,6,-0.075438596,0
0.2,-34.2,-31.4,-0.2,-22.6,1,3,-7,0.155555556,1
0,14.2,14.8,-0.2,-38.8,-3,0,0,-0.013157895,0
0,9.8,27.2,-1.2,-28,-1,1,-6,0.075,1
1,-24.5,-43.5,-1,-55.5,4,2,4,0.090909091,0
0.2,-8.4,-14.2,0,-69.6,1,-1,-6,0.171592775,1
0,-55.2,-88.6,-1,14.2,1,1,2,0.087692308,1
-0.333333333,24.53333333,29.93333333,0.8,53.46666667,-3,-3,15,-0.370588235,0
0,20.5,29,2,103,2,2,-11,0.285714286,1
0,48.8,34.4,-2,-109,1,0,9,-0.235897436,0
-0.4,-8,-14.4,2,81,-2,-6,-7,0.209259259,1
-0.25,14.3,27.7,-0.35,-3.9,2,1,4,-0.252723312,0
-0.2,7.8,12,0.2,5.6,-2,-1,9,-0.014285714,0
-0.25,-6.583333333,10.58333333,0.5,78.33333333,1,3,0,-0.030100334,1
-1.1,-26.8,-14.8,0.2,146.7,2,5,-1,-0.008333333,1
-0.35,18.75,30.9,0.1,-43.25,-1,-4,-1,0.112820513,0
0.2,-1.8,-4,-0.8,-0.4,-1,2,-5,-0.049071618,0
0,-43.8,-39.2,1,165.95,-2,-4,6,-0.284090909,0
0,0,0,0,0,-1,-2,-4,0.25,1
-0.4,42.6,15.8,-0.6,-115.2,-1,-3,10,-0.147826087,0
-0.2,-19.6,-12.2,0.6,62,0,-1,-1,-0.197368421,0
0.2,25.2,36.8,1.4,79.8,0,0,5,0.083333333,1
0.2,-36.8,-37.6,-1,-164.4,1,1,2,-0.031862745,1
-0.8,51.4,67.6,0.6,121.2,1,0,-1,0.101010101,1
-0.2,-10.6,-35.6,-0.8,-48.4,-4,-3,5,0.064705882,1
0,23.66666667,45,2.333333333,376.3333333,-2,2,0,-0.222222222,0
0.4,-23.8,-20.8,0.2,122.4,-4,-1,4,-0.004807692,1
0,-19.1,-4.55,0.25,187.85,1,2,0,0.131868132,1
0,-12.5,-27.5,-0.5,50,-4,-3,0,0.068181818,1
0.333333333,-22.33333333,-96.83333333,-0.666666667,-134.6666667,1,2,-5,-0.076923077,1
0,22,24.2,0.2,-62,-6,-5,-4,0.285714286,1
-0.2,-17.6,6,-1.6,-42.6,1,1,-1,-0.116666667,0
0,93.75,72,-0.25,-61.16666667,3,1,1,-0.055555556,1
0.4,11.8,-26.8,-5.6,-517.4,5,9,3,-0.219607843,0
0,9.266666667,2.866666667,1,196.4,-1,-3,2,0.085526316,1
0.4,-52.4,-55.8,-0.2,-53.4,1,-3,-3,-0.033333333,0
-0.2,-42.2,-29.4,1,187.2,-1,1,5,0.084249084,0
0.2,-7.2,11.4,2,179.2,-1,0,-3,0.107894737,1
0.2,36.2,32.4,-3,-296.6,4,1,3,-0.066153846,1
-0.8,-5.6,19.8,-0.2,174.6,6,7,-3,-0.3,0
0.1,63.9,63.1,-3.4,-205.4,-2,-3,4,-0.159090909,0
0.55,-25.45,-50.1,-1,-244.7,2,3,-1,0.163967611,1
-0.2,-12,13.4,-0.8,102,0,6,-3,-0.005747126,1
0,-29.5,-37.75,1,129.75,3,2,-3,0.223214286,1
-0.4,58.8,79.7,1.6,159.6,-5,-5,5,-0.047619048,1
0.133333333,20.33333333,27.6,1.333333333,132.0666667,5,-3,-7,0.178030303,1
0.333333333,28.16666667,31.5,-1.166666667,-57.83333333,2,6,3,0.064102564,0
0,-46.53333333,-60.26666667,0.866666667,37.2,0,3,-1,0.106060606,0
0.5,-25.05,16.15,-0.15,-22.55,2,3,5,0.087121212,0
0,7.6,24.4,-1,-69,2,8,-1,-0.215503876,0
0.4,11.8,15.6,0,-29.4,0,2,-5,-0.198529412,0
-0.2,49.2,-29.4,-1.6,-265,0,-3,-1,0.088888889,1
-0.4,-43.8,-22.4,0.6,101.6,1,0,-10,0,1
-1.2,13.4,24.4,0.4,77.4,2,0,-1,0.092071611,1
-0.2,9,8.066666667,-0.2,-6.6,2,0,-1,-0.008305648,0
-0.2,13.6,-0.2,1.4,160.2,3,2,6,-0.037151703,0
0.1,14.55,4,-0.3,-67.85,-3,-1,5,-0.151515152,1
0.333333333,-78.66666667,-79.66666667,-1,3.666666667,2,4,2,-0.027972028,0
0.5,62,33,-1.5,-249.5,1,0,-2,0.077777778,1
1,-18,-13.5,-0.5,39,-6,-7,-3,0.083333333,0
0,18,-1.333333333,-0.333333333,-121.3333333,2,1,0,0.063636364,1
0.2,-14,-45,-4.4,-121.4,0,4,1,-0.096111519,1
-1.2,9.2,-8.4,1,-85.6,-5,-7,5,0,1
-0.2,1.6,-1,1.6,120.2,-4,-2,2,-0.227472527,0
-0.75,38.5,42.25,0,-1,-1,0,7,-0.181818182,0
0.2,-6.5,-19.6,1.2,-57.4,2,6,-2,-0.084705882,0
0.6,-71.8,-62.8,0,39.4,3,2,9,-0.035714286,0
0,-10.08333333,-1.666666667,0.5,-7.833333333,1,2,3,0.00952381,1
0.2,-27.65,-61.7,-2.05,-126.25,1,3,-2,0.152380952,1
-0.333333333,-3,8.333333333,0.666666667,9,-4,0,-1,0.444444444,1
0,9,6,-1,-124,-2,-1,-4,0.1,1
0,-8.733333333,14.8,0.4,51.6,-1,0,-13,0.12145749,1
0,32.33333333,30.66666667,1,10,3,-1,-2,0.0925,1
-0.8,-4.8,20,0.6,232.8,-1,-4,-5,0.100543478,0
0,17,49,4.2,-68.4,-5,-2,1,0.057692308,1
-0.2,1.2,10.8,0.4,95.2,2,4,-2,0.183046683,1
0,13.2,10.4,0,-51,-4,-2,11,-0.022608696,0
-0.6,2.8,22.2,1.6,170.2,0,3,6,-0.033333333,0
1,-16.5,-35.5,-1,-59.5,3,2,-6,0.185714286,1
-0.75,58.5,87.25,2.75,277.75,0,-4,-1,-0.025,1
0,82,63,-1,-60,1,-2,3,0.019565217,0
0.6,10.2,-9.8,-3,-211.8,1,-3,-7,0.011904762,1
0.4,11.8,32.33333333,0.333333333,80.4,-2,-2,-3,0.1,1
-0.2,-30.6,-39.8,2.4,104.4,5,4,-2,0.0075,0
0.2,34.8,25.35,-3.5,-291.5,1,-4,6,-0.24137931,0
0.2,-25.6,-83.6,-1,-350.6,-1,-2,-2,-0.090277778,1
0,26.5,33.5,1,42.6,0,-3,-7,0.051282051,1
0,11.4,2.2,0,-29.2,0,0,-1,0.183333333,1
0.2,-2.7,-13,1.5,-26.6,0,2,-5,0.077777778,1
0.1,-7.7,7.5,1,134.2,-1,-2,1,0.063492063,1
0,22.6,8,-0.2,-28.2,-4,-7,-7,0.05942029,0
-0.5,1,-4.5,-1.75,-135.25,3,1,-5,0.159090909,1
0.5,34.33333333,41.5,0.5,33.16666667,1,4,-1,0.2,1
0,12.6,16.4,-0.8,-214.2,3,5,-4,0.128289474,1
0,-67.73333333,-65.4,1.2,50,1,0,3,-0.044534413,1
0,25,27,0,-10,-1,-5,-1,0.088888889,1
0,-33,-53.6,0.4,-96.4,3,-1,0,0.3125,1
0,0,0,0,0,5,1,3,0.119047619,1
0,23,56,1.2,-12.2,-3,-6,-1,-0.214285714,0
-0.2,20,31.2,0.2,82,4,3,2,-0.047987616,1
-0.8,21.8,28.8,0.2,8.2,3,4,11,-0.218894009,0
-0.4,6.4,9.6,1.4,-6.6,-2,2,-6,0.094043887,1
-0.4,43.8,38.6,-0.6,-64.6,-3,-4,0,0.010752688,1
0.2,0.2,-2.2,0.2,79.8,0,-2,-7,-0.038461538,1
0,10,14.66666667,-1.333333333,-139.3333333,2,4,-13,0.25,1
0,2.9,-4.6,-0.7,-83.4,-1,0,3,-0.037151703,0
-0.4,-20.2,-36.2,2,243.2,2,3,-7,0.022222222,0
-0.2,18.8,40.4,2.6,225.2,1,1,-3,0.173076923,1
0.2,0.2,-8.8,-0.4,-56,-1,-2,-3,-0.033333333,1
0.2,8.8,-7.2,0.6,-167.8,2,-2,1,0.119047619,0
0.5,5.5,3,-0.75,-18.25,-4,0,2,-0.04887218,0
0,7,11,2,247.5,0,-3,16,0.017857143,1
0,0,0,0,0,-2,0,4,-0.048484848,0
-0.2,6,7.6,0.2,13.8,2,0,-3,-0.085213033,1
-0.8,15.2,28.46666667,2.2,186.1333333,0,-2,1,-0.015037594,1
0.2,6.2,4.2,0,45,0,0,-7,0.13037037,1
0,-0.133333333,-22.06666667,-2.8,-202.6,0,-1,0,-0.125506073,0
-0.6,-14.8,-5.4,1,-37.6,0,-4,-2,0.333333333,1
0,11,10,-0.4,114,4,1,1,-0.012820513,1
-0.2,18.13333333,19.2,1.066666667,189,1,2,1,0.269230769,1
0,-14.6,1.6,-0.4,81.2,0,0,5,-0.058149058,0
-1,-6.333333333,-2,0,-6.333333333,-1,-2,1,-0.081447964,0
0.25,-91.5,-97,0,11.5,-2,1,-1,0.056818182,1
0,14.8,10.4,0,-21.4,1,-1,3,-0.113636364,0
-0.6,34.4,63,5,232.6,1,-1,0,-0.16,0
0,-13.2,1.4,-0.8,-128.1333333,0,1,-1,0.130718954,0
-0.466666667,-0.133333333,-2.533333333,0.2,-24.46666667,4,7,6,-0.021091811,1
0.4,10.6,-24,-2.8,-227.4,1,-2,-2,-0.071428571,0
0.2,-32.2,-26.6,-0.2,-48.8,-1,6,-1,-0.019323671,1
-0.133333333,-11.06666667,-3.4,0,28.93333333,3,4,1,0.005714286,1
0,16,31.5,1,52.5,3,5,-11,0.298076923,1
0.4,-37.6,-35.6,0,-1.2,3,1,1,-0.102564103,0
0.6,18.5,25,-1.2,-125.3,3,3,8,-0.18,1
0.4,14.6,10.8,-0.2,-0.6,-1,0,-9,0.188552189,1
0.2,7.2,-1.4,-0.8,-113.6,-1,-3,0,-0.120634921,0
0,27.5,57.5,2.166666667,238.5,-6,-2,-8,0.209080048,1
0.5,47.5,32.5,-2.5,-177.5,2,5,-3,-0.112375533,0
0,19,25,-2,-29,2,5,3,0.066666667,1
0.2,66.6,46.2,0.4,-116.4,-1,1,0,-0.115384615,0
0.2,61.6,72.2,1.2,151.6,1,3,5,0.277777778,1
-0.8,31.4,34.6,0.2,38,-2,-3,3,-0.071014493,0
0.4,90.4,85.73333333,1.2,56.13333333,-4,-2,3,-0.222222222,0
0.2,26.4,64.4,2.4,204.2,-1,-3,7,-0.149206349,1
0,0,0,0,0,0,5,-4,0.333333333,1
-0.2,2.4,11.2,0.2,118.2,1,3,8,-0.062068966,0
0.6,-20.2,-23.6,-2.2,-132.2,-1,1,2,-0.102695764,0
0,-22.6,2.2,1.8,150.2,4,2,-7,0.107692308,0
0,19.4,5.2,-0.4,-95.4,2,5,2,-0.210526316,0
0.2,-2,-14.73333333,0.466666667,55.53333333,-1,1,-1,0.093333333,1
-0.333333333,25,41,0.666666667,22.66666667,0,-1,0,0.034313725,0
0,9.4,-6.8,-5.8,-348.4,2,1,5,-0.092879257,0
-0.2,47.4,51.8,-0.4,30.8,1,-5,-3,0.173796791,1
0,-37.6,-39.6,0.6,-52.4,0,2,-17,0.220588235,1
0.4,-22.4,-33.6,-1.6,-114.8,4,3,7,-0.074324324,1
0,-24.26666667,-34.06666667,-2.333333333,-18.46666667,1,0,5,-0.194444444,0
0,-1.8,11.2,1.8,113,-1,-4,8,-0.212820513,0
0,81,109,1,331,1,2,-9,0.141666667,1
0,33,23.33333333,2.666666667,86.66666667,2,2,-5,0.2125,1
-0.4,3.6,56.2,1.8,227.2,1,5,-7,0.077272727,1
0.466666667,-9.533333333,-29.06666667,-1.133333333,-111,-2,-4,3,0.216666667,1
0.25,26.7,31.7,-0.3,-5.9,-1,0,0,0.261904762,1
0.2,12.6,22.8,0.2,28,0,-5,-4,-0.103174603,0
-0.466666667,-0.4,11.6,1.533333333,250.1333333,0,4,-5,0.114035088,1
0.6,22.4,37.8,0.2,46.4,-3,-5,1,-0.049019608,0
0,-49.2,-45.6,0.6,51.8,0,3,-1,-0.155080214,0
-0.05,60.1,82.75,0.15,-22.9,-2,0,-5,-0.019230769,1
0,-8.6,13.8,-0.8,27.6,4,7,-1,-0.040372671,1
-1,49.5,44.5,2.5,183.5,4,2,4,-0.111111111,0
0.5,-7.5,-32.25,-0.75,141.25,0,-2,3,0.159090909,1
0,22.8,23.2,0.4,99.4,0,-2,5,0.133333333,1
0,10,14,1,72,-3,-1,2,-0.102564103,0
0,-17,-27,2,281,-1,0,-7,0.241025641,1
0,-11.5,16.5,6,496,1,0,-7,0.363636364,1
-0.05,1.45,17.4,3.35,215.75,0,0,2,0.131868132,1
-0.466666667,19.2,-22.93333333,-1.933333333,-173.4,-4,-5,0,-0.125,0
-0.75,33.45,75.65,1.75,187.05,-1,-2,-3,-0.033333333,1
0,31.4,63.2,0,0,1,-1,-4,0.311546841,1
-0.3,-9.6,6.3,3.6,354.9,-3,-2,6,0.084615385,1
-0.1,-1.4,15.25,2,163.8,0,1,0,-0.12543554,0
0,-3.6,-1.2,0.8,157.8,2,0,-2,0.035573123,1
0.2,-55.2,-64.3,0.1,40.8,0,-4,10,0.027093596,1
0.4,42.4,35.2,-0.8,-73.6,-2,-3,9,0,1
0.2,-6.8,27.4,0.4,73,3,5,2,-0.15,0
0.333333333,19,11.66666667,-1,-219.3333333,0,0,-1,-0.04040404,0
0,-39.5,-37.5,-0.5,-11,-2,0,-1,-0.166666667,0
0,12,46.4,-0.8,81.4,2,0,-1,0.174603175,1
0.2,76.8,71.4,0,-13.4,2,-3,-2,0.021428571,1
-0.8,37.2,36.2,-0.6,-39.6,1,-3,1,0.052631579,1
0,-51.4,-30.6,0,-9.4,2,7,-6,-0.148837209,0
0.4,15.2,20,-0.8,47.2,1,4,-4,-0.167049808,0
0,-29.2,-26.2,0.8,60,-3,-4,13,-0.265151515,1
0.066666667,6.933333333,2,0.4,-48.46666667,-1,2,0,-0.134615385,0
-0.2,75,59,-1.4,-254.6,-2,-1,2,-0.132706374,0
0.25,26.25,17,0.25,50.5,-3,-5,-13,0.1,0
1,16,-21,0,-57,2,4,-7,0.252941176,1
0,3.5,-9.25,0.25,12.75,-2,2,9,-0.256410256,0
0.2,-38.4,-60.2,1.8,130.4,-1,1,-8,0.123931624,1
0,-8.6,-27.4,0.4,51.2,2,1,1,0.113970588,1
0.4,-19.6,-34.8,-0.4,-21.6,-6,-5,7,0.132352941,1
0.5,26,16.5,-2,-181,4,6,-3,0.047619048,1
-0.6,8.4,10.8,0.2,46.8,-4,-4,14,-0.181571816,1
0,15.8,35.4,-1.8,-59.8,-1,3,14,-0.296153846,0
-1,44.4,36,0.4,3.2,-1,-3,4,-0.09469697,0
-0.3,24.2,19.3,-0.45,-59.85,1,3,7,0.083636364,0
0,9.4,0.4,1,35.2,-4,-3,-10,0.216666667,1
0.2,5.9,10.2,-1.5,-106.8,-1,-1,-6,-0.0875,0
0.4,-64.2,-64.2,0.8,116.4,1,1,2,-0.102272727,0
-0.2,-0.2,1.6,0.4,-44.8,-4,-7,-6,0.038888889,1
0,29.33333333,23.93333333,-2.866666667,-236.9333333,-1,0,11,-0.227424749,0
0.2,37.73333333,26.8,-2.333333333,-196.8666667,-1,5,5,-0.2375,0
-0.6,-51,-50.6,-3,-218.6,-1,-1,0,-0.072727273,0
0,-31.5,-25.5,1,127.5,4,1,-3,0.1,1
0.6,28,24.8,0.2,-130.8,-3,-5,-8,0.234042553,1
-0.6,29,33.4,4.8,417.6,1,-2,3,0.157657658,1
-0.4,-25.4,-11.6,0,-33.4,4,3,9,-0.235042735,0
0.2,6,-15.8,0.4,13.2,-1,0,0,0.025925926,1
0.5,-3.75,-7.75,-1.25,-40.25,4,2,0,0.041666667,1
-0.4,45,67,-0.2,-2,-2,2,4,-0.044117647,0
-0.666666667,57.66666667,83,0.666666667,93,-2,-4,8,0.012820513,0
0,-2.6,9,-0.4,-80.8,-1,3,7,-0.15,0
-0.4,-56.6,-56.2,0.4,24,-1,4,-2,0.146666667,1
-1,48,79.2,1.2,118.2,2,4,7,-0.36,0
0.333333333,-8.666666667,-18.66666667,-1,-37.33333333,2,5,0,-0.056818182,1
-0.6,35.8,46.6,0,38.2,3,3,-1,0.068181818,0
-0.4,18,20.2,0.4,33.6,-7,-4,4,0.025575448,1
0.2,-26.2,-44.6,-1,-57.4,0,4,1,-0.008333333,1
-0.333333333,-4.666666667,-2.333333333,-3.666666667,-274.3333333,-1,-5,9,-0.096638655,0
-0.55,15.2,22.5,1.25,59.05,1,-1,-1,0.131868132,1
0.2,-18.2,-5.6,-1.4,-76.8,1,0,1,-0.024767802,1
-0.333333333,-19.66666667,-24.66666667,-0.333333333,-219.6666667,-2,-1,4,0.066666667,1
-0.2,7.4,23.2,0.6,-36,0,1,-5,0.026806527,0
0,-2.666666667,-8.833333333,-0.5,-307,2,0,-5,0.055555556,1
0.5,21,17,0.5,-39,0,-2,8,-0.222222222,0
-0.3,-6.4,22.4,0.4,291.5,0,0,4,0.016666667,1
0.3,6.2,13,1.4,44.1,0,-7,-4,0.125,0
0.2,6.4,32.2,0.4,53.2,2,0,7,0.09,1
0.2,32.2,9,-0.4,-151.6,2,0,5,-0.057312253,1
0.4,12.6,0,-1,-209.2,2,2,-6,0.077694236,1
0,-20.6,-33,-2,-162.2,1,-2,-4,-0.141025641,0
0.3,17,8.1,0.1,28,2,8,-3,0.388888889,0
0.2,-6.6,1.6,-1.8,-131.6,-4,-7,8,-0.183946488,1
0,-60.9,-69,-0.6,-51,0,1,9,-0.17037037,0
-0.2,-17,-10.4,-0.6,-140.2,2,0,-3,0.109147609,1
1,-34.5,-34.5,0,-3.5,3,3,-2,0.242424242,1
0,-9.6,-7,1.4,132,0,0,9,-0.146153846,0
0.4,-40.4,-34.2,1.8,116.8,-3,0,5,0.091954023,1
0.4,-41,-65.2,-2,-72.8,5,6,3,-0.019607843,1
0,-3.25,5.1,1,154.7,5,7,-2,0.23923445,1
-0.2,12,87.4,5.8,340.8,-5,-4,3,-0.049450549,1
0,6.2,25.2,-0.6,-203.5,-2,3,1,-0.265789474,0
-0.4,42,46.8,0.4,61.4,-5,-4,5,-0.155913978,0
0,17.4,13.8,0.2,141,-2,-1,0,-0.027459954,1
-0.2,31,17.6,1.2,87,-4,-6,1,0.005980066,0
1,-65.4,-104,-0.8,-23.2,-1,0,11,-0.207070707,0
0.75,27.75,30,-0.25,47.25,-5,-10,7,0.346153846,1
-0.4,-38,-37.2,2.2,6.4,-1,0,-4,-0.149758454,0
0.6,17.2,5.4,-1,18.8,-1,4,-3,-0.05,0
-0.333333333,10,28.4,0.133333333,48.33333333,0,1,-2,-0.281746032,0
0.333333333,-32.66666667,-49.66666667,-0.666666667,-37.66666667,1,-2,-1,-0.163157895,0
1,-24.66666667,-39.33333333,-3.333333333,-166.6666667,3,6,-4,0.109090909,1
0,12,6.5,-1,113,2,0,-1,0.027777778,1
-0.6,-13,-17,3,8.4,3,-2,5,0.034482759,1
0.3,64.6,68.8,-0.5,29.1,0,0,-6,-0.02991453,0
0.4,10.6,-18.6,-4.8,-491.4,1,2,5,-0.175,1
0,30,42.4,-1.8,4.8,-3,-4,0,0.0625,1
0.25,3.9,-3.65,0.65,3.4,3,3,0,0.149122807,1
0,0.333333333,0.333333333,-0.666666667,-140,-1,-1,-2,0.023809524,0
-0.2,35.6,77.8,-0.2,-51,2,-1,9,-0.1125,0
0,4,-14,0.5,30,2,4,5,-0.016483516,1
0,-4,-8.5,-1,-166,-1,0,-3,-0.002415459,0
-0.8,-19.4,-8.6,2.4,155.8,-2,-8,13,-0.290322581,0
-0.3,15.5,19,0.4,108.6,2,-1,7,-0.225146199,0
-0.35,11.55,23.35,1.15,124.05,-5,-1,2,-0.133333333,0
0,-19.2,-49.2,-1.4,-165.8,3,3,7,-0.076704545,0
0.4,28.2,24.4,-0.4,16.4,0,4,8,-0.063348416,1
0,44,63.8,-0.8,-89.8,0,-2,7,0.045566502,1
0,7,23.5,-0.5,16.5,1,-2,-4,0.363636364,1
0,9.75,-33,-1,-78.5,-1,0,-9,0.196969697,1
-0.2,-5.6,1.8,-0.2,-63.6,1,0,7,-0.184615385,0
1,10.6,25,-0.9,24.6,-1,-1,-2,0.166666667,1
-0.2,42.8,44.6,-0.4,-19,-1,-2,3,-0.035326087,1
-0.8,19.2,62.6,4,348.8,0,-1,8,-0.02955665,0
0,-23,74,3.2,362.2,-2,1,2,0,1
0,22.8,36,0.2,125,-1,2,1,-0.113095238,0
-0.2,8,100.6,0.8,45.4,1,1,4,-0.029761905,0
0.2,-9,4.9,2,139.3,1,3,-6,0.19924812,1
-0.1,10.5,11.4,1.15,-43.2,4,1,-1,0.179166667,1
0.6,-17.4,-108.8,-2.6,-342.8,-6,-6,-2,-0.143631436,0
0.2,3.6,-14.8,-1.2,8,2,1,-1,0.126666667,1
0,39,36,-1,-265,2,7,-6,0.3,1
0,31.8,28.8,-0.6,-55.6,1,0,-1,-0.009259259,1
0.333333333,30,36.33333333,1,140.6666667,-3,-6,0,0.089285714,1
-1,77.4,105.8,2.6,270.6,-1,-4,6,-0.038095238,0
-0.2,64.2,98.2,0.4,207,6,2,-5,-0.083333333,1
0.25,7.5,26.75,2.5,57.75,3,2,6,-0.013888889,1
0.4,-15.8,-18.2,0.4,16.2,-1,-1,0,-0.025,0
1.4,-53,-40.8,0.2,137.6,3,6,1,-0.114035088,1
0,22.5,19,0,-35.5,-2,-3,-1,-0.19047619,0
0,-43.65,-55.15,-2.15,-168.5,-1,-3,9,-0.311403509,0
0.2,-8.8,20,-1.8,-175.6,0,3,-3,0.013333333,1
0,21,11,0,151,2,4,4,-0.106060606,0
0,-3.4,7,-2,-373.6,1,2,8,0.072463768,0
0,8,9,-0.833333333,-3,0,-1,-1,-0.134615385,0
-0.4,11.2,24.46666667,1.333333333,63.26666667,-5,-7,-3,0.164285714,1
0,8.333333333,-20.33333333,-1,-121.6666667,-1,-4,-2,-0.075,1
-1.55,18.65,45.95,0.75,135.5,2,-4,-4,0.177777778,1
-1,27.2,27.8,0.2,10.1,2,1,10,-0.097435897,0
0,-5.8,-16,-0.8,-148.8,1,0,6,-0.109243697,0
0,3.4,-14.8,-2.2,-173.8,-1,-5,-3,-0.111111111,0
0,-30.8,-49.6,0.2,-180.2,4,4,-6,-0.059259259,1
0.666666667,-4.2,-27.4,-3.8,-288.5333333,-1,-2,-2,0.144736842,1
0.2,14.8,22.4,-0.2,-10.4,1,2,0,-0.024216524,1
0.5,19.5,9.75,-0.5,21.75,1,2,3,0.064102564,1
-0.4,3.4,-2.8,-2,-145.6,3,-4,0,0.034482759,1
-0.2,-1.6,-9.2,-0.2,2.2,5,6,-3,0.05037037,1
-0.2,-18.4,-19.8,0.4,-103.8,2,4,6,0.159090909,1
-0.2,11.15,-4.4,0.8,188,-2,1,-3,0.214285714,1
-1,-28,-25,1.5,52.5,1,1,1,0.153846154,1
0,-13.1,-39.4,-1.25,-36.1,0,-2,5,-0.127272727,0
-0.4,38.4,66,1,65.4,-5,-1,6,0.076850095,1
0,18,21,0.4,6.8,-2,-2,9,-0.187645688,0
0.2,27.8,31.6,-0.8,-25.6,5,4,-5,-0.044444444,1
-0.8,-8.7,49.65,2.15,342.85,3,1,2,-0.023923445,0
0,-14.8,4.6,2,159,-1,0,-3,-0.018292683,0
0.4,-31.6,-48,-0.8,16.6,-7,-7,1,-0.211494253,1
0.2,38.6,-0.6,-1,-325.6,2,-1,-1,-0.054487179,0
0,-2.4,-29.4,-0.6,-101,-5,-3,16,-0.133333333,0
0,5.6,41.4,2.4,219.8,-3,-3,5,0.002771619,0
0,-7.8,16,0,197.2,2,5,0,0.014285714,0
0.4,8.4,10.8,-1,28,3,8,2,-0.049230769,1
-1,-9.5,-5.75,1.5,45.75,0,1,0,-0.275,0
0.333333333,-19.66666667,-10,-1.666666667,-157.6666667,-1,0,3,0.113636364,1
0,-30,-50.2,-2,-165.6,-3,-3,6,-0.24,0
0,-3.8,12.8,0.4,12.4,0,-2,5,0.025083612,1
0,-67,-143,2,265,-4,-1,0,-0.153846154,0
0,24.2,18.4,-1,-89.6,0,-3,0,-0.001567398,1
0.2,-19.2,-33.2,-0.2,-7,2,9,1,-0.242424242,1
0,39,54,1,-38,-6,-2,-3,0.352941176,1
0.2,57.6,41.2,-0.9,-94.6,1,2,-4,-0.066666667,0
0,17.75,6.75,-1,44.5,1,5,-1,-0.025641026,1
-0.25,-2.85,15.15,2.4,151.25,-3,-5,-4,0.214285714,1
0.4,31.4,36,-0.2,-327,1,2,5,0.019345238,1
0,13.6,31.2,-0.8,21.4,0,-2,3,-0.011111111,1
0.2,14.5,37.3,-0.6,3.2,1,1,2,-0.296052632,0
0,43,46,0.6,71.4,-1,2,2,-0.045955882,1
0.1,-15.7,-17.8,0.3,-6.65,2,3,-7,0.198837209,1
0.25,-17.55,-27.7,0,-28.3,1,3,-5,0.035087719,1
0,-25.8,-14.8,1.6,170.4,2,-3,-14,0.301282051,1
0,11,21.5,1,-15,1,-5,-7,0.208571429,1
0,-13.5,11,0.5,354.5,1,-3,-2,0.135714286,0
0,-8,-6,0,12,-4,-7,11,-0.252941176,0
0,13,17.2,-0.2,86.6,-3,0,-1,-0.03125,0
0.2,-4.8,-35.4,0.1,-109.9,0,-3,5,0,1
0,-7.4,-1.2,0.8,-27.6,-3,-2,-12,0.081339713,1
0.2,25.4,26.66666667,-0.6,79.33333333,-1,3,1,0.053333333,1
0,-3.6,-9.4,-2,106.6,0,-2,-5,0.287037037,1
0.2,19.8,-37.8,-1.8,-228,4,2,1,-0.114285714,0
-0.8,12,45.6,1,155.6,-2,1,7,-0.208333333,0
0,-19.8,-5.8,1.4,247.6,-4,-9,4,0.108837209,0
0.2,-17.8,-30.6,-0.2,-0.8,0,-5,5,-0.292207792,0
1,-3.25,40.5,-2,152.25,0,2,-3,-0.117647059,0
-0.266666667,47.46666667,54.8,0.466666667,50.6,-2,0,2,0.149350649,1
0.4,6.4,31.9,-0.9,124.6,4,3,7,-0.054919908,0
0,-7,-26.33333333,0,-33.33333333,-1,-3,1,0.172727273,1
-0.25,-38.8,-8.25,-0.15,91.75,-1,-1,10,-0.179361179,1
0.2,5.4,2,-0.8,67.6,-2,1,2,0.097435897,1
0,-29.5,38.5,0,26.5,1,6,0,0.134920635,1
0,-70.66666667,-55.33333333,2,-68.33333333,1,2,-2,-0.083333333,0
-0.25,27.5,25.25,0.25,59,2,-1,3,-0.123931624,0
0,58.2,54.8,0.8,-72,-2,-2,-5,-0.13430127,0
0,-4.2,-1.2,-0.8,29.2,4,7,-2,-0.01984127,1
0,20,-25.2,-0.2,-23.6,-2,2,-6,0.004807692,1
0,-9.2,-16.6,-0.2,-92.8,0,1,-7,0.032941176,1
0,13.33333333,28.33333333,0,21.33333333,-1,-7,-1,0.179487179,0
0.6,-6,-10,-0.6,39.6,5,6,9,-0.365497076,0
0,49.8,65.8,0.2,62.2,-1,-1,0,0.212418301,1
0,6,49,2,260,-4,-6,-1,0.154605263,1
0,-28,-4,-1,-60,-2,-5,11,-0.05,1
1,4.4,-21.4,-1,-194.4,1,1,-7,0.130718954,0
1,9.5,3.666666667,-1,-150.5,-1,-1,11,-0.291666667,0
0.4,34.8,39.2,-0.2,31,-5,2,-5,0.064285714,0
0,-129,-127,-1,-4,-3,-3,3,0.142857143,0
0.8,13.2,-4.4,-0.6,-192.4,1,4,5,-0.100543478,0
0.4,7,5.2,0.2,-16,3,-1,5,0.074003795,1
0,-29.4,-28.6,0.2,-12.8,0,2,2,-0.114130435,0
0.2,-25.2,-31.2,-1.6,-78.2,1,-1,15,0,1
-0.6,26,24.3,0.4,50,-1,-4,10,-0.197142857,0
0.2,100.8,89.6,-1.6,-291.4,-1,-3,1,-0.02020202,1
0.6,-45.4,-55.8,0,-36,-5,1,-2,0.239495798,1
0,-50.8,-78,-0.6,0.8,0,-2,4,-0.091954023,0
0.5,6.75,-7.25,-1,-186.25,-2,0,-1,0.220095694,1
0,31,50,1,60,-4,-4,-7,0.076923077,0
0.75,42.8,9.15,-4.3,-452.25,1,3,1,-0.125994695,1
-0.2,-35.8,-28,0.8,20,-2,0,-4,0.011111111,1
0.1,9.1,0.3,-0.1,-14.45,0,3,1,-0.132352941,1
0.5,22,18.25,-0.25,-127,-3,-3,7,0.012820513,1
0.5,65.66666667,67.33333333,-0.666666667,12.16666667,-1,1,1,-0.056818182,0
0,-27.5,-26.25,0,141.75,1,1,11,-0.35,0
0.2,-42.05,-117.55,-1.75,-215,2,3,-3,-0.04,0
-0.75,5.75,6.5,4,283,0,-1,-6,0.083333333,1
0.2,4,14.4,1.2,-44.4,1,2,3,-0.125,0
-2.4,51.2,68.8,0.8,59.2,5,7,6,-0.143636364,0
-0.2,-9.4,-29.6,0.2,-56.8,-4,-3,10,-0.006060606,0
0.2,-18,-28.8,-5,-235.6,2,0,-2,-0.094474153,0
0.2,30,19.8,-1.1,-70.8,2,3,12,-0.234767025,1
0.75,-14.91666667,-19.33333333,0.333333333,-25.08333333,-2,-1,-4,0.114832536,1
0.6,-7.8,-11.2,-0.8,42.8,-4,-2,12,-0.135869565,1
-0.5,-24.2,3.2,1.4,96.2,-2,-2,3,-0.144444444,1
0.4,6.15,-12.55,-1.15,-21.15,1,3,6,-0.105574324,0
1,-11,-28,-1,27,1,3,-2,0.333333333,1
0.4,-34.2,-37.4,0.8,41.8,-3,0,3,-0.11637931,1
0,10,0,-1,-51,2,0,1,-0.1625,0
0.333333333,-23.66666667,-38.66666667,-0.666666667,-47,5,-1,-3,0.085714286,1
0,33,40.8,0.4,93.6,0,0,-4,0.026666667,1
-0.2,85.8,96,-0.6,-2,-4,2,8,-0.083333333,1
0,53.6,50,-1,-162.2,1,0,8,-0.085638999,0
0.2,27.2,25.7,-0.9,-85.9,2,0,3,0.178571429,1
0,-1.333333333,-11.66666667,-1,-66,-2,2,-1,-0.076923077,0
-0.2,11,2.4,0.4,-109.8,0,0,2,0.049122807,0
0,20,3,0,-20,-3,-3,6,-0.196969697,0
-0.333333333,59.13333333,73.46666667,1.066666667,153.3333333,0,1,9,-0.18487395,1
-0.25,11.5,23.75,2.75,480.25,4,7,0,0.2,1
-0.6,-33.4,-41.35,1.25,-22.05,1,-5,-3,0.2,1
0.2,6.4,-5.2,-0.4,-11.8,-2,-1,12,-0.284615385,0
0.4,26.9,30,-3,-287.9,0,3,5,-0.3875,0
0.2,-61.33333333,-49.46666667,0.4,109.5333333,-1,-2,9,-0.216783217,0
0,-61.8,-52.6,3.4,109,0,0,-3,0.079059829,1
0.4,53.2,110.6,0,69.4,-1,-3,1,-0.056410256,1
0.6,-31,-48.8,-1,-46,-7,-9,6,-0.305555556,0
0.4,-60.4,-68.6,1,-43.2,-1,-1,0,-0.022222222,0
-0.133333333,0.4,12.93333333,0.4,44.8,1,4,8,-0.016666667,1
0.166666667,2.416666667,-2.833333333,-1.75,-105.5,-2,-2,3,-0.079365079,0
-0.6,-34.8,-30.06666667,0,0.6,4,4,-8,0.375757576,1
0.5,-7.75,-28.75,-1.5,-190,0,1,1,0.201388889,1
0,0,0,0,0,0,1,-3,0.013888889,0
0.25,16.25,11.25,1.5,130.75,0,0,-5,-0.056818182,1
0,-33.66666667,-27.66666667,0.333333333,12.33333333,-2,2,-6,0.174603175,1
0,-30.5,-30,0,-156,0,6,-4,0.131313131,1
0,0.6,-1.4,-0.8,-79.4,1,5,7,0.018062397,0
0.5,58.25,74.5,0,-94.25,-1,-6,-7,0.052287582,0
0.6,-23,-26.4,0,4,1,6,-4,0.155279503,1
-0.5,-59.9,-49.8,-0.7,6.1,-1,0,3,-0.102006689,0
-0.4,-23.4,-9,-1.2,19.2,1,3,-5,0.018181818,1
0.25,14.75,28,1.5,49.5,2,4,-1,0,1
0,-33,-48.33333333,-0.5,262,3,4,5,0.160714286,1
0.2,-28,-33.6,-0.6,6.4,1,3,-8,0.043636364,1
0.2,27,103.4,1.4,241.2,1,2,2,0.152777778,1
-0.333333333,7.666666667,26.33333333,1,41.66666667,-3,-3,0,0.174089069,1
1,13.33333333,55.33333333,1.333333333,252.6666667,-1,-5,2,0.1875,1
0.4,1.2,-5.6,1.2,36.2,-1,-2,-2,0.224776501,1
-0.2,27,102.2,2.4,42,-2,-1,5,-0.142307692,1
-0.2,-8,-9.2,0.6,68.4,-1,1,-1,0.114864865,1
0,3.2,15.2,0.8,329.4,0,1,4,0.107023411,1
-1,0.2,-32.6,-4.6,-145.4,-1,3,-2,-0.223837209,0
0.466666667,-21.8,-22.06666667,-1.6,-42.53333333,3,3,-11,0.108974359,0
0.333333333,-11.66666667,-20,0.666666667,60,4,5,1,0,0
0.666666667,-23.66666667,-31,-1,-52,0,-1,3,0.038961039,1
0,-24.2,10.8,1.4,438.6,1,-2,-9,0.153846154,1
0,61.4,76.8,-3.2,-116.6,0,1,0,-0.126373626,0
0.666666667,-8,-21.33333333,2,277.3333333,0,0,1,0.13986014,0
0.25,5.5,23.5,-2,-122.75,3,5,7,-0.077777778,0
0.2,17.9,39.7,1.8,162.1,1,4,5,0.05,1
0,-5.8,21.8,-0.6,162.8,0,-3,0,0.111904762,1
0,46.2,27.4,-0.2,-91.6,0,-3,1,0.044230769,1
-0.4,28.4,68.8,-0.6,-38.8,3,1,-3,0.14619883,1
-0.4,31.4,30.4,-1.2,-90,-2,0,5,-0.009569378,0
0,0.4,5,-0.2,123.2,1,1,4,-0.183333333,1
-0.6,26.6,67.8,0.8,147,-2,1,1,-0.05,1
0,-24.66666667,14.66666667,-1.333333333,-14.33333333,5,2,-6,-0.020979021,0
-0.4,1.8,12.4,0.4,-34,-3,-1,2,0.160714286,1
0.2,-26.4,-78.8,-0.6,-119.6,-2,-2,-6,-0.041428571,1
0,4.6,19.8,2,200.6,1,-1,1,-0.352941176,0
0,13,41,0,145,6,9,-2,0.19047619,1
0,-14,34,4,539,0,1,0,0.025,0
-0.333333333,-7,-24,-0.333333333,-48.66666667,1,0,-1,0.1,1
0,1.8,42.8,1.4,400.6,1,2,-7,0.315789474,1
-0.6,39.4,97.2,-0.2,263.4,1,-4,6,0.022727273,0
0.2,-33.6,-51.8,0,-47.4,-2,0,5,-0.038181818,1
-0.2,21.4,18.2,-0.8,-67.8,1,3,-3,0.076802508,1
0,-33,-31.6,3,209.2,-1,1,-9,0.166666667,0
-0.1,-26.8,-29.85,-0.25,-34.3,0,1,0,-0.208237986,0
0,37,55,1,60,0,3,-7,0.3125,1
0.15,37.65,43.1,1,105.75,2,2,4,-0.244318182,1
-0.2,-6.4,-12,-0.8,-95,6,7,-5,0.042510121,1
-0.466666667,33,59.53333333,1,68.73333333,1,2,4,0.139393939,1
0,1,-12.6,0,94.2,1,0,4,-0.125,0
0,2.266666667,36.26666667,1.6,201.4,-4,-1,-7,-0.079051383,1
-0.6,17.4,23.4,0.2,37.4,0,-1,9,-0.034285714,1
-0.25,56.25,85.5,-1,167,0,-3,-4,0.042735043,0
0.2,35.8,33.2,4.4,377.8,-3,-2,3,0.055555556,1
-0.2,-26.6,-15.4,0.2,172.6,-2,3,3,0.055555556,1
0,32.8,33.4,0.2,8.8,-3,1,-2,0.086666667,1
0.2,-12.2,-21.33333333,3.066666667,328.0666667,1,0,-6,0.193181818,1
0,20.6,25.6,0.4,26,-1,2,3,-0.08,0
0.4,-2.6,-2.6,-0.2,-23.4,0,1,-1,0.116666667,1
-0.4,23.8,-4.2,-1.8,-238.8,-2,-2,0,-0.042857143,1
0,1.2,38.2,2,17,0,1,-5,0.166666667,1
0.2,8,3.8,0,-53.4,2,1,4,-0.125925926,0
0,-15.6,-28,-0.6,-78.8,1,3,3,0.012820513,0
-0.2,-71.2,-87.8,1.8,160,2,2,10,-0.235042735,0
-0.6,-39.8,-24.2,0.4,86.2,2,-1,-2,0.105769231,1
-0.2,-17.8,-46.8,0.4,-56.2,-6,-4,18,-0.166666667,0
0.2,1.4,-17,0,46.4,2,5,0,0.1375,1
-0.6,47.2,71.6,-0.2,38.4,2,-1,-6,-0.033333333,1
0.4,-26.4,-32,-1.2,-113.4,4,2,6,-0.008333333,1
0.4,20.2,20.4,-0.2,-36,1,1,-6,-0.076036866,0
1,-46,-65.66666667,-0.666666667,-56,0,0,1,0.103174603,0
-0.4,19,41,0.4,65,-2,-2,1,-0.209195402,0
1,-23,-42,-1,-58,-2,-4,-8,-0.038461538,1
0,0,0,0,0,3,6,0,-0.122105263,0
0,0,0,0,0,5,7,4,-0.2,0
0,0,0,0,0,-5,-7,7,0.02484472,1
0,-1.4,13.2,0,-28.8,-1,4,-5,0.233333333,0
0,0,0,0,0,-1,0,1,0.1,1
0,52,103,0,134,1,0,-7,-0.02027027,1
0.1,22.85,23.95,0,-1.8,3,1,-6,-0.047619048,0
-0.4,1.6,-14.4,0,-81,0,4,-5,0.165517241,1
0,-10.6,-7.8,-1,-8.8,2,3,-3,0.06898775,1
0.333333333,-15.46666667,-8.266666667,0.933333333,149.6,-2,0,-9,0.259259259,1
-0.25,32.95,58.4,-0.4,168.85,-1,1,7,-0.11,1
1,-31,-33,0,1.5,-1,2,3,0.120300752,1
-0.2,22.86666667,34.26666667,0.066666667,96.13333333,0,1,-4,-0.073333333,0
0.2,8.6,-0.6,-1,-139.8,-3,0,5,-0.075268817,1
0.6,9.4,-1.8,-0.4,49.2,3,4,6,0.208144796,1
-0.5,-15.9,-1.2,0.4,106.8,-1,-1,6,-0.088452088,1
0,29.2,29,-0.4,-70,4,2,0,-0.222222222,0
0,6.5,-18,1,-177,-1,0,5,-0.107692308,0
0,9.5,-1.5,-3,-263.1,-2,-3,-1,-0.256410256,0
-1.666666667,-11.26666667,21.4,0.2,111.6,2,2,6,-0.092753623,0
0.2,-7.2,-14.2,0.2,54,-3,-1,3,-0.237068966,0
0,5.5,-10.5,-1,-10,3,1,2,-0.076923077,1
0.2,-0.2,-14.2,-0.2,-295,-3,-1,3,0.020833333,0
0,12.6,12,0.4,-43.2,1,6,-3,0.315789474,1
-0.4,55.2,26.8,-0.2,-19.4,1,1,14,-0.184615385,0
0,27.6,25,-0.2,61,-4,-1,10,-0.160714286,1
0.733333333,17.46666667,10,0.666666667,-51.2,4,3,-2,-0.108552632,0
0.4,4.6,-8.8,-1.2,-61.8,-4,-8,5,0.044137931,0
0,9,-3,1.666666667,-201.3333333,-5,-5,-4,-0.066666667,1
0,-8.5,-9,-0.5,347.5,-1,-1,7,0,1
-0.2,59.6,53,0.4,-64.2,2,2,0,-0.175986842,1
-0.2,-11.4,-9.6,-1.4,-89.4,-1,1,-7,0.193181818,1
0,60.5,68.5,-1.5,-48,1,-3,2,0.012820513,0
-0.2,-4.8,-81,-1.8,-445.8,-1,-1,-5,-0.170634921,0
0,41.6,27.4,-2.2,-154.6,1,-1,1,-0.037037037,0
0.5,-6.15,3,1.15,25.85,1,-1,1,0.171014493,1
0,-30.8,-34,0,-28.8,2,3,-1,0.208333333,1
-0.4,-53.4,-50.6,0.8,48.8,2,1,-8,-0.10125,1
0.4,12.4,12.8,-0.6,-87.8,-2,-1,1,0.067391304,0
0,-23.2,-34,0.6,-87.2,0,-5,2,0.071428571,1
-0.5,24,15.25,0,-54.75,5,2,0,0.19047619,1
0.3,-0.55,18.75,0.2,47.6,-4,-7,1,-0.028011204,0
0,30.5,-2.5,-2,-141,-1,-4,4,0.118181818,1
0.2,-99,-101.6,0.2,10.4,-4,0,-6,0.228571429,1
-0.2,19.6,-1,-0.6,-124,-2,-2,4,-0.25,0
0,2.8,5.4,0.4,-41,-1,-3,0,0.213043478,1
-0.2,46.2,58,1.6,149.4,2,2,0,0.344827586,1
0.333333333,22.53333333,62.4,-0.2,-50.33333333,-1,2,-4,0.298319328,1
1,34,17,-1,-58,0,1,-6,0.044444444,1
0,6.2,-12.8,-2.2,-247.8,3,5,-6,0.042590949,1
0.25,14.75,21,-3.5,-213,-3,-8,6,-0.049019608,1
-0.5,11.5,28.5,1.5,158.25,4,6,2,-0.082352941,1
-0.05,6.2,4.15,1,165.5,8,8,-6,0.003030303,1
-1,-33.33333333,-32,3.333333333,264.6666667,1,0,-5,0.166666667,1
-0.2,14.1,42.4,0.65,71.45,-2,0,-7,0.118686869,1
0.6,10.8,26.4,2.6,398.6,1,0,3,0.20137931,1
-0.2,-4.8,14,4.8,371,-1,2,0,0.193464052,1
-0.2,21.8,24.6,-1.6,-48,0,-1,8,-0.040322581,1
0,27.6,39.2,0.2,-40,1,-2,5,0,1
0.2,11,5.4,-1,-6.6,-2,1,1,0.066666667,0
-0.2,9.2,44.4,1.4,69.6,3,2,1,0.085094851,1
0.6,1.2,-23.73333333,-5.266666667,-482.0666667,2,1,1,-0.124615385,0
0,50,67,0,174.8,0,-4,8,-0.182539683,0
-0.333333333,42.53333333,67.2,1.2,152.6666667,2,2,3,0.090909091,1
-0.2,10.6,-5.4,0,9.4,2,4,9,-0.006688963,0
0,-12,-17,-1,-192,-1,4,-5,0.188888889,1
-0.5,-7.5,0.166666667,0.333333333,79.16666667,-1,-4,1,-0.064285714,1
0,35,64.4,-1.4,-252,2,-2,8,-0.293522267,1
0,12.6,-1.8,-0.6,-130.6,3,1,4,-0.094405594,0
0,-10.2,-26.2,-0.4,22.8,3,3,5,-0.002525253,1
0.2,-26.2,-6.4,-0.8,278.8,3,2,0,0.066433566,1
-0.2,32.6,29.8,-0.4,8.8,2,2,4,0.133333333,1
0,22.2,32.4,-1,36.8,2,5,6,-0.232057416,0
0,40.4,38.2,1,63.8,4,1,-2,-0.141025641,0
0.5,-48.5,-41.85,1.3,207.65,1,1,-2,0.06,1
0.25,-28.5,-40.25,-1,-59,0,-2,-3,-0.066666667,1
0,32.8,4.2,1.2,8.4,-1,6,1,0.070175439,1
0,-15,-2,2.4,240.4,0,-1,5,-0.138888889,0
0,-37,-56,-1,19,3,2,4,-0.1,1
-0.2,0.2,11.8,0,-16.4,3,3,3,0.130681818,1
0,34.6,27.6,-1,96.4,1,-2,1,-0.068825911,0
0.4,23,30,-1.4,58,-2,1,7,-0.080200501,0
0,1.8,4.6,-0.2,109.8,-1,-5,4,0.138310894,1
0,5.8,35.2,-0.6,16.6,0,2,-1,-0.2,0
-0.4,20.6,35,-1.6,-88.8,2,-1,11,-0.096153846,0
0,2.2,23.15,-1.8,-120.45,3,-1,15,-0.010869565,0
-0.2,-7.2,4,1.6,54.8,1,-1,1,-0.062678063,0
-0.6,9.9,59.9,0,-53.2,-2,-1,8,0.063492063,1
0,-32,-31,0.2,46.8,2,-1,-8,0.076470588,1
0,-57,-22.8,2,151.4,0,3,2,0.062111801,0
-0.2,-11.4,-14.6,0.6,197,-3,0,0,-0.038378378,1
-0.8,-4.4,11.8,-0.8,28.8,0,-1,6,-0.101364522,1
0,41.2,44.4,-0.6,-139.2,1,0,-1,0.021645022,1
-0.2,21.4,26.33333333,0,55.93333333,4,1,-2,0.050724638,1
-0.4,64.5,73.3,0.6,3.9,1,-2,1,-0.152380952,0
0.5,26.5,33,0,86.5,-3,-2,-5,-0.043636364,1
-1.2,16.2,36,0.4,134,4,4,-7,0.171122995,1
0,-21.8,-19.4,0.4,27.6,-1,3,-2,-0.066666667,1
-0.2,-26.8,-40.2,0,-7.4,0,5,-2,0.208791209,1
0.8,33.8,51.4,1.4,169.6,-7,-1,-1,0.16091954,1
0,21.2,22.8,-0.2,95,-1,3,-2,0.224615385,1
0.25,-17,16.75,4.75,389.75,-4,-2,2,0.023809524,1
0.8,-33.6,-71.8,-2.8,-162.4,-2,-4,3,0.00245098,1
0.5,-70.5,-36.5,0,76.5,-1,-3,8,-0.159090909,0
0,13.66666667,11,-1.666666667,-50.66666667,0,2,-2,-0.113122172,0
0.4,-3,-102.8,-5,-283.8,5,4,-3,0.049450549,0
0.2,-4.8,-8,-3.6,-193,0,0,-5,-0.104761905,0
-0.2,50,47,2,79.6,-3,-3,3,-0.032212885,0
-0.416666667,9.5,-6.333333333,-0.666666667,-4.833333333,3,8,-3,-0.049019608,0
-0.2,16.2,33.8,-0.6,135.8,-1,-8,-7,0.259090909,1
0.2,29.2,-4.6,-2.4,-341.2,2,1,2,-0.214492754,0
0.266666667,-65.93333333,-74.26666667,0.666666667,-20.53333333,-5,-2,2,0.110869565,0
0.5,21.75,24.75,-0.5,-49.75,0,1,-5,0.131868132,0
0.083333333,-91.16666667,-114.8333333,-1,-25.25,2,6,5,-0.222222222,0
-0.15,-34.1,-50.45,1.65,102.4,2,-2,-11,0.23245614,1
0,22.6,-13.8,-0.2,-163.6,0,-1,6,-0.190322581,0
0.4,-10.2,-16,-0.2,9.4,-3,-3,6,-0.157520325,0
1.2,-27.4,-30.2,-1,-111.8,1,4,-1,0.052536232,1
0.2,-1,-3.8,-3.6,-349.4,1,3,1,-0.024216524,0
0.5,27.5,39.75,1,147.5,0,1,0,-0.05,0
0.333333333,46.66666667,63.33333333,0.333333333,170.3333333,0,-3,-5,0.079051383,0
0,27.5,57.5,4,410,-2,1,0,0.050505051,1
0,27.5,36.5,-0.5,13,0,3,-1,-0.272727273,0
0,-30,-34.5,1.5,333.5,-2,1,-1,-0.01843318,0
-0.2,-32.13333333,-32.06666667,0.4,80.66666667,1,9,-7,0.254385965,1
0.2,23.8,27.6,-0.2,-75.4,0,-2,9,0.100877193,1
0,0,0,0,0,4,1,2,0,0
-0.4,87.8,86.2,-0.4,-86.4,-2,2,9,-0.228070175,0
0,26,13.6,-1,-36.8,2,3,10,-0.270588235,0
0,0,0,0,0,0,1,-4,-0.080213904,0
0,0,0,0,0,0,-6,7,-0.182662539,0
-0.75,-31.45,7.5,0.95,111.45,3,1,12,-0.326086957,0
0,-1.4,-8.8,-0.6,-48,1,-2,-10,0.123973727,0
0,29.33333333,19.33333333,-1,-90,0,-2,2,-0.021390374,0
0.5,-35,-51,-1,-58.5,4,3,-3,0.18627451,1
0.6,42,50.4,0,13.8,-1,-4,7,-0.203508772,1
-0.75,51.25,45.25,0,-41,6,3,-4,0.194805195,1
0,13.5,16.75,0.5,-83.75,1,2,-2,0.326388889,1
0,10.6,4.6,2.6,56.6,-3,-4,-5,0.057029178,1
0.35,-20.45,-19.35,-0.65,-110.95,-4,1,2,-0.089030207,1
-0.4,-5.8,-11.2,4.6,121,-2,-5,0,0.213420317,0
0.2,-13,-18.6,0,24.6,0,-3,-5,-0.062111801,0
-0.6,4.6,4.5,0.8,47.9,-1,-7,5,-0.088095238,0
0.333333333,-19.33333333,-34.33333333,-4,-437.6666667,-3,-3,1,-0.3375,0
0.2,19.6,31.4,-2.4,-48.6,1,1,1,0.053333333,0
0,64.66666667,83.93333333,-0.2,-70.4,0,2,3,0,1
-0.2,51.26666667,58.4,0.466666667,47.53333333,-2,-5,-5,0.130718954,1
0,12.5,16,0,-8.5,4,0,-14,0.186868687,1
0.2,20.8,16.6,0.4,-43.2,0,1,-1,0,1
-0.333333333,32.33333333,45,0.666666667,-45,1,3,0,0,0
0,21.2,28.6,-2.6,12,0,0,10,-0.009400705,0
0,-22.4,-65.46666667,-0.2,43.53333333,4,2,4,0.021935484,0
1,55,37,-1,-47,1,5,-6,0.168181818,1
0.4,25,11.2,-1,-54.4,2,-3,0,0.00862069,1
0,6.666666667,72,-0.8,53.26666667,-2,0,1,0.08,1
0,-11.5,-16.5,-4,-324,0,2,-5,0.072115385,1
0.2,21.4,55.6,0.4,28.2,-2,1,-3,0.076923077,1
0.666666667,-29.33333333,-78.33333333,-5.333333333,-434.3333333,1,0,-1,-0.015151515,1
-0.666666667,-16.06666667,-7,1.6,216.6,-1,-1,-2,0.082608696,1
0,4,11,0,-104,5,7,-9,-0.097222222,1
-0.2,66.4,86,-0.4,50.4,3,1,4,-0.2,0
0.5,77.9,141.2,-0.2,-33.9,2,-1,1,0.241176471,1
0.6,64.2,61.4,-1.8,-117.2,3,2,-5,-0.156862745,0
0,32.2,13.2,-2.2,-327.4,-2,1,3,-0.028066528,0
0,-13.8,43,0,267.4,2,2,0,0.025062657,1
-0.5,-26.5,-34.9,-1.25,-68.9,5,5,4,0.157342657,1
0.2,27.2,18.73333333,0.466666667,-1.533333333,-2,-5,-2,0.260869565,1
0,20,-20,0,-63,0,0,1,-0.179487179,0
-0.4,-13.9,-23.9,0.5,156.4,-2,-3,2,0.325,1
0.333333333,26.66666667,15,-0.333333333,1,1,-1,4,-0.04248366,1
0.5,-24.9,-54.8,-0.9,-266.8,0,3,-7,0.152941176,0
0.4,-95.7,-68.4,0.2,139,2,3,9,-0.052631579,1
-0.4,-10.8,7.65,0.25,219.05,1,2,-7,0.214285714,1
0.2,-9.4,-51.2,-1,-117,3,2,-3,-0.041871921,0
0.4,-5,-20.6,-0.2,-53.6,1,-2,-2,0.041666667,1
0,26.4,9.4,-0.4,-93.6,0,-2,9,-0.224615385,0
-0.55,10.7,19.8,-0.55,57.05,-1,4,-3,0.116666667,0
-0.6,-8,-7.8,0.4,63,-4,-4,-6,0.155279503,1
0,64,41.2,0.6,-51.4,-1,0,-8,0.163492063,1
0.4,-0.2,-19.2,-0.2,-72,-2,-3,3,-0.051136364,0
0.2,-57.6,-60.8,-2.5,-236,1,2,0,-0.1,1
-1,-38.6,15,5.4,489,2,2,-7,0.24137931,1
0,23.25,55.25,-0.5,241.75,1,1,-2,0.152941176,1
-0.2,-35.6,-59.8,-0.2,-7.2,0,3,-6,0.106153846,1
0,-35.5,-41.5,0.5,20.5,4,8,-6,0.25,1
0,14.66666667,-1.083333333,1,109.6666667,1,1,-3,0.346590909,1
0,14,65,-1,5,2,3,-1,0.166666667,1
0,-7.2,-56.2,-1.2,-261.2,1,1,1,-0.096153846,0
0.2,-11.6,-9.8,0.2,-6.6,0,1,0,0.212719298,1
0.2,42.4,87.6,0.6,64.8,-1,-3,5,-0.145833333,1
-0.8,1.6,13.8,2.2,262.6,3,2,-1,-0.027972028,0
0,-19.2,-42.2,-0.4,-12.4,-2,-3,-2,0.133333333,1
-1,-42,-38.5,0,19.5,1,3,-5,-0.06043956,0
-0.2,-35.6,2.4,1.4,179.8,-4,-5,1,-0.047058824,0
0,10.4,12.2,1,73.4,-3,-1,-5,0.072463768,1
0.333333333,-16.73333333,-65.33333333,3.4,-36.4,0,-3,-1,0.03,0
0,38.2,62,-0.4,-69.2,-2,2,1,0.104166667,1
0.25,-17.75,-49.25,-0.25,61,1,5,6,0.035714286,0
0.2,-4.6,-17.8,-1.2,-226.6,0,0,1,-0.118181818,1
0,43.8,33.6,-0.8,-78,1,3,-2,-0.010714286,0
-0.9,4.3,6.4,-0.3,13.3,1,1,8,-0.190942472,0
0,-67.5,-100.8333333,-0.666666667,-78.91666667,3,-2,-4,0.283333333,1
0,16.2,5.2,-0.2,-117.6,6,3,8,-0.045454545,1
0.2,11.6,1.8,-0.2,24.6,-2,1,9,0.020467836,0
0.133333333,53.66666667,66.2,0.4,7,-4,-5,-10,0.168888889,0
0.2,18.4,86,0.8,385.6,1,1,11,-0.122222222,1
1.8,-24.8,-18.8,-0.6,66.4,0,3,2,0.153333333,1
-0.4,18.2,11.1,0.6,187.2,0,-1,-3,0.166666667,1
-0.2,8.8,15.2,-1.6,61.4,4,3,-3,-0.037151703,0
0.666666667,29.83333333,24.83333333,0.166666667,15.66666667,1,1,-3,0.233333333,1
0,-11.4,-1.4,-0.4,-103.4,1,-1,5,-0.052364865,1
-0.15,19.6,21.1,0.2,20.95,-4,-1,3,-0.138945233,0
-0.6,9.8,1.6,0.4,-98.6,2,0,0,-0.156140351,0
0,13.4,-17.4,-1.6,-44,-5,-6,0,-0.0625,0
0.6,43.8,35,0.6,-41,0,-5,-10,0.055555556,1
0.05,-36.3,-43.75,0.75,2.6,1,1,-6,0.203703704,1
0.2,9,11.6,0.4,-48,-3,-4,7,0.006142506,0
-1,44.4,82.4,-0.8,127.6,2,0,1,-0.162105263,0
0.5,25.5,30.5,0,-44.5,1,1,-3,0.116666667,1
0,27.6,27.2,-0.8,-62.2,-2,-1,9,-0.086021505,0
-0.2,-6.2,-30.8,-0.2,-142,-1,0,12,-0.302681992,0
0,-7.75,8.25,0,16.25,-2,1,-9,0.242424242,1
-0.6,-28.4,-35.8,0.8,145.6,-3,-1,3,-0.125994695,0
-1,58.8,65.8,2,101.8,0,-3,2,-0.144736842,1
0.8,-23.6,-32,0,-62.6,-4,4,-4,0.089565217,0
0,-7.2,-6.2,1.4,111.4,-4,-3,-5,-0.122580645,1
0,73,163,-1,-60,-3,-7,-4,0.274509804,1
0,-16,-35.2,-0.2,-58,4,7,-3,-0.014460512,0
0.4,9.6,-22.4,-0.2,-130,1,4,-7,0.025862069,1
0.333333333,-14.33333333,-14.66666667,0.666666667,78,3,2,4,-0.110294118,0
0.55,-24.9,-14,2.65,264.4,1,0,-7,0.16,1
0.4,23.6,39,0.8,108.6,2,5,9,-0.135897436,0
0,26,45,1,60,-1,-6,3,0.246153846,1
0,0,0,0,0,0,1,-4,-0.116424116,0
0.2,-14.2,-34,-1.4,-313.4,-1,-5,8,-0.233082707,0
0.6,-9,-7.8,-0.6,-78,0,0,9,0.078571429,0
-0.666666667,4,-0.666666667,1,70.66666667,-2,0,-8,0.019230769,0
-0.333333333,-13.66666667,10,4,375,2,1,-3,0.151515152,1
0,-0.5,-10,5,318,-8,-6,1,0.269230769,1
0.333333333,-0.666666667,-9,-1.333333333,-78.66666667,-1,-5,-4,0,0
-0.4,-12.3,-46.05,0.1,-0.95,-3,-4,1,-0.188259109,0
0,15.5,8.5,1,53,1,2,-6,-0.071428571,0
0.5,1.5,-0.5,0.5,5,-5,-4,-6,0.107212476,0
-0.6,19.4,0.4,-0.333333333,-153,2,2,-2,0.016544118,1
0,41,88,2,589,1,-4,2,0.152046784,1
0,44.6,43,0,-82,-4,2,12,-0.142857143,0
-0.2,-17.6,-26.6,0,-57.6,1,1,-1,0.05,1
0,-57.33333333,-122.6666667,0.333333333,-30,0,-4,-11,0.194444444,1
0.466666667,-23.73333333,-46.13333333,-1.666666667,-136.3333333,-2,-3,-1,0.215686275,1
0.2,44.8,43.6,0,26.6,-2,-5,4,-0.233333333,0
0.2,7.6,2.8,0.2,-0.4,3,2,0,-0.035714286,0
-0.2,-37.6,-48.4,0.2,-98.2,2,-2,0,-0.149014778,0
0,-4.5,10,0.5,293.5,-4,-6,3,-0.079166667,0
0,69.6,82.6,1.4,141.4,-4,-9,1,0.095238095,1
0.2,20.8,-2.4,0.4,-189.2,-1,1,6,-0.049242424,0
0.466666667,0.933333333,9.6,1.466666667,91.73333333,-1,2,2,-0.22323049,0
-0.5,19,34.25,2,197.75,4,4,5,0.123076923,0
0,-1,-4.6,0.4,-66.8,0,-9,3,-0.115862069,0
0,17,21,-1,-46,-2,3,-2,-0.034161491,0
0,-12,4.8,1.4,139,1,-2,-2,0.215517241,1
0.2,58.4,55.4,-0.2,-11.6,0,4,0,0.016081871,1
-0.2,47.6,48.6,0.6,29.6,3,7,3,-0.048837209,1
-0.2,29.4,50.4,0,102.6,1,4,1,-0.026666667,1
0.4,-26.6,-36.4,0,-40.8,4,5,-4,0.026455026,1
-0.6,-22.4,32,-0.2,8.6,1,-1,4,0.040935673,0
0,-16.8,-6.6,2,283.6,1,4,-1,-0.010989011,1
0.2,9.6,2.8,1.2,90.2,1,2,-1,0.200404858,1
0.2,-4.8,-11.4,0.6,108.2,4,7,4,-0.08627451,0
0,6.8,-4.2,-2.4,-321.2,3,2,0,-0.192307692,0
0,-34.46666667,-8.6,3.133333333,270.6,-3,-4,1,0.12987013,1
0,10,21,0,36,-2,-3,1,-0.230769231,0
0.2,21.2,12,-0.6,-121.8,2,2,5,-0.368421053,0
0.2,58.6,51.8,-1,-37.8,0,1,-7,0.019230769,1
0.666666667,-2.5,24.16666667,0.666666667,199.6666667,3,5,1,-0.022222222,1
0.4,-18.7,-37,-0.5,-7.4,0,0,3,0.072463768,1
0.25,-39,-50.9,0.6,-131.35,-1,-2,-7,0.158088235,0
0,-5,-3,0,0,-7,-3,9,-0.224880383,0
0,0,0,0,0,0,7,-5,0.235576923,1
0.25,-12,-27.25,-1,-112,1,-1,-2,-0.181818182,0
0.133333333,8.066666667,4.2,-0.666666667,-92.46666667,3,6,1,0.147826087,1
0,13.08333333,-4.583333333,1.75,6.5,1,2,0,0.056680162,0
-0.133333333,1.6,-6.466666667,0.133333333,-46.46666667,0,-1,4,-0.037037037,1
0.2,-59.2,-34.25,0.35,151.5,0,-4,6,-0.011961722,1
0.2,-31.2,-45.4,-0.2,-117.4,1,-1,7,-0.078397213,1
-0.3,40,45.4,0.3,45.9,-7,0,-1,-0.05,1
0,-3.4,15.6,0,106.4,-4,-1,3,-0.194202899,0
-0.466666667,-15.8,-29.8,-1.4,-180.8666667,2,8,7,-0.102564103,1
0,-12.8,-45,-0.6,-31.8,-4,-5,4,-0.283333333,0
-0.8,66.2,68.2,0,8.2,-3,-6,-3,0.174603175,1
-0.8,-13.6,23.2,1.6,158.8,2,5,-7,0.266666667,1
-0.3,-74.1,-94.9,-0.4,39.4,0,4,2,-0.202352941,0
0,-14.4,-3.4,3,196.2,0,1,-6,0.147826087,1
1,-64,-63,-1,-22,-7,-5,-3,-0.125874126,0
-0.25,25.3,27.25,0.6,-34.5,2,0,5,-0.013333333,1
0,6.2,4.6,-0.8,-7.6,1,3,3,0,0
-0.133333333,11.6,14.33333333,2.266666667,182.6,-3,-1,5,0.068627451,1
-0.4,13.4,14,-0.4,40.8,-1,0,8,0.001904762,1
0.15,12.7,-0.15,-3.35,-279.15,2,-1,9,-0.233333333,1
-0.4,24.4,20.2,0.8,-12.4,-2,-2,3,-0.025396825,1
-0.2,-12.6,-33.8,-1.2,-325.8,2,1,6,-0.265107212,0
0.2,31.4,39.2,1.2,76.6,0,-1,0,0.067391304,0
0,45.8,53.26666667,-1.2,50.2,0,-2,17,-0.134615385,0
0.666666667,42,47.66666667,-6.333333333,-389,0,-2,1,-0.155080214,0
-0.2,-24.6,-30.6,-0.8,-67.4,-1,-1,-1,-0.142105263,0
0,-18,-3,-0.2,-30.4,-1,1,-2,0.164835165,1
0,0,0,0,0,-3,-5,6,-0.19047619,1
0.5,-25.4,-50.3,-0.9,-161,-2,-1,-13,0.032388664,1
0.333333333,-29.66666667,-15.33333333,0.333333333,20.33333333,-1,-1,1,0.022556391,1
0.2,22.4,36.8,0.6,3.4,0,1,-1,0.045714286,0
-0.3,7.8,0.1,0.2,27.6,2,3,1,-0.180672269,0
0.066666667,47.73333333,53.66666667,-0.2,18.33333333,1,0,-1,-0.152857143,0
0,-35,-54,-1,-60,2,1,4,-0.168181818,0
-0.6,-7,30.4,3.2,292.4,1,-3,2,-0.156862745,0
-0.4,16.8,48,1.4,159,1,4,9,-0.14,0
0,-81.15,-63.55,1.4,221.9,-1,-1,3,-0.08125,0
0,18.8,9.2,0.4,40.8,0,1,5,-0.17037037,1
0.2,-35,-26.8,1.2,159.8,2,3,2,-0.116666667,1
0,8,38,0,33,-3,1,1,-0.047619048,0
0,0,0,0,0,3,-1,-4,-0.00228833,0
0,10.66666667,54.66666667,0,159.3333333,3,3,2,-0.003703704,1
-0.266666667,30.26666667,33.06666667,0.2,26.66666667,-4,0,11,-0.027777778,0
0,-11.8,-3.4,0.2,-60.2,0,0,4,0.0625,1
0.2,17,38.8,2.4,216,-1,0,0,0.075,1
0.2,-142.8,-150.6,-0.4,-76.4,0,1,3,0.067281106,0
0.4,-16.2,-34,-2.6,-204.2,3,2,7,-0.118657938,0
0.3,-2.8,-12.6,-0.9,-4.2,1,4,-2,0.277777778,1
0.1,28.2,9.8,0.1,-130.85,-1,2,0,0.164864865,1
0.2,28.6,-5,-1.8,-224.6,4,1,1,-0.136363636,0
0,27.8,63.2,0.8,365.8,0,3,9,-0.268181818,0
-0.133333333,57.53333333,71.26666667,0.4,147.0666667,-2,-1,1,-0.071895425,0
0.6,9.6,-17.4,-1.6,-235.6,4,5,-6,-0.115740741,0
0.8,4.4,-21,0,-18.6,-5,-3,-4,-0.104984093,1
-0.2,6.6,2.8,-0.6,-29.8,2,0,-3,-0.006666667,1
0.2,34.8,38.2,1,39.6,-3,3,4,0.166666667,1
0,-32.6,-16,1.2,244,4,0,-8,0.060606061,1
0.2,22,15.6,-1.2,-210.6,-2,1,-4,-0.049627792,0
1,-28.5,-90,-2.5,-244.5,1,0,-3,-0.083636364,0
0,82.6,89.6,-0.6,27.8,5,4,-7,0.114130435,1
-0.333333333,11.33333333,23.33333333,1.333333333,134.3333333,-3,-2,0,0,0
-0.2,-24.2,-11.2,1.6,225.8,0,3,6,-0.045045045,0
0,-12.66666667,-3.666666667,1,50.33333333,3,0,-5,0.375,0
0,6.8,9.4,1.4,222.8,-2,-4,-6,0.2,1
0,0,0,0,0,-1,-5,0,-0.071428571,0
0,-12.25,2.5,1,225.25,1,0,6,-0.194444444,0
0,0,0,0,0,-1,1,-12,-0.194444444,0
0,12,2,0,364,0,1,-2,0.027777778,0
-0.2,-36.6,-6,0.6,203,-3,1,-9,0.008333333,0
-0.6,13.6,29.4,0.8,134.4,1,-1,3,-0.092857143,0
-0.2,-11.6,-14.4,0.4,17.4,2,4,5,0.027777778,1
0,-17.66666667,-51.33333333,0.666666667,-307.3333333,3,-3,2,0.085714286,1
0.4,16.8,43.6,0,-0.8,1,2,2,-0.072463768,0
0.4,-39.4,-43.73333333,0,26.93333333,1,2,7,0.027777778,1
-0.2,12.6,18.6,-0.4,-72,-1,-2,1,-0.013333333,1
0,-48,-8.2,0.2,223.8,1,3,5,0.109311741,1
-0.25,40,41.4,-1.1,-59.95,-2,-3,-1,0.112941176,1
0,-17.5,-34.5,-1,15,1,-1,-5,0.069518717,1
0,26,26.66666667,-0.666666667,-33.33333333,-1,-1,0,0.111111111,1
0.2,-15.8,-61.6,-3.4,-231.2,3,0,4,-0.043062201,0
0,-8,-11,-1,-326,2,2,4,-0.133333333,0
0,18.6,47.4,1,109.8,-1,1,-1,-0.031818182,0
-0.1,34.4,82.9,4.5,367.8,3,5,3,0.25,1
0,-22.8,-36.26666667,-1.266666667,-40.93333333,1,-1,-5,0.061904762,1
-0.25,-37.25,-32.25,-0.75,0.25,2,3,2,0.166666667,1
0,54.2,77.2,-0.8,-129.6,0,-2,8,-0.062608696,0
0.5,6,-12.5,-1,-55.5,3,7,-2,-0.072727273,1
0.2,-0.2,11.4,-0.45,15.6,0,-2,3,-0.0325,0
0.2,-48,-60.8,0.6,-29.4,-4,-2,-6,-0.024545455,0
0,-4.2,-6.2,-0.4,43.8,-3,-3,-7,0.102941176,1
0.5,-15,-23.5,-1,-6,0,0,-1,-0.133333333,1
0,29,53,2,231,-1,0,7,0.041666667,0
0,0,0,0,0,0,2,-4,-0.111111111,0
0.333333333,-32.33333333,-13.5,-0.5,112.5,-2,0,6,-0.159090909,0
0.6,-7.2,-27.8,-0.4,-82.8,-1,-3,-8,-0.077555817,0
0.4,-71,-108.6,-2.266666667,-150.6666667,3,3,-1,0.2,0
0,-12.8,-24.6,-0.8,-170.4,-2,-3,9,-0.1,1
0,1.75,-4,0.5,-67.25,0,0,-1,-0.027777778,1
0,26.4,5.8,-2.4,-121.2,-4,-6,0,-0.033653846,0
0.2,-25.4,-53.2,0.8,92,1,5,2,0.037931034,1
-0.5,-12.58333333,-17.83333333,2.5,20.33333333,-3,-1,1,0,0
1,54,33.16666667,-0.5,-80.83333333,-6,-1,-3,0.114285714,0
-0.2,-15.6,4.7,-0.3,7.9,0,-5,-1,0.218614719,1
0.6,-2.2,-6.4,-1,2.8,-1,3,3,-0.1,0
0,11,-3.75,-0.5,35.5,0,10,4,0.166666667,1
0,-25.4,-37.4,0.4,80.6,-2,-1,-3,-0.048701299,1
-0.666666667,-4,-6,-0.333333333,-92.66666667,1,3,-6,-0.003663004,0
-0.8,-20.8,-28.4,0,-23.8,3,2,-2,0.180672269,1
-0.4,7.4,-8.4,-1.8,-135,-2,-1,6,-0.092105263,1
0.2,24.2,6.8,-0.6,-35.2,0,2,-5,-0.237726098,0
-0.8,4.6,14.8,1.4,160.8,-1,-2,10,-0.147465438,0
-0.4,30.2,28,2,67.2,-1,0,4,0.066666667,1
0.2,-2.8,-18.6,-2.2,-406.4,1,1,0,-0.054487179,1
0,25.8,14.4,-0.6,-116.4,4,3,10,-0.132352941,0
-0.2,-39.4,-54.2,0,-334,2,0,-6,0.209007741,1
0,6.2,-0.2,-2.6,-85.8,-2,-7,9,-0.083333333,0
0,-13.2,-8,2,21.8,-1,-3,-8,-0.149275362,0
-0.2,35.8,35.6,0.8,8.4,1,-1,2,-0.011111111,1
0,1.2,-1.8,0,-51.6,3,5,1,0.062111801,1
0,49,50.6,-2,-197.8,2,3,3,-0.253036437,0
0,28.8,45,-0.4,-212.6,-1,-2,6,0.032941176,1
0.4,-38.6,-43.4,0,-136.4,-2,0,2,-0.160714286,1
-0.266666667,6.333333333,21.86666667,3.6,297.0666667,-1,-2,-6,0.2,1
0.2,8.4,-27.8,-4.4,-341.2,-1,-5,8,-0.285714286,0
0.25,-1.75,-4.75,1.25,168.75,1,1,1,0.15,1
0.2,-18.2,-15.8,-1.6,-196.2,0,2,5,-0.135076253,0
0.2,22.8,45,0.2,143,-1,-5,1,0.112179487,1
0,0,0,0,0,3,4,5,0.084615385,1
0.4,-45.1,-59.45,-1.3,-105.25,-1,-1,8,0,1
0,15,14,-0.333333333,59.66666667,1,2,-3,0.179166667,1
0.2,11,14.2,0,218.2,-3,1,-1,0.140086207,1
0,10.5,16,-4.5,-171,-3,0,-5,0.039473684,0
0.2,42,14.4,1.4,171,-2,2,-1,0.064903846,0
-0.6,1.6,26.4,-1.4,-26.4,3,2,-1,0.015873016,0
-0.166666667,22.33333333,20.83333333,0,10.83333333,3,8,3,0.083333333,1
0.666666667,-6.4,-42.86666667,-1.4,-218.2,-2,0,-7,0.199095023,1
1,-45.5,-51,-3.5,-211,0,2,-2,-0.032352941,1
-0.6,-51,-64,-1.2,-124.4,1,3,-9,-0.025083612,0
0.5,-14,-37.5,-1,-94.5,-2,-9,3,0.030769231,1
-0.1,-1.1,-5.4,-0.6,-21.5,1,1,0,0.019607843,1
0,-23.4,-9,0.8,245.8,-3,-3,1,-0.095959596,0
0,0,16,-0.5,27,0,-4,-7,0.113157895,1
0.25,-44.5,-1.75,1.25,134.5,1,0,9,-0.021390374,0
-0.5,-17,-33,1,-46.5,0,1,7,-0.014705882,0
-0.4,43.2,75.2,1.4,81.8,-1,2,9,-0.129032258,0
-0.2,-11.6,-12,1.4,50.8,-1,1,1,-0.039473684,1
-0.2,-7.2,-8.6,-0.2,65.2,-4,1,7,-0.248792271,0
-0.4,16.6,90.6,2.8,129.6,2,4,-4,0.08041958,1
-0.8,-16.4,-2.4,4,328.8,0,0,-1,0.145510836,1
0,-41,-98.4,-1,-316,0,2,6,-0.011904762,1
-0.3,14.6,15.6,0.8,101,-2,0,11,0.0875,1
1,-16.5,-25.5,1,224.5,1,-1,-8,0.159090909,1
0,0,0,0,0,-1,-6,-2,0.076923077,1
0.5,-13.5,-32.5,-0.5,-32.5,-2,-7,2,-0.151515152,0
0,38,57,1,60,4,-2,-4,0.022222222,1
0.2,11.2,-19,-0.6,-168.8,3,4,8,-0.197463768,0
-0.333333333,74.2,95,0.4,91.73333333,-1,2,8,-0.12745098,1
0,15,12.4,0,-54.4,-4,-3,-1,-0.020503262,1
-0.5,5.75,15,1,25.25,-3,0,6,0.035714286,0
-0.6,24.2,29.4,-0.8,-28.4,-2,-1,5,-0.113636364,0
0.4,17.8,17.6,-0.8,11.2,1,2,8,-0.031818182,1
0,-59.45,-68.05,1.75,103.4,-3,2,1,0.09047619,1
0,-20.2,-32,-0.4,36.2,-1,-4,1,-0.071014493,0
0,0,0,0,0,1,2,4,0,1
0,13.3,16.8,1.2,20.6,-5,-4,-3,0.026785714,1
0,-44.6,-20.4,1.4,143.6,-3,2,-2,-0.045150502,0
0.4,31.6,19.2,-1.2,-227.2,2,2,1,-0.139705882,1
0,44.66666667,53.33333333,0.333333333,219,-1,0,4,-0.157142857,0
0,-15.66666667,-1,-0.666666667,-32,-2,-3,-2,-0.179487179,0
0.1,5.9,-16.8,-0.3,-65.9,0,0,0,0.263157895,0
0.6,-35.2,-33.4,-0.2,-7.6,-1,1,8,-0.020050125,0
-0.8,1.8,9.4,1.4,110.2,3,2,-1,0.08957795,1
0,21,16.6,-0.8,-43.8,4,8,-6,-0.044973545,1
-0.5,7.05,36.35,1.1,237.2,0,3,11,-0.141666667,0
-0.6,-13.6,-17.6,-1.2,39.6,-5,-1,0,0.235294118,0
0.5,13,18.5,1,-408,6,3,-6,-0.104166667,0
0.2,-33,-49.4,0,2.6,-3,-6,6,0.036363636,1
0,-20.6,-41,1.8,-35,-2,0,-4,0.113333333,0
0,-4,37,2.5,390,4,6,5,-0.014285714,1
0,-53,-39,-0.5,-84,2,5,-5,-0.014285714,1
0,32,61.8,-0.6,105.4,-1,3,0,0.163690476,1
0,108,93,-1,-19,-1,1,1,-0.216666667,0
0,5.5,16,-1.5,-153,-2,-3,0,0.026785714,0
-0.2,42,32,-1.6,-64.6,0,0,3,-0.079059829,0
0,39.4,48.8,0,118.4,1,1,3,-0.009615385,1
-0.666666667,6.933333333,35.53333333,0,56.86666667,2,7,4,-0.192753623,1
0,8,7.6,0,-23,-3,1,3,0.097643098,1
0.2,-24.4,-100.2,-4.4,-263.8,1,-2,0,-0.130434783,0
-0.5,39,54.8,1,117,0,-6,5,0.095238095,0
-0.4,-9.8,-12.8,-0.6,22.6,-5,-9,-3,-0.186666667,0
0,0,0,0,0,3,2,-2,0.142857143,0
-0.2,24,-3.4,1.4,148.2,0,-4,-3,0.047619048,1
0.333333333,19.66666667,20.33333333,0.666666667,38,-2,-2,4,-0.125,0
-0.2,12,58.8,1.6,369.2,0,3,-1,0.127777778,1
0,4.8,20.06666667,0.466666667,96.33333333,0,3,0,-0.017482517,0
0,28.8,59.8,0.6,204.8,-3,-7,0,0.203366059,1
0.2,-10.8,-10,0.2,23.8,0,0,5,0.027777778,1
0.4,-7.8,-3,1.4,83.6,-3,0,1,-0.083484574,0
-0.3,39.5,59.8,0.8,84.9,2,5,3,-0.215686275,0
-0.25,-26.45,-23.7,0,-12.55,-1,-1,12,-0.302681992,0
1.4,-0.466666667,-11.8,-1.333333333,-92.13333333,2,4,3,-0.068111455,0
1,-47,-53,0,-78,1,0,2,0.217948718,1
-0.4,-24.6,-19.1,2.1,108.5,2,-2,-5,0.16,1
0,-36,-45,-1,-60,6,4,7,-0.212475634,0
0.25,-23.5,-42,-1,-58.75,-6,-3,7,-0.194805195,1
0,98,89,0,-28,-2,-4,-12,0.252525253,1
0.2,-47.6,-102,-2.2,-280,3,2,-3,0.012987013,1
0,32.8,30,2,154.6,-4,-1,2,0.179487179,1
0,-66.2,-65.8,0.8,192,1,2,-11,0.346153846,1
-0.25,5.1,1.65,-0.3,-44.3,1,3,11,-0.181912682,0
0.4,44.8,0.8,-3.6,-459.4,-4,0,9,-0.058181818,1
0.2,-29.8,-19.2,0,119.8,-3,0,1,0.039130435,1
0.4,-18.8,-79,-1,-189,4,1,6,-0.078595318,1
0,10,-34,-0.8,-165.2,2,-1,-5,0.066666667,1
-0.4,53.8,90.4,1,159.4,0,2,-3,0.226190476,0
-0.2,12.5,16.95,-1,-24.2,0,3,0,0.196153846,1
-0.8,-1.7,0.3,0.4,35.9,0,3,1,-0.074324324,1
0.25,25.5,42,-0.75,112.75,0,-1,-1,0.013888889,0
0.4,-3,8.8,0.4,6.4,-1,0,-6,-0.025287356,1
-0.4,-4.8,-4,0.4,48.2,3,0,2,-0.048484848,0
0.2,24,21.4,-1,-96.8,-2,-2,-1,0.057692308,1
-0.2,0.8,57.6,2.8,287.6,-1,-6,10,-0.091428571,1
0.2,31,24.8,-1.4,-61.6,-3,-5,-1,-0.019230769,0
0.6,14.8,9.4,-0.6,-19.8,-2,-4,3,-0.004608295,0
0,36.5,57.5,1,107,1,0,-6,0.242424242,1
0.8,-39.9,-23.9,-0.7,4,2,4,4,0.010416667,1
0,49.8,32.2,-1.4,-124.4,0,-1,-12,0.217948718,1
0.25,-27.75,-5.5,0.416666667,363.8333333,-1,3,-7,0.280701754,1
0,0,0,0,0,1,4,-5,-0.266304348,0
0,-15,-25.8,-1.2,-18.2,3,0,7,-0.117948718,0
0.2,-5.8,2,0.6,-2.6,5,6,-9,-0.035,1
-0.4,73.4,80.6,-0.2,-5.8,3,3,0,-0.123655914,0
0,-15.6,26.6,0.8,171.2,1,1,-1,0.222580645,1
-0.2,8.6,3.8,1,97,-1,1,8,-0.066666667,0
0.6,7.4,-20.2,-1.2,-133.6,-1,-3,-1,0.083333333,0
-0.25,23.7,22.9,0.5,14,-1,-3,2,-0.025641026,1
-0.4,32,39.2,-0.4,-18.8,4,5,0,0.222222222,0
0.4,40.8,20.8,-0.4,-277.4,0,0,5,0.157894737,1
-0.333333333,18.66666667,31,1,47.33333333,0,0,0,0.085714286,1
-0.2,-21.6,-25.6,0.2,126.6,0,-5,-3,-0.004662005,0
0,-35.4,-46.6,1.2,70,-3,-2,-5,-0.151515152,1
0.4,11,17.8,0.2,121,-1,-1,-8,0.158249158,1
0.6,13.93333333,-0.066666667,-0.066666667,-59.93333333,1,6,-5,0.266666667,1
-0.2,35,34.2,0.4,-14,4,3,-4,0,1
0,26,44,1,-15,1,-4,-2,0.138888889,1
0.333333333,-12.26666667,-48.2,0.533333333,-150.5333333,-2,-4,1,0.0375,0
1,1.75,-13,-0.75,-40,3,-3,5,-0.082352941,0
-0.25,36.2,82.25,3.35,214.5,4,-1,3,-0.115942029,0
1,45,58,0,40,-6,-7,9,0.003663004,0
-0.5,5.5,8.25,0,38.25,1,2,-7,0.366666667,1
0,55,39,-1,-60,0,1,-1,0.242424242,1
-0.5,-29,-23.5,0,-18.5,-3,-4,0,0.12145749,1
0,-8.8,-35.8,-4.5,-200.7,3,1,0,-0.273809524,0
-0.333333333,34,64,0.666666667,51.66666667,2,2,4,0.005714286,0
0,14.6,19,-0.8,-6.2,1,1,5,-0.28,0
0.466666667,8.066666667,-8.866666667,0.133333333,98.6,-1,1,-5,0.052364865,0
0.8,3.4,1.8,-0.6,-43.8,-2,6,1,0.036231884,0
-0.2,2.4,-63.8,-1.2,-410,-3,-1,2,-0.12775842,1
0.6,-21.8,-37.4,-2.6,-214.8,-2,-2,5,-0.19504644,0
0,2.3,-41,-2.6,-283.7,3,2,-4,-0.013574661,1
-0.5,13,4.5,3,64,4,1,1,0.027863777,1
-0.2,-26,-23.4,0.4,19,-1,0,-2,0.063157895,0
1,46.3,60.2,1.8,226.4,-7,-7,2,0.166666667,1
-1,-8,-9,0.5,15.5,-1,0,-2,0.312820513,0
0,26.4,52.4,-1.6,4.4,1,-4,-4,-0.133004926,1
0.2,3.4,-29.4,-0.2,-145.6,-3,-2,-4,0.090804598,1
0,80,72,-1,-59,0,-3,-4,0.174603175,1
0,-15.2,-21.4,-1.8,-62.4,-1,-4,-8,-0.02745098,0
-0.4,10.4,26,1.6,238.2,0,0,-6,0.138836773,1
0,-64.8,-88.8,-0.1,-199.8,2,-2,-13,0.15,0
-0.2,0.2,-18.4,-0.4,-44.8,-4,-1,0,0.235714286,1
-0.5,-3,28.25,1.75,415.25,-1,-3,-3,0.094736842,1
0.5,27,28.5,0,24,-2,-1,-6,-0.106060606,1
0.666666667,-37.6,-5.4,3.6,477.7333333,1,1,-5,0.245714286,0
0,3.9,24,5.5,417.8,-1,1,-3,0.106666667,1
-0.666666667,50.4,44.66666667,-0.4,-19.53333333,1,1,14,-0.270588235,1
0,32,6,-0.666666667,-210.6666667,6,6,-1,0.256410256,1
0,18.4,18,-3.2,-290.2,-1,0,-2,0.137820513,0
-0.2,-104.6,-108,0,70,4,-1,-3,0.094549499,1
0.6,44,66,1.2,124.2,-2,1,7,-0.16,0
0,28,68.2,1,263.4,-3,-7,0,0.203366059,0
0.6,-14.6,-18.8,-1,-99,1,4,-1,0.242562929,1
0,-36.8,-48.2,0.8,-52,1,2,4,0.013377926,1
-0.05,41.05,53.2,-2.5,-90.2,0,-4,14,-0.371428571,0
-1,-11,1,1,10.5,0,3,1,-0.083333333,0
0,-42,-51,1.666666667,110.6666667,2,1,-8,0.09375,0
0,59.5,88.5,0.5,-178,-5,-3,9,0.063492063,0
0,-1,-33.33333333,-1,-388.3333333,-2,1,6,-0.130718954,1
-0.8,81,92.4,1.6,101.2,-3,-1,1,0.021008403,0
0,-38.6,-50.6,0,-161,2,2,-14,0.276190476,1
-0.4,10,23,0.6,18,2,-1,-5,0.302287582,1
-0.6,5.4,15.4,0.2,94,-2,-4,-7,0.090643275,0
0,11,-14.6,-1.8,-182.2,0,-4,-2,0.027419355,0
-0.4,17.8,26.8,0.4,121.8,1,0,-1,0.020869565,1
0.2,-44.6,-37,2.2,272.2,-1,0,2,-0.004678363,0
-0.333333333,-41.33333333,-46,0,-54,-1,4,3,0,1
0,-13.2,21.4,0.6,-27.2,1,-1,6,0.100174216,1
0,2,38,0,69,2,2,6,-0.063636364,1
0.2,-19.2,-31.6,0,48,1,3,2,-0.047272727,1
0,-22,-41,-1,-60,1,-1,1,-0.222222222,0
0.4,21.2,18.8,-1,-21.6,4,1,0,0.12899106,1
0,-54.26666667,-9.133333333,1.2,249.3333333,5,6,7,-0.120320856,0
0.2,-48.6,-8.2,3.2,506.6,0,1,-8,0.224615385,0
0.1,-3.4,-10,-0.6,-71.7,4,2,-11,0.201754386,1
-0.2,31.4,33.8,-1.4,-3.6,1,-4,4,-0.083333333,0
0.2,8.8,-3,0.2,-47.2,-4,0,1,-0.058514629,1
0,-9,-46.4,-0.4,-100.2,-3,-1,-3,0.025641026,0
-0.2,-14.4,-19,0,64.4,-4,-4,11,0.015384615,1
0.4,-10.8,-4.2,-1.4,-112.2,4,1,8,0.072874494,1
0.2,26.6,20.7,-1.4,-188.3,1,-3,5,-0.221052632,1
0.2,26.8,5.2,-0.4,-130.2,-2,-2,0,-0.065789474,1
0,-23.6,-4.2,0.8,103.4,2,1,-3,-0.075757576,0
0.4,36.6,22.6,-3.8,-149.6,-2,1,-3,-0.097363083,0
-0.2,-30.4,5.4,2.8,439.2,3,-1,-3,0.163009404,1
0,8.6,23.8,-0.8,-96.8,3,3,-1,0.158485273,1
0.4,-8.466666667,-29.4,-0.933333333,-135.6,3,10,3,0.097435897,1
0.2,-55,-90.4,1.8,-79.2,0,3,0,0,0
-0.4,-16.6,23.73333333,1.8,239.4,0,0,1,0,0
-0.4,36.6,66.2,1.6,142.6,2,1,10,-0.006666667,1
-0.4,36.2,73.8,4.6,348.2,-3,1,-1,0.116161616,0
0.3,-68.1,-43.2,0.2,234.1,-1,1,-1,0.184782609,1
0,33.5,70.5,-0.5,98.5,-1,4,-2,0.127272727,1
1,-23,-37,-1,-4,-2,0,-9,-0.238636364,0
0,-0.4,-45.8,-3.8,-210.8,0,0,-5,-0.104761905,0
-0.8,7.8,-2.8,0.2,0.2,4,8,4,-0.205980066,0
0,-0.5,-0.5,1.5,145,-1,-7,-15,0.138888889,1
0.3,52,43,-1.6,-77.4,3,6,-9,0.208333333,1
1,-17.6,-30.2,-1,-157.6,2,5,-5,-0.011857708,0
-0.2,35.8,25.4,2.4,168.8,-1,-2,-1,0.12145749,1
0.6,20.65,10.15,-0.35,-216.3,-4,-1,2,0.089783282,1
0.25,1.5,-2.5,-0.5,-6.5,1,1,0,0.019607843,0
0,7.25,-7,0.75,64.25,-2,-3,-4,0.022222222,1
0,-34,-53,-1,-42,-1,1,9,-0.027777778,0
0,0,0,0,0,3,-4,-3,0.222222222,1
0.2,-33,-13,-0.2,24.8,3,4,2,0.022030651,0
0.8,-27.2,-28.8,0,14.2,-5,-5,-5,-0.127826087,0
0.8,8,-6.2,-0.6,-35,-2,-2,7,0.031347962,1
0.4,31.6,36.2,0,37.8,-6,-6,-6,-0.066666667,1
0.6,5.6,-18.4,-2.1,-78,-1,1,5,0,1
0.2,24.4,10.4,-1.4,-224,0,-1,3,0.219047619,1
0,-0.5,-52.5,-1.5,-141.5,0,-1,-1,0.057777778,0
0.2,-36.8,-35.6,1.6,115,4,6,-9,0.025641026,1
0.2,34,19,-0.6,-52,1,2,0,0.05,1
0,-8,-13.5,-1,-24.5,2,4,2,-0.1875,0
0.2,50.8,43.2,-0.6,46,-3,1,-3,-0.060952381,0
0,0,0,0,0,3,5,-3,0.089285714,1
0.2,56.4,39.2,-2.8,-129.8,1,3,5,0.127536232,1
-0.2,28.8,29,0.8,15.8,2,0,2,0.184848485,1
0.75,12.1,32.45,0.8,70.45,2,3,0,0.163533835,1
0,13.2,27.8,-0.6,21,-1,-1,3,-0.133004926,1
0,-10.5,-9.5,0.5,190.5,3,4,-2,0.033333333,1
0,0,0,0,0,0,1,1,-0.096969697,1
0.5,8.5,6.25,-0.5,126.75,0,5,4,0.006666667,1
0,46.5,99.5,1,161,-4,-4,2,0,1
0,-37.8,-45.6,0.6,-0.4,-1,-3,6,0.022727273,1
-0.5,10.5,21.5,2,231,3,4,-2,0.333333333,1
0,4,-3,-1,-49.66666667,0,2,14,-0.409090909,0
-0.4,157.4,150.6,0,-36.2,4,-3,-4,0.091428571,1
0,11.8,13.8,0.2,45.8,-1,-3,3,-0.043137255,1
0.8,7.4,-7.2,-0.6,-94.4,2,1,0,0.130952381,1
2,-18,-51,-0.5,-39,0,1,-3,0.242424242,1
-0.6,13.2,15.8,-0.4,-147.8,-2,-2,-6,0.011363636,1
0,-22.8,-20,-0.6,-112,3,0,-11,-0.008695652,1
0,28.66666667,16.83333333,0,2.166666667,1,0,1,0.326388889,1
0,-17,-25,0,-112,1,-1,-1,0.020833333,0
-0.1,-6.35,-9.05,-0.2,6.1,3,6,7,-0.005555556,0
0.4,-108,-106.2,0.4,10.8,1,-3,7,-0.027164686,1
0,30,48,1,59,-2,1,2,0.025641026,1
0,-44.3,-49.8,0.1,-93.1,0,0,-4,0.037037037,0
0.6,11.8,12,0.6,65.8,1,1,2,-0.121052632,1
-0.8,-19.2,15.4,2.4,287.8,-4,-1,5,-0.023809524,0
-0.2,49.6,66,1.6,45,0,-2,-2,0.116666667,1
-0.8,-40.6,-7.4,1,132.4,0,6,10,-0.270531401,0
0,10.05,18.5,-0.75,15.2,1,3,-1,-0.162105263,0
1,28.4,35.4,0.4,52.6,2,5,-6,0.009803922,1
-0.2,-20.2,-9.6,2.8,186,1,4,3,0.03030303,0
0.133333333,12.06666667,7.4,1,65.66666667,2,-2,-4,0.25,1
0.25,4.55,38.25,0,29.05,1,-1,5,0.05787037,1
-0.5,25,39.25,0,139.25,-4,-7,-4,0.114845938,1
-0.2,13.05,22.25,2.8,285.75,-1,-4,-4,0.046279492,1
-0.466666667,8.733333333,14.73333333,1.733333333,47.2,2,4,8,-0.25,0
0,-67.4,-83.5,0,-161.6,-2,0,-2,0.112941176,1
0.2,-10.4,-31.8,-3.4,-447.2,3,5,-7,0.004081633,1
0.6,-24.8,-43.2,0.4,-62.8,0,-3,8,-0.082887701,1
0.2,21.4,22.2,0,-10,-2,0,-1,0.050239234,1
0.2,-47.3,-16.1,-1.8,-25.4,2,1,10,-0.130952381,0
-0.2,-13,-18.2,0.7,-62.8,1,-1,2,0.1,1
0,-3.266666667,3.133333333,0.2,76.53333333,2,-4,-6,0.105392157,1
-1,-14.33333333,2.666666667,0.333333333,16.33333333,-3,-2,-6,-0.233333333,0
0.2,-39.6,-36.5,-0.5,74,0,3,-5,0.032941176,1
0.5,-21,-27,0.5,153.5,2,1,-3,-0.050505051,0
-0.333333333,-16.93333333,-34,1,-77.06666667,0,2,2,-0.236714976,0
0,3,-17.5,0,-74.5,3,7,-2,0.166666667,1
0,6.333333333,13,0,114.3333333,-2,1,1,0.064615385,1
0,2,20.5,1,269.5,1,-1,4,-0.208333333,0
-0.2,-27.6,-10.6,0.2,83.2,3,-1,-5,0.040322581,1
0,21.4,-12,-4,-472.4,-4,-4,-1,-0.288930582,0
0,46.6,44.4,-0.6,-111.6,-2,-7,4,0,1
0,-13.8,-12.8,-2.6,-114.6,5,6,-8,-0.018382353,1
0.2,-23.73333333,-17.73333333,-0.666666667,-85.46666667,1,1,4,0.010752688,1
0.05,61.7,53.85,-1.2,-183.55,8,3,-2,-0.088455772,0
-0.4,-15,-15.4,1.8,41.6,1,5,-8,-0.057692308,1
0.25,-5.75,-10,0.5,114,-3,-2,1,0.033936652,0
0.2,60.4,90.6,-1.2,-165.2,-1,-1,0,-0.021935484,1
-0.133333333,-4.6,0.533333333,4.2,260,0,-3,5,-0.079487179,1
0.4,36,44,-1,-37.2,5,8,5,0.160784314,1
0.2,-6.6,-23.2,-0.2,-19.6,3,8,2,-0.293706294,0
0,-15.8,-0.6,0.4,84.4,-2,2,-1,-0.088709677,0
-0.2,-4.4,1.2,0.4,66,-2,-1,4,-0.0875,0
0,-20,-59.4,-1,-249,2,4,0,0.019817073,1
-0.2,-10.2,-4,0.2,-1.8,1,5,2,0.042702703,0
-0.4,-31.6,5.6,3,449,-2,-6,5,0.07960644,0
0,-16,-26.4,-0.8,-104.4,1,-2,-5,0.254347826,1
0,19.5,18,-1,136.75,-1,-2,5,-0.035087719,1
0,27,9,0,-92,-1,-2,0,0.049342105,1
0.6,1,4.4,0.2,121.2,2,2,0,0.133333333,1
0.4,3.733333333,11.2,1,140.4666667,0,4,1,-0.221052632,0
-0.4,5.4,42,1.8,165.4,-4,0,-9,0.089130435,1
0.2,-19.8,-44.6,0.2,-93,2,0,-8,0.103603604,1
0.4,32,25.4,0.2,21.6,-3,-4,3,0.112554113,0
0,67.4,70.4,0.2,1.6,-5,-5,-3,0.11003861,1
0,2.2,-8.4,-0.6,-119.8,2,-2,3,-0.12037037,1
0.4,-5,-1.2,-0.6,-16,0,2,9,-0.133971292,0
-0.4,3.4,7.2,0.6,24,-1,0,3,0.266666667,1
-0.4,22,22.2,0.2,-17.2,1,0,8,-0.267368421,0
0.2,-17.2,-32,-0.6,10,4,5,4,-0.057692308,0
0,12.8,12.6,3.8,313,-5,-4,0,-0.176282051,0
0,7,10,-4,-289,1,2,0,0.221590909,1
0.2,-21.8,-40.2,0.6,49.4,2,3,-1,0.164705882,1
0,-22,-2.4,0.8,57.4,1,2,0,0.096153846,1
0,38,47,4,384,1,2,2,0.082352941,1
0,25,16,1,-19,-1,0,0,0.090277778,0
0,-31,-5,-1,-10,1,2,-5,0.101190476,1
0,18.6,44.4,1.4,303.6,2,3,10,0.056818182,0
1.25,-13,-29,-1,-46.75,0,1,-4,0.164835165,1
0.333333333,-10.33333333,-13,0,-4.333333333,-2,2,12,0.0625,0
0,-13,12.6,0.666666667,78.86666667,1,2,2,0.031135531,0
0.2,13.6,44.8,1,56.8,-1,-1,0,0.266666667,1
-0.4,49,50.2,0.4,-62.4,0,-4,0,0.166153846,1
-0.333333333,-0.333333333,9.666666667,1.333333333,89,-1,2,-2,0.022727273,0
-0.333333333,-22.33333333,-16.66666667,1,55,1,1,-7,0.3,1
0.5,34,19.5,0.5,99.5,0,-1,2,-0.03125,0
0.5,19,23,0.5,95.5,1,0,-5,0.064102564,1
0.6,-15.8,-34.8,-1,-54.4,0,-2,12,-0.233333333,0
0,57.5,48,2.5,97.5,2,3,-1,0.069444444,1
0,43,27.8,-0.4,-52.4,3,1,7,-0.357142857,0
0.4,83.2,83.6,1.2,102.2,-5,0,4,0.093189964,1
0.2,44,55.2,0.8,104.2,2,3,-3,-0.114583333,0
-0.2,20,23.2,0.4,35.6,-1,-3,4,-0.134615385,0
0.6,11.6,-5.4,0,-50.8,3,2,-5,-0.023648649,0
0,-39,-56,0,90,5,2,-3,0.111111111,1
0,-37.4,-64.8,-0.2,-105.4,-1,-2,7,0.012173913,1
0.333333333,-13.33333333,-17.33333333,0.666666667,281.6666667,0,-1,-4,0.280701754,1
0.5,40,25.5,-1.5,-190.5,1,1,0,0.046153846,0
-0.2,-29.2,-37.8,2.8,-38.4,2,-2,-9,0.038647343,0
-0.2,-26.6,-16.6,7,344,-1,4,-9,0.212820513,1
0.5,45,66.5,-0.5,258,-2,-7,-11,-0.027777778,1
0,-1,-1,0,-23,2,4,7,-0.209090909,0
-1,-41,-18,0,16,0,6,2,-0.215686275,0
-1,130.6,142.6,1.2,142.4,-1,-2,-1,0.005555556,1
0,19.2,-8.2,-2.6,-381.6,0,2,3,0.004273504,0
-0.7,4.1,6.5,0.8,58.1,-1,-3,14,-0.375,0
0.066666667,4.6,-10.66666667,-0.933333333,-101.0666667,1,-2,2,-0.211038961,1
0,-5,-29.33333333,-1,-170.6666667,-3,-2,0,-0.072874494,0
1,-18,-36,-1,-59,-7,-4,1,0.082352941,0
-0.3,7,-40.6,-3.2,-524.9,-3,3,-1,-0.267692308,0
0.333333333,-20.66666667,-36.66666667,0.333333333,68.66666667,-5,-1,-6,0.152979066,1
-0.2,-22.6,-2,-1.4,-62,1,1,5,-0.050769231,0
0.5,-11.5,-20.5,0.5,20,1,0,5,-0.005050505,0
0,-8.8,-18.4,1,-29.8,2,1,-1,0.0125,0
-0.2,-23.8,-17,1.2,106,3,2,-4,0.097142857,1
0.2,44.2,42,-0.8,-91.8,-1,1,12,-0.24,0
0,3.4,28.8,0.2,40.4,-1,1,5,-0.232352941,0
-0.6,3.4,17.8,1,21.8,6,6,6,0.066666667,0
0.5,-12.5,-16.5,-4.25,-177.75,2,4,2,-0.033613445,1
-0.2,-6.2,-2.2,0.4,87.8,2,1,-6,0.148989899,1
-0.5,-3.55,21.55,0.85,14.45,0,0,3,0.02685422,1
0.4,29.6,22.2,-0.6,-88.6,3,6,6,0.048433048,1
0,49,63,-8,48,-4,-3,-2,0.083333333,1
0,8.8,27.45,1.7,106.35,-4,-2,0,0.133333333,1
0,11.2,5.8,-0.2,26.8,-1,1,13,-0.280193237,0
2,11,-8,-1,-44,2,1,-3,0.03,0
0,-24.75,-34.75,-2,-158.75,3,6,4,-0.044444444,0
0.4,-6.6,2.6,1,74,-2,-7,1,-0.103174603,0
-0.2,-1.8,21.8,3,312,1,-3,-9,-0.011494253,0
0.2,7.2,28.2,3.8,299.6,-1,3,-7,0.184615385,1
0,83,92,0,-11.66666667,1,-8,5,-0.223809524,1
-1.8,-59,-32,2.4,213.4,-3,-1,1,0.057692308,1
0.5,11.5,11.5,0,13.5,1,3,-2,0.135714286,1
-0.2,8.8,21,-1.2,57.6,0,4,0,0.014285714,1
0,-10.5,-31,0.5,12,3,1,6,-0.082995951,0
0.6,28.8,73.2,1.4,250.4,1,3,9,-0.149275362,1
0,39.5,42.5,0,4,2,-2,-1,-0.070175439,1
0,-8,-29,1,292,3,5,-8,-0.007936508,1
-1,-9,37.66666667,-2.5,68.33333333,-1,0,-1,-0.05,0
0,15.5,25.8,0,247.8,-1,0,6,-0.06,0
0,11.6,40.2,4.2,481.4,-1,1,0,0.169254658,1
0,-1,0.8,-1,-73.2,0,2,0,-0.00070922,1
0.5,-24,-27,-2,-91.5,0,-4,-2,0.2,1
0.4,-25.2,-27.2,-0.6,-84.2,-2,-1,-3,-0.064827586,1
-0.4,12.6,-7.4,-1.4,-187.4,0,-1,-3,-0.024216524,1
-0.4,-1.4,9,0.6,95.4,5,0,-9,0.082251082,0
0,9.2,-1.6,0.6,-191.4,-4,-3,-8,-0.038647343,0
0.15,-36.3,-51.7,-1.05,-41.45,1,-1,6,0.190789474,1
0,-80,-86,0.4,73.8,3,3,-1,-0.060869565,1
0,3.2,-2,-0.6,9.2,-3,0,3,0.004524887,0
0.25,-4.916666667,-4.666666667,-0.166666667,25.16666667,1,-1,0,-0.05,1
0.3,0.15,-12.55,-1.3,-192.85,-1,1,0,-0.219061166,0
0,10.6,-16.2,-0.4,-81.4,3,4,-3,-0.038888889,1
0.4,-3.6,-11,-0.6,15,-2,-2,9,0,1
-0.133333333,-14.73333333,-9.733333333,1.266666667,111.7333333,-1,-4,5,-0.077310924,1
0,-23,-36,0,-13,2,4,1,0.045714286,1
0,-28.73333333,-4.4,0.4,185.8,0,-1,-3,0.095238095,0
0.5,23.25,-7.25,-0.5,-167.25,-2,-4,-2,0.125,1
0,31.6,0.4,-1.4,-211.6,-3,-4,13,0.036206897,0
0.75,13,2.25,-0.25,1,-1,3,5,-0.045092838,1
0.4,10.2,-2.4,0,29.2,3,4,0,-0.07239819,0
0.2,-11.4,9.2,0,-76.8,0,-2,-7,0.091575092,1
0,-43.5,-19.5,0,100.5,3,1,-1,-0.1325,1
-0.25,-14.5,-31.75,0.75,-10.75,-1,0,-1,0.020703934,1
0,-35.6,-0.2,-0.2,198.8,1,-1,-8,0.232492997,1
0.4,-2.6,-18,-4.2,-237.6,2,0,-4,-0.120448179,0
0,39.3,10.5,-3.2,-346.6,0,2,-1,-0.145933014,0
-0.2,-17.2,-18.4,-1.2,-36.8,2,-2,0,-0.083333333,0
-0.4,-1.8,2.8,0.4,-3,-1,1,1,0.162587413,1
0.666666667,-14.33333333,-25.83333333,0,-25.16666667,1,2,-7,0.133333333,0
-0.25,9.65,1.85,-0.15,-92.1,1,5,3,0.036437247,1
0,-21.5,1,0.5,320,-4,-4,2,0.216666667,0
0,-8.7,1.2,0.55,114.05,-4,-7,10,-0.131868132,0
0,8.2,25.8,0.4,129.8,3,2,-2,0.05,1
0.5,37.5,37,0.333333333,-91.66666667,-1,1,-7,0.229166667,1
0.2,8.6,2,-1.8,-109.8,-3,-4,1,-0.004347826,0
0.4,-8.7,-20.45,-2.25,-283.15,-1,-1,3,-0.131868132,0
0.2,-6.8,-2.8,0,13.8,-2,-6,4,-0.076344086,0
-0.75,5.85,8.1,-0.25,-5.75,-2,0,11,-0.144444444,0
0,30.75,22,0.5,3.25,1,2,6,0.219047619,1
-0.2,-5,28.8,1.6,167.6,3,3,6,-0.006666667,0
0,-17.2,-33.2,0,-18,1,0,3,-0.043843844,1
0.8,-28,51.8,7.8,594,-1,1,-1,0.261904762,1
-0.6,3.4,2.4,0,4.6,-1,-4,-4,-0.104433498,0
0.2,59.6,47,0,5,0,1,0,-0.2375,0
-0.25,-41.75,-51.5,-0.25,-24.5,3,4,-1,0.160784314,1
0,-6,-5.4,0.4,207.4,-2,-3,4,-0.086363636,0
-0.4,31.8,41,0,38,3,7,-2,0.106060606,1
0,2.2,22.8,0.8,52.8,1,1,-2,0.117908788,1
0,0.8,-29.4,-1.2,-100.6,-4,-1,-2,-0.157520325,0
0,28.4,70.6,3.8,219.6,-4,0,0,0.205882353,1
-0.2,-41,-50.8,0.3,-25,0,1,7,-0.055,0
-0.4,12.2,6.8,-0.6,-24.8,-1,-1,2,0.004103967,0
0,13,-29.8,-0.2,-27.8,5,8,-2,0.091304348,1
0.6,15,8.4,-1,29.2,1,3,3,0.013157895,1
0,41.6,19.8,-1.2,-157.8,3,1,1,-0.107023411,0
0,-25,-23.4,0,-100,-1,-3,-5,0.105590062,0
0.2,14.8,30.6,0.6,158.6,0,1,3,-0.228070175,0
0.333333333,10,-10,0.333333333,69,3,3,-3,-0.020833333,0
0,21.8,19.2,-4.4,-307,2,-2,-5,-0.025287356,1
-0.6,-18.13333333,7.133333333,1.8,473.7333333,1,1,2,0.194736842,1
-0.25,21.65,18.85,1.15,102.55,0,1,5,0.122222222,1
0,34,29.2,0.4,45.8,0,-2,7,-0.022727273,0
0.2,-86,-48.4,0.8,204,-3,-3,6,-0.201388889,1
1,-37,-56,-1,-59,-5,-5,2,-0.151515152,0
0.3,-22.4,5.5,-0.8,160.4,1,-1,-3,0.323671498,1
0.2,-30.85,-43.3,2.15,174.35,-2,-3,0,-0.066153846,1
0,-26.6,-23.6,0.6,115.8,-2,1,2,0.05982906,0
0.2,-14.4,-26.8,-0.6,-48.6,-3,-2,1,-0.166666667,0
0,0,0,0,0,1,1,-2,-0.181818182,0
1,-13.4,-38.6,-3.4,-310.2,-1,4,-1,0.077898551,1
0,13.4,9.6,-0.2,-11.8,1,0,2,-0.002525253,0
0.2,11,-37.8,-1.2,-256.6,1,3,2,-0.064137931,0
0,36,14,0,-42,-1,-1,-14,0.134615385,1
-0.333333333,-30.86666667,-33.33333333,-0.666666667,17.26666667,-4,-1,6,0.185758514,1
0.4,6.2,7.6,-2,-75.4,2,-1,1,0.084677419,0
-1.8,-15.8,-7.6,-2,-85.4,-4,-8,8,-0.133333333,0
-0.4,13,40.8,0.8,207.4,-2,0,-4,-0.135897436,0
1,-28,-46,-1,-58,-1,4,7,0.15,1
1,-9,-40,-2,-317,-3,-1,-2,-0.106060606,0
-0.6,5.5,29,4.3,499.2,1,1,-10,0.112299465,1
-0.2,155,166.2,0,-3,3,-1,3,-0.098136646,1
0.4,-51,-95,-1.4,-148.8,1,5,2,-0.088421053,1
-0.8,29.1,25.3,-0.3,-85.3,5,5,1,-0.3,0
0,20.4,27.8,-4.6,-215.6,1,0,2,0.044086022,0
-0.4,30.6,25.6,-0.4,-43.2,-3,-2,5,-0.091954023,1
0,-3.4,-18.8,-3,-119.4,0,0,13,-0.184848485,0
0,13,31,-1.4,-76.6,3,1,1,0.05952381,1
-0.2,-13.4,-20,-0.6,-31.8,3,2,1,-0.106153846,1
0.4,-13.6,-13.8,-0.4,-23.2,-1,-2,-4,0.153343023,1
0,-41.7,-43,-2.6,-64.5,2,0,-3,-0.179487179,1
0,1.2,9.2,0.6,23.4,-4,-6,7,-0.201754386,0
0,21,14,1,-271,4,2,6,-0.1125,0
0,-19.33333333,56.33333333,-1,-35.66666667,2,2,3,0.090497738,0
0,41.8,53.4,-0.2,-39.2,0,3,-1,0.143939394,1
0.3,-32.25,-31.45,0.05,-57.65,0,-1,2,-0.015086207,0
-0.6,0.4,22.4,1,126.6,-1,-3,-2,0.036600496,1
-0.8,91.8,104.6,1,50.4,1,1,6,-0.029453015,1
0,-37.2,-29,0,25.4,3,8,-6,-0.123837209,1
0,-14.5,-17.5,1,71.5,2,-4,-7,0.166666667,0
0.6,8.2,6.4,-1.8,-139.2,1,4,4,0.049853372,0
-0.5,24.9,31.4,-2.7,78.1,1,0,6,-0.106854839,0
-0.8,12.8,21.4,1.2,113.2,-1,2,9,-0.195402299,0
0,20,-1,-2.4,-261,2,3,6,-0.136842105,0
0.333333333,58.33333333,23.66666667,-1,4.333333333,4,3,-8,0.019130435,1
-0.25,2.25,11,1.25,219,-4,-6,-2,-0.026960784,0
0,-18,-45.4,-0.2,-213.6,-2,4,-3,0.18627451,0
1,5.6,6.2,0,73.8,-3,0,0,-0.073529412,0
0,15.8,-9.2,1.4,96.2,2,1,8,0.001818182,1
-0.666666667,-1.4,7.733333333,0.133333333,-16.73333333,-1,2,6,-0.03,1
0.2,34.4,37.2,0.4,-139.2,1,4,9,-0.340686275,0
0.666666667,-17.5,-58.16666667,-1.5,-169.1666667,4,5,1,-0.067460317,0
0,-22.4,1.8,-1.4,18.3,-1,-3,9,-0.127777778,1
0.2,68.4,93.6,1.4,198,-1,-3,5,0.017948718,0
0.4,-27.4,-41.1,-1,-153.3,1,3,3,0.04859335,1
-0.333333333,45.66666667,81,-0.333333333,123.6666667,0,-2,5,-0.015479876,1
0.5,28.5,34,-0.5,41,1,0,5,0.039215686,1
-0.6,-26,-81.6,-0.6,-159.4,2,-2,-4,-0.054285714,1
0.2,3.2,0.2,-0.2,-48.2,3,-1,5,0.074003795,1
0,-68.2,-85,1.6,232.6,-1,0,1,0.16,1
0,-33.85,-80.7,-1.6,-143.05,-2,-5,9,-0.155913978,1
-0.4,74.4,98.4,2,259.6,-2,-2,-5,-0.13430127,1
0.4,40,48.6,-0.4,51.4,-2,-1,-7,0.196153846,1
0,-2.2,12.6,0.6,26,-1,-2,-8,0.149019608,1
0,0,0,0,0,6,9,-1,0.075,0
0.333333333,-28.33333333,-8,5,384.3333333,0,2,-7,0.19047619,1
0.25,-14.5,-20,-0.5,-6.25,0,3,5,0.142857143,1
0,9,8.6,0.4,-44,1,5,-1,0.18245614,1
0,35.2,36.7,-0.8,1.6,0,-1,-6,0.096969697,1
-0.2,20.6,20.2,0.4,-81.8,0,-4,8,-0.0075,1
0.2,-19.2,-7.8,-0.8,-93.2,6,5,7,-0.143375681,0
0,21.2,66.4,3.6,512.8,3,2,-1,-0.041666667,0
0.6,46,-0.4,-2,-48,1,-1,-2,-0.007692308,0
0.2,27.2,9,-2.8,-250.4,5,5,2,-0.077142857,1
-0.4,30.2,73.2,2,284.4,-2,-2,-1,0.055236729,1
-0.6,-43.2,-30.2,-0.2,-41.6,0,0,2,0.022608696,0
0.2,4.8,15.2,0.8,88.2,3,1,-14,0.286549708,1
0,39,40,1,60,-2,-1,-1,0.2,1
0,-78,-65,1,60,0,1,2,0.270833333,1
-0.6,-50.6,-48,0.6,21.8,-3,-3,3,0.056842105,0
0,12.5,24,0.5,-38,-2,3,-1,0.067226891,0
-0.8,86.2,98.3,-3.6,-192.8,2,-1,4,0.0625,1
0.4,-33.6,-33.8,-1.4,-94.8,1,0,-2,-0.05952381,1
-0.2,0.8,-15.4,-2,-161.4,3,3,7,-0.081818182,0
0.083333333,-46.5,-63.25,-0.5,6.25,0,-1,6,0.033799534,1
0,-13.2,-1.2,0.6,88.4,0,3,3,0.098850575,1
0,-6.2,39.6,3.6,201,0,0,5,0.104761905,0
0.35,51.7,32.6,-0.6,-110.15,-2,-2,4,-0.304347826,0
-0.4,-4.4,-7.4,2.8,11.8,-5,-7,5,0.237068966,1
0,6.8,22.2,0.2,-20.2,-1,-4,-8,0.347222222,1
-0.2,-1,-13.8,0.2,-96,1,-5,-1,0.101449275,1
-0.3,-3.3,43.8,1.6,260.25,0,1,10,-0.165865385,0
0,36.2,27,0.6,33.6,0,2,7,0,0
0,-21,-29.8,0,-46.4,1,-2,0,-0.02962963,0
0.266666667,32.93333333,38.6,0.333333333,30.86666667,3,3,-7,0.234767025,1
1.333333333,15.33333333,-11.66666667,1,-349,2,3,4,-0.035714286,0
0,3.066666667,-6.8,-2.733333333,-224.6,4,6,12,-0.191304348,0
0,-13,-19,0,171,2,1,3,-0.32,0
0,0,0,0,0,-1,0,-6,0.132352941,0
-0.2,-32.6,-8.2,1.6,146.8,-1,3,5,-0.037878788,0
0,3.8,-13.4,-1.4,-126,-3,-4,1,0.211904762,1
-0.2,12.2,8.2,2.8,88,-2,-2,5,0.332167832,1
0.5,-4,-4,-1,-52,0,-3,1,0.116666667,1
0,-28.5,-43,-0.5,-29,2,5,3,-0.113636364,0
0,0.5,10.5,0,230.5,1,2,4,-0.007936508,1
0,-16.8,12.6,0.4,120.2,1,1,-4,0.115789474,1
0.4,-28.86666667,-58.53333333,0.2,-54.8,-2,3,-1,-0.129090909,1
0,-8.2,34.4,1,364.6,2,1,-4,-0.024122807,1
0.333333333,-15.66666667,-29.66666667,-0.666666667,-7.666666667,-2,-4,10,-0.375,0
0.2,4.25,-34.35,-2.15,-319.35,-3,-4,8,-0.240853659,0
0.2,-11.8,1.6,1,86.2,0,1,-3,0.005882353,0
0,21.25,28.25,0,65.25,1,2,6,-0.035326087,0
0.2,-24.8,-20.4,1,39,-5,0,0,0.033653846,0
0,-11,0.2,0.4,78.2,-1,-1,9,-0.025641026,0
0,13,25,1,-47,0,-3,3,0.012820513,1
0.4,-9.2,20.4,0.6,228,1,-1,9,-0.069444444,0
0,15.66666667,1.666666667,1.333333333,113.3333333,2,5,6,-0.225,1
0.4,-0.6,-9.666666667,-1.133333333,-89.26666667,1,2,2,-0.182608696,0
0,20.5,36,1,129,-3,-10,-6,0.069230769,1
0,29,47,1,60,3,2,-1,0.133333333,1
0,-144.6,-103.2,0.6,187.4,4,-1,-3,0.094549499,1
-0.8,11.2,28.2,0,24.6,5,1,-7,0.017777778,1
0.933333333,-37.66666667,-40.8,-0.2,-25.33333333,-4,-5,-6,0.116402116,1
0.4,-30.8,-41.6,-1,-108.6,0,-1,-8,-0.025362319,1
0.2,-20.6,-25.4,1.4,-91.2,2,-2,-9,0.038647343,0
0.6,-10.5,-9.3,0,25,0,3,3,-0.093333333,0
0.25,-19,-9.25,0,14.25,1,3,-2,0.006060606,1
0,-41,-34,-1,-134,1,-1,6,-0.075757576,0
0.4,2.4,-12.2,0.4,55,2,5,8,-0.057692308,1
0,37,50,1,49,1,1,-3,0.071895425,1
-0.25,23,16.5,1.25,113.35,-2,-2,-4,0.098901099,1
0.2,18.4,5,-0.4,8.6,0,4,-3,-0.180952381,0
0.6,-1.8,-17.8,1.4,113.8,-2,-4,6,0.041958042,0
0.4,-20.2,-50,-2,-232,0,1,10,-0.031813362,0
0.4,-6.4,-51.2,0.8,31.2,4,3,-3,0.105590062,0
-0.2,-7.8,13.6,-0.6,-3.6,4,5,1,-0.03027027,1
0.6,6,3.8,-0.2,-83.2,-1,-1,0,0.060869565,0
0,-24,-11,0,-51,-1,-6,-11,0,0
0,0,0,0,0,-4,0,0,-0.040935673,0
0,0,0,0,0,3,2,2,-0.052995392,1
0,0,0,0,0,0,1,-2,-0.221590909,0
0,0,0,0,0,-1,-2,-1,-0.133333333,0
-1,0,45.8,1.6,240.9,-3,-4,-3,0.230769231,1
0.5,-0.5,1,1,338,3,8,-4,0.147368421,1
-0.2,38.6,90.6,2.6,405.4,-2,-3,12,0.035714286,0
0.6,-14.2,-21.6,-0.8,-66.4,-2,-2,6,0.114583333,0
0.2,20,19,-0.8,31,-5,-9,1,0.035764376,1
-0.2,25.4,30.6,0.6,53.2,4,5,8,0.061505832,0
0,-7.4,-9,0.8,-20,-3,-6,5,-0.08004779,0
0.2,-3.4,2,1.2,220.4,-2,1,15,-0.055749129,0
0.8,19.4,4.8,0.6,41,5,3,0,-0.132352941,0
0,-15.6,-32.6,-0.2,33.8,-1,-1,1,-0.102678571,1
0,-40.33333333,-26.66666667,-0.333333333,-72,0,-4,-10,0.164285714,1
0.2,0.533333333,-2.8,-1.6,-189.3333333,0,-3,10,-0.131868132,0
-0.2,1.8,2.8,0.2,-53.4,1,7,-4,0.088362069,0
-0.5,24.75,38,0.25,-7.75,-2,-2,-1,0.089230769,1
0.4,-13,-25.8,0.6,-70.6,0,-2,-7,-0.147826087,0
1.5,67.5,62.5,0,12.5,-6,-5,-10,0.214285714,1
0,-5,-9,-1,-45,-3,3,2,-0.227368421,0
0,66.6,58.4,0.2,-74.2,-2,1,5,-0.003968254,1
0.2,29,32.4,-2,-296.6,-4,0,-3,-0.08676307,1
0.333333333,-9.2,-9.266666667,-0.133333333,37.46666667,-1,-3,0,0.013157895,0
0,-11.8,-8.4,0.6,-37.4,1,1,-3,0.134615385,0
-0.6,-48.6,-42.66666667,1.6,128.9333333,1,2,-9,0.142307692,1
0,44.5,38.5,0,36.5,3,-2,4,0.105769231,1
-0.2,12.6,27,0.2,-1.6,3,4,-7,0.055921053,0
0,0,0,0,0,-3,-6,5,0.083333333,1
0,-62,-35,-1,209.5,0,2,2,0.119047619,1
0,-13,44,0,104,-2,-6,3,-0.027777778,1
0,57.5,99,0,42,2,2,-1,0.066153846,1
0.2,-45,-41.4,-0.8,-40.6,-2,1,7,-0.138888889,1
0.2,-2,-2.6,1.4,-0.4,-3,-2,-5,-0.004273504,1
0,-9.333333333,-10.66666667,0.666666667,111.6666667,1,1,3,0.157894737,1
0,-18.8,-19.8,-0.8,-15,-3,-1,1,-0.121212121,1
0.2,-46,-43,-0.2,6.6,-2,-1,-2,-0.008837209,1
-0.266666667,-20.73333333,-16.93333333,0.466666667,46.8,0,-2,1,-0.088888889,0
0.333333333,15.33333333,-30.66666667,-1.666666667,-197.6666667,0,5,4,0.033333333,0
0,9.6,18,0.6,79,-2,-2,-2,0.154385965,0
0.2,-6.2,-74.8,-5.8,-393.6,0,1,3,0.013377926,1
-2,38.6,64,3.6,238,-5,-1,5,0.151515152,1
0.333333333,10,-46,-4.333333333,-685.3333333,1,3,-3,-0.093333333,0
-0.75,0.25,8.25,-0.5,29,0,0,1,0.01061008,0
0,13.75,34.75,1.75,222.5,1,0,0,0.125,1
-0.2,-6.8,-4,-0.4,-76.6,-1,3,9,-0.188043478,0
0.333333333,-51.66666667,-127.8666667,-0.533333333,-252.9333333,1,5,-7,0.160477454,1
0.2,11,2.4,0.2,-57.6,1,1,4,0.108333333,1
-0.466666667,-29.86666667,-30.73333333,-0.266666667,-28.8,-1,-2,2,-0.102006689,0
-0.3,8.1,51.3,1.5,319.1,3,1,3,-0.181818182,0
0,-25,-22.5,-1.5,-172,2,0,-11,0.328431373,1
-0.4,3.2,10.2,0,-16,-1,2,1,0.082706767,1
0.4,-7.2,-18.4,-0.8,-72.8,6,-1,-10,0.114845938,1
-0.1,24.9,26.25,-1.2,-30.55,0,-1,7,-0.022727273,1
0,61.2,110.8,0.8,218.6,1,-2,4,0.027692308,1
0,11.4,22.2,2.2,176.6,0,1,-3,-0.142857143,1
0,0,0,0,0,1,-2,-3,-0.107142857,1
0,53.6,44,0,-5.6,-3,-6,9,0.002683363,1
-0.2,17.8,36.2,-2.6,-394.6,4,2,-5,-0.053061224,0
0.6,4,7.4,0.8,74.4,-2,-4,-3,0.13037037,1
0.2,5.2,8,0,44.4,-1,-9,-1,-0.217391304,0
-0.6,58.6,47,-0.8,-163.2,-1,1,0,-0.083591331,0
0.2,17,22.6,0,27,-1,-1,6,-0.155677656,1
-0.466666667,54,74.46666667,-0.266666667,5.466666667,-3,-4,1,-0.007058824,0
0,-50.6,-36.6,1.2,155.2,1,1,9,-0.061497326,1
-0.2,-8,-12.8,1.2,50.2,-2,1,2,-0.066666667,1
0.4,23.6,9.6,-4.4,-305.8,0,0,7,-0.140151515,1
0,14.2,38,-1.4,-62.2,-2,0,8,0.040650407,0
0,59.5,67.5,6,125.5,0,-1,1,0.030769231,1
0,24.5,9.5,-0.5,-31,-1,-1,11,-0.111888112,0
0,10.5,-7,0,13,-1,-2,-7,0.346153846,1
0,16.6,9.8,-3.2,-67.4,4,8,1,0.066666667,1
0.2,-2.6,0.4,0,-2.8,0,0,2,-0.317460317,0
0.1,-11.6,-14.6,-1.2,-33.7,1,4,-10,-0.119047619,0
0.8,3.5,-1.3,-0.4,-103.4,-2,-1,-9,0.164835165,1
0,-28.6,19.8,-1,-53,5,4,-3,0.111304348,1
0,-20.4,-21.2,-0.6,-107.2,-3,-3,3,0.030360531,1
0,4,0.4,0,-54.8,0,2,4,-0.134615385,0
0.5,45.5,93.5,1,76,3,1,0,0.02991453,1
0,-34.33333333,-40.5,-0.666666667,74.33333333,-4,-10,8,-0.071052632,1
0,29,44,6,458,1,4,-7,0.151515152,1
0,56,61,1,7,-5,-6,4,0.013888889,1
-0.266666667,36.8,35.73333333,0,-18.6,0,1,-2,0.015086207,0
-0.4,-34.8,3.8,1.2,202,-3,0,2,-0.152380952,0
-0.1,17.15,29.2,0.1,23.3,1,1,-3,0.053030303,1
-0.8,0.8,3.6,0.8,54.8,-3,1,10,-0.082150101,0
0,30.4,25.8,-0.8,-219.6,2,3,6,-0.073573574,1
0.2,18.4,21.2,0,-48.6,-4,-1,-2,-0.026455026,0
-0.4,33.2,34.6,-0.6,-59.2,-1,-2,2,0.073529412,0
-0.4,7.133333333,41.46666667,2.533333333,366.4,0,4,-9,0.238636364,1
0,8.866666667,17.8,1.866666667,176.7333333,0,1,5,-0.008097166,1
0.3,9.5,22.9,1.6,100.3,1,0,0,-0.165441176,1
-0.666666667,48,62.33333333,0.2,58.33333333,0,-1,-1,-0.072115385,1
-0.4,0,-8.2,-0.2,-98.4,-1,-3,1,0.206766917,1
-1.4,16.6,-24,-3.6,-354.6,-3,-5,3,-0.073333333,0
0.333333333,34.06666667,20.73333333,-0.133333333,-124.2,4,-1,4,0.066666667,1
-0.6,56.6,71.2,0,-8,2,0,0,-0.010869565,0
0,-54.2,-28,1.6,183.4,2,6,-1,-0.126086957,1
-0.133333333,-5.2,-26.93333333,-1.4,-148,-1,0,4,-0.114705882,0
-0.5,29.58333333,4.166666667,2.916666667,381.8333333,-3,-2,0,0.007894737,1
0,-5.1,33.9,0,224,2,0,-10,0.027472527,1
0,4.4,23.8,1.6,87.8,-4,0,-6,0.139130435,1
-0.133333333,2.866666667,23.6,1.2,71.86666667,-1,-4,1,0.00877193,1
0,-19.8,11,-0.4,-135.4,2,2,-7,0.095238095,1
0,-2.666666667,-18.66666667,-1.333333333,-149.3333333,1,0,3,-0.057692308,0
0,1,-5,2,-22,1,-2,5,-0.006060606,0
0,-17.5,-9,-1,-81.5,-1,2,-10,0.090909091,1
0,58.4,58.8,0,-41.2,3,2,6,-0.17259552,0
-0.4,10.8,19.6,0.6,97,3,-1,1,0.035,0
0,-25.6,-19.8,1,11.6,0,-2,1,0.343434343,1
0,-1.5,-4,0,119,4,1,0,0.047058824,0
-1.2,36,42,0.4,44.6,2,0,2,0.018181818,0
-0.2,29.2,33.2,-0.4,-51.8,-2,1,-1,-0.122807018,0
-0.2,46,16.8,-0.8,-186.4,2,2,6,-0.101293103,0
0.5,-30.3,-80.3,-1.7,-149.2,6,7,-4,-0.064102564,0
0,23.53333333,24.2,0.266666667,68.06666667,1,-1,-7,0.008333333,0
0.2,-11.8,-11,1,103,3,-2,4,-0.146153846,1
0,-14,-21,1,5,-1,2,-3,-0.035714286,1
0.4,15.2,-16.2,-0.8,-73.8,0,4,2,-0.199559795,0
-0.8,37.8,20.6,-0.8,-1.6,1,4,-3,0.050724638,1
0.4,31.2,64.8,2,207.2,-4,-5,1,-0.057142857,0
0.2,-10.4,-6.6,-1.4,186.4,0,2,1,-0.095402299,1
-0.25,-7.75,-12.4,-1.3,-82.15,2,3,2,-0.116666667,0
-0.2,9,5.4,-0.2,-47.8,1,0,4,-0.072413793,1
0.25,44.5,11.5,-2.25,-591,1,0,3,-0.13003096,0
0,20.8,20.4,-1.2,-183.4,-1,-2,3,-0.007569386,0
0,20,0,0,162,-2,1,4,-0.057142857,1
0,27,32,0,12.5,2,-5,2,-0.057142857,1
0.5,-6,-10.75,5.25,258,0,-1,-10,0.363636364,1
0,69,73,0.8,53.2,-2,2,-12,0.175213675,1
0,-3.4,9.8,-1.4,-105.4,1,-2,-7,0.111904762,1
0.4,-4.8,-2,-0.2,34,0,0,11,-0.078181818,0
0.4,-17.6,-25.2,-0.4,-102.6,1,3,3,0.021671827,0
0,-156,-184.4,1.2,-16.8,-2,-2,5,-0.044407895,1
0,-19,-21.2,0.6,-43.4,3,1,0,-0.114130435,0
1,23,51.3,0.2,-18.9,0,-2,-6,0.130952381,1
0,-19.33333333,-35.66666667,-0.25,-59.75,3,3,-2,0.072727273,0
0.5,-13,-29,0,90.5,-3,-1,0,0.16722408,1
0,1.8,-17,1.8,35.2,-2,-1,0,0.199095023,1
1,-25,-49.5,1,206.5,1,2,-9,0.315789474,1
0,3.333333333,25,0.333333333,151.6666667,5,3,11,-0.380952381,0
0,-24,-42.2,-1.2,111,-1,0,-4,-0.029761905,0
0,12.2,7.6,-0.2,-112,6,8,-12,-0.016016016,1
0.1,54.05,43.45,0.5,-37.95,0,-3,3,0.242474916,1
0.4,18.2,16.2,-0.8,86.2,3,4,-3,0.016339869,1
0.166666667,72.66666667,65.16666667,1.666666667,23.83333333,1,3,0,0.266666667,1
0.666666667,2.666666667,10.33333333,0,-6,-1,4,4,-0.150862069,0
0.2,-15.4,-14,0.8,81.2,-4,-7,-5,-0.125374625,1
-0.2,0.4,10.6,-0.2,2.8,-2,-1,-4,0.063636364,1
-0.2,4.4,28.6,0.4,48.4,-1,2,6,0.012121212,0
0,-7,-8,-0.6,-9.6,-1,-2,-3,-0.076190476,0
-0.6,-3.6,2.2,0.6,71.2,-3,-5,15,-0.044444444,1
0,2,2.2,0.2,-24.8,3,3,5,0.016666667,1
0.25,-49.75,-48.75,-1.75,-80.75,0,5,4,-0.055555556,0
0,-32.4,-67.4,0.8,-138.8,-1,1,-1,0.009009009,1
0,37,56,1,55.66666667,4,1,-8,0.166666667,1
0.4,13.46666667,16.26666667,-0.666666667,-87.66666667,0,-5,1,-0.108294931,0
-0.4,-38.4,-35,2.6,108.2,-1,1,-3,0.252723312,1
-0.25,6.85,-39.85,-1,-102,3,1,2,-0.065756824,1
-0.6,-68.2,-75,-0.4,53.2,3,3,3,-0.082125604,1
0,-26.2,-30,-0.4,-32.8,1,2,-3,0.085714286,0
0,1,71,0,62,-2,-5,10,-0.113333333,1
0.5,4.6,6.35,-0.9,-142.4,1,5,-2,0,0
0.8,-54,-36.4,4.6,341.2,-4,0,4,-0.15625,0
0,2,2,0,0,-5,-4,0,0.032467532,1
0.2,36.4,94.2,0.6,185.6,1,0,-1,-0.074131274,1
0.2,11.6,-15.6,1,132.2,-1,-6,-2,0.348837209,1
0.4,-51.6,-62.4,1,35,-1,-3,-2,-0.121428571,0
0.4,17.6,-28.4,-2.2,-306.2,-2,-4,3,-0.035326087,1
-0.2,-5.8,-7.8,-4,-127.8,5,7,1,0.076344086,1
0,-0.4,17.6,-1.6,40,-5,-1,-2,0.060160428,0
0,-16,-22.5,0.5,158.5,-1,1,5,0.179487179,1
0,1.8,10.8,-1,-78,-1,-3,0,-0.041666667,1
-0.333333333,42.46666667,41.53333333,0.6,47.06666667,6,3,-2,-0.131752306,0
0.2,14,25,0,59,-4,-3,-7,0.366666667,1
1.8,32.2,46.6,-1.4,4.4,1,-2,5,-0.010582011,0
0,8.666666667,-9.333333333,1,52.66666667,-1,3,-5,0.184615385,0
-1,38,50.5,0.5,88,-2,-4,-1,-0.125,0
-0.8,69.4,73.4,0.6,40.2,2,6,3,0.214492754,1
0.2,-20.4,-53.8,-1.6,-307.4,0,-1,3,0.094827586,1
-1,18.5,30.7,-0.7,84.45,5,-1,-2,0.05952381,1
-0.3,-8.9,-13,-0.1,15.7,0,-1,3,-0.086842105,0
0,0,0,0,0,1,0,-3,0.133333333,1
0.6,1,12.8,-1,43.8,3,0,-2,-0.105714286,0
0,0,-23.75,-0.5,-148.5,2,3,1,0.133333333,1
0.2,25.8,30.8,0,2,-2,-4,10,-0.083333333,0
0,-15.75,-17,-0.75,-4.25,3,5,-1,0.018181818,1
0,-2.5,1.5,1.5,169.5,0,2,-5,0.162105263,1
0.4,-8.6,-4.6,-1,-27.4,-3,-1,4,-0.060386473,0
0,-27,-26.5,0.5,55,1,2,6,-0.241758242,1
1.2,38.6,71.4,-0.2,60,-2,2,4,0.054285714,0
0.6,31.4,23.8,-0.6,-138.8,-2,-5,-7,0.062200957,1
0.4,11.8,-64,-7.2,-148,1,2,5,-0.045787546,0
-0.4,7,3.4,0.4,33.4,0,-1,-2,0.100877193,0
0.4,17.5,22.3,0,26,1,4,-2,0.128205128,1
0,14.8,41,-2,-95.4,1,3,5,-0.127413127,1
0.4,-17.8,-58,-0.8,-215.2,3,7,8,-0.004137931,0
0.5,11.08333333,37.58333333,-0.666666667,-61.33333333,3,5,-1,0.171014493,0
0,-54,-4,4,334,0,-7,-4,0.102564103,0
0,19.33333333,29,-0.5,-47.83333333,-1,0,-4,0.17251462,1
0.333333333,30.66666667,27,-0.333333333,-8,0,2,0,0.095975232,1
0,-67,-74,-0.5,-45.5,-2,0,-5,-0.058823529,0
0.6,3.2,10.4,-0.8,57,0,2,-7,-0.180672269,1
-0.333333333,-1.166666667,-7.916666667,-0.416666667,13.33333333,-2,-2,6,-0.103529412,1
0,0,0,0,0,0,-2,3,0.096153846,1
-0.8,7.2,73.6,0.4,220,2,4,-1,-0.391304348,0
-0.4,17.6,-23.2,0.2,-167.2,1,-2,6,0.042857143,1
0.25,24.15,32.3,-0.5,-10.3,-1,-3,-2,0.000957854,0
0,46,27,-3.6,-260.4,1,3,8,-0.207430341,1
1,16,72,-1,404,1,-1,1,0.326388889,1
0,-3,2.4,1.8,154.8,-1,0,-2,-0.011111111,0
-0.6,38.5,36.5,0,6,-6,-3,3,0.088888889,1
0,-13.6,-10.6,0.2,-17.4,0,5,-9,-0.009090909,0
0.2,-26.2,-31.6,1.8,145.6,-2,-2,7,0.011904762,0
0.2,-1,-0.4,0.6,239.6,0,0,-2,0.102608696,0
-0.4,28.6,42.8,0,4.2,-2,-3,7,-0.083333333,0
0.4,9.8,11.2,-0.6,-84.2,0,0,-1,-0.038509317,0
0,0,0,0,0,0,3,-1,0.05,1
0,0,0,0,0,-3,1,8,-0.009615385,0
0.2,1.4,-26.8,-1.8,-177.8,0,-1,4,0.022774327,0
0.666666667,0.333333333,-1.666666667,-0.333333333,11,-1,-2,-2,0.043636364,1
-0.2,8,22.4,-0.2,-3.8,2,1,9,-0.052941176,0
-0.4,59.2,63.3,0.8,127.4,3,4,-4,0.171014493,1
0,25.83333333,71.16666667,1.5,136.5,-4,-10,-7,-0.033333333,1
0,40.73333333,37.86666667,-1.666666667,-106.0666667,0,-2,-3,0.009615385,1
-0.2,-13.6,9.8,-1.4,-132,-2,0,-1,-0.137218045,0
-0.6,29.2,51,1.8,165.2,3,1,0,0.043074324,1
-0.15,2.05,1.1,0.6,45.4,0,-5,7,-0.162248144,0
-0.2,22.4,5.8,0.6,-30.2,-1,2,2,0.119047619,1
0.2,15.4,26.4,0.6,92.6,-1,-1,-4,0.279710145,1
-0.4,38.8,47.6,0.2,6.8,-2,-3,2,0.087719298,1
-0.1,16.8,19.2,0.2,15.6,0,2,2,0.026162791,1
0,-4.25,10.75,0.75,173.5,4,9,1,-0.325,0
0.4,12.1,13,-2.75,-137.05,2,0,6,0.023923445,1
1,-14,-31,-1,5,-1,2,-10,0.333333333,1
-0.2,-14.6,-4.6,0.25,-7.35,1,-2,-6,0.164772727,1
0,-0.75,-6.25,-0.5,70,-3,3,2,0.152380952,1
0,21,50,2,391,0,-5,-6,0.3,1
-0.2,15.8,39.4,2.6,264.4,-1,2,2,-0.041666667,1
-0.666666667,3.533333333,16.86666667,1.2,80,3,2,-1,-0.021390374,1
0.5,0,-53.25,-0.5,-121.25,1,2,0,0.084615385,1
-0.4,-13.4,-1.6,0.4,114.2,-2,-2,-5,0.039399625,1
0.2,29.66666667,35.6,1.133333333,-16.26666667,0,1,2,0.036363636,1
-0.4,-28.8,-28,1,27.6,1,1,2,-0.094508301,0
-0.25,44.33333333,55.91666667,2.666666667,110.5,3,2,0,0.067150635,0
0,-16.8,-13.6,2.6,192,1,3,-7,0.071969697,1
0.2,37.8,28.4,0.4,45.8,-3,0,-7,0.149350649,1
0,-14.85,-45.95,-1.45,-122,-2,1,4,-0.012820513,0
1,-38,-57,-1,-49,-2,0,-9,0.28,1
0.75,-10,1,-0.5,-39.5,2,6,3,-0.054919908,1
0,6,8.5,0,-45.5,2,7,1,0.2375,0
0,-3,-7,1.4,34,0,-3,2,-0.022222222,0
0.4,-3.6,-18.2,1.2,-0.2,-3,-2,1,-0.015873016,0
-1,41.2,49,0.6,128,-1,-3,1,-0.169354839,0
0.4,-3,-3.6,0,27.6,1,1,-4,-0.107142857,1
-0.05,-5.5,4.7,-0.25,-50.2,0,-2,6,-0.09037037,1
-0.4,52.8,62.8,0,-31.2,2,6,4,0.153333333,1
0,2.8,0,-0.2,-97.4,-1,2,3,0.028985507,1
0.8,5.55,-5.5,-1.35,-149.5,3,-4,-5,0.102941176,1
-0.2,-13.4,-12.8,2,18.2,-2,-2,3,-0.09137931,1
-0.333333333,66.16666667,99.58333333,-0.666666667,72.5,3,0,-1,0.019607843,1
-0.6,46.8,43.4,-1.2,-104.6,-1,-2,5,-0.014285714,1
0.4,1,-34.33333333,-0.733333333,-170.5333333,1,1,7,-0.019607843,0
0,-7.2,-9.8,-0.4,69.4,3,4,11,0.017786561,0
0,12.2,43,2.6,358,0,-1,9,-0.111644658,0
0,-96,-65,1,611,-2,4,-3,0.251879699,1
0.6,5.2,8.6,0,7.8,-1,-2,7,0.045962733,0
-0.2,-6.8,6.2,0,48.4,0,2,-3,-0.025974026,0
-0.5,-68.25,-168.5,-1.75,-112.25,-1,-3,6,0.152777778,1
-0.2,13,12.8,-1.8,-87,-2,-1,8,-0.124125874,0
0,-41,-54.5,-1.5,-1,0,-3,0,0.011111111,1
0,-20.4,-37.6,0.2,176.2,1,0,3,0.214285714,1
0.5,23,19.5,-1,-49.5,5,4,2,0.156862745,1
0.2,28.8,22,-0.2,-83.4,4,9,-2,0.1,1
1.5,25.5,-40.5,5,412,0,-1,3,0.030769231,0
-0.2,24.4,33,-0.2,-4.2,5,3,-5,0.16091954,1
0.2,-59.8,-53.8,0.8,72.2,-5,2,3,0.099539171,1
-0.3,65.1,40.6,1,62.7,-3,-3,-4,-0.006944444,0
0,-6.4,-62,0.2,20.8,-1,2,7,0.052173913,0
-0.8,27.2,27.6,0,2.8,-5,-7,8,-0.19047619,0
-0.4,22.2,26,1.2,-5.8,-8,-6,4,0.089285714,0
0.4,-20.4,-7.6,0.2,106.4,-5,-2,0,-0.012578616,1
-0.166666667,-35.66666667,-52,-0.666666667,-43.66666667,5,1,-4,0.238562092,1
-0.6,19.9,28.4,-0.8,10.4,0,-2,7,-0.248251748,0
0.8,37.75,19.45,-1.75,-124.8,-1,1,6,-0.129310345,0
0,34.2,37.4,-0.4,-109,1,1,12,-0.305429864,0
0,2.65,-0.25,1.15,209.05,-2,-2,6,0.026190476,0
-0.05,19.95,54.7,0,215.9,-3,2,-6,0.022546419,0
-0.333333333,33.73333333,51.26666667,0.933333333,128.4666667,2,3,7,-0.326086957,0
0,28.33333333,36,0.333333333,83.33333333,1,0,-1,-0.075098814,1
0,-13.6,-31.4,-2.6,-170.4,-1,-1,-5,0.053571429,1
0.666666667,6.833333333,60.16666667,-2,-87.33333333,2,3,5,-0.107894737,0
1,20.75,14.75,-3,-180.5,-2,2,2,-0.006060606,1
-0.25,21.75,4,0,-86,4,0,4,0.333333333,1
0,-36.75,-20,-0.75,153.25,-1,-3,-4,0.157563025,1
-0.133333333,4.533333333,-13.73333333,-1.933333333,-151.6,2,2,-6,0.016025641,0
0,-17,-13.5,-2,-126.25,-2,0,-5,-0.053846154,0
0,-32.4,-6.4,0.8,132.2,-3,-3,7,-0.242105263,0
0,-4,-5.75,-0.75,-127.5,-1,-6,-3,0.055137845,1
-0.8,52,60.6,0.4,23.2,5,2,-3,-0.063030303,0
0.2,37.8,0.8,0.6,150.4,-1,-6,8,0.008837209,0
0.8,-37.6,-113.4,0.4,-258,-1,1,-5,-0.011904762,1
-0.75,19.25,52.25,1.75,280.5,-1,2,1,0.166666667,1
0.25,-21.41666667,-17.41666667,-2.333333333,-79.58333333,-1,-3,2,-0.15,0
1,-17.5,-69.25,0,-104.3333333,-2,0,-6,0.011857708,1
0,10,40,1,304,3,3,8,-0.013888889,0
-0.1,51.4,67.4,1.1,18.5,2,1,2,-0.143084261,0
0,-6.8,-9.4,0.6,42.13333333,1,5,-8,-0.0075,1
0,24.66666667,32.66666667,-0.333333333,-108.6666667,1,2,-1,0.104545455,1
0.4,-8.2,-40.4,-1.6,-183.6,1,5,5,-0.124137931,0
0.25,-29.75,-10,-3.25,-35.25,6,7,0,-0.033333333,1
0.25,0.8,7,0.45,-6.05,0,0,5,-0.020050125,1
-0.8,1,52.7,1.1,283.5,-1,-4,13,-0.079150579,0
-0.6,13.8,50.8,1.4,-31.2,-1,-2,5,0.003030303,1
0.2,-60.8,-60.2,1,5.2,-2,-2,-2,0.104761905,1
0.266666667,-10.46666667,-24.46666667,-1,-161.7333333,1,1,0,-0.066666667,0
0.8,5.4,-22,-2.4,-231.8,1,-3,-9,0.087912088,1
0.266666667,4,15,0.8,85.53333333,2,1,2,-0.154385965,0
0,12.5,-25,-1,-124,0,-4,-7,-0.125,1
0.2,10.93333333,-42.93333333,-4.266666667,-367.7333333,5,2,0,0.060606061,1
0,8.6,50.6,1.4,269.4,2,3,2,-0.07254902,1
-0.5,12.5,29.5,3,132.5,2,2,-12,0.016203704,0
0,0,-13.33333333,2.666666667,164.6666667,-1,-4,7,-0.181818182,0
-0.2,35.8,31.6,0,25,5,2,0,0.065714286,1
0.2,-2,-45.4,-3.6,-286.2,0,-1,3,-0.344827586,0
0,7.8,11,-0.6,48.2,0,0,0,0.035714286,0
-0.2,16.4,-0.4,0.4,-94.2,-3,0,-5,0.144615385,1
0.25,-8.25,-4.25,0.25,-7.666666667,2,8,0,0.090909091,1
0,-0.4,-11.4,-0.6,151.6,-3,2,7,0.145380435,1
0,8.8,22,0.6,180.2,1,1,1,-0.032051282,0
0,5.166666667,38,-0.083333333,22,1,-3,3,-0.155789474,1
0,-11,-14,0.6,226,4,3,5,-0.008064516,1
0,-48.5,-56,-1.5,-104.5,2,1,3,-0.175438596,0
-0.6,-7.7,16.5,-3.6,-37.6,4,2,-2,0.03125,0
1.5,76.5,111,-0.75,107.5,2,3,-9,0.237458194,1
0,7,22.66666667,0,-62.33333333,0,-2,-3,0.275789474,1
0,17,66.6,3.8,470.5,-1,-1,-7,0.208333333,1
0,7.4,14.6,0.4,65.2,0,1,10,-0.068181818,0
0.4,-0.8,-8.2,-1,-34.2,-1,0,7,0.086111111,0
1,-32.5,-48.25,-0.5,-111.25,2,6,6,0.010233918,1
0,-12.1,0.2,-2.1,-174.6,4,6,3,-0.180952381,0
0.2,-20,-51,-1.6,-51.6,3,2,4,-0.076923077,0
0,47,55,0,188.5,6,6,-7,0,1
0,-53.75,-68.75,0.75,-32,3,4,-6,0.237458194,1
-0.3,16.5,21.3,0.6,79,-2,2,8,-0.066666667,0
0.4,22.6,22.6,0,0.2,1,0,-4,0.144615385,1
0,6.25,8.6,-0.8,-82.2,5,5,-5,0.085714286,1
0,-11,-17.5,-0.5,-156.5,-2,-1,0,-0.031674208,0
-0.2,14.4,16.6,0.4,-132.2,-2,0,9,0.025,1
0.4,-13.4,-26.4,-3.4,-95.4,4,4,2,0.043137255,1
0.2,32.2,36.8,1.2,92.4,-1,1,6,0.026153846,1
0,20,16.6,-0.4,-0.6,5,2,5,0.1,1
0,7.6,-0.4,-0.4,-20.8,0,0,6,-0.1625,0
0,15,-15,1,44,-1,1,-5,-0.052380952,0
0,-2.2,-6.8,0,4.2,-2,-1,3,0.108333333,1
0,39.4,14.8,-2.8,-271.2,-1,-1,-3,-0.221291866,1
0,-56.4,-47.8,0.4,-13.8,0,0,-3,0.316742081,1
0,0,0,0,0,-1,2,-9,0.220095694,1
0,-37.5,-13,3.5,24.5,0,3,-6,0.115789474,0
0,-31.4,-18,0.8,199.2,-1,4,-1,-0.072752231,1
0.4,31.8,-33.6,-2.8,-253.4,4,2,-5,-0.032467532,0
0.333333333,-27.6,-31.26666667,0.333333333,50.2,-3,-5,-2,-0.005733006,1
-0.2,-2.2,14.4,0.8,191.2,-2,-4,2,0.058536585,0
-0.2,17.4,14,0.4,34,3,1,4,-0.009259259,1
0,9.4,11.4,0.4,-85.6,-4,-4,9,0.064449064,1
-0.25,-11.6,9,-0.25,130.75,4,5,-1,-0.179166667,1
0.4,-11.6,-9.4,0.2,59.6,1,-2,-2,0.024216524,1
-0.2,38.4,8.6,0.6,-147,-2,-2,-1,0.0725,1
0.5,-1.5,-19,-1,-36,-2,0,-1,-0.015151515,1
-0.5,11.5,21.66666667,2.166666667,356.3333333,0,-4,3,-0.018181818,1
0,-53,-63,1,-101,-1,-1,-4,0.035087719,0
0,19.75,34.58333333,-2.083333333,-135.5,0,0,1,0.052631579,0
0.333333333,-25,-42.66666667,-1,-55,-2,0,3,0,1
0,41.4,36,0.4,-30.8,0,1,5,0.033206831,0
0,-12.8,-16.6,-0.2,-20.2,0,-1,9,0.020989505,1
0.2,-5.4,-1.4,-0.2,-231,3,2,5,-0.10693302,0
0,13.4,56.4,-0.6,-47.6,-1,-4,6,-0.160477454,0
0,-0.7,-32,1.3,-46.4,0,3,1,0.070953437,1
0,34.6,66,0.4,124.2,0,0,-2,0.162068966,1
-0.2,-31.75,-22.75,3.25,350.3,-2,-3,-1,0.285714286,1
0,-8.5,-14.5,-3,-286,0,2,-7,-0.075163399,0
1,58.5,68.5,0,42,-3,-3,-1,-0.044117647,1
0,41,50,3,48,-1,1,-2,0.152941176,1
0.2,0.8,26.2,2.6,177.3,-1,3,3,-0.061538462,0
0.8,3.2,-3.8,0,50.6,3,3,4,0.115853659,0
0,6.8,-14.6,-0.8,-215.8,-3,-2,15,-0.088888889,0
-0.2,-0.8,-32.6,-1.6,-249.4,-2,-3,-3,0.29144385,1
-0.8,-31.2,-35.4,0.6,-47.2,0,2,3,-0.048421053,0
0.1,-57.45,-62.2,-0.2,-88.35,1,3,-1,0.076252723,0
-0.1,-8.9,-87,-0.1,-15.2,0,2,8,-0.176470588,0
0.2,3.6,7.4,-0.2,43.6,2,6,-7,0.104166667,1
0,79.5,81.5,2,95.5,-2,-2,-6,0.059210526,1
0,-17,-35,-1,-45,1,-1,2,-0.18627451,1
0.2,15.1,21.9,0,5.7,1,-5,-3,-0.128762542,0
0,6.5,-7,0.5,-163,-4,-2,-7,0.333333333,0
0.6,-3.8,-33.4,-2,-158.2,0,3,-3,-0.17044335,0
0,0,0,0,0,0,4,0,0.028070175,1
0.6,4.4,3.2,0.4,-19.8,2,0,2,0.047619048,0
0,-15.05,-6.75,-0.5,-116.65,-2,0,5,-0.059210526,1
0.333333333,14.33333333,61.66666667,2,394.6666667,2,4,7,0.101809955,1
0,10,-1,1,107,3,2,6,0.119047619,1
-0.4,2.8,36.2,-0.2,75.4,2,2,-2,-0.078804348,1
0,-62.4,-34.4,0.6,178,0,-1,9,-0.098290598,0
0,12.2,9.6,1,94,-3,-1,3,0.217105263,1
-0.25,10.75,21.58333333,3.5,211.75,-3,0,-9,0.181818182,1
0.5,-4.5,-20,-1,-53,-7,-2,5,-0.191919192,0
0,-29.66666667,5.333333333,0.333333333,38,-2,-1,-6,0.08,1
0,21.33333333,35,0,-154.6666667,-1,2,0,-0.147058824,0
-0.333333333,14.25,16.5,1.416666667,-77.08333333,-6,-7,-4,0.046296296,1
-0.2,63,52.6,0,-11.8,-1,-1,-1,0.190967742,1
-1.6,-26.4,-28.6,-1.6,-24.6,0,4,4,0.033333333,1
-0.05,12,10.9,0.2,27,-4,-4,8,-0.290322581,0
0,-36.8,-38.4,0,124.6,3,3,-4,0.109730849,1
0,2.8,23.26666667,-1.6,-5.333333333,2,0,2,-0.120300752,0
1,-100,-103,-4,-161,4,2,-4,0.319444444,1
0,-13,-22.75,0.5,38.75,-4,-1,1,0.235294118,1
0.2,-17.2,-20.6,0.2,12.8,-1,-1,-7,0.134615385,0
0,0.8,-11,-0.6,27.2,1,1,-1,-0.366666667,0
0,-20.85,-16.05,1,163.8,-2,0,15,0.233766234,1
0,-7.333333333,-1.666666667,-0.666666667,-165.3333333,1,0,7,0.307692308,1
0.2,-2.8,-10.8,-0.4,8.6,0,3,6,-0.115,1
-1.2,10,38.4,4.4,369.4,1,4,-2,0.160087719,1
0,20,16.6,0.6,-34.8,1,-1,8,-0.081904762,0
0.2,-60.2,-116,0.6,112,0,3,8,-0.022222222,0
-0.8,6.9,20.8,2.75,250.75,2,-2,1,0.257657658,0
-0.4,-3,22.4,0.8,110.8,4,4,-2,0.048913043,1
-0.8,28.8,33.2,1.4,92,-1,4,-1,0.175,1
-0.25,-97.45,-116.7,0.7,75.15,1,-1,14,-0.046558704,1
-0.15,35.05,32.3,0.6,77.5,2,-3,-2,0.052738337,1
0,0,0,0,0,-4,-3,-2,0.5,1
-0.333333333,-23.2,-12.8,-0.933333333,9.866666667,-3,-1,2,-0.189247312,0
0.6,2.8,17.53333333,1.2,83.2,1,-2,-1,-0.009230769,1
0,10.5,13.5,0,33.5,1,3,5,-0.073578595,1
-0.3,44.25,65,-0.3,-6.6,2,2,5,-0.053333333,0
0.4,-22,-48.8,-1,-115.8,-4,-5,-4,0.220916569,1
1,3.333333333,-26.33333333,-0.333333333,-81.66666667,2,2,-10,0.178733032,1
-0.5,-11.9,-6,0.95,186.4,1,-1,2,0.064347826,1
-0.25,38.85,22.1,1.8,-51.5,-2,-7,3,-0.051136364,1
0.333333333,-3.333333333,0.333333333,-1.666666667,-117.3333333,6,8,9,-0.315789474,0
0.333333333,16.53333333,14.26666667,-0.066666667,-105.4666667,-3,0,1,0.096153846,0
-0.266666667,3.333333333,8.333333333,0.4,31.86666667,0,-8,11,-0.155279503,0
-0.2,9.4,20.2,0.4,174.4,0,1,-5,0.102077687,0
-0.333333333,-15.25,-15,2.416666667,84.83333333,2,4,-5,-0.007142857,1
0,56,142,0,185,0,-5,-7,0.051282051,0
0,1,-9.333333333,-2,-203,0,3,-9,0.346153846,1
-0.4,9.2,-0.8,-0.8,-143.4,-1,1,8,-0.246376812,0
0,-35.2,-46,0.8,1.2,-2,0,9,-0.036363636,0
0.2,-11.8,-5.4,-0.4,38.4,-1,-2,-5,0.138888889,1
0.8,9.6,2.2,-0.2,-77.6,0,2,0,0.081818182,1
-0.1,31.1,28.4,0.2,-43.2,-2,-3,6,-0.028837209,1
0.666666667,-25,-25,0,-37,4,5,2,0.173611111,1
0.75,7,-10,-0.5,-17.25,3,8,5,-0.190283401,1
0,29.8,16.6,-0.6,-184.4,0,4,3,0,1
0.666666667,-19.66666667,-13.33333333,-0.333333333,164,-2,1,5,-0.309782609,0
0,-4.4,-62.6,1.8,152.8,1,-4,6,0.075268817,1
0.2,49.6,35.2,-0.2,72.25,4,5,0,-0.046822742,0
0.25,10,-2.75,1.75,115.75,-4,4,7,0.035947712,0
0,41,33.6,-0.8,-118.4,1,0,-13,0.111111111,0
0.333333333,58,63.66666667,0.333333333,103.3333333,2,6,-5,-0.4,0
-0.8,71.8,107,3.6,329.6,0,-2,-4,0.09965035,1
0,46.8,69.6,0.4,142.2,-3,-2,5,-0.087679516,1
0.8,31.2,14.4,-2.6,-324.2,1,5,8,-0.186602871,0
-0.2,-12.8,37.8,0.2,-49.2,4,5,-4,0.004103967,1
-0.2,3.6,39,1,177,-2,-2,-7,0.155797101,1
0.1,8.75,16.7,-1.85,-48.85,3,3,-1,-0.067307692,1
0.2,-7.2,-21.2,-1.2,-60.4,1,2,2,-0.052536232,1
-0.2,-10.8,-0.266666667,0.333333333,50.6,-5,-5,-2,0.166666667,1
-0.666666667,18.8,19.33333333,-0.066666667,71.66666667,1,-1,6,-0.019607843,1
0.2,3.6,46.6,-3,65.2,-2,-3,10,-0.35,0
0,13.2,16.9,-1.9,-181.1,0,-4,5,-0.221428571,1
0.066666667,-10,-9.333333333,-1.133333333,-42.4,2,4,2,-0.094252874,0
-0.4,43.4,42,0.2,0.8,3,2,7,0,1
0,-74,-33,1,254.8,0,-1,-5,0.305517241,1
0,-20,-12.4,-0.2,-145.8,3,5,9,-0.067307692,0
0,33.6,51.4,0,72.2,0,7,-1,-0.0875,0
0.2,20,44.2,2.8,252.2,-8,-5,-3,0,1
0,-29.5,-15,-1.5,-82.5,0,-4,2,-0.107142857,1
0,-44.5,-29,4.5,279.5,-6,-4,-3,0.079051383,0
1,12,-7,-1,-55,-5,1,-5,0.168831169,1
1,-28,-50.66666667,-0.333333333,-70,-3,-2,3,-0.138181818,1
-0.8,-35.4,-27.6,0.2,-5.2,-2,-3,5,-0.04125,0
0,-5,-10,1,55.33333333,-1,0,-5,0.176767677,1
0,0,0,0,0,0,3,2,0.039215686,0
-0.4,-14.4,-3.4,0,27.2,2,3,-1,-0.040322581,0
0,-1.5,30,0.25,245.5,0,-4,-5,0.267857143,1
0,65.83333333,74.66666667,1,116.3333333,-3,-4,3,-0.118577075,1
0.2,-16.6,-21.2,-0.4,76.6,-1,1,10,-0.047619048,1
0.4,10,11.4,0.2,33.4,0,3,-9,0.118421053,1
0.6,-54.4,-83.4,0.2,3.8,-3,-3,6,-0.184640523,0
0,33.5,31.1,0.1,143.7,-1,-4,1,-0.065384615,0
0,17.4,35.8,1,250.4,3,2,3,0.045454545,1
0.333333333,55.33333333,49.16666667,0.666666667,59.5,2,1,-1,0.054545455,0
0,26,45,1,59,-1,-6,5,-0.005952381,1
0,-16.33333333,-0.333333333,2.666666667,119.6666667,5,0,5,-0.083333333,1
0.25,4.25,3.5,-0.75,-29.5,2,2,0,0.253869969,1
0.2,-26.2,-28.2,-1.2,-105,4,7,1,0.077586207,1
-0.2,-3,-8,0.2,-6.8,1,4,8,0.05514316,0
0.8,-20.8,-74.8,-3.8,-373.8,-2,0,0,-0.052083333,1
0.4,18.4,12.4,-0.6,-78.4,-2,0,-3,-0.048433048,0
0.2,34.8,48.2,1.8,142.8,0,-1,9,-0.09,1
0,9.4,-2.533333333,0,-0.2,-1,-3,13,0.040752351,1
0.2,-19.93333333,-64.53333333,-1.666666667,-97.66666667,1,0,15,-0.289855072,0
0.25,-10.5,-2.5,1.75,165.75,0,1,-7,0.134615385,1
0,138.5,138.5,0,5,3,3,4,0.296969697,1
0,2,-14,-6,-402,2,2,-4,-0.085714286,0
0,26.5,13.5,-3,-290.5,4,3,3,-0.027272727,0
0.2,21.1,4.5,-2.6,-228.2,1,1,4,0.036904762,1
1,-19,-30,-1,152,-2,-2,2,0.264705882,1
-0.166666667,-8.333333333,-18.66666667,0.916666667,35.58333333,-5,-5,-4,-0.074404762,0
-0.4,-37.6,-5,0.8,72.4,0,1,3,-0.099673203,0
1.333333333,26.66666667,-42.66666667,-3.666666667,-516.6666667,-1,-4,5,-0.05,0
-0.5,2.5,33,0.5,88,1,1,-7,0.269230769,1
-0.2,0.6,19.4,-0.4,-49,0,0,9,-0.140819964,0
0,-6,5,0,-22,-1,-2,0,-0.266666667,0
0,0.2,-25.6,-0.8,-223.4,3,4,1,0.071212121,1
0,-5.5,-2,0.25,81.75,1,-3,-3,0.025862069,0
0.2,26.95,17,-0.25,-63.6,-3,2,0,-0.021008403,1
-0.4,-44.6,-43.2,0.6,-67.6,2,6,2,0.064814815,1
0,43.86666667,66.6,0.866666667,141.0666667,-1,2,9,0.132440476,1
0,21.66666667,23,-2.333333333,-392.3333333,-3,2,-6,0.112820513,1
-0.25,-28.75,-22.5,1.5,0.75,-5,-10,4,0.031512605,0
0,-23.66666667,-24,-0.333333333,67.66666667,1,2,2,-0.100478469,1
0.8,-77.8,-86.6,-0.2,-71.6,0,2,4,-0.016666667,1
-0.4,18.6,39.6,0.8,116.2,2,2,-6,-0.114583333,0
0.2,21.8,15.2,1,38.4,1,-1,1,0.022222222,1
-0.25,11.65,33.3,1.55,169.05,-2,-6,3,-0.058470765,0
-0.4,9.2,15.2,0.4,-83.4,0,5,-7,0.304347826,1
0.6,25,24,0.2,132.2,0,-1,0,0.026442308,0
0,0,0,0,0,2,2,0,0.142857143,1
0.75,-2.5,-0.5,3.25,256.25,1,-3,0,-0.00125,1
0,-7.8,-15.6,1,43.6,0,-1,2,-0.122171946,1
0,-67,-84,0,-113,1,6,4,0.108552632,0
0,9,6,1,236.5,-5,-5,-10,-0.239316239,0
-0.8,37.2,44.4,0,-2.2,-1,-2,0,-0.017316017,1
-0.2,-3.6,-6.4,0,2.6,-1,0,1,-0.00621118,1
0.5,-4.75,-9,-0.5,-83.65,4,1,0,-0.146153846,1
0,2,9.2,0.2,-31.8,5,4,0,0.072580645,1
0,1,-5,0,31,-1,4,-2,0.133333333,0
0,38.33333333,58.66666667,-0.333333333,65.33333333,4,1,6,-0.115942029,1
0,-9.666666667,-25,0,7.666666667,-2,0,7,-0.125,1
0.4,45.8,75.9,0,132.3,1,3,8,-0.100600601,1
-0.3,16.3,56.1,0.3,-62.7,-5,-7,1,0.016666667,1
0,17.53333333,16.46666667,2.2,124.3333333,0,3,-4,-0.029220779,1
-1.1,-8.7,-9.1,0.4,35.9,0,3,4,0.075738126,1
0.2,18.4,12,-1,-87.6,1,3,5,-0.173740053,0
0.6,-49.4,-56.4,0,-63,1,1,-2,0.220588235,1
0.2,-5.6,-11.6,-4,-206.2,-1,-3,10,-0.021778584,0
-0.333333333,29.73333333,34.4,-2.066666667,-23.66666667,-1,4,5,-0.131299735,0
0.4,14,-32.2,-2.2,-152,-2,-1,1,-0.025498891,1
-0.2,23.7,61,-0.8,32.6,-1,-2,-4,0.028735632,0
0.25,42,50.5,0,48.75,-2,-1,-4,0.044871795,1
0,-14.4,-18,0.6,193.8,-1,-2,11,-0.284848485,0
1.2,3.6,14,-0.2,34.6,1,-6,-7,0.026153846,1
-0.2,6.6,-0.4,0,29.2,-4,-5,3,-0.072115385,1
0,-57.16666667,-57.5,-0.166666667,-64.83333333,2,2,-3,-0.102173913,1
0,-40.33333333,21.83333333,1.5,-15.33333333,2,3,-1,0.133333333,1
0.6,-54.2,-57,0,45.6,1,2,0,0.015957447,1
0.6,20.4,-26.6,1,35.8,2,0,1,0.137218045,0
-0.2,-9.8,-3.2,0,113.8,-1,2,-4,-0.079347826,1
0.2,29.6,28.2,-0.4,-13,-4,4,-2,0.009009009,1
-0.6,-26,-17.8,0.4,89.4,-3,-3,-1,-0.049450549,0
1,-16.6,-33.4,-0.2,-32,-1,-1,6,0.104827586,1
0,11.2,1.4,-1.8,-65.2,-2,-3,-1,-0.19047619,0
-0.4,20,23.4,0,17.8,1,2,2,0.109730849,0
0.666666667,-24.83333333,-34,0,-47.83333333,2,3,-2,0.066993464,0
-0.4,-29.6,-23,1.066666667,-73.46666667,0,3,-3,0.096153846,1
0,-64.33333333,-110.6666667,-1.666666667,-462.6666667,-1,-1,2,-0.135869565,0
0.15,3.45,12.6,-1.55,-176.15,3,1,5,0.168181818,1
0.75,-33.25,-86.75,0,-46.25,0,3,-7,-0.127272727,0
-0.2,-12.8,6,1.6,293.4,-2,-2,-7,0.016666667,1
0.2,19.8,19,1,21.4,1,1,-1,-0.052227343,0
0.05,17.25,34.55,1.6,79.05,-1,0,2,-0.050420168,0
0.1,-31.6,-24.75,2.2,44.8,-2,-5,-5,0.027777778,0
-0.4,12.6,4.4,0.8,146.6,-5,-5,-1,-0.086666667,1
-0.8,22,33.8,0.4,154.2,4,0,-8,0.060606061,0
0,38.8,44.6,0.2,-2.2,-3,-2,2,0.166666667,1
0,-7.2,-0.933333333,1.466666667,58.86666667,-3,1,4,-0.093301435,0
0.333333333,-2,-4.666666667,-0.333333333,-1,1,2,-5,0.149925037,1
0.6,29.6,68.4,-1,-9.4,1,0,4,-0.025,1
0.5,9,3.666666667,-0.166666667,-34,-1,0,-1,0.116666667,1
-0.333333333,9.4,-0.666666667,-0.933333333,14.33333333,2,3,1,0.051630435,0
0,-40.25,-33.95,2.75,358,2,4,-10,-0.027777778,1
0,-20,-20.6,0.8,88.2,2,-2,-1,0.038461538,0
-0.2,-6.8,-6.2,0.2,17,2,3,-5,0.083333333,1
-0.25,-40.45,-64.35,1.75,226.25,3,3,5,-0.169230769,0
-0.25,58.25,59.3,-1.6,-388.65,0,-3,8,-0.183636364,0
-0.4,-12.8,-25.2,-0.6,-10.6,-3,-6,3,0.066666667,1
-0.933333333,7.133333333,12.8,1.8,121,1,-1,8,-0.059130435,0
0.5,-85.5,-77,-2.5,114,0,-2,4,0.057692308,1
0,22,13,1.5,143.5,-2,-1,-3,0.018181818,1
0,54.33333333,49.58333333,-1.833333333,-231.9166667,-1,0,-3,-0.022556391,0
0,-87.5,-62.5,-1,105,0,-2,2,-0.030364372,1
0,-19.25,-18.5,1.25,272.5,-1,-1,-5,0.128342246,1
0,-5.5,-27,5,-168.5,-3,-2,0,0.040441176,1
-0.4,140.6,136,0,-38.6,0,-2,1,-0.006349206,1
-0.2,45.8,9.8,-0.8,-152.2,3,3,4,0.048349057,0
0,-35.2,-28.6,0.4,-36.4,-1,-3,2,0.125,1
0.25,13.75,8.25,0.5,-7,2,-3,2,-0.035714286,0
0,17.2,15.6,-0.6,-44,1,-3,-8,-0.026666667,1
0,9.25,-7.85,0.6,63.55,-6,-7,-2,-0.206043956,0
0,-4,-13.6,-0.4,31,-2,-5,2,0.058333333,0
0.333333333,60.66666667,95.33333333,-1,4.666666667,5,7,1,0.139393939,1
0,36.4,62.4,-0.466666667,-43.2,3,5,8,-0.115384615,1
-0.8,19,21.8,1.4,108,2,5,-3,0.083333333,0
-0.25,8.25,-3.25,-2,-152.25,1,5,1,-0.014285714,0
1,-14.6,12,-2.2,44.8,1,4,1,0.067272727,1
0.4,-9.4,-23.8,-0.6,-78.4,1,2,-3,-0.184848485,1
0,-8.2,-24.4,-0.2,-91.4,-2,-2,11,0,0
-0.2,15.6,-24.6,-1.6,-253.4,1,5,-3,0.113333333,1
0.1,24.3,21.7,0,-64.8,3,-1,-2,0.14173998,1
0,-8,10,0.5,-4,4,3,1,0.128289474,1
0.2,-39.6,-55.2,-2.2,-147.4,0,-1,-1,0.006666667,0
0.333333333,-5.333333333,29.33333333,1,273.6666667,2,2,-2,-0.060606061,0
0.6,-31.66666667,-47.33333333,-0.466666667,-92.4,-1,0,-1,-0.047619048,0
0,18.5,21.5,0.5,-14,2,-1,-7,0.344444444,1
0.2,25.4,28.4,0,31.4,6,1,1,-0.1485826,0
0.4,4,-11.3,-2.3,-87.7,2,1,5,0.05,1
1,4,-8,-1,11,-1,0,4,-0.041958042,1
-0.333333333,29.33333333,45,1,58,-1,-5,1,0.040669856,0
0.4,-0.2,-21.8,-0.8,-202.6,0,2,-4,-0.060714286,0
1,47.8,58.6,2.6,105.2,-4,-3,-1,0.05,1
0,-63.2,-41,0.6,110,-2,-5,-1,0.316868593,1
0.2,23,-6.6,-1.4,-283.8,4,2,-3,0.05027027,1
0.666666667,27.2,-7.533333333,0,-114.7333333,-2,-4,6,-0.321428571,0
0.4,-26.8,-26,0.6,116.4,1,0,-3,0.188905547,1
0,13.2,31.4,-0.2,71.6,1,2,-5,-0.196153846,1
-0.6,-4,-4.4,0.4,-71.6,1,4,-4,-0.089230769,0
0,3,21,1,58,-1,0,3,0.025062657,1
0.2,-3.4,-19,-0.4,12.8,0,0,9,-0.127819549,1
-0.8,40.4,53,0,-22.8,2,2,5,0.233333333,0
0,-19.86666667,-31.06666667,1.933333333,149.6,1,-1,3,-0.346153846,0
0,4,-36.5,-4,-290,3,-1,-4,-0.184210526,0
0,6,10,4,167,-1,1,0,0.064285714,1
0.4,-15.8,-57.2,-3.4,-415.6,1,-2,2,0.13430127,0
-0.6,-18,2,2,299.8,-2,2,-5,0.174937965,0
0,6.6,-4.1,0.5,199.7,-3,-6,8,-0.177272727,1
-0.2,13.8,-11.6,-0.4,-59.6,-2,-1,4,0.004385965,1
-0.2,3.6,6,0.2,40,-4,-6,6,0.109697933,1
-0.25,20.75,35.25,0.25,129.75,-1,5,-10,0.304166667,1
0,-11.25,53.5,-0.25,225.5,-5,-2,1,-0.019230769,0
0,41.5,35.5,0.5,76,-1,0,-1,0.07120743,1
0,-23,-42,-1,-60,-5,-8,1,0.15,1
0,-32.6,-40,-0.3,5.8,1,9,5,-0.101190476,1
-0.25,6.5,-4.25,0,-92,-2,-3,2,-0.044210526,0
2,149,151,-1,-17,0,-1,-1,0.199095023,1
0,-12.2,-7.2,1.4,19.2,-1,0,-6,0.299516908,0
1,15.8,0.2,-0.8,-27.6,2,1,-3,-0.168571429,1
-0.133333333,-17.26666667,-15.53333333,-0.133333333,42.2,-1,-1,-5,-0.116666667,0
0,-30.65,-31.95,0,-24.95,3,2,16,-0.25994695,1
0,-22.6,-29.4,-0.6,53.6,-3,-4,9,0.03030303,1
0.5,30.25,17,1,31.5,1,-1,1,0.241666667,1
-0.5,16.66666667,15.83333333,-2,-84.83333333,2,0,7,-0.107586207,1
0.2,33,42,0.4,64.8,1,0,1,0.011111111,0
0.2,-14.6,-33.4,-2.4,-87.2,3,-2,0,-0.076923077,1
-0.333333333,-20.5,-33,4,66.5,-4,-8,0,0.049342105,0
0.666666667,-4.066666667,-3.6,-0.8,-62.66666667,-3,-2,1,0.12254902,1
0,-8,-28,1,-37,2,5,0,-0.289473684,0
-0.2,-38.4,-44.4,0,46.8,-2,-2,-6,0.022774327,0
0.066666667,-13.33333333,-30.93333333,-0.066666667,63.8,3,1,3,0.043771044,1
-1,-10.8,3.2,1,95.6,1,0,7,-0.131428571,0
-0.3,71.5,67.2,-0.2,49.5,1,2,0,0.025641026,0
0.6,30.15,6.8,-1.4,-161.15,1,-2,3,0.044334975,1
0,-36,-43,2.666666667,343.6666667,-2,-5,2,0.311688312,1
0,9.8,17.4,-0.2,-106.4,-2,-2,2,-0.105571848,0
0,0,9,2,190,-1,-4,-9,0.049342105,1
0,19,96,1,13,-2,1,-1,0.241666667,1
0.4,30.2,33.8,0.4,-9.6,-4,-6,8,-0.043010753,1
0,-7.4,23.33333333,-1.066666667,-320.3333333,1,5,1,-0.158361019,0
-0.2,-54.2,-64.6,0.6,42,-1,0,1,0.007058824,0
0,-33.2,-54.2,-0.6,-151.8,2,0,2,-0.175,0
0.2,-2.6,-19,-0.4,-38.2,-1,2,-3,0.045248869,1
0,-30.06666667,-39.2,-0.333333333,121.8666667,0,2,-5,-0.039927405,0
0,-26.6,-96,-2.3,-221.8,2,-2,13,-0.119047619,0
-0.333333333,-65.2,-97,-1.4,-275.3333333,0,-3,11,-0.083710407,0
0.166666667,-0.416666667,-2.083333333,-2.416666667,-159.0833333,-3,2,1,0.041025641,0
0,47.2,52,0.8,30.8,0,3,7,0.146753247,1
0,-30,-23,1,105,-1,3,3,0.015384615,1
-0.4,16,25,0.2,15.4,-1,-4,-11,0.035823171,1
0,38.4,45.4,0,75,-2,2,3,0.10906298,1
0,-18.8,26,2.4,224,0,-1,-5,0.171014493,1
0,26.4,55.2,0,26.4,2,2,-1,0.070048309,0
-0.6,-4.4,14,5.2,456.4,2,2,-3,0.077380952,1
0.2,-39,-39.6,-1,-132.8,-3,-2,-4,0.034146341,1
0.2,-32.6,-109.8,-6.6,-295.8,0,-1,3,-0.110722611,0
0,10,13.2,1,127.8,2,3,5,-0.101351351,1
-0.933333333,-9.6,7.133333333,1.2,105.2,0,0,8,0.082706767,0
0.2,-0.4,19.4,-1.333333333,-184.6666667,1,1,11,-0.320158103,0
0.4,5.8,6.6,-0.2,-33.6,-2,-6,2,0.175,0
0,0,0,0,0,0,-4,3,-0.188888889,0
0.666666667,21.66666667,5.333333333,-0.333333333,-3.333333333,2,0,-1,0.007518797,1
-0.25,-20,2.5,1.75,-26,1,-2,-7,-0.066666667,1
-0.8,13.4,20.2,-0.6,-41,-1,-3,3,-0.043137255,1
0,0,-38.8,1,-132.4,1,0,-3,0.024637681,1
0.2,-14.4,4.2,-1,64.8,-1,-4,-5,-0.192857143,1
0,6.65,29.35,-0.7,-18.55,-3,1,-6,0.259615385,1
-0.166666667,-11,34.66666667,-4.333333333,-313.5,5,3,0,0.123355263,1
0.75,-8.25,-25.5,-0.25,-118.75,-5,3,-5,0.107142857,1
0.1,-49,-57.9,-0.5,-27.7,4,5,6,0.011111111,0
0,34,22.8,-0.6,-172.4,0,-1,-3,0.038461538,0
0,2,-10,2,104,-3,0,-9,0.193181818,1
0.8,21,36.4,3.2,197.4,5,8,4,0.233333333,1
0,28,33,-1,-148,0,3,-8,0.275,1
0,37,40,0.666666667,11,-1,-1,-7,0.087412587,0
0,-22,-25.33333333,-1.666666667,-101,0,1,2,0.037037037,0
0,-58.7,-51.5,-0.6,-98.4,1,2,1,-0.155555556,0
-0.4,27,71.8,2.8,293.8,1,3,8,-0.063858696,1
0.333333333,-27.8,-70.13333333,-1.733333333,-214.4666667,2,0,2,0.094202899,1
-0.05,26.8,8.4,0.05,-8.4,-1,-3,0,-0.041666667,1
-1,-1.533333333,-1.4,0,-14.26666667,2,0,-4,0.078181818,0
-0.333333333,23,35.33333333,0.666666667,-57.33333333,2,0,1,0.134615385,1
-0.2,18.2,13.8,1.8,28.8,-3,-10,-1,0.073863636,1
0,-3,1,3.333333333,284.6666667,-2,0,-5,0.157692308,1
-0.8,-22.2,-28.2,0.6,-51.8,4,5,6,0.024545455,1
-0.066666667,-52.46666667,-45.8,1.266666667,174.6,-5,2,3,0.017429194,0
0,19.8,23.8,0,51.4,-1,1,2,-0.082706767,0
0,0,0,0,0,-2,2,2,0.283333333,1
0,0,0,0,0,1,0,6,-0.095959596,1
-0.4,-21.2,-2,2.8,412,-4,3,-6,-0.107692308,0
0,0,0,0,0,1,1,-4,0.138755981,1
0.133333333,40.86666667,41.73333333,0.133333333,-1.4,1,-2,-3,0.126774848,0
-0.2,16.8,16,1,57.6,2,1,-4,0.018421053,0
0,11.45,20.45,-1.5,-208.85,2,3,10,-0.045248869,0
0.4,7.2,-4.8,-1,-56.6,3,2,2,0.1,1
0,8.4,-2.4,0,110.4,3,8,-4,0.087719298,1
-1,52.5,12,2.5,-362.5,2,4,1,-0.074358974,0
0,17.8,26.8,-0.6,-109.2,4,2,-17,0.158730159,1
0.6,-20.2,-23.6,-2,-122,2,6,7,-0.010752688,1
0,14.1,21.2,-3.1,-78.2,-1,-2,3,-0.223809524,0
-0.2,13.1,20.8,1,95.1,-4,-3,4,0.037267081,1
1,-15.5,-25.5,-0.5,6.5,-1,1,5,-0.204013378,0
0.2,-7.8,-18.8,0.6,11.8,0,1,9,0.107212476,1
-0.266666667,20.8,17.06666667,0.466666667,-7.466666667,-4,-1,2,0.179487179,1
0.5,17.5,23,1,19.5,-1,-3,-3,0.054347826,1
0.2,16.6,-5,-0.6,-144.4,-6,-7,4,-0.127272727,1
0,34.5,51,-1,76,7,7,2,0.085714286,0
0,27.5,48,2,204,-3,-1,6,0.051136364,1
0,-91.6,-86.4,0.6,21.6,-1,-2,3,-0.072463768,0
0,24,49.5,0.5,113,3,0,3,-0.122222222,0
0,-71,-76.8,-0.6,-23.4,-1,-2,5,-0.159349593,0
-0.4,-37,-32.6,0,54.6,1,5,0,0.095238095,1
-0.6,-55.6,-25.8,4.2,486.6,2,0,4,0.073626374,0
-0.2,-37.2,-35.6,-0.4,-38.6,-2,-4,-4,0.122762148,1
0.2,-19.6,-7.2,0,43,1,-1,-6,-0.066666667,1
-0.05,37.7,54.95,2.1,133.6,2,0,7,-0.104705882,0
0.25,40.25,41.25,0,8.5,-1,1,6,-0.084615385,1
0,-27.6,-39.6,-0.4,34.6,-1,-1,-7,0.111223458,1
0,28.8,13.2,-1.2,-118.4,-2,-3,-2,0.006688963,0
-0.5,48,50,1,28.5,-2,-5,-1,0.167711599,1
0.333333333,0,-1,-0.666666667,-24,2,-2,-9,0.05,1
0,-23,-41,-1,-58,0,-5,6,-0.255681818,0
0,47,125,2,538,3,1,-1,0.113636364,1
0.4,-34.4,-35.2,-0.2,-17.4,-1,3,7,-0.1848659,0
0,0,-2,0,59,-2,-4,0,0.154545455,1
0,-41.5,-65,0.5,-12,1,-3,1,-0.03030303,0
0,0,0,0,0,0,1,-1,0,0
0.8,59.73333333,108.9333333,-0.666666667,-68.13333333,2,2,-3,-0.078571429,0
0,10.6,26,0,7.4,1,-2,8,-0.068181818,1
-0.333333333,-30,-43.33333333,0.166666667,-159.1666667,1,-2,8,0.020833333,0
0,-16.86666667,-65.73333333,-0.4,-154.7333333,-4,-4,2,0.053221289,1
0.6,29.4,38,0.2,24.2,0,3,3,0.055555556,0
0,2,-11,1,283,4,9,4,-0.152941176,1
-0.4,4.4,-15.4,-0.8,-47.8,5,3,-6,-0.032608696,0
-0.25,16,21.41666667,2.333333333,135.4166667,0,3,0,-0.057692308,0
-0.333333333,43.86666667,46.73333333,0.733333333,-89,3,2,6,0.057317073,1
0,17.4,39.6,0.7,26.4,-2,0,1,-0.143222506,0
0.5,5,4.166666667,0,-11.66666667,-2,-3,1,0.139130435,1
1.8,1.8,-12.6,-0.3,-136,-3,-3,3,-0.037878788,0
-0.2,23.1,25.6,-0.5,46,4,3,-8,0.072681704,1
0,-3,-18.2,0.4,-17.2,1,-1,-2,-0.1,1
0.2,-23.8,-12.2,0.4,45.8,-1,-5,-1,0.106153846,1
0,26.6,30.4,0.6,228.4,1,4,7,-0.082051282,1
0,-3.5,-3,1,-1,3,7,-4,0,1
0.4,-23.2,1,0.4,138.8,1,0,4,0.286945813,1
-0.2,5.2,0.2,0.2,-166,0,3,9,-0.137254902,0
-0.5,-11.9,-10.8,-2.9,-61.1,-1,1,4,-0.278735632,0
0,-21.33333333,-74.66666667,3,107,0,-2,2,0.066666667,1
0.15,-30.3,-81.85,-1.05,-220.05,-2,1,0,-0.081111111,0
0.8,50.2,38.8,-0.8,-45,2,3,9,0.152941176,1
0.75,32,-82,-3,-496,4,4,6,0.083333333,1
0.5,24,43.5,0,32.75,-1,2,-3,-0.069444444,0
0,27.5,36.5,4,416,-1,-3,1,0.085858586,0
0,-13.5,-18,-1,-71.5,1,-1,4,-0.058441558,0
-1,30,28.4,0.6,53.2,0,-2,-1,-0.035714286,1
-0.2,-48.6,-28.6,1.2,200.2,-2,-4,-3,0.055831266,1
0.2,-21.8,-22.2,-0.2,29.4,-3,-5,-5,0.06884058,1
0.2,9.6,-76.8,-1.4,-416.4,3,0,1,-0.027826087,1
0.6,-2,-18,-1,-47,4,4,-2,0.19047619,1
0,-11,8.8,-1.8,-64.4,3,-1,1,0.070652174,0
0.2,24.6,28.4,-1.2,-14,-1,3,4,-0.048888889,0
0,5.75,37,-2.25,-129.25,3,1,12,-0.181818182,0
-0.6,9,23,0.6,143.8,-1,-2,2,-0.188963211,0
0,-14.2,-3.8,0.2,111.8,-2,-2,-2,0.100496278,1
-0.4,-4.4,8.6,1.8,101.2,-1,-1,0,0.141414141,0
0,41.5,34.16666667,1.5,5.666666667,-6,-6,7,-0.016304348,1
0.2,-0.4,-14.4,0.6,58.8,-3,1,-2,0.086666667,1
-0.2,14.8,19.6,-0.8,-43.8,-1,-5,-8,0.077419355,1
-0.1,7.1,-4.7,-0.2,-133.6,1,0,3,-0.049450549,0
0.2,14.6,-13.6,0.6,-90.8,4,5,-5,0.053453453,0
0.4,27.2,22,0.6,18.4,3,1,0,-0.14,1
-0.8,-9.6,-23.8,0.4,-178.8,-2,-5,-1,0.056530214,1
0.333333333,34.83333333,23.33333333,-4,-358.5,-1,6,-7,-0.033333333,1
-0.2,-12,-7.2,-2.8,-223.8,7,10,-13,0.133333333,1
0.4,-10.2,-19.6,0,64,2,-2,-5,-0.112531969,0
-0.333333333,17.83333333,20.75,0,-9,2,0,-4,0.091346154,1
0.333333333,-0.166666667,-0.333333333,0.333333333,143.5,0,2,5,0.168498168,1
-0.5,13.7,18.25,0.2,-4.45,2,1,3,-0.03030303,1
0.4,5.6,-8.8,-0.4,-43.2,1,5,-1,0.015810277,0
0.2,-2.2,-6.8,-0.6,-68.2,0,1,4,0.024827586,1
0,-13,-33.8,-1.6,-44,-1,2,18,0.040090344,0
-0.4,10.8,24,-1.4,-1.8,0,1,-7,-0.003529412,1
-0.05,-3.45,-42.95,-0.4,-145.2,1,0,3,0.125598086,0
0,-8.666666667,-18,1,212.3333333,0,-2,-7,0.053418803,0
0.2,-0.6,-1,0.2,125.4,-2,0,8,-0.076068376,1
0,37.5,53.5,1,163,1,-4,-1,-0.2,0
0,6.25,35,2,384.5,-2,-2,-5,-0.046153846,0
-0.333333333,-37.16666667,-36.83333333,-1,-70.33333333,-1,2,-2,0.171052632,1
0,81.5,60.5,-0.5,-58,6,7,-3,0,1
0,-25.8,-28.8,-0.6,-152.8,-4,-1,0,-0.009677419,0
0,-51.5,5,0.5,83.5,2,2,-2,0.055555556,1
1.2,-13.2,-49,-3,-358.2,4,6,4,0.172413793,1
0.4,-19.2,-44.4,-0.8,-153.4,-2,-2,6,0.114583333,0
0.2,-57,-95.2,0.6,77.6,2,-2,-6,0.157142857,1
0,-42.4,-47.4,0,-31.6,2,0,11,-0.109637489,0
-0.466666667,-39.6,-17.73333333,1.2,82.06666667,-1,-3,4,-0.12037037,1
0.066666667,-39.13333333,-53.93333333,-1,-109.6,1,-1,3,-0.063122924,0
0.4,0.6,-4.4,-0.2,30.8,1,1,3,0.053846154,1
0.2,-45,-66,-0.6,-53.4,-1,2,2,0.015652174,1
-0.2,-5.9,23,2.75,220.6,-1,-1,-3,0.235294118,1
0,12.6,-33.6,-1,-215.6,1,-2,-7,-0.002403846,1
0,-6,-13.8,1,43.6,-1,-2,4,-0.032941176,0
-0.2,-16.06666667,-19.46666667,-1.466666667,-64.53333333,3,4,-9,0.166666667,0
-0.5,20,51.5,0.5,28,5,2,-1,0.068181818,1
-0.2,9.733333333,1.866666667,-0.2,-29.4,-3,-3,-7,0.280936455,1
0.4,-32.4,-38,-0.2,-85.2,-1,1,3,-0.047619048,1
0.6,-26.4,-63.8,-1.2,-251.2,2,-1,2,-0.164512338,0
0.333333333,-32,-0.583333333,1.083333333,222.3333333,1,5,5,0.146616541,1
0,8.266666667,9,-0.066666667,14,-2,-1,6,0.060714286,1
0,13.5,7,-0.5,44.5,-2,-1,-2,-0.065789474,0
0,1.4,8,2.2,179.2,1,1,-1,-0.016233766,1
0,25.2,9.8,-1.6,-219.4,4,2,-9,0.023573201,0
0,4.2,6.8,0,53.2,-2,0,6,-0.028957529,0
0,-25.8,-39,1.2,78.4,0,-3,6,-0.012820513,0
0,-96.2,-65.4,3,417.2,1,0,12,-0.105263158,0
0,13,-1,0,25,6,4,5,0.066666667,1
0.3,71.7,75.6,-2.4,-300.5,4,6,4,0.084057971,1
0,21.33333333,47.66666667,1.333333333,307.6666667,1,1,-1,-0.077777778,1
-0.2,29.8,34.2,0.6,70,0,6,4,0.043010753,1
0,65.8,45.2,-1.6,-181,4,0,-2,0.077380952,0
0.333333333,21,18.33333333,0,61.33333333,-4,-6,-1,0.037878788,0
-0.5,-14,-4.75,-1,-58,-1,1,0,-0.116666667,0
0,-56.3,-104.5,0.2,-98.3,-3,-1,-6,0.013333333,1
-0.6,39.6,63.4,-0.4,-29,-1,2,9,-0.056022409,1
0.2,28.6,20.4,-0.8,96,7,3,5,0.03887936,1
0.4,40.4,48,-1.6,-82.2,0,4,-2,-0.156156156,1
0.75,31.25,49,2.5,167,-1,-2,2,0.045454545,1
0.5,-11,-27.5,-1,18.5,2,4,0,-0.031372549,1
0,27.5,21.5,-1,-22,2,4,3,0.102564103,1
-0.333333333,-16.33333333,-21,-0.666666667,-162,-2,-6,1,-0.263888889,0
-0.6,15,27.2,0.8,155.4,2,3,-3,0.06898775,1
-0.4,53.4,51.2,-2,-234.4,1,4,5,-0.063963964,0
0,22.85,15.85,-0.8,-134.15,3,3,2,-0.17037037,0
-0.2,-20.2,5.4,-1.6,45.2,5,0,-2,0.1,1
-0.6,32.4,45.2,-0.2,-43,0,0,-5,0.201754386,0
0.2,37,19.2,-0.9,5.2,0,-6,11,-0.027777778,0
-0.1,26.5,36.3,-2.9,-55.1,2,-1,-5,-0.118421053,1
0.5,-23.5,-11.5,-1,-26.5,0,-3,-3,0.164215686,1
0,47.2,37.6,0.8,-58.2,-2,2,-5,-0.172619048,1
-0.05,-5.7,49.95,2.8,200.55,-1,3,0,-0.111538462,0
0.2,7.8,-1.4,-0.8,-6,-1,1,6,0.022727273,0
0,5.466666667,24.8,2.6,200.9333333,1,1,-1,-0.011363636,1
0.4,-11.4,-17,-0.6,-105.6,3,3,-1,0.158485273,1
-0.2,-10.8,-22.2,-0.2,-39.8,2,1,7,0.012578616,0
-1,2.6,26.8,1.4,112.6,4,5,3,-0.02173913,1
0,6.2,-7,-0.6,-145.8,6,5,-1,-0.125,0
-0.2,39.6,39,-2.6,-207.2,2,3,1,-0.202564103,0
0.5,-30,-48.5,-0.5,-158.5,-2,1,4,-0.142857143,1
1,-28.66666667,-46,-0.333333333,-166.3333333,-4,1,-4,0.041871921,0
-1,-64,-16.66666667,3,166.6666667,-2,-4,3,0.130769231,1
0,-27,-45.5,-1,-60,-3,-4,-4,-0.094405594,0
-0.6,23.6,26.4,0,17,1,-3,3,-0.114864865,0
0.2,-29.4,-29.4,0.2,-18.4,4,4,-5,0.032467532,1
-0.5,-2.75,-7.8,0.8,13.25,-2,-1,-5,-0.066666667,0
0.2,28,-1.4,-0.4,-160.8,0,-1,-2,0.005555556,1
0,17.4,74.2,5.2,264.4,0,4,-2,0.083554377,1
0,-5.8,-15,-0.8,8.2,2,1,7,-0.20923913,0
0,43,18,-0.5,-86,-2,-3,-5,0.05952381,0
-0.3,-26.3,9.4,0.6,30.6,2,-2,5,-0.072115385,0
0,57.33333333,62.33333333,0.666666667,16,-4,-3,-4,0.067226891,1
0,21,21,0,9,-4,-2,3,-0.115789474,1
0.4,18.6,-1.666666667,-2,-190.9333333,-2,-2,9,0.007936508,0
0,73,161.2,3.4,572.6,1,2,-3,0.166923077,1
-0.4,15,28.8,0.6,33.6,-1,-2,3,0.184848485,0
-0.2,10.6,62.4,2.2,357.8,4,4,3,0.232520325,1
1,13.6,-3.6,-3.6,-243.4,-2,1,0,-0.045977011,1
-0.6,22,20.4,-1.4,-111.8,2,2,8,-0.144444444,1
0,-12,-10.6,0,-46.6,-4,-2,2,-0.093681917,0
0.5,6.25,0.25,-0.75,-114.75,1,1,8,-0.102941176,1
-0.05,0.5,0.75,0.1,-37.2,-1,-1,5,-0.187878788,0
0,-24,-92,1,-284,-2,2,-5,0.171328671,1
0.5,18,30,0,4.5,1,0,4,0.013574661,1
0,-22.5,-4.5,-0.5,42.5,-1,0,15,-0.112299465,1
0,0,0,0,0,1,0,4,-0.16194332,0
0,-32,-24,1,22,3,6,-4,-0.085769981,0
0.2,30,35.8,-1.4,-62.6,3,2,1,0.072580645,1
-0.2,-11,-18.8,0,-30.8,-1,-1,10,0.014778325,1
0.6,24.8,28.2,0.4,46.2,1,0,10,-0.09569378,0
0,-18.9,37.5,1.9,462.8,0,1,-5,0.163636364,1
0,14,24.4,0.2,325.6,6,3,-3,-0.027777778,1
0,14.5,2.5,-0.5,185,-1,-5,-10,0.010989011,1
0,0,-3.75,0.25,86.5,3,6,10,-0.128146453,1
-0.2,-12,19.4,4.2,409.4,-1,-2,1,0.112068966,0
0,0.6,0,-0.4,18.2,0,-2,3,-0.037037037,1
-0.4,16.5,30.7,5.8,383.7,-3,0,-5,0.052083333,1
-0.2,40.6,4.2,0.6,75.2,-3,-7,-1,0.004009623,1
-0.3,1.85,-1.95,0.8,-10.65,-1,-1,-1,0.147342995,1
0,-3.8,6.2,0,-19.6,0,3,4,0.047058824,0
-0.2,50.6,57,0.2,55.2,1,1,8,-0.150793651,0
-0.8,-21.1,-12.4,0.15,153.25,-3,-3,-5,-0.163636364,0
0,-18.1,-84.3,-1.2,-353.6,-1,1,10,-0.01754386,0
0.4,1.6,4.6,-4.4,-15.8,-1,-1,7,-0.162068966,0
0.2,25.8,10,-1,-59.6,-7,-7,12,-0.072463768,1
0.333333333,-19.66666667,-15.83333333,-0.5,-123.6666667,-3,0,-3,-0.208333333,0
0.333333333,10.83333333,4.166666667,-1.833333333,-181.1666667,0,-2,3,-0.031818182,0
0,6,11.5,0.25,-128.75,1,0,-1,0.028985507,1
0.666666667,9.333333333,-7.333333333,-4,-348.3333333,6,5,-5,0.026785714,1
0,-68.5,-101.5,-1,-188.5,-2,3,-5,0.218181818,1
0,62.6,103.2,1.6,283.2,0,-3,4,-0.05,0
-0.4,-32.6,-12.6,0.2,77.6,-2,-1,9,0.073626374,0
0,6.8,8.8,0.6,11.2,4,2,-3,0.042328042,1
0,-23.4,1.6,1.6,363.4,2,-2,2,-0.072463768,0
-0.333333333,2.333333333,5.666666667,4,293,1,0,-8,0.052307692,1
0.25,-15.25,-29.5,-1,107.25,-1,2,7,0.102766798,1
0,96,79,0,-44,1,5,-4,-0.112554113,0
-0.8,-15.1,-23.7,-0.4,-20,3,2,1,0.06,0
-0.083333333,18.5,12.58333333,0.166666667,-108.75,-3,-1,-8,-0.114285714,0
0.25,10.25,-67.75,-0.5,-133,4,-2,-4,-0.148148148,1
-0.6,8.6,-5.2,1.6,48.8,-2,-4,8,0.067587209,1
0.4,-29.8,-46.8,-2.8,-197.2,1,-5,-5,0.084677419,0
0,0,0,0,0,3,2,-2,0.033333333,0
1,-3,-23,-1,-29,2,3,-4,0.072463768,1
0.4,-3.6,-17.8,-1,28.6,0,0,-4,0.113712375,1
-0.4,-1.2,-4.2,0,-175.8,-5,-4,14,-0.158088235,0
0.4,-9,-34.7,-2.65,-373.35,2,3,14,-0.164615385,0
0.1,8.6,-12.7,-1.1,-83.7,-2,-2,-4,-0.09382151,1
0.4,3.4,22.4,2.6,205.2,3,5,-1,0.208333333,1
0,-2.666666667,-2.333333333,2,157.6666667,-1,-2,6,0.081818182,1
0.4,-19.6,-20,0.4,149.2,3,2,-3,-0.041871921,0
-0.6,-17.2,-4.4,-0.6,-101.4,-2,-2,4,-0.051470588,0
0.4,-4.2,-2,-2,-66.8,1,5,-5,-0.157327586,1
0.6,16.2,9.8,-1.8,-106.2,0,1,-9,0.08,0
-1.25,3.75,-11,0.5,-149.75,-1,2,0,-0.00137931,0
0.4,1.2,-7.8,-1,-3.8,1,1,3,0.053846154,0
0.2,43.2,-9.2,-0.8,-287,-4,-5,2,0.058823529,1
0.75,16.25,6.75,-1,-8.5,1,-2,-7,0.064615385,1
0,18,45.6,0,185.6,-1,-3,3,0.033333333,1
0.6,29.8,18.2,-1,-16.6,3,2,-1,-0.068181818,1
0,-0.6,18.6,-0.2,-83,2,0,5,-0.166666667,0
0,14,26,0.5,-20.5,2,2,-10,0.021645022,0
1,107,96,1,-23.5,3,5,-6,-0.09962406,1
-0.8,-28.4,-22,0,-8,-2,-2,6,-0.102586207,1
0.4,61.6,80.6,3.2,329.2,-4,-3,2,0.133928571,1
1.2,12.2,17.4,0.8,46.2,0,-4,-4,-0.033333333,0
0,-14.2,-1,1.6,179,2,0,-3,0.314354451,1
0,4.2,-34,-0.2,-284.6,-2,-2,8,-0.033333333,0
0.2,-1.2,1.2,1,-32.6,1,0,6,0.057142857,1
0.4,-9.1,-3,-1.4,-117.9,0,-5,-2,-0.016666667,0
0.4,-14,-20.53333333,-0.4,-142,-2,-2,8,-0.155555556,0
-0.4,-47.2,-39,0.4,91.73333333,1,-2,1,0.124324324,0
0,-12.2,2.2,1.4,135.6,1,-3,3,0.003571429,1
0,5,-10.5,-1,71,1,6,-2,-0.233333333,1
-0.066666667,26.66666667,58.66666667,1.466666667,26.06666667,-1,-1,2,0.166666667,1
-0.333333333,-27.5,-15.75,0.666666667,11.5,-1,-2,-4,0.027777778,0
0,38,57,1,55,1,-7,-4,0.133333333,1
-0.666666667,26,38,-0.666666667,-9.333333333,2,-1,-3,0.276887872,0
0.3,-29.25,-28.25,-0.75,-44.65,-2,-3,2,-0.152380952,0
-1,4.8,22.2,1.2,121,0,2,0,-0.181336161,0
0.2,6.933333333,37.73333333,1.8,263.8,1,2,-4,-0.034090909,0
1,48.2,47,-0.4,-6.6,2,-3,3,-0.154761905,1
-0.8,55.2,57.4,0.2,26,-1,0,-1,0,1
0.2,4.6,4,0.2,-13.4,0,2,3,0.013736264,0
-0.25,-48.45,-10.75,-0.4,18.95,-1,-2,13,-0.036057692,1
0,36,62,-1,-32,-2,0,3,-0.163636364,0
0.666666667,-2.666666667,-30.66666667,-0.5,-74.83333333,0,-2,-4,-0.061904762,1
-0.2,9.6,31.6,4.8,390.8,1,1,-6,0.084349593,0
0,-9.6,-51.4,-0.4,-165.4,2,0,-2,0.07,0
0,42.1,32,-0.1,5.4,2,0,4,-0.013636364,0
-2,3.4,22.2,0.8,150.7,-1,4,12,0.147641832,0
1,-61,-74,-1,-290,-3,2,7,-0.142857143,1
-0.5,50,52.5,-0.5,-0.8,-2,-1,14,-0.247126437,0
0,-4.4,63.2,-2.4,169.4,1,1,-1,0.036637931,1
0.8,-23.8,-34.8,0,-5.2,1,-2,7,-0.124137931,0
0,18,13.3,-0.8,-6.2,-4,-2,1,0.015454545,0
0.2,-7.2,-7.4,-0.4,-20.2,0,0,8,-0.388888889,0
0.333333333,-0.666666667,-18.66666667,-0.666666667,-10.33333333,0,-1,9,0.175,1
0,-9.25,2.5,1.25,78.5,-1,-2,-3,0.193675889,1
0.4,77.8,147.6,2,424.6,2,5,-1,0.130322581,1
0,-26.95,-55.7,0.05,36.9,0,-1,-5,0.120448179,0
0,-5.4,-22.4,-0.4,-43.2,-2,-1,-3,-0.05942275,1
0.2,20.2,29.4,4.4,194.4,0,3,-6,0.15862069,1
0,3.5,12.5,1,31.25,-4,3,0,-0.009090909,0
0,-13.83333333,-8.166666667,0.5,118.6666667,0,-2,4,-0.149019608,0
-0.4,38.8,59.6,1.4,137.6,-3,-3,1,0.173740053,1
0,13.5,18.5,0.1,-9.8,1,4,2,0.035714286,1
-0.4,14.4,16.8,-0.4,-10.4,-1,8,3,-0.104774536,0
0,87,68,-1,-49,-5,-7,-3,0.058823529,1
0.2,-9.2,-25.2,0.6,202.6,-3,0,8,-0.067878788,0
0.4,-17.4,-13,0,-0.6,5,2,-11,0.073529412,1
-0.2,31,24.4,-0.6,-81.8,3,3,-5,-0.065151515,0
0.4,-9.2,-23.6,-0.2,7,0,-1,3,0.074712644,1
-0.2,31.6,23.4,-0.8,-211.6,-1,2,4,-0.035897436,0
1,27.8,36.6,-4,-339.8,-2,5,-3,-0.122222222,0
0,-10.66666667,-11,0,-12,2,8,-4,0.066666667,1
0.5,57.5,66,1,138,-3,-3,1,0.003496503,1
0,-87.8,-84.6,1.8,56.8,0,-5,5,-0.141414141,0
0.083333333,7.75,37.75,-1.583333333,-157.8333333,2,2,4,-0.203661327,1
0.333333333,9,-4.666666667,-0.666666667,-77.33333333,-4,-6,-2,0.285714286,1
0,-21.5,-39,0,-29.5,-3,1,3,-0.034090909,1
-1.2,48.8,50.8,0.4,39.6,0,-2,-1,-0.035714286,1
0.4,55.6,51.4,0,105,4,4,-4,-0.048321048,0
0,-2.2,-21.6,-1.2,-101.8,0,1,-1,-0.103076923,0
0.1,-10.9,9.1,0.5,161.4,-1,-1,2,-0.114705882,0
0.2,25.1,5.75,-1.3,-132.75,2,-1,6,0.089130435,1
0,11.83333333,52.25,-1.166666667,126,-2,1,-6,0.237556561,1
0.4,19.8,2.4,-1.6,-221.6,-1,-5,3,-0.051136364,1
0,9.6,53.4,0.2,43.4,0,3,-9,0,1
1,19.13333333,13.13333333,0,2.6,-2,3,-2,0.027972028,0
0.2,-11.86666667,-34.73333333,-1.2,-126.0666667,1,-4,10,-0.285714286,0
0,-54,-45,-1,112,1,2,-5,0.28604119,1
-0.2,-41.6,-47.4,1.8,136.2,-2,-5,0,0.056856187,1
0.2,-64,-68.4,-2.8,-142.2,-2,-4,-4,-0.133540373,1
0,6.833333333,14.5,0,-28.33333333,-3,-3,5,-0.080357143,1
-0.05,-29.5,22.35,0.25,321.45,3,1,4,-0.106521739,0
-0.5,-2.8,0.95,0.2,-21.7,1,2,-7,0.02962963,1
-0.2,-34.8,-21.7,-0.3,30.1,2,5,-6,0.171428571,1
-0.4,15.8,18.6,1.6,54.8,-3,0,4,-0.022222222,1
0.4,1.8,-4.6,3.8,156.8,-1,4,0,0.076802508,1
0.333333333,38,42,0.333333333,81.33333333,3,7,-4,0.22,1
0.5,-8.4,4.7,1.6,153.5,-5,3,1,-0.058823529,1
0,10,28,1,60,-4,-4,6,0.097222222,1
1,36,20,0,-2,2,-2,3,-0.094736842,1
0,0,0,0,0,2,2,-7,0.158333333,1
0,0,0,0,0,-2,-1,0,-0.304166667,0
-0.6,110.6,111,0,-11,0,-3,-3,0.074458874,1
-0.2,-3,8.4,-0.2,-46.6,2,0,-3,0.117874396,1
0.2,-6.8,-6,-0.4,-21.6,0,2,2,0.096428571,0
0.8,-1.866666667,0.4,-1.066666667,-15.53333333,-2,2,-5,0.1,0
2,-59,-83,0,-131,-2,-2,2,0.065789474,1
0,14.33333333,9.333333333,-0.666666667,53.33333333,0,-4,-1,-0.043062201,0
-0.5,53,52.5,0,8.5,0,1,-2,0.262820513,1
0.133333333,1.6,1.6,-1.333333333,-186,2,-1,-3,-0.060897436,0
0,-15.6,6.2,0.8,193,2,2,0,-0.15037594,0
0,-9,-10,-1,-72,-1,2,-1,-0.083333333,0
-0.6,27.6,27.2,-0.4,-63.4,1,0,7,-0.04180602,1
0,2.6,-3.8,-0.6,-78.4,-1,0,6,0.085434174,1
-0.5,37.25,44,1.25,59,1,-4,1,-0.061111111,1
0,-29,-33,-0.4,-52.8,-2,-4,-1,-0.012707722,0
-0.2,-8.4,22.4,1,206.8,-2,-2,3,0.146396396,1
0.2,-30,-29,-0.6,-15.4,-1,0,3,0.039215686,1
0,8.95,21.9,1.35,181.9,-3,1,6,-0.120512821,0
0,54.66666667,49.66666667,1.333333333,-111,-9,-3,0,0.057142857,1
0,-21.7,-21.8,-1,84.9,-1,-5,-2,-0.196969697,0
0,0,0,0,0,-2,-3,-6,0.058333333,1
0,4,-36,-1,-309,0,1,1,0,1
0,-34.8,-28.2,2.6,252.4,0,-4,3,-0.144230769,1
0.6,-15.8,-41.8,-0.4,-105.6,-2,-2,6,0.114583333,0
-0.4,97.6,95.2,-0.4,-32.8,1,2,5,-0.063254744,0
0.2,14.46666667,-0.4,-2.133333333,-87.26666667,1,-1,-5,-0.084249084,1
0.2,-11.4,-6,0.4,-21,2,9,-13,-0.071059432,1
0.066666667,-40,-41.13333333,-1,-44.4,0,-4,6,-0.166666667,0
0,48.4,18.6,-0.8,-108.4,1,1,2,0.05959596,1
0.2,-16.73333333,-18.4,-0.266666667,-66.8,3,1,4,-0.023965142,0
-0.333333333,-16.83333333,-60.33333333,0.083333333,-192.25,-4,-4,2,0.0925,1
0,9.4,9.8,-0.6,58.6,-4,-4,3,0.00511509,1
0,13.5,-19.5,0.5,90.5,3,1,-13,0.1125,1
0,-21.2,-12.2,0,16.6,1,3,5,0.050709939,0
-0.6,-31.3,-28.8,1,70.2,-1,1,8,-0.15,0
-0.8,15.3,19.2,0.2,-0.3,1,3,1,-0.027777778,1
1,-36,-56,-4,-227,1,1,5,0.139473684,1
0,-15.4,-23.6,-0.8,13,1,-3,12,-0.184615385,0
0,-6.2,-8.6,-0.8,-58.2,1,-1,-1,0.010989011,1
0,-7.25,-5,4.25,298,-4,-2,-9,0.258064516,1
-0.2,20.8,12.6,-0.2,-59.8,0,-2,3,-0.016830295,0
-0.2,9.8,-23.6,-1.2,-161.4,4,1,2,0.024637681,1
0.833333333,11,10.16666667,0.166666667,6.5,4,1,-2,0.01863354,1
0,23,41,1,60,4,4,-4,0.043478261,0
0,-60.5,-98.5,0.5,195,-4,-2,-4,0.083333333,0
0,60.2,68.2,0,-29.2,1,0,3,-0.366666667,0
0,-106,-130,-5,-309,5,2,3,0,1
1,40.5,41.5,-0.5,-15,5,3,-3,-0.128571429,0
0,0.733333333,46,-0.266666667,105.5333333,3,6,3,0.138461538,1
0,52.5,56.5,0.5,99,1,1,-6,0.083636364,1
0.4,22.4,-102.8,-0.8,-0.2,-4,-5,6,-0.119883041,0
0.2,-8,-22.4,-0.2,-60.8,-1,3,5,0.119047619,1
0.2,2.2,37,2.4,273.8,1,2,0,0.189247312,1
-0.2,9,11.6,-0.8,33.2,-4,-4,-7,-0.023636364,0
0,-13.8,7,-1.4,-107.8,5,4,-1,0.15,1
0.4,20.8,18.8,1,137.8,-2,0,6,0.028906956,0
-0.8,22.1,38.5,0.9,111.3,-2,2,-1,0.064903846,1
-0.5,19.5,14,0.5,25,-4,-1,-3,0.044117647,1
-0.25,4,-19,0.25,-83.25,2,0,10,0.107142857,1
1.333333333,38.46666667,17.26666667,-0.266666667,-111.2666667,2,0,-2,0,0
0.6,-1.4,-20.2,-0.4,-37.2,0,-4,12,0.011363636,1
0,-6,33,2,404,2,1,-2,0.142857143,1
0,0,0,0,0,-4,-1,-6,0.177777778,0
0,-2.8,-15.2,-1.4,-7.4,3,0,0,0.08606921,0
-0.4,23,26.6,0.4,41.4,-2,-4,9,-0.118421053,0
0.2,15.7,49,0.8,311.3,0,1,5,-0.229411765,1
0.133333333,-34.33333333,-18.73333333,0.066666667,214.8666667,1,-1,-4,-0.017676768,0
0,-9,-16,1,211,-1,5,0,-0.128205128,0
0,-9,-18.4,-0.6,42.8,3,1,8,-0.32173913,0
0,18.5,19.5,-1,11,2,3,0,-0.052083333,0
0.2,45,54.2,0,42,-3,-6,5,0,1
0,22.5,12,0,47.5,8,9,-6,-0.102173913,1
0.4,13.8,-2.6,0.6,-33,0,0,-5,-0.119047619,0
-0.25,19.25,23.05,0,15.25,1,2,12,-0.091212458,1
-0.166666667,29.5,29,1.75,183.9166667,2,-2,5,0.085470085,1
0.5,15.75,1.25,-0.5,-28.5,6,4,4,0.077922078,1
0,-52.6,-49.2,0.2,52.8,-1,0,1,-0.009057971,0
0.2,-0.8,-15.6,1.2,-111.2,-3,-5,-1,-0.004347826,1
-0.4,34.8,22.8,3.4,330.6,1,0,-5,0.169642857,1
0,26.9,42.7,0.7,40.4,1,1,5,-0.159349593,1
0.2,20.2,22.2,2,193.2,1,4,7,-0.097222222,1
-0.5,-8,11.25,-0.25,-46.5,-3,-2,-3,0,1
0.4,-1,-4.4,0,6,-2,2,-9,-0.1348659,1
-0.2,-24.15,-13.95,-0.25,246.55,-1,-4,-4,0.142506143,1
0.4,-2.8,-0.6,0,2.6,2,0,2,-0.020833333,0
0.6,9.4,39.4,-0.8,82.8,1,7,-1,0.101162791,1
0.2,52.85,59.15,1.4,106.6,1,1,9,-0.018571429,0
-0.2,45.25,54.8,-1.4,-72.7,-1,-4,6,0.057692308,0
0,0,0,0,0,2,3,-1,0.102766798,1
0.2,25.8,30,0.6,43.4,1,3,-2,0.108585859,1
0,0,0,0,0,2,3,3,0.107142857,0
0,5,6.6,-0.2,-30,-1,-4,0,0.007692308,1
0,-18,-21,-0.5,26,1,-2,-1,0.057692308,1
-0.6,16.8,59.2,4.4,587.4,-1,0,0,0.161290323,1
-0.2,51,56.6,0.4,41.8,1,-4,-6,0.083333333,1
-0.4,64.4,96.8,1,44.2,2,3,-5,0.214782609,1
0,0,0,0,0,-3,-4,-6,0.060606061,0
0.2,16.8,17.4,0.2,51.6,1,2,8,-0.104347826,1
0.4,0.8,23.2,-0.4,187.6,2,0,1,0.279710145,1
-0.2,-6.8,-4.2,0.2,-33.4,9,9,5,0.065217391,0
0.2,8,31.4,0.4,2,-1,1,-2,-0.014285714,0
0.2,-2.6,-10.6,-0.2,87.4,-2,-1,6,-0.352941176,0
0.3,8,-7.7,0,-32.9,2,3,-7,0.067226891,0
0,-29.5,-35,0,36,1,-3,2,-0.123745819,0
-0.2,10,27.26666667,-1.4,-97.13333333,0,3,-9,0.178733032,1
-0.2,12.8,0,0.4,17.6,1,-3,-4,0.081904762,1
-0.2,11.6,38.4,-2,35.8,8,6,3,0.115853659,0
0.25,-4.5,8.75,2.25,184.75,-1,-2,-2,0.017777778,1
-0.6,-41.4,-25.6,1.4,42.4,-3,-2,4,0.021021021,0
-0.4,-24.8,-34.2,-0.6,-170.6,-1,0,3,0.054814815,0
0,0,0,0,0,-1,-2,2,0.139846743,0
-0.25,-16.65,-55.2,0.85,204,-3,-4,-7,0.051282051,1
-0.4,61.2,64.3,2.5,93.6,-1,-2,-6,0.064102564,1
0,26,-29,3,55,-1,-1,3,-0.125874126,0
0,-11.8,-45,1.2,73.8,-4,-8,-3,-0.047619048,0
0.333333333,5.666666667,1,-0.666666667,-14,0,0,-4,-0.035573123,1
0.6,-25.2,-36.2,-0.4,-88.8,-5,-3,4,-0.053030303,0
0.4,50.6,52.2,-2.2,-99.2,1,3,2,-0.022267206,1
0.2,37.8,14.6,-1.8,-153.4,1,0,4,0.006119327,0
0,-9.4,-19.8,-0.2,38.8,0,-3,6,-0.178733032,0
1,-30,-49,-1,-58,2,-1,-5,0.106060606,1
0.333333333,8,8,2,298.3333333,3,3,1,-0.217391304,0
0.4,-11.2,-18.6,-1,22.6,-1,-5,0,0,1
2,5,0,-2,-108,1,-4,3,-0.154135338,1
0,45,45,0,2,1,-1,0,0.068181818,0
0,-70,-131,2,115,-3,-2,-3,-0.111888112,0
-0.166666667,5.166666667,-4.166666667,0.166666667,-150.1666667,1,1,-3,-0.019047619,1
0,39,96,1,466,-1,-3,-5,0.184615385,1
0,-7.5,-3.5,1.5,196,-3,-5,1,-0.168181818,0
0,-49.6,-24.4,0.8,254,-1,1,7,0.029644269,1
0.5,-30,-29,0,6,0,-1,9,-0.179487179,0
0.4,5.8,-18.4,-1.8,-261,3,2,5,-0.01754386,1
0,49,53,1,292,-1,1,-8,0.125,1
0,-24.33333333,-17.66666667,-1,-58,2,5,8,-0.04784689,0
-0.4,-21.6,-37,-0.4,-126,3,0,0,0.074030552,1
1,48.33333333,53,0,2.666666667,-1,-4,-1,-0.053333333,0
0,0,0,0,0,-2,0,6,-0.20952381,0
0,50,63,1,52,-2,-4,-11,0.19047619,1
0,-3.5,-22.25,-2.5,-6.25,2,2,0,0.17037037,1
0,-49.66666667,-52,0,139.6666667,-4,0,-4,0.022727273,1
1,-6.4,-5.8,0,4.2,3,8,2,0.038112523,1
0.2,27.6,19.4,-0.2,-42.2,2,-1,-6,0.025,0
0.4,63,72,-0.4,1.8,-5,1,-1,0.021829522,0
-0.2,-37.4,-31.8,-0.6,-11.2,4,1,-6,0.216666667,1
-0.4,35.2,40.8,-2,-78,0,5,0,-0.004524887,1
0.5,52,33,-1,-344,-1,-2,5,-0.125714286,1
-0.6,-9,-11.6,0.2,120.8,-1,-1,13,-0.028787879,0
0.333333333,40.66666667,26.66666667,-0.333333333,-14.33333333,1,0,2,-0.208538588,0
0,-40,-29,0,60,-3,-1,7,0.020833333,1
0,-16.66666667,-3,2,154.3333333,1,3,8,0.131868132,1
0,8.333333333,-0.666666667,0,139,-3,1,-10,-0.066666667,0
-0.6,65.2,74.6,4.8,274.6,2,-2,-6,0.041958042,1
-0.2,17,9.2,0.4,-15,1,-3,6,0.039245283,0
-0.2,6.1,48.8,-0.1,85.9,1,-2,-7,0.362068966,1
0.35,-19.95,-10.4,-0.75,-114.6,1,3,-1,0.033206831,1
0.25,-12.5,-15.65,-0.55,-61.3,0,0,-8,0.283643892,1
0.4,8.4,40,0,99.8,3,7,-2,0.051162791,1
0,-22,-31.5,0.75,-25.75,1,1,3,-0.144230769,0
0.2,3,18.8,0.8,64.93333333,-3,-1,-3,0.022770398,0
0,17.9,-4.8,-1.2,-113.8,0,-3,-5,0.053571429,1
0,28,18,0,109.5,1,1,4,-0.05,1
0,-36,-33,0,-35,1,3,7,-0.055882353,1
-0.5,-12,-12,0,-15,-4,-6,5,0.066666667,0
0.2,19.2,20.2,-0.8,4.5,2,8,1,0.028846154,1
0.333333333,-9.333333333,-26.66666667,-1,-27,-3,-4,12,-0.025,1
-0.2,-13.6,-1.8,0.6,103.4,0,-2,-1,0.051233397,1
0.5,-11,-16.5,0,-13,-3,-3,-4,0.1725,1
0.2,-50.4,-12.2,0,155,1,0,7,0.001811594,1
-0.4,11.2,14.8,0.4,3.2,-3,-5,8,0.016795866,1
0.2,70,45,-2,-272.6,-1,-3,-3,-0.129473684,1
0,42.16666667,103.1666667,0.833333333,267,-1,-1,3,-0.019130435,1
0.3,-44.2,-52.5,-2,-62.9,3,1,-3,0.158974359,0
0,-9.4,-9.8,0,145.8,3,0,-7,0.083333333,0
0,0,0,0,0,4,3,-4,0.204968944,1
-0.25,-23,-27,0,-15.25,-3,-4,4,0.089285714,0
1,57.4,94.2,0,36.2,-2,-2,1,-0.066666667,1
0,32.46666667,48.93333333,0.333333333,130,2,6,-9,0.055944056,1
0.15,-21.5,-14.2,0.55,114.6,1,3,11,-0.04978355,1
-0.133333333,-5.666666667,-7.133333333,1,-132.4,3,4,4,-0.139130435,1
0.666666667,-15.66666667,-18.66666667,0.833333333,-100.1666667,1,-3,2,-0.038383838,1
0,-3.5,15.5,-2.5,-240.75,1,3,-4,0,1
0.2,-10.2,-21.4,-0.4,-12.2,-1,-4,1,-0.066666667,1
0.133333333,36.53333333,13.93333333,0.733333333,-201.9333333,-3,0,9,0.059090909,1
0,-27,-20,1.5,473,3,-2,3,-0.04040404,0
-0.4,-0.2,-37.4,-0.4,-160,0,-2,4,-0.066666667,0
-0.2,2,-8.6,-1.8,-110.2,-4,-6,5,-0.02173913,0
0.2,-5.8,-20.4,0,31.6,2,6,4,-0.199404762,0
0,-5,-14.8,-0.2,16.6,-4,-2,7,0.047619048,1
0,-6.333333333,-9,0.333333333,14.33333333,-1,0,4,-0.227272727,0
-0.2,-3.2,-10.8,1.4,27.4,0,-1,-5,-0.13125,0
0.2,26.4,9.6,-0.8,-16.8,2,2,-1,-0.166666667,1
0.5,73,126.5,3,259.5,1,0,-1,0.263636364,1
0,16,21.75,0.25,-65,0,4,-1,0.174603175,1
-0.2,-31.2,-38.6,-0.2,-38.6,3,1,-2,-0.004901961,1
1,17.8,23.8,-0.2,-86.8,0,-3,-5,-0.009803922,0
-0.5,-28.25,-32.75,0,-69.75,-1,-9,0,0.042735043,0
0,-7.5,-105.5,-3.25,-651.25,1,1,2,-0.054580897,0
0.75,-6,-18.25,-0.25,11.75,0,-1,-8,0.222222222,0
0.166666667,84.33333333,80.66666667,0.166666667,8,0,-2,-2,0.152941176,1
0,-55,-60,1,50.5,1,0,7,0.022727273,1
0,-24,-43,-1,-60,-1,-4,7,-0.143382353,0
0,0,0,0,0,-3,0,-1,0.190283401,0
0,0,0,0,0,-1,-3,0,0.291925466,0
0.2,-7.6,-4.6,0.4,99.6,5,8,-3,-0.08,1
-0.15,15.15,6.1,-0.25,-77.6,3,2,-2,0.180672269,0
-0.4,10.8,7.6,0,6.8,2,-1,4,-0.014285714,0
0.5,-18.2,-31.1,0.2,-34.6,2,4,-3,0.024836601,0
0.4,-17,-94,-7.4,-416.2,-3,-2,7,-0.160633484,0
-0.2,-26.8,-41.8,-2,-147,-2,-1,-1,-0.070175439,0
0,52,47.2,-1.8,7.1,1,1,4,-0.262820513,0
0,-8,32,6,391,1,5,-3,-0.080357143,0
0.2,28.33333333,44.66666667,-0.933333333,209.8,4,6,4,-0.307189542,0
0,0,0,0,0,3,1,-4,0.022883295,1
0,0,0,0,0,-2,-1,-8,-0.060606061,1
0.2,-8.4,-29,-0.6,-118,1,-1,-8,-0.071903706,1
0,20.8,26.6,-0.8,28,-2,-5,-3,0.111111111,0
-0.4,8.7,23,1.1,53.8,-2,1,0,-0.009090909,0
0,-1.5,29.25,1.75,281.75,-1,2,4,0.156190476,1
-0.2,-39.6,-68.2,-0.2,-19.6,1,3,-6,0.066666667,1
0.4,-15.73333333,-15.6,0.466666667,44.93333333,1,4,9,0.017142857,1
0.2,8.8,37.6,0.4,127.6,5,5,2,-0.098837209,1
0.8,14.4,5.2,-0.8,-0.8,1,0,-5,-0.027777778,1
0.4,32.1,46.9,-1.2,-184.3,1,2,8,-0.042307692,1
-1,22.33333333,34.66666667,2,128.6666667,-1,-2,3,0.145833333,1
0,5,0.5,2,270.5,0,-1,-10,0.095108696,1
0,-6,-24,-1,-57,0,-1,1,0.009615385,1
-0.55,16.1,22.05,-1.05,-73.6,-1,2,13,-0.043154762,1
0,12.45,24.9,0.95,-32.95,2,1,3,0.002580645,0
0.4,52.2,43.2,-0.6,-156,-4,-3,-1,-0.083597884,1
0.4,-33.8,-33.8,-0.8,-107.6,-1,0,-6,-0.028421053,0
0.15,-11.4,-11.85,0.5,-109.15,-2,-4,14,-0.11,0
0,0,0,0,0,-1,-1,-2,-0.092105263,0
0,14,-2,1,64,4,6,0,0.096969697,1
0.5,10.75,-6.25,-0.75,-11.75,2,0,0,0.104774536,0
-0.2,40.6,44.6,-0.4,7.2,0,-1,2,-0.032608696,1
0.6,14.6,24.8,1.2,161.6,-1,1,-5,-0.038433112,1
-0.4,-11.2,-7,0.4,31,-1,-2,10,0.034965035,1
-0.25,-46.9,5.65,1.95,108.1,-5,-2,0,-0.02484472,1
0.2,17.6,39.95,-0.05,27.2,4,6,0,-0.084656085,1
-0.8,8.2,1,-0.4,-25.4,-1,1,-1,-0.06127451,1
0,3,65,1,294,0,-3,1,0.333333333,1
0.2,-7,-24.2,-0.2,-17,-4,-7,10,0.07254623,1
0,-0.933333333,19.06666667,1.133333333,127.0666667,1,4,1,0.163636364,0
-0.4,-9.2,-5.6,0.8,-36,2,0,-5,0.268115942,1
-1,27.5,63.5,3.5,354,0,0,-7,0.25,1
-0.166666667,23.66666667,20.66666667,0,-2.666666667,-1,-3,-2,-0.155913978,1
0,-0.6,5.866666667,0.066666667,-0.2,-2,-2,8,-0.00678733,0
0.25,-4.25,-10.25,0.5,157.5,-3,2,5,0.102564103,1
0.25,2.5,18.75,0.25,109.5,0,-2,-2,0.061576355,1
0.4,-13.6,-18.4,-1,-87.4,1,3,-3,0.055555556,1
-0.6,4.6,28.4,1.4,107.6,4,6,3,0.028462998,1
0.2,8.7,18.8,1.3,109.9,2,2,0,-0.056372549,0
-0.666666667,-60.33333333,-22,0.333333333,84,0,-2,-1,-0.080357143,1
0.4,-11.3,-27.9,-1.4,-188,-1,0,2,-0.1,0
0,-30.5,-23.5,-0.5,-221.5,-1,-2,7,0.122807018,1
0,-17.33333333,-12.66666667,1.333333333,94.66666667,2,2,-7,0.134615385,1
0.2,-2.3,-27.7,0.6,61.1,-5,-4,5,-0.122710623,0
-0.25,-9.15,-6.55,-2,26.55,-3,-4,0,0.061403509,1
0,0,0,0,0,2,3,3,-0.258373206,0
0,-3,-48,0.5,-140.9,-1,-2,10,-0.17032967,0
0,23.33333333,32,-1,-27.33333333,-3,-3,0,0.107023411,0
0.2,-8,-16.2,-1.4,-171.4,4,1,3,0.041797283,1
-0.6,-13,2.4,1.8,119.4,2,-2,3,0.073015873,1
0.4,-11.2,-32.8,-1.6,-83.4,-2,4,0,0.09729064,1
0,48.5,31.75,1.25,-81.5,-2,-6,3,-0.227272727,0
1.2,-18,-34,-0.8,-30.4,-3,-3,2,-0.154135338,0
0.5,-18,-35.5,-1,-38.25,-3,0,9,-0.333333333,0
0.2,1.6,-31,1.8,54.2,0,-1,-4,-0.32,0
0,0,0,0,0,3,0,-6,0.075789474,1
0,39.33333333,81.26666667,-0.6,169.4666667,1,0,4,-0.094043887,1
0,79,59,-1,-54,3,6,-1,-0.015384615,0
0,18,-88.5,4,358,-1,0,-6,0.144117647,1
-0.2,66.2,138.4,4,544,1,2,-3,0.166923077,1
0.6,-85.8,-82.8,0.6,185.6,-5,2,3,0.099539171,1
0.8,27.4,38.4,1.6,82.2,0,-3,-7,0.038095238,1
-0.4,6,34.8,2.4,92.2,-4,-3,1,-0.04767184,0
-0.2,37.8,63.4,1.666666667,181.1333333,0,1,1,0.034615385,1
0.4,15.4,21.6,-0.6,30.6,-1,-5,3,-0.140726934,0
-0.1,3.4,6.9,-0.15,50.85,0,3,-2,-0.071428571,0
-0.666666667,-11.6,-21.2,2.666666667,156,-2,-1,0,-0.096153846,1
0.4,-17,-29.2,-0.2,46.6,4,2,10,-0.189090909,1
0,-9,5,0.6,219.2,0,0,-1,-0.032175032,1
0.333333333,1.333333333,-10.66666667,-1,8.666666667,4,3,-7,0.198996656,1
1,117,105,0,56.5,0,2,-6,0.151821862,1
1,68,84.4,-0.8,-69,2,4,-3,-0.108571429,0
-0.6,25.2,28.8,1,31.4,-3,-3,1,0.101351351,1
-0.2,28.2,16.8,-0.2,-44.6,-4,-3,1,0.136363636,1
-0.4,29.8,26.2,0,-19.6,-4,-4,1,-0.014112903,0
0,-25,-28.5,0,153.5,0,-1,-2,-0.021645022,1
0.5,-11.5,-25.5,-0.5,-32.5,0,3,-4,0.017080745,1
0,76.4,99.8,-0.6,-78.4,1,4,-3,0.162121212,0
-1,27,42.2,0.8,392.2,4,1,-7,0.11,0
0,-21.5,-21.5,0,7,0,3,6,0.105189341,0
0,0,0,0,0,-1,-2,-14,0.014652015,1
0,5,3.333333333,-5.666666667,-257.6666667,0,1,6,-0.115942029,0
-0.4,-79.8,-74.8,2.2,252.6,-3,0,-3,0.011666667,1
0.8,-60.6,-79.2,0,-10.2,-5,-5,6,-0.073333333,1
0,-2.2,-4.8,0.6,149,1,-1,-11,0.085972851,1
-0.6,21,40.6,1.4,147,-1,-2,-3,0.049808429,1
0,-17.2,-33.6,-0.4,-182,-6,-2,11,0,1
0.2,-53.4,-46.2,-0.4,-8.4,-3,-1,5,-0.026666667,0
0,-18.4,-10.6,-2.4,-140.2,1,-2,4,-0.097826087,1
-0.6,27.8,27,-0.066666667,-47.6,1,-2,0,-0.156084656,0
0,48.6,49,-1.2,-201.2,2,4,8,-0.166666667,0
0,37.6,41.2,-0.2,6.6,3,5,0,0.020833333,0
0,-18,15,0.6,203.6,2,2,1,-0.152173913,0
0,5.333333333,16.66666667,0,70.33333333,-3,0,3,-0.203703704,1
0,-0.2,0.8,-0.8,-50.8,2,2,1,-0.023076923,0
0.2,-37.8,-31.4,-0.8,6,1,0,3,-0.055172414,0
-0.25,-0.9,-5.15,1.15,59.9,2,-4,2,-0.136363636,1
-0.8,-2.9,-3.6,1.8,65.5,2,5,5,-0.004324324,1
0,-26.4,-37.2,-0.266666667,-48.86666667,0,4,5,-0.0625,1
-0.2,-6.2,-5.8,0.8,-8.2,5,6,-5,0.078431373,1
0.2,17.6,85,6.8,374.8,1,1,-2,0.141025641,1
1,26.5,-18.5,-1.75,177,1,0,0,0.153846154,1
0,5,-11.5,-1,-11.5,2,3,9,0.1,1
0,0,0,0,0,5,2,1,0.03030303,0
0.6,30.46666667,41.86666667,1.933333333,133.5333333,2,1,2,0.071428571,1
-0.6,10.8,22.2,1,69.4,-3,1,9,0.070175439,0
-0.4,11,10.4,0.2,-50,-4,1,3,0.083333333,1
-0.2,4.6,15.8,2,46.2,3,7,2,-0.065217391,1
1,-35.2,-36.86666667,-1,-21.2,-4,-3,10,-0.257142857,0
0.2,36,21,-1,-158,-3,-1,11,-0.216666667,1
0.05,16.25,29.2,-0.35,-53.35,-2,-5,-1,0.098911071,1
-0.2,15.2,22.6,1.8,68.2,0,-2,-3,0.124137931,1
0,-43.33333333,-71.66666667,0.333333333,19,0,-2,7,-0.002673797,0
0,-17.6,-13.6,0,71.4,-1,2,7,0.02764977,0
0.3,-12.5,-63.5,-2.8,-254.7,0,1,3,0.130434783,0
-1,60.2,79,0.2,57.2,1,-3,7,0.019607843,0
0.4,10.6,10,-1.6,-99.4,-1,3,4,0.021091811,0
-0.083333333,-2,2.833333333,0.916666667,25.83333333,-4,-4,5,-0.001904762,0
0,54,110,1,437,2,-1,5,-0.03,1
0,27,46,1,206,2,0,-3,-0.047619048,1
0.083333333,-21,-30.91666667,0.083333333,41.41666667,3,1,-1,0.173669468,1
0,11.13333333,5.2,-0.666666667,-143.3333333,1,1,-4,0.035714286,1
1,9,-10,-1,-55,3,1,7,0.094117647,1
0,70.66666667,55.33333333,-0.666666667,-59.66666667,4,5,1,-0.039473684,0
0,-11.4,-4.6,2.4,128.6,-2,-2,6,-0.025274725,0
0.2,-1.2,-6.466666667,-0.733333333,-114.6,2,0,0,-0.146153846,0
-0.333333333,-18,-19.33333333,0.333333333,50,2,-3,-1,0.143236074,1
-0.4,7.6,14.4,0.2,89,-1,3,3,0.146903821,1
0,-46.6,-36,0.8,12.6,1,-1,-3,0.253196931,1
0.2,-14,-5,1.2,110.8,-4,-4,-5,0.023593466,1
0.2,1.8,-32.4,-0.2,-137.4,0,-2,2,-0.146153846,0
0,-1.4,3.8,-0.2,48.4,0,-3,-5,0.056862745,1
-0.6,-8,-1.2,-0.6,103.6,-2,1,11,-0.136507937,0
0,-14.2,-62.5,1.6,-45.8,-3,-6,-1,0.23119015,0
0,8.5,-3.5,-0.5,-14.5,6,7,1,0.089285714,1
0,48.2,65.6,1.6,105.4,1,-1,4,-0.012682927,0
0,51.6,47.8,-1,-82.6,1,-2,-1,-0.071428571,1
0,8,19,1,58,-4,-1,0,0.235714286,1
0.4,13,2.4,-0.4,-66.8,2,0,-9,-0.152380952,0
0.2,48,49,-1,9.8,1,-2,2,0.135849057,1
-0.15,-22.75,-26.45,0.6,4.9,1,2,-4,0.041144902,0
0.4,12,7.4,-1.4,-209.6,2,6,1,0.036398467,1
0,18.6,5.2,-0.6,-39.2,1,-1,6,-0.196401799,1
0,25.53333333,7.066666667,-1.133333333,-139.5333333,1,3,9,-0.11038961,0
0.25,44.3,23.35,1.2,32.9,-3,0,3,0.104761905,1
-0.6,9.6,-14,-0.8,-341.4,-3,-2,-3,-0.094444444,0
-0.2,-6.2,-15.6,-0.8,-111.6,2,3,-6,0.218181818,0
0.2,33.4,25,-1,-7.8,3,5,-5,0.008928571,1
-0.6,46.6,47.2,0,-23.2,0,6,4,-0.136006975,0
0.2,-28.8,-33.4,-2,6.8,-4,-4,-2,-0.12987013,1
-0.6,-17.25,-21.6,0,-3.2,2,5,2,0.135714286,1
-0.4,-23.4,-23.4,0.6,64.8,-2,-1,2,-0.113636364,0
-1,31.8,32.6,0,11.6,5,6,-2,-0.083333333,1
-0.2,-25.2,-19.6,-0.4,37.2,-3,-1,-4,0.02663707,1
-0.4,-55.4,-71.8,-0.4,-67.4,-2,3,0,0.051948052,1
0,-29.8,12.8,0.8,-63.8,-2,1,-1,0.133640553,1
0,60,49.6,-0.2,-24.8,-1,-1,-2,0.017142857,1
0,-31.66666667,-26.26666667,-1.066666667,-5.6,1,1,-8,0.181818182,1
-0.266666667,-0.266666667,-8.733333333,0.133333333,88.86666667,3,4,-5,0.029411765,1
-0.2,50.2,74.6,2.4,359.8,-1,3,-3,-0.073649755,0
-0.2,-11.6,-13,-1,-106.2,3,1,9,0.008271299,0
-0.2,15.8,1.2,0,-47.8,2,2,-3,0.104377104,1
0.55,-25.3,-44.7,-1,-126.25,3,5,0,-0.022029898,0
0,-34.6,-36.8,1,77.8,1,2,7,0.09009009,1
-0.2,-28.8,-19.4,0.4,47.2,-2,-3,8,0.023185484,0
0,10.1,28.3,1.2,-9.7,0,3,-8,0.17173913,1
0.4,-19.53333333,-65.6,-0.133333333,29,3,3,-2,-0.194805195,1
0,-37.8,-29.2,-3,-11.6,-1,-3,5,-0.072727273,0
0,-35,-46.8,-0.4,-128.8,-1,-1,0,-0.022058824,0
0,-20,-8,1,360,-1,-3,2,-0.087412587,0
0,-1.25,-2,0.5,12,-5,-10,-4,-0.133333333,0
0.8,-0.2,-20.2,-2,-109.2,4,7,-12,0.105363985,1
0.25,-40.5,-45.95,0.4,23.3,-2,-2,-2,0.104761905,1
0.2,-22.2,-35.2,0,107.6,1,2,-1,-0.075438596,1
-0.8,-29.2,-11.6,0.8,48.8,3,9,1,-0.004658385,1
-0.4,-47.6,-52,-1.4,-45.2,0,0,-3,0.022058824,1
-0.6,50.4,46.3,-0.7,-161.8,3,3,-4,0.214285714,1
0,-25.5,-67,-0.5,-144.5,-2,1,7,0.227513228,1
0,-20.33333333,-25,1.333333333,85.66666667,-1,-5,-3,-0.016666667,1
0,-71,-69.3,-1,-71.6,7,7,2,-0.062068966,1
0,19,12,0,11,2,0,1,-0.019047619,1
0,58,81.8,-1.8,-179.6,1,2,-10,0.150326797,1
-0.4,17,19.2,0.8,18.2,-1,-3,3,-0.055555556,0
0,28,12.5,0.5,167.5,-2,-4,-7,0.25,1
-0.55,1.55,-25.5,1.5,-184.95,-2,0,-1,-0.279710145,0
0,-29.5,-39.5,-0.75,-8.75,5,5,0,-0.179166667,1
0,2,1,3.5,369,3,3,-4,0.234615385,1
0,-32,-1,0,206,-2,-1,1,0.05,0
-0.6,-23.2,-21.6,2,82.4,-1,2,-4,-0.012121212,1
0,35.8,47.7,-1.6,52.4,0,0,10,-0.009400705,1
0.2,4.2,-5.8,0,178.4,3,0,-1,-0.041666667,1
0,6.5,9.5,-0.5,148,1,1,0,0.05952381,1
0,0,0,0,0,4,7,4,-0.083333333,0
1,68,44.66666667,0.333333333,-155.3333333,0,-2,4,0.142424242,1
-0.8,-5.2,-1.8,0,82.2,-1,-5,6,0.090481786,0
-0.666666667,-16.41666667,-12.16666667,-0.166666667,161,2,0,-1,0.077777778,1
0,-17.95,-12.8,-0.05,5.55,-2,1,4,-0.176282051,0
-0.2,9.2,-9.6,-0.6,-168.2,-1,-3,-4,0.0125,0
-0.5,74.5,81.5,1,141.75,-1,0,-3,-0.063492063,1
0.133333333,29.6,41.93333333,-2.266666667,-65.73333333,-1,5,3,0.003496503,0
0.333333333,-15,-31.66666667,-1,-33.33333333,5,4,-1,-0.108333333,1
0.4,1.933333333,-34.66666667,1.066666667,-16.73333333,0,-1,-6,0.09047619,1
-0.5,-15.75,22,1.5,240.5,0,1,6,-0.043010753,0
0.5,39.25,55,0.75,107,-3,1,-10,0.075675676,1
0,28.6,37.8,0.6,-47.8,-2,-3,-11,0.18487395,0
-0.333333333,3.666666667,-21,-0.333333333,6,1,-4,1,0.205555556,1
-0.2,-4.8,1.4,4.4,185.2,1,1,-6,0.011842105,0
-0.5,6,5.6,0.6,198.5,-3,-1,12,0.015656566,1
0,-9,-0.5,0.5,75.25,1,-1,-9,0.019480519,1
0,20,0,1,42,4,2,-6,0.008403361,1
0,3.6,-0.6,-2.5,-259.4,1,4,1,0.077777778,0
-0.4,23,38.2,1.2,50.2,-1,-4,-5,-0.020594966,1
0.4,18.6,3.8,-0.4,-6.6,1,1,2,-0.14,0
0.066666667,6.266666667,-31.6,-0.533333333,-197.5333333,-3,-3,9,-0.138655462,1
-0.6,-58,-95.6,-1.4,-308.2,-1,2,0,-0.033333333,0
0.2,7.7,23.3,2.2,191,-3,-4,-4,-0.027667984,1
-0.25,-18.75,-100.5,-4.75,-106.5,1,0,0,-0.007692308,0
0.5,-10.5,-8.5,-1,166.25,4,7,0,0.0875,1
0,0.8,8,0.6,19.9,-2,-4,1,-0.120192308,0
-0.4,52.2,72.2,1.2,178.6,0,7,2,0.215517241,1
0.2,-8.8,26.8,2,336.4,-4,-2,0,0.116666667,1
0,50.66666667,60,0.666666667,51.66666667,5,6,1,0.041666667,0
-0.2,-16,6.4,0.6,93.4,1,-1,0,0.109533469,0
-0.2,-5.6,-9.4,-0.8,-85.8,5,6,-3,0.053470919,1
-0.35,-32.3,-37.1,0.5,-80.1,-2,1,-6,-0.061104583,1
0.2,-22.25,-6.15,-0.95,-29.9,-1,-2,6,0.153985507,1
0.4,6.2,-3.6,-1,-17.8,-1,-5,4,-0.083333333,0
0,-38,-31.5,0.5,117.5,-2,-1,-1,-0.092105263,0
0,-27,28,2,360,7,6,-1,0.060606061,0
-0.083333333,-2.25,-7,-0.416666667,-203.9166667,0,5,6,-0.106153846,1
0,0,0,0,0,0,-2,2,-0.032608696,0
-0.4,-8,23,5.2,411.2,0,3,-7,0.091666667,1
0,79.2,96.6,-0.6,-38.8,-5,-5,3,-0.077708006,0
-0.2,-16.2,-46.2,-1.5,-205.5,0,4,3,-0.089285714,0
0.333333333,-21.26666667,4.866666667,-0.066666667,68.66666667,-2,-2,-7,0.058823529,0
0,8.333333333,18.33333333,-0.666666667,-90.66666667,4,3,1,-0.014705882,1
0,36.5,29,0,173.5,0,0,-5,0.063636364,1
0.2,-5.6,0.2,-0.2,-20.6,0,2,-10,0.155279503,1
-0.4,10.35,3,0.8,-16.95,-3,-3,6,0.053030303,1
0,16.66666667,17,-0.833333333,-150.5,2,6,2,0.119047619,1
0,-22.8,-38.4,1,-79,-1,1,2,0.128654971,1
0,1.2,28.6,2,288.8,2,2,-1,0.175986842,1
0,0,0,0,0,0,1,0,-0.072941176,1
0.8,0.2,17.6,-0.4,17.6,-4,1,-5,0.106469003,1
0.2,-1.4,-11.4,-0.4,-38.6,1,2,7,0.066433566,1
-0.5,-13.8,-5.9,0.2,17.5,-5,0,9,0.216720779,1
0.2,7.4,8.8,-0.2,69.6,-1,-7,6,0.009090909,1
0.2,-30.2,-39.8,-0.2,-32.4,1,-2,-2,-0.024886878,0
0,2.266666667,39.8,1.466666667,204.6,2,4,16,-0.33887468,1
-0.266666667,14.46666667,6.4,2.2,31.6,2,3,3,-0.046546547,0
0,-6,6.2,-0.4,-31.2,1,-1,6,-0.304761905,0
-0.6,-12.85,-6.9,0.15,51.8,-2,-2,7,-0.098837209,1
0,7.2,21.8,0.8,44.8,-3,-6,-7,-0.025641026,1
0,27.8,57.3,1.6,201.8,2,3,-5,0.025641026,1
-0.4,8.6,-6.8,0.6,111.2,-1,-4,6,-0.003529412,0
-0.35,-0.55,-33.65,-0.35,-121.15,-2,-3,3,0.024137931,1
0.6,-24.4,-21.8,0.2,17.2,1,1,4,0.12,0
-0.666666667,32.66666667,17.66666667,0,-97.33333333,0,-4,-5,0.103174603,1
0,27,15,-0.5,-54,-3,-1,-1,0.101139601,1
0.066666667,-5,11.2,0.866666667,54,3,1,6,-0.016666667,1
0.5,-38.5,-33.5,1.5,84,2,6,1,0.189247312,1
0,19.5,62,1,-8,4,2,0,-0.036437247,1
0.2,-16.4,-19,0,67.4,0,-3,-3,-0.140740741,0
0.2,8.8,16.6,0.2,117.2,-3,-3,0,0.203703704,1
0.166666667,17.66666667,31.16666667,1.166666667,164.6666667,-1,-3,5,0.025083612,1
0,-7,7,-1,-28,3,3,-5,-0.05,0
-0.8,10.4,33.6,2.8,146.8,0,-2,-2,0.074074074,1
0.4,-17.2,27.2,-3,139.6,1,4,1,0.067272727,1
-0.4,97.6,97,-1.6,-252.6,5,-2,-3,-0.099539171,0
0.2,18.8,1.2,1,56.8,-1,-2,-4,0.154761905,1
0.6,-20,-21.2,0.2,24,-1,-3,-2,-0.064935065,1
0.4,25,30.6,-0.4,-30.6,1,0,-14,0.039130435,1
1,-7.75,-12.35,-0.3,-42.2,1,4,1,0.059288538,1
0,-54.3,-39.25,1.8,344.75,-1,0,-3,0.097826087,0
0.333333333,9.866666667,14.8,-1.533333333,-122,-1,-1,-1,-0.040935673,0
0.2,5.6,-0.8,0.2,28.6,-2,-2,2,-0.050793651,1
0,-0.75,9.75,0.5,-78.75,8,5,-11,0.163636364,1
-0.266666667,-37.93333333,-42.93333333,1.4,48.2,3,1,0,0.043074324,1
-0.5,-18.6,-9.5,-1.7,38.6,2,-2,0,-0.073076923,1
-0.75,10.5,14.25,0.5,-56.25,-1,-4,-2,-0.035714286,1
-0.8,6.666666667,10.53333333,0.2,47.06666667,2,2,8,-0.002164502,0
0.333333333,38.13333333,39.13333333,-0.866666667,-35.4,2,1,0,0.139130435,0
0,-28.4,-28.4,0.6,43,7,6,-7,-0.018457752,0
0,-22.08333333,-49.08333333,-1.333333333,-118.0833333,0,-2,-6,0.07,1
-0.75,29.5,30.05,2.25,26.75,-2,-3,8,-0.009195402,0
-0.1,25.15,21,-2.25,-85.25,2,2,5,-0.04894327,1
0.2,-5,-4,0,20.4,-5,-5,1,-0.054736842,0
0,0,0,0,0,1,-2,7,0.053333333,1
0,-48.5,-56,1.5,45,3,2,0,0.151515152,1
0,-1.2,3.8,0.4,-61,-1,2,-10,0.068825911,1
0,-23,5,2,168,-1,1,6,0.262820513,1
-0.4,6.6,-27.6,-2.2,-362.4,-1,0,-9,0.164705882,1
0.2,-7.8,-9.8,0.8,69,1,6,-4,0.002777778,1
0.8,29.8,28.8,0,-1.4,-2,0,6,0.028906956,0
0.2,-46.4,-97.8,-1.4,-250,1,6,-1,0.041819516,1
0,0,0,0,0,2,-5,1,-0.107142857,0
0,1,-3,-3,-311.75,1,1,8,0.013574661,0
0,-23.2,-30,-0.2,-104,-2,-1,4,-0.056756757,0
0.4,-28.4,-26.4,0.4,-56.6,0,2,-6,-0.186666667,1
0.2,-43.8,-54.4,0.2,-43.8,-1,-1,8,0.096756757,1
-0.2,-9,-7.6,0,-111,-4,-6,-1,-0.088566828,0
0.4,-3.8,-19,-0.8,-132.2,1,-2,2,0.037873754,1
0,20.5,9.5,-0.5,39.5,3,3,-3,-0.107142857,1
0,28,9,-1,-47,0,0,5,-0.221052632,0
-0.6,7.4,23.2,4.8,280.6,2,1,-3,0.250398724,1
0.4,60.95,82.3,1.2,74.7,2,0,0,0.196666667,1
-0.2,48.4,57.2,0,61.8,-1,2,-8,0.034965035,0
-0.4,49.6,47.2,0.6,146.8,2,1,-15,0.03875969,0
-0.066666667,-0.133333333,2.266666667,2,131.5333333,-2,3,2,0.030100334,0
0,10.5,12.5,0.5,20,2,2,2,0.143859649,1
-0.333333333,1.666666667,-8.333333333,-3.666666667,-214,7,-1,-5,0.265984655,1
-1,-28,-9,2,130.4,-5,-1,6,0.033613445,1
-0.2,14.2,11.2,0.4,-93.8,-1,1,-2,0.136842105,0
-0.5,-13,-9.5,0,-45,-1,-3,1,0.101190476,0
0.4,-16.13333333,-28.66666667,-0.133333333,-175.0666667,1,1,10,0.039215686,0
0,43,44.5,0.833333333,132,-2,-2,4,-0.103846154,0
0,22.5,10.25,-0.75,-160.5,-1,-1,1,0.1325,0
0.6,-69.2,-111,-0.4,-133.8,-1,-2,1,0.044505495,1
0.4,15.6,16,-0.2,-17.4,-3,-3,1,-0.105189341,0
-0.6,-15.4,-9.6,0,18,1,0,8,-0.003296703,1
0.266666667,-45.33333333,-47.53333333,-0.466666667,-17.13333333,4,6,1,-0.052682927,1
-0.4,46,62.8,-0.2,135.6,2,6,-6,-0.241025641,1
-1,30.6,52.6,4.6,272,-3,-3,3,0.027164686,1
0.8,66.8,72.2,-2.4,-228.4,1,3,-3,0.179487179,1
0.066666667,30.6,38.33333333,-2.6,-89.26666667,-1,-1,10,-0.125541126,0
-1,56.5,58.8,0.4,19.9,1,-1,9,-0.128078818,0
0,14.73333333,4.733333333,0,-128.2666667,5,4,0,0.072580645,1
0.5,27.33333333,16.83333333,-1.083333333,-247.5833333,-2,-1,1,0,1
0,-6.75,3,0.5,64.75,-1,-3,2,-0.004705882,0
0,22.2,39.1,0.5,74.5,2,-1,7,-0.186813187,1
0,21.8,13.6,-0.2,-15.4,0,3,4,-0.150568182,0
-0.2,40.6,50.6,-0.2,-186.4,0,1,0,-0.079166667,0
0,-25,-39,-1,-27,-2,0,2,0.316666667,1
0.666666667,-60.5,-62.66666667,-0.5,-9,-2,-1,9,0.142857143,1
-0.2,-16,-30.8,0,5,-3,-6,2,0.007672634,1
0.6,34.6,51.4,0.6,63.4,4,0,5,-0.080495356,0
0,7.4,-41.6,0.4,-479.2,0,-2,5,-0.227272727,0
0.166666667,23.66666667,23.16666667,0,11.5,4,-4,6,-0.307065217,0
0,-2,4.333333333,-0.666666667,-26,-1,-2,-6,0.114285714,1
0,-34,-37.5,0,-30.5,1,1,-1,0.119047619,1
0.6,2,-7.6,-3,-154.2,2,-1,-5,0.083333333,1
0,35.6,40.4,0.2,9.8,2,0,-6,0.194444444,1
0,-13.66666667,-29.66666667,-1,-20.66666667,5,8,1,-0.116666667,0
0,-6.2,-8.8,0.8,132,-2,0,8,-0.03030303,1
0,48.7,46.9,-1.1,-137.1,0,2,-3,0.215686275,1
-0.4,138,134,-1,-6,-6,-4,1,0.1,0
-0.25,40.45,37.05,1.55,54.6,-1,-2,8,-0.238636364,1
0,35,17.33333333,0.333333333,-20.33333333,-3,-6,6,0.036363636,1
0,-3.6,-17,0.2,22.2,-7,-8,5,-0.251282051,0
0,46,49,0,37,0,4,-4,-0.066666667,1
0.4,9.4,24.2,0.4,183,1,3,8,-0.278378378,0
0,-19.75,-69.25,-0.5,-120,-1,-6,-3,0.136715997,1
0,-15.66666667,-27,-0.333333333,-38.33333333,5,7,1,-0.010752688,0
0,47.2,42.6,-1.6,-180.6,3,3,-1,0.181259601,1
0,91.2,99.6,-0.6,-23.2,-1,0,5,0.056818182,1
0,-18.4,-9,0.4,34.2,-3,0,-2,-0.082222222,1
0.5,21.5,-21,-1.5,-92,0,-3,0,0.111904762,0
-0.25,-7.166666667,-10.16666667,1,-166.4166667,-6,-4,3,-0.102941176,1
0.6,12.4,-8.2,-0.8,-116.6,0,-2,0,0.015915119,1
0.3,-8.9,-62.7,-2.1,-103.9,5,4,-1,0.067774936,1
0,-17,-69,-1,-101,-1,-3,0,0.191304348,1
0.6,28.8,32.6,1.8,137,0,4,5,-0.041666667,0
0.8,4.6,-38.2,-2.2,-53,-2,2,-1,0.204761905,1
0.266666667,-14.4,-7.866666667,0.466666667,47.6,0,-5,-4,0.022624434,1
0,-14,2.5,0,33,3,2,-4,0.142857143,1
-0.4,-18,-17.2,-0.2,-53.6,-1,0,-5,0.005172414,1
0,8.933333333,3.466666667,-0.466666667,-13.8,0,0,-1,0.041666667,1
-1,3.2,2.8,0,1.2,-4,-7,-1,-0.077586207,0
-0.4,28.6,22,-0.4,-41.2,-2,-5,3,0.018018018,0
0.4,37.8,38.4,0,86.4,-1,-3,2,-0.086956522,0
-0.4,32.46666667,38.46666667,0.333333333,68.73333333,-3,-3,1,0.068376068,0
0,0,0,0,0,0,0,-7,-0.083333333,0
0.4,-10.8,2.6,0,10.6,1,1,-3,-0.016666667,1
0,-37,-56,-1,-60,2,-3,6,0.075757576,1
0,0,0,0,0,-5,-3,3,0.021978022,1
0,-29.33333333,-40.33333333,-1,-59.33333333,4,0,-7,0.1875,1
0,-30,-3.25,0,-10.5,-2,-6,-6,0.151785714,0
0.5,-21.5,-27,-1,-41.5,1,4,-2,0.04040404,0
-0.4,14.6,36,1.4,142.6,2,0,-4,0.039215686,0
0,27,3,-1,-202,-4,-2,10,0.151260504,1
-0.4,-29.8,-41.2,-0.6,-44.2,1,1,-2,0.050322581,0
-1,20.8,18.4,1.2,56,0,-1,-3,-0.048484848,1
1.133333333,16.86666667,25.6,-0.133333333,-61.46666667,-3,-6,-12,0.1,0
-0.4,10.4,23.5,1,-7.35,0,-2,4,0.152941176,1
-0.333333333,-21.66666667,-23.66666667,0,-15.33333333,-1,-1,-3,0,0
0.4,-6.2,-11.4,0.8,54.8,-2,-1,1,-0.114705882,0
0.8,6.8,4.1,0.6,61.9,1,-1,12,-0.007575758,0
0,16.4,9.2,-0.8,-21.6,-2,-2,-2,-0.130952381,0
0.666666667,-20.13333333,-39.8,-0.6,-107.8666667,4,7,-9,0.131944444,0
-0.2,-28,-27,-0.6,22.2,1,2,-1,0.076754386,1
0,18,31,0,-115,-2,0,-1,0.157692308,1
-0.8,21,27.6,0.6,40.6,2,0,-6,0.194444444,0
0,-40.2,1,2.6,119.4,-4,-3,6,-0.047619048,1
0.2,-4.8,-8.4,1.4,134.6,1,3,-1,-0.214583333,0
0,41.6,43.6,-0.8,-40,4,3,0,0.073226545,1
0.333333333,-17,-27.25,-1.25,-178.5,-2,1,-3,0.152380952,0
0.4,20,27.8,2,178.8,4,2,6,-0.023809524,1
0.4,-0.4,0.6,-1,-89.9,0,0,7,-0.205797101,0
0,-45,-29.4,0.4,10.6,-1,-3,-7,0.26006192,0
0,15.2,18.6,-0.8,-54.4,-1,1,-10,0.182608696,1
0,-9.3,-22.6,-1.2,-34.3,1,0,-2,0.013227513,0
0.333333333,18.86666667,18.06666667,1.933333333,181.6666667,-1,3,-2,-0.11372549,0
0,19.5,18.5,1.5,61.5,-3,-4,-10,0.222222222,1
0.2,-2.6,-2,0.6,27.6,2,3,5,-0.159464394,0
-0.2,-10.8,-27,0,-69.6,-1,-1,13,0.054006969,1
0.6,-47.6,-48,0,-35.8,1,1,3,0.035714286,0
1,-34,-53,-1,-58,3,5,-8,0.052525253,0
0.4,7.8,-6.8,-2.2,-255.2,-2,0,6,-0.066810345,1
-0.5,-5.5,-10.8,0.1,-239.3,1,3,9,-0.152777778,1
0,-19.7,4.4,1.3,191.3,0,1,6,-0.032175032,0
0,-2,-3,1,424,4,-1,5,0.027777778,0
0,19.66666667,23,-0.333333333,122.3333333,-2,-5,1,-0.056277056,0
0,-34.4,-41.8,0.8,-79.2,1,-1,5,0.196969697,1
0,14,20.2,0.6,81.6,-2,-3,2,-0.179487179,1
0,8,7,0,-49,0,-1,2,0.013227513,0
-0.2,-14,18.4,2.2,444,1,-2,1,0.25,1
0,11.4,7.6,0,-72.4,0,5,-2,-0.107551487,0
0.2,-16.8,4,0.8,198.2,4,0,-5,0.251231527,1
-0.2,3.8,14.6,3.6,232.2,1,4,-10,0.077380952,1
0.4,-27.4,-43.4,0,-91.8,0,-1,-3,0.087412587,0
0,-24.4,-20.26666667,-0.533333333,-153.0666667,0,-4,4,0.138333333,1
0,-8.75,-24.25,0.75,-9.5,-1,-5,0,-0.230769231,0
0,18,16,0.2,-70,-3,-5,-7,0.186813187,0
-0.333333333,26,43,0,-8,-5,-4,-3,0.085227273,1
-1,34.6,63.8,2,198.2,1,-1,2,0.131934033,1
-0.3,23.7,26.2,0.6,47.7,2,4,3,-0.103896104,0
-0.4,9.4,19.4,2.4,145,0,-2,-3,-0.003472222,1
2,-19,-17,-1,-28,-1,-3,7,-0.068181818,1
0.2,18.53333333,27,2.266666667,79.06666667,-3,-1,-2,-0.232520325,0
0,30.2,30,0.2,-26.6,1,-2,-2,-0.035714286,1
0.5,42.25,65.5,0.5,227.75,-2,4,1,-0.011824324,1
0.666666667,29.66666667,28,-1,-91.66666667,2,-1,-2,0.062618596,1
0,-20,-24.5,-0.5,95.5,5,1,-2,-0.043062201,0
0,23,38,1,23,-2,-2,2,-0.15158371,0
-1.2,-21.4,-29.6,-1.6,-101.8,-1,2,-8,0.100952381,1
0,0,0,0,0,1,0,2,0.047619048,1
0,12,16,0.5,58.5,1,4,4,0.21031746,1
0,0,0,0,0,-2,-4,-2,-0.076252723,1
0,0,0,0,0,1,0,1,-0.047008547,1
-0.2,-0.8,-1.4,-0.2,-68,-5,-8,3,0.08,0
0.4,-48.4,-67.2,0,4,-2,-4,-2,0.077310924,0
0.25,6.35,30.1,1.8,155.55,-1,1,14,-0.067251462,0
-0.1,-9,-28.1,0.2,-83.9,-1,0,5,-0.083333333,0
-0.1,-30,-64.5,-0.2,-126.8,2,5,4,-0.018092105,1
1,-24,-43,-1,-57.5,-2,2,-7,0.093333333,0
-0.3,-33.95,-44.05,-0.6,-55.85,-6,-4,10,-0.013157895,0
0,-23.4,-33.4,0.8,30.2,1,1,-2,-0.217105263,0
0.333333333,-24.66666667,-31.33333333,-1.333333333,-306.3333333,3,3,-3,0.075,0
0.5,-13.66666667,7.5,0,92,0,-2,-6,0.088235294,1
0.2,-12.6,11.8,0.8,176.6,-1,1,3,0.05,1
-0.5,13,18,-0.5,-22,1,1,-8,0.247863248,1
0.2,19.2,-4.4,-1,-40.8,-1,0,-4,0.216666667,1
1,12.6,10,-1,-75.6,1,4,0,0.020779221,1
-0.333333333,27.66666667,46.33333333,0.333333333,54.33333333,-2,-1,5,0.2,1
-0.2,5.2,8.8,-1,-82.2,4,2,-7,0.070291777,1
-1,8,16.33333333,0.333333333,-95,0,-3,1,-0.052380952,1
0,40.7,64.6,3.2,83.6,-3,-3,1,0.050505051,1
0.6,-15.8,-37.9,1.5,137.7,2,1,-2,-0.19941349,1
0,0,0,0,0,1,3,-1,0.033333333,1
-0.5,-40.6,-29,0.6,39.1,-5,-5,-2,-0.086956522,0
0,-27,-19,1,80,-3,-2,3,-0.007692308,1
0,1.5,17,6,390,-2,5,0,-0.091954023,0
0,32,49,0,-210,0,-2,11,-0.134117647,0
0,-21.66666667,-41.66666667,0,50.66666667,-1,-3,-3,0.047619048,1
-0.2,10.4,52.6,6.4,453,0,-2,-6,0.12055336,1
-0.4,-29.4,-51.2,0.4,-131,1,1,-2,0.033333333,1
-0.8,-34.33333333,-37.86666667,-0.133333333,-63.06666667,-2,-3,6,-0.05,0
0.133333333,24.73333333,15.06666667,-0.733333333,-31.13333333,-1,-3,-5,0.057721139,0
0.2,32,56.2,1.4,171,-2,-1,5,0.107407407,1
0,-22.5,-17.5,0.5,-100,-5,-7,0,0.064705882,0
0.2,-22.7,-15.7,0.8,95.3,4,2,-3,-0.214285714,1
-0.4,-8,-14.2,1,20.2,0,0,10,0.130952381,1
0,16.4,10,0.6,8,-2,-1,1,-0.00462963,0
0,20.4,38,-0.133333333,93.2,-1,-2,3,0.124223602,1
0,-13.25,9,1.5,248.25,-1,-2,1,-0.007936508,1
0,0,0,0,0,3,7,0,0.1,1
0.4,113.4,122.6,-0.6,-123,5,1,-10,0.094957983,1
0.2,40.4,45.2,-0.4,-76.2,2,0,5,0.163043478,1
1.133333333,28.6,21.13333333,-0.6,-12.93333333,-1,-1,-1,0.055652174,1
0.2,10.8,-26.2,0.2,31,2,-2,7,-0.197115385,0
-0.2,32.8,5.4,-1.4,-255.8,0,-3,-1,-0.17037037,0
-1,-13.6,31.2,-2.4,168,2,0,2,0.00625,0
0,20.33333333,3,-1,-44,0,3,4,-0.035294118,1
0,13,-42.5,0.5,13,-6,-8,6,0.233552632,1
-0.4,26.8,27,-1,-38.4,0,-1,-3,0,0
0,-23.25,-63.75,1.5,-87.5,-1,-6,-8,-0.151515152,1
0.2,19.6,22.8,0.6,86,-2,-5,1,-0.058441558,1
-0.4,35.8,34.2,0,-99.2,-6,-4,7,-0.132653061,0
-0.2,9.4,31.4,0.4,25.4,-3,3,6,0.214003388,0
0,-62,-88,-1,-130.5,0,0,4,-0.041666667,1
-0.2,-2.4,-8,-0.2,-12,3,1,3,0.073573574,0
0.133333333,-2.8,7.466666667,0.333333333,3.733333333,0,2,-14,-0.064449064,1
-0.2,6,14.2,1.2,68,-1,-1,2,-0.14964216,1
0.2,-17.73333333,-40.26666667,-2.333333333,-248.4666667,0,3,2,-0.05,1
0,-45,-27.8,0.6,233.8,-2,-1,0,-0.036789298,1
0.6,2.8,1.2,0.2,-7.4,2,1,6,-0.142414861,0
0,6.2,33.7,1.8,147.9,3,5,6,-0.133941094,0
0,-18.6,-24,2,239.8,-2,-8,1,-0.077777778,1
0,-49,-53,0,-101,3,0,0,0.149797571,1
0,19,31,-2,-194,4,4,4,0.012987013,0
0.2,-14.33333333,-5,-1.333333333,-215.9333333,3,5,11,-0.083333333,1
-0.466666667,12.13333333,8.866666667,-2.733333333,-141.8,0,-2,13,0.002248876,1
1,2.4,-35.8,-2.4,-273.8,-2,0,6,-0.004705882,1
0.25,-20.25,-19,-0.25,45.25,1,2,6,-0.092307692,1
0,24.2,41.2,-1.2,-60.2,-1,-4,-8,0.036124795,1
1,-2.5,-4,-1,14.5,3,7,5,-0.038888889,0
-0.3,24.35,28.15,2.2,56.85,3,2,0,-0.057657658,1
0,-157.4,-154.4,-1.2,-63.8,1,4,-1,0.059210526,1
0.2,27,3.133333333,1.266666667,-15.66666667,0,1,1,-0.110864745,0
0.5,-15.5,-9.5,-0.5,-171,-2,2,1,-0.11,0
0,-23.5,-16.5,1.5,70,3,1,2,0.027777778,0
0.5,-24,-26,0,53.5,3,3,-4,0.217948718,1
-0.4,39.8,61.2,0.8,149.4,2,8,-3,0.298850575,1
0.2,8.6,-17.8,0.2,-200.4,0,0,-7,0.13961039,1
0.6,43.6,46.2,-0.8,-89.4,0,1,0,-0.231684982,1
0.4,-11.8,-9.4,0.4,11.8,-1,1,1,-0.002272727,1
0,22.8,28,-0.4,224.4,-3,-3,6,-0.026223776,0
-0.4,15.2,19,-1.2,-97.6,1,3,12,-0.136231884,0
0.6,0.4,-12.4,-0.4,-30.8,-2,-1,2,-0.015837104,1
0,-3.2,-8,0.6,-132,0,0,-3,0.304347826,1
-0.666666667,1.4,3,-0.6,-131.9333333,-2,0,8,-0.014583333,0
0.3,-9.3,-11.8,4,298.9,2,2,-8,0.064935065,1
0,52,90.5,-1,169.5,-4,-1,-10,-0.02020202,0
0,21,29,1,47,0,2,3,0.038461538,1
0,-55.4,-54.2,0,2.4,0,6,-2,0.15,1
0,-28,-13.8,-0.4,120.4,1,2,-1,-0.035842294,0
-0.4,-10.2,-13.2,1.2,16.6,1,-1,12,-0.021181717,1
-0.2,-2.9,-0.4,-2.4,34.4,4,1,-12,-0.070175439,0
-0.4,6.4,19.8,0.4,92,-3,-1,-4,0.117829457,1
1,16.2,3.8,-1.2,-64.6,-3,0,0,0.109500805,1
0.5,-4.25,-17.75,0,-10.75,4,5,-6,0.013333333,1
0.6,26.4,30.2,1.8,60,-3,-1,2,0.010989011,1
0,42,73.75,1.75,-0.5,-3,-5,-2,0.039927405,1
0,0,0,0,0,-7,-3,-1,0.010695187,1
0,-18.33333333,-15,-0.333333333,65.66666667,1,-3,2,-0.205555556,0
-0.25,15.25,7,-0.75,-95,4,6,5,-0.1375,1
-0.2,19.2,1,0.2,-27,4,0,-2,0.060740741,0
0.8,28.2,51.6,-0.8,-181.2,-3,-6,1,-0.140740741,0
0.5,-12,-12.5,0.5,-4,3,5,-3,-0.046153846,1
0,55.83333333,44.83333333,0.833333333,65,-1,1,6,-0.049242424,1
-0.4,23.73333333,56.2,0.2,73.86666667,3,7,-3,0.001162791,1
-0.25,-40.5,-40.25,1.5,74.75,0,-2,-3,-0.117554859,1
0.25,-34.33333333,-9.25,1.25,141.5,3,3,2,-0.196078431,1
-0.333333333,13.93333333,20.4,0.4,-16.2,-5,-7,10,-0.134615385,0
-1,-5.5,-9.5,0.5,56.5,1,-2,-1,0,0
0,-5.5,9,0,159,2,5,-4,-0.029220779,0
0,29,33.2,0.2,-30.6,-7,-3,-3,0.033333333,1
-0.2,18.8,34.8,1.6,151.2,-2,-3,1,0.03030303,1
0,24.2,61.2,1.6,160,-1,0,-2,0.28974359,1
-1.2,35.8,37.4,-0.4,-50,-2,3,-1,0.02345742,1
-0.1,-28.25,-40.95,-0.85,-24.3,-3,1,4,0.021428571,0
0.5,-29,-29.25,0,67.5,3,2,-7,-0.107826087,0
0,-42.85,-23.7,4.1,310.85,0,2,-5,0.311965812,1
-1,6.2,21,1,80,1,6,-3,0.166666667,1
0,14.85,-8.3,-0.05,-59.05,-2,-2,8,-0.146520147,0
-0.5,-21.45,-14.6,0.5,92.25,-3,-1,6,0.017316017,0
0,13.46666667,14.6,-0.4,-39.13333333,2,-1,-4,0.262254902,1
-0.4,41.8,46.8,-1,58,3,5,-1,0.1,0
0.6,-5.6,-21.4,-1,-56,0,1,0,-0.2125,1
-0.2,8.2,-1,-0.8,-96.6,3,3,-3,0.07,1
0.2,32.2,51.4,0.8,145.6,1,3,1,0.058974359,0
-0.266666667,-39.53333333,-102.0666667,-1,-235.2,-3,1,12,0.039130435,0
0.2,-0.6,5.3,-0.6,96.6,2,4,4,-0.164335664,1
0.4,15,14.2,-0.8,-137.2,-1,-1,4,0.011363636,0
0,1,-9.666666667,-0.666666667,46.66666667,-7,-3,4,-0.263636364,1
0,0,0,0,0,-3,-2,1,-0.073529412,0
0,-23.1,-37.9,0.1,-146.8,0,5,1,0.148148148,0
-0.2,26.6,25,0,-21.2,-2,-5,-10,-0.00125,0
0,-47.2,-71.05,-0.65,-78.6,-4,-7,5,0.049342105,0
0,0,0,0,0,2,1,5,0.05,1
-0.2,-30.8,-90.2,-2.4,-289.2,0,1,-2,0.15601023,0
0,-2,-21,-1,-60,3,3,1,0.178733032,1
0,19.4,11.2,-1.2,-169.4,-1,-7,8,-0.039246468,1
-1,-32.2,-41,1.8,213.2,3,7,-2,-0.049342105,0
0,-25.5,-33.5,-1,-60,6,4,0,-0.0625,0
0.8,20.6,5.8,-0.6,16.6,1,3,-3,0.010084034,1
-0.2,-35.6,-44.6,-0.2,-86,2,6,-5,0.051671733,1
0,-15,-29.75,0.75,57,-4,-1,5,0.084656085,1
-0.5,-28,-36.5,-2,-164.5,2,-1,-10,0.216666667,1
0.2,1.8,-12.6,0,-21.2,1,4,6,0.061935484,1
0.4,-20,-32.8,-1,86.2,0,1,6,0.003418803,0
0,-10.5,-15.5,-5.5,-370,1,-1,3,-0.098901099,0
-0.2,4.8,8,0.4,111.6,1,-1,0,-0.039671683,0
-0.3,-21.9,-20.9,-2.3,-114.6,0,1,8,0.085597826,1
0,20.83333333,19.75,-0.416666667,34.91666667,-6,-4,0,0.055454545,1
0.2,-40.4,-74,-2.4,-134.4,4,3,-1,0.04767184,0
0,-22.2,-18.6,0.2,20,-3,0,-9,-0.088888889,1
-0.6,-21,-30.6,-2.6,-282,1,-1,2,-0.10906298,0
0.4,-39.6,-31.6,0.4,66.4,-4,-1,10,-0.037593985,0
0,58.85,62.3,0.1,-56.5,4,4,-5,0.00511509,1
0.4,-21.6,-20.6,0,-301.2,-3,-4,15,0.020499109,0
-0.333333333,-46.66666667,-76.33333333,-0.666666667,-117,-2,0,-9,-0.008928571,1
0,7.8,14.8,-0.4,7,-1,0,-9,-0.047826087,1
-0.2,-7,-10.6,-0.6,-76.2,2,0,3,-0.1,0
0,1.5,19,1,26.5,-1,4,-5,0.0375,1
0.5,18.5,30,1.5,178,3,0,9,0.141025641,1
0,2.666666667,7,1,329.3333333,0,0,-1,-0.05,0
-0.2,17.4,17.8,-0.4,-47.2,-3,-3,-4,-0.012578616,0
0.4,-55.2,-70.2,-0.4,-84,0,2,4,-0.123355263,1
-1,18,13.2,0.4,30.8,-3,-5,8,-0.151515152,0
-0.333333333,16.83333333,-28.83333333,-6.333333333,-184.8333333,0,-4,0,-0.045787546,0
0.4,-21,-36.4,-0.6,-8,2,-1,12,-0.173913043,1
-0.4,-27.4,-47.6,-1.6,-238,0,0,-2,-0.02037037,0
1,1.3,-30.8,-0.8,63.5,4,5,-3,0.258928571,1
0.5,-29,-37,0,50.5,1,-2,3,0.259615385,0
0.2,-7.2,-21.4,-0.4,-3.4,3,4,8,0.038961039,1
0,-57,-59,0,-54,4,3,3,0.072463768,0
0.333333333,-59.33333333,-54,-0.666666667,50.66666667,-4,-5,6,0.275,1
0.2,-6.4,-12.2,0,72.4,-6,-2,5,-0.071895425,0
0.4,8.2,11.2,-0.6,-44,0,-5,9,0.016339869,0
0,19.5,-12,0,76,3,6,-6,-0.166666667,1
0.4,-5.4,0.8,0,50.4,1,5,3,0.010695187,0
-0.2,-21.6,2.6,0,104.2,1,1,14,0.152380952,1
0.133333333,12.86666667,-0.533333333,-0.466666667,-97.4,-8,-3,2,0.025,0
0,-24,-36,-1,-55,1,-2,-2,0.057971014,1
0.2,-25,-32,-1,-59.4,4,4,7,-0.067080745,0
0,-60.8,-63.2,0.2,-1.2,0,0,12,-0.175697865,0
0,-6.2,32.6,1.8,97.8,-2,-1,1,-0.131868132,1
0.6,1.6,-5.4,0.6,51,-2,-1,6,-0.090322581,1
0,9.6,14.93333333,0.8,58.06666667,-6,-3,7,-0.020833333,1
0,5.2,10.3,0.6,-6.4,2,0,1,0.029411765,1
-0.2,36.8,68.6,1.4,231.6,-3,0,5,-0.032224532,0
0,-0.2,-11.6,-0.6,18.2,2,0,-3,-0.067099567,1
0.2,-26.2,-25,1,207.8,3,-2,5,0.080901857,1
0,-32.66666667,-47,-0.333333333,-45.66666667,0,9,0,0.202898551,1
0,-2.75,7,-1,-104.25,-1,2,2,-0.170807453,1
0.4,-11.6,-9.8,-0.4,85.6,3,3,-1,0.133333333,1
0,0,0,0,0,-5,-2,-2,0.421052632,1
-0.4,-19.73333333,-7.8,-0.8,106.1333333,0,1,0,0.060606061,1
0.4,-16.8,-31.8,0,-24,7,1,12,-0.134117647,1
-0.2,28.8,57.4,0.6,180.8,0,2,-4,0.015444015,0
-0.5,-40.33333333,-55.83333333,0.666666667,115,-1,-4,8,0.014285714,0
0.333333333,-21.33333333,-32.66666667,-1,-8.666666667,0,0,5,0.013071895,1
0.2,62.8,59.6,-1,-67.6,2,-3,-2,0.021428571,0
0.4,-25,-30.2,0,8.8,-7,-9,-2,-0.150166852,0
0,33.4,39,2.2,225.6,0,-1,3,-0.027972028,0
0.7,28.5,27.3,-0.1,24.4,-1,-3,3,0.06127451,0
0,-16.8,-34.8,-0.2,-75,0,3,9,-0.131707317,0
0.5,-17.5,-17.5,-1,-13.5,6,6,-5,-0.022058824,0
-0.2,-31.8,-34.6,3.6,61,-1,-2,5,-0.136363636,0
0.8,20,8,-0.4,56.6,-1,0,10,-0.102272727,1
0,8,0,1,25,4,0,2,-0.055555556,0
0.5,-23.9,-54.1,-1.75,-173.7,3,4,1,-0.054858934,0
-1.2,-16.6,-20.5,-0.4,-123.7,1,5,-4,0.214285714,1
-0.333333333,10.16666667,-10.16666667,0.666666667,78.16666667,-3,0,-3,0.009615385,0
0,12,2.5,-0.75,-35,1,-1,4,-0.016666667,1
0.15,-29.4,-25.75,0.2,11,0,5,2,-0.20713073,0
0.2,-11.4,-3.2,0.2,23.6,0,1,7,0.079831933,0
1.2,-19.2,-15.4,1.4,52.4,-4,-3,1,0.191818182,1
0,21.8,12.8,-1.2,-133.8,0,2,1,0.034739454,0
0,22,22.6,-0.2,-39.8,2,7,-5,0.07037037,0
-0.666666667,-18,-1,0,21.66666667,1,-1,-3,-0.011111111,1
0,-6,-13.75,-1,-85,3,2,-5,0.02484472,1
0,4.8,1.2,-0.6,-32.6,-2,-4,5,-0.186379928,0
-1,-30.2,-14.8,6.4,172.2,0,-3,-1,0,0
-0.2,55.8,89.7,1.3,84.3,2,4,-5,0.013231756,1
0,-16.8,-11.4,1.2,328.4,-3,-5,-2,-0.077777778,0
0,-5.8,-0.8,0.8,2.2,0,3,-6,0.045248869,0
0.25,6.75,20.08333333,1.333333333,68.83333333,0,0,2,0.026785714,1
0,17,16.2,-0.4,-50.8,2,3,4,-0.052036199,0
-0.3,-11.25,-1.9,2.6,201.25,3,2,-4,-0.008333333,1
0.2,17.4,17.2,-5,-246.8,-2,-1,11,-0.095238095,1
-0.8,-5.6,16.95,-0.55,53.75,0,-1,2,-0.091397849,1
0.5,-58,-77.5,-0.5,-77,5,5,-3,0.116666667,1
0,12.25,-3.5,0.75,84.75,0,-2,-6,0.215686275,1
0,18,24,2,58,0,-3,-4,0.095959596,1
0,-16,-21,-0.4,-94.6,2,4,-12,0.026470588,1
0,-2.2,28.8,0.6,42.4,2,4,4,-0.021169355,0
-0.2,-53.6,-34.6,1.2,222.4,1,-1,0,-0.051150895,1
0,14,27,1,60,2,4,-2,0.074712644,0
0,1.2,23,2.4,170,0,-1,-2,0.041666667,0
0,-30.8,-37.4,0.4,48.4,1,0,-8,0.109531773,0
0.2,32.6,49.6,0.8,152.4,3,2,-3,0.025714286,1
-0.55,7.05,12.7,-0.05,22.35,-2,-2,0,-0.025862069,0
0.1,6.2,51.6,-1.4,80.2,-2,0,-3,0.142857143,1
0.4,1.666666667,-42.4,-2.333333333,-178.5333333,2,3,-5,-0.085470085,0
0.6,3.5,8.6,0,-21.3,1,-2,-4,0.03030303,1
0.25,16,7.75,0.75,-57.75,-2,-2,-7,0.202898551,1
0,-0.2,7.6,1.2,66.2,0,0,-5,-0.053571429,1
0,17.5,35.5,0,15,-1,0,-8,0.116666667,0
1,8.833333333,27.16666667,-1.166666667,8.666666667,5,2,3,0.094827586,0
0,8,7,0,2,-3,-3,-2,-0.013636364,1
0,-24.5,-30,-2.5,-384,-1,2,0,0,1
0.4,-36.6,-37.8,0.2,26,-1,2,-1,0.007317073,0
-0.266666667,-11.8,-8.133333333,0.066666667,46.33333333,-3,-3,1,-0.058441558,1
0,47.4,50,-0.2,-10,2,-1,5,0.02,0
-0.4,13,10.2,0,-22.6,-5,-5,-5,0.024150943,1
-0.4,-4.8,-5.2,0.4,118.4,2,2,-1,0.115503876,1
0,-18.2,-26.2,-2.2,-134.8,0,1,6,-0.160130719,0
0.4,7.6,12.8,-0.4,-20.2,0,1,-7,0.039130435,1
0,4.9,-5,-2.8,-208.3,0,0,12,-0.150588235,0
0,13,14,0,-54,-3,-2,-5,0.18006993,1
0,-31,-48,-1,-60,5,3,2,-0.151785714,1
0,-6.95,-6.45,0.55,111.1,1,-2,-1,0.024216524,0
0,24.8,13.4,-0.8,-97,0,0,-4,-0.041666667,1
0.6,21.4,38.8,0.8,35.2,0,-2,-2,0,1
-0.4,70.4,81.2,1.6,190.6,0,8,1,0.332183908,1
0.4,-23,-49.4,-4,-373.6,-3,-2,5,-0.109230769,0
0.4,25.6,20,-1,7.4,0,1,2,-0.252587992,0
0,-2.4,13.8,-0.2,96.3,-3,-3,0,-0.214492754,0
0.2,-34,-44.2,-0.6,-86.2,2,0,-5,0,0
1.4,-4.5,-19.35,-5.75,-305.3,-4,-2,5,-0.364035088,0
-1,10.1,24.5,0.8,29,-3,-5,5,-0.084677419,0
0,19.35,17.6,3.35,128.3,0,-3,0,0.005387931,1
-0.4,15.2,11.6,-0.2,178.6,-4,-2,11,0.204545455,1
0,-2.5,-19.5,7.5,429,4,2,-14,0.173669468,1
-1,1.333333333,67.66666667,2.333333333,-105.6666667,-5,-4,3,-0.149038462,0
0,-12,-4.5,1,56,4,5,0,0.030812325,0
-0.2,-8,-4.8,0.6,-21.2,0,2,1,0.058333333,0
0,8,-11.2,-0.2,-101,10,9,-3,0.029891304,1
0,-9.6,-44,-2,3.8,3,2,10,-0.151612903,0
-0.5,-46,2.35,3.6,160.55,-2,-1,10,0.066666667,1
-0.466666667,-5.2,-19.06666667,-0.6,-66.93333333,-4,-1,9,-0.152941176,0
0.5,-4.5,-8.5,-1,142.5,3,1,0,0.123569794,1
0,-9.5,-2,-0.5,-24,2,1,9,-0.138655462,1
0,33,38.5,-1,88,-3,1,4,-0.181818182,0
0,13.5,22.33333333,-0.833333333,-56.33333333,-1,1,0,0,0
-0.5,-16.8,-10.8,0,-28.8,-2,-1,-2,0.103030303,1
0.2,-13.2,-18,1.6,149.6,-4,-7,15,0.109090909,0
-0.2,-4.4,4.8,3.2,145.8,-1,-1,-1,0.126373626,0
0,-6,44,4,529,-5,-3,2,0.004273504,1
-0.2,-66.2,-126.6,-3.6,-430,3,6,-4,0.026470588,1
0.2,-0.2,-3,0.4,-51.4,4,6,-3,-0.016908213,0
0,37.2,51.4,-1.2,-111,3,3,0,-0.1,0
0.2,14.2,-2.4,-0.8,-5.2,1,3,0,-0.041666667,0
0,-20.6,-53.8,0.4,9.8,-1,3,-2,0.057142857,1
0.4,38,46.2,1.6,-5.4,1,1,-2,-0.133848134,1
0.4,-9.6,-40,-0.6,-141.8,-3,-3,0,-0.011904762,0
0.5,70.5,64,-0.5,-16,0,2,0,-0.041666667,0
0,7,-7.6,-2.2,-370.4,2,-2,2,-0.041666667,0
0.4,24.6,56.8,1.8,226.2,1,1,1,-0.014285714,0
-0.4,16.4,23.8,1.8,100.2,0,3,-2,0.068475452,0
0,31,19,2,-34.5,-3,0,1,0.155555556,0
0.8,10.05,9.95,0,27.4,2,3,-14,0.072030651,1
0.8,21.4,10.2,0.4,-28.8,-4,-5,-6,0.131578947,1
0,-10.9,0.4,-2.3,-13.6,0,-2,8,-0.05862069,0
0,-21,-87,0,51.5,2,2,0,-0.123376623,1
-0.6,-16.2,6.2,0.8,485.4,0,-1,-10,0.130718954,1
0.8,-27.6,-53,-1.2,-149.8,-2,6,-5,0.140740741,1
0,18,17,0.333333333,-82,-4,0,-2,-0.108225108,1
1,46,98,-1,512,-4,0,2,-0.132016632,1
0.6,-4.4,-48,-0.8,-213.2,-2,-4,-4,-0.045098039,0
0,9,28,1,60,-3,-5,11,0.041666667,0
0,-47,-45,2,-107,1,-1,5,-0.070344828,0
-0.55,20.45,28.5,0.15,35.3,-1,-1,6,0.039872408,0
0,-20.8,-24.6,-1,-28.8,-4,-2,3,0.021164021,1
-0.666666667,-21.6,-18.06666667,0.666666667,135.4666667,1,-2,8,-0.05982906,1
-0.4,-44.4,-49.4,0.6,53.2,1,1,0,-0.034042553,1
1,-31,-36.5,-0.25,-15,2,2,-4,0.017369727,1
0,-30,-49,0,-21,-3,-6,-4,-0.04040404,1
0,-10.66666667,-18.66666667,0,24.33333333,1,-2,5,-0.176470588,1
0,1,-11,0,38,0,1,7,-0.292207792,1
-0.2,7.4,6,0.2,-21.2,-2,-6,2,-0.019736842,1
0.333333333,-13.66666667,-21.66666667,-0.666666667,17.33333333,1,-4,-3,-0.014285714,0
0,0,0,0,0,-1,3,3,-0.047619048,1
0.666666667,-18,-31.66666667,0.333333333,-54.33333333,1,2,-3,-0.102608696,0
0,-12,-9.5,0,172,0,-2,4,0.075,0
-0.4,-22.8,-34.2,0.6,74.6,-2,-3,-1,-0.055335968,1
0,25,42,1,60,2,4,1,-0.130952381,0
-0.8,-17,-0.4,3.2,300,-3,-4,1,0.28115942,1
-0.4,35,15.8,-2.4,-140,-1,0,4,0.074074074,1
0.2,11.9,43.5,0.1,106,1,3,-3,0.215384615,1
0,1.666666667,-0.466666667,0,24.13333333,1,2,11,0.185714286,1
-0.1,-15.1,4.5,1.4,146.6,-4,-1,-9,0.013062409,0
0.6,17.2,37.8,0.2,126.2,0,-2,9,0.072857143,1
0,0,0,0,0,-4,0,2,0.096273292,1
0.5,33,47,-0.5,123.5,2,1,1,-0.092105263,1
0,51.4,72.2,1.6,-16,-2,-6,4,-0.012820513,1
-1,18.9,47.9,2,144.3,0,-3,2,0.131934033,0
0,24,43,1,60,-2,1,-3,0.007936508,0
-0.6,53.2,40,0.6,-1.4,-1,5,0,0.273209549,1
0.4,3.8,0.6,-0.8,-53,0,-1,3,0.091614907,0
0.2,40.4,44,-1.2,-87.8,1,0,3,-0.035117057,0
0.6,-20.8,-42.4,-4.2,-199.6,-5,-6,7,-0.082995951,0
0,-44.2,-52,-2.2,-249.6,0,-5,3,-0.088359046,0
-0.6,26.4,36.4,1,68.2,-2,0,4,0.020989505,0
0,2.6,9.4,2.4,302.4,-6,-4,8,0.026785714,0
-0.6,-9.9,-17,0.8,17.5,0,1,8,0.028571429,0
0.2,2.7,-52.6,-0.3,-166,-1,0,7,-0.284848485,0
-1,-20,-24,-1,13,-2,-6,-5,0.131868132,1
0.2,-11.6,-27.4,-1,-48.4,-3,0,7,-0.079310345,1
0.2,0.7,-33.1,-0.5,-132.5,3,3,-3,0.022727273,1
0.2,5,12.4,-1.2,83.6,-4,-9,6,-0.233333333,0
-1,11.2,41,3,383.6,-1,7,-5,0.025641026,0
-0.6,11.2,10.8,-0.2,-42.8,-1,0,4,-0.017069701,1
0.6,-13.2,-28.2,0.4,45.6,2,2,6,-0.072931276,1
0,22.8,26.4,-0.6,-37.4,-2,-3,6,-0.09929078,0
0.4,-17.2,-16.6,-0.4,34.6,-2,-4,-2,0.06127451,1
0,18.55,0.3,-1.6,-159.1,1,1,2,-0.182105263,0
-0.25,23.66666667,50.83333333,2,180.9166667,1,-1,1,0.024137931,0
0.2,0.8,5,0.2,-21.6,0,0,1,-0.067951318,0
0.2,13.2,51.4,2,431,3,0,3,-0.18125,0
0,-10,-26.5,0,-6,-3,-2,-1,-0.011494253,1
0,-1,-21.33333333,0,-31.33333333,-1,-6,1,0.055555556,0
0,-13.33333333,-18,0,107,-2,0,13,0,0
0,65.4,77.6,0.6,74.8,3,0,0,0.00952381,1
0,-62.6,-24.2,1.4,111,-1,1,-1,0.104761905,1
0.4,15.8,12.8,1.4,8.6,0,4,0,-0.112941176,0
-0.2,0.6,-1.7,-1,-45.4,1,3,-4,0.149321267,1
-0.2,-36.8,-46.6,-0.8,-159.4,-1,3,4,0.072463768,0
0.2,-36.4,-34.8,2.6,87.8,-1,-1,-3,0.171497585,0
-0.2,-4.4,7.4,0.6,165.8,-1,-1,-3,-0.022177419,0
0.2,23.6,16.8,-1,-164.2,3,2,-2,0.173076923,0
-0.6,19.2,47.2,-1.6,-71,0,0,-1,0.188259109,1
0,42.4,75.8,-0.2,303,-1,-5,-4,0.047619048,1
0.4,21.2,16.4,-0.8,-66.8,-4,-4,3,0.110859729,0
0.4,-8,-11.8,-1,20.4,-2,3,6,-0.008361204,1
-0.3,-36.2,-68.6,1.1,-53.4,-4,-3,2,-0.091304348,0
-0.466666667,46.8,49.86666667,0.2,-49.4,2,2,9,0.047826087,1
0.4,24.4,25.6,0.4,-31,-2,-3,10,-0.008130081,1
-0.466666667,-27.4,-37.06666667,-1.333333333,-127.6,-3,-6,13,-0.318518519,0
0,-17.4,-26.8,1.4,-58.4,-1,0,-5,-0.005797101,0
0,0,0,0,0,-1,1,1,-0.106837607,0
0,20.5,24.75,0.25,-0.25,-1,-2,-9,0.148148148,1
0,-29.4,-15.2,1,298.4,6,5,3,-0.169960474,0
-0.2,-14.6,-7.4,3.2,143.8,-1,0,3,0.03030303,1
0.2,-10.6,-13,2.4,158.2,1,1,5,0.058441558,1
0,-21,-18,-1,-60,1,-2,1,0.074324324,0
0,51.8,75.2,1.35,79.8,-3,-4,9,0.017857143,0
0,0,0,0,0,4,0,-4,-0.031746032,0
-0.6,39.8,22.4,-1,-160,-4,-6,3,-0.186938776,0
0,0,0,0,0,3,5,9,0.076923077,1
0,0,0,0,0,-4,-6,0,-0.033653846,0
0.6,24.8,6.6,-0.8,-98.8,-2,-3,-2,-0.033333333,1
0.4,-14.4,-27,0,50.6,-2,-1,7,-0.161904762,0
0,27,16.33333333,-1,13.66666667,-1,5,-5,-0.151785714,0
0.2,22.8,20,-0.2,119.8,5,-3,-1,-0.063049853,0
-0.333333333,15.33333333,14.53333333,-1.133333333,-43.4,-2,0,8,0.063492063,1
0,0,0,0,0,4,11,-2,-0.2375,1
0,0,0,0,0,0,-5,-1,-0.101190476,0
0,13.66666667,14.33333333,0.666666667,-118.6666667,4,3,-7,-0.098039216,1
0.2,43,51.6,0.2,48,1,-2,-1,-0.006666667,1
1,42,36,2,94,-2,0,4,0.049071618,1
-0.2,36.4,68,5.2,344,0,-3,-5,-0.058333333,0
0.4,-21.4,-34.6,-1,-0.2,1,-4,12,-0.157444005,1
1,-16.5,-10.5,-0.5,131,1,-3,-7,0.117948718,1
0.4,27.4,0.4,-1.6,-127.2,0,-4,2,-0.029761905,1
0.6,-21.2,-28.1,0,-28.8,1,-1,0,0.043010753,0
0,-36,-29,-1,71,3,-1,-5,0.059210526,1
0,-17.33333333,-17.33333333,0,1,4,-4,-14,-0.192307692,0
0,-8,-26.33333333,-0.333333333,-128.3333333,1,0,-7,0.152380952,1
0,-8,0,0,60,-4,-1,-5,0.078571429,1
0,15,19,0,1,1,-3,0,0.125,1
0,31,80,0,70,4,6,-7,-0.015503876,1
0,2.2,4,0,-69.2,-1,4,-5,0.066153846,0
-0.6,-25,-6.8,0.8,36.6,3,7,-1,-0.101086957,0
-0.2,-12.6,-63.2,-1.6,-158,-2,0,2,0.006968641,1
0.8,-23.6,-37.8,-1,-58,-5,-6,2,-0.027859238,0
0,-19.4,-8.8,1.8,190.2,2,6,3,-0.117794486,0
-0.4,-19.85,-14.95,1.55,175.4,-2,-2,13,-0.120915033,0
-0.5,0.75,-33.25,0.75,158.25,-4,-3,1,-0.015384615,1
0,2.933333333,-42.53333333,-3.933333333,-536.5333333,-6,-8,5,0.116666667,1
0.25,42.9,47.75,-1.45,132.8,-5,-4,-1,0.055555556,1
0.5,-24,-25.5,-0.5,-33,-1,-1,-3,-0.060606061,0
0,1,18,-1,49,2,-1,-5,0.071428571,1
0.333333333,-14.33333333,-8,-1,-16,2,4,8,-0.06959707,0
0,5,8,5,547,3,0,-2,0.05,1
0,-24.8,-10.4,0,31.6,-4,1,5,-0.097777778,0
0,3.8,6.8,-0.2,1.4,3,2,8,0.042881647,1
-0.2,15.6,28,1.4,157,-2,-4,-4,-0.051282051,0
0.6,8.4,-5.4,-1,41.4,1,2,6,0.088095238,1
0,0,0,0,0,4,3,-6,0.294117647,1
-1,34,78,-1,278,-4,-4,2,0.035714286,1
0.333333333,16.06666667,17.6,0.733333333,-16.86666667,4,5,4,0.095588235,1
0,-23,-37,0,89.2,1,-1,5,0.141414141,0
0,5,-56.33333333,-6,-549,-3,-2,-1,-0.119047619,1
0,1.5,-6.5,-0.5,-111,-4,2,-4,0.028787879,1
0.5,-37,-78.25,-2.5,-155.75,0,1,-3,0.215686275,0
-0.5,-20,-25.75,0.5,40.5,0,-3,-3,-0.045833333,1
-0.6,1,46,1,143.2,-4,-7,6,0.172682927,1
-0.2,5.4,10.4,2.4,99.8,1,6,-5,-0.055555556,0
0.2,-21,-8.2,1.4,226.6,2,1,3,0.119047619,0
-0.75,-20.5,-16.5,0.5,33,1,1,-1,-0.096969697,1
0.066666667,-56.2,-54.2,0.4,25.66666667,-3,-3,5,-0.108836207,0
0.6,22.26666667,27,0.333333333,72.8,0,-1,-5,0.133333333,0
0,0,-5,1,86,-3,-2,-3,-0.010144928,1
0,22,33.5,0,57,-1,-2,1,0.026666667,0
0.3,42.6,38.5,0.5,30.4,-2,-3,-2,0.149206349,1
-0.6,-47,-52.6,-1.2,-41,0,0,2,0.015479876,0
1.25,13.75,-26.5,-0.5,-130.5,0,5,-5,0.145833333,1
-0.2,14.5,17.7,0,13.1,4,6,-7,0.145833333,0
-0.55,9.65,13.15,-0.2,-1.95,-2,-1,-1,0.090804598,0
0.2,-20.4,-30.2,-0.4,-56.8,1,8,0,0.103896104,1
0,-24.2,-26.2,-0.4,-103.2,1,1,-7,0.036764706,1
1,-6.5,-13.5,0,66,1,0,6,-0.140952381,1
0,32.6,23.8,-0.6,-68.8,2,-1,-5,-0.07951988,1
0.2,-27.6,-54.4,1,-86.6,-2,-3,-3,0.092664093,0
0.2,-26.8,-35.6,0,-12,0,-2,10,-0.123737374,0
-0.8,-39.6,-44.5,0.3,27.1,0,0,8,-0.044117647,0
0.333333333,27,10,-0.333333333,-43.33333333,3,4,4,-0.121212121,1
0,-14.25,1.75,-1.25,-249.75,3,-1,-1,-0.171428571,0
0,0,0,0,0,-4,0,0,-0.083333333,0
0.5,-30.5,-17,1,210,-2,0,6,0.233333333,1
0,-11.2,2.1,0.8,75.6,-2,-3,2,-0.008522727,1
-1.6,24,52.6,4,503.6,1,-4,0,0.214285714,1
0.2,46.8,39.6,-0.4,-104.6,1,4,3,-0.00317965,1
-0.466666667,-4.733333333,-3.733333333,-0.133333333,4.6,-1,3,6,-0.15,0
0.1,-51.7,-76.2,-0.85,-35.95,-4,-1,3,-0.072682927,1
0,-16.8,-20.4,0.8,10,-1,-3,-2,-0.002688172,1
-0.2,37,28.8,0,-139,1,2,-8,0.040673212,0
0.8,-16.2,-31.2,-0.6,8.6,-4,-2,4,0.032142857,1
0,-6,11,0,156,-1,-4,-14,0.046296296,1
0.4,38.4,50,-0.8,-107.6,-2,-5,0,-0.089473684,1
0,38.75,45.75,-0.5,106.75,1,-3,7,-0.124444444,0
0,-22.2,-28.4,2,189.6,1,2,5,-0.064285714,0
0.2,-17,-22.6,-0.6,-79.2,1,1,6,0.084398977,0
-0.15,1.8,-0.95,-0.9,-20.05,1,1,3,0.012820513,1
0.8,-41.4,-37.4,-0.6,69.4,0,1,5,-0.138655462,1
0.4,4.6,13.8,0.2,20.6,0,0,-10,-0.049910873,0
0,20.8,16.8,0.4,70.2,-2,-5,1,0.136851521,0
0,-6.8,4,0.6,183.2,-2,-2,2,-0.260869565,0
0,-1.266666667,-3,1.666666667,46.73333333,0,3,1,0.140957447,1
0,-14.8,-32.8,-0.6,-98.6,-1,0,3,0.09009009,1
0,-19.6,-3,1.2,281.2,-3,-5,-2,-0.009803922,0
-0.2,-21.6,-12.2,1,22,-1,-1,-2,0.19047619,1
-0.2,16,14.2,0,83.8,-2,-5,1,0.071428571,1
0,30.5,44,-0.5,-101,1,3,4,-0.041666667,1
-0.8,-13.8,-14.8,0.8,190.8,4,7,-3,-0.015970516,1
0.2,17.6,4.8,-0.6,35.8,3,0,10,-0.035714286,1
0,7.25,6.5,-0.75,-95.5,0,0,-13,0.277777778,1
0.2,0.6,-15.8,-1.4,-166.6,-4,-8,3,-0.297739298,0
0.2,18.6,20.6,1.2,7,-1,1,9,-0.006707317,1
-0.2,16.2,8.6,-0.2,4.2,0,1,2,-0.128078818,0
-0.6,-1,9.2,0.6,16.4,-1,0,-1,0.303827751,1
-0.2,14.2,21.4,-0.6,-70.6,-2,0,-10,0.221153846,1
2,-15,-30,-1,-56,1,-2,0,0.107692308,1
-0.4,8,33,3.2,122.6,-3,-2,-2,0.218253968,1
0.8,-34.3,-42.1,-0.85,-38.6,-1,0,1,0.076246334,1
0,44,53,0,389,0,2,-4,0.259197324,1
0,-6.666666667,-50.66666667,-1.666666667,-314.3333333,-5,-5,0,-0.1,0
0,-1.5,-6.5,1,220.5,-2,1,5,0.019230769,1
0.5,-23.66666667,-1,7.833333333,256.5,-2,-3,-5,0.153846154,1
0,3.2,17.2,-0.2,10,-3,0,10,-0.051839465,1
0,14.2,38.8,3.8,206.2,-2,-2,-6,0.018761726,1
0,-1.666666667,9,5.333333333,321,3,1,-1,0.364035088,1
0,-3.8,0.4,0.6,38.8,1,2,-5,0.174369748,1
0.85,4.95,0.7,-0.35,-20.7,-2,-3,4,-0.008421053,1
0,8.533333333,53.2,0.8,-71.66666667,-4,-3,3,-0.208791209,0
0,-25.4,-17.46666667,-2.8,-36.4,1,7,0,0.109195402,1
0,-84.33333333,-123.6666667,-1.666666667,-53,1,2,-1,0.008152174,1
-0.2,-11.2,3.4,-0.2,120.4,-2,-1,7,-0.011764706,0
0,17.2,19.8,0.4,61,-4,-4,9,0.095849802,1
-0.6,-13.8,-23.2,0.6,98.6,-4,0,5,-0.01754386,1
-0.666666667,11.66666667,0.666666667,0.666666667,-191.6666667,1,1,6,0.06884058,1
0,-27.33333333,-45,-2.666666667,-170.3333333,3,4,7,-0.066666667,0
-0.6,80.86666667,79.86666667,-0.4,-15.46666667,-4,-6,-1,0.116487455,1
-0.2,1.6,-12.2,-1.8,-81.8,-1,-1,4,-0.107493857,1
-0.2,-19.2,-1.2,-0.4,-5.8,4,3,-2,-0.029411765,1
0,-35,-73.6,0,-65,-3,-1,4,0.073913043,0
-0.466666667,12.46666667,16,-1.066666667,-103.7333333,1,-2,3,-0.102564103,0
0.333333333,36.66666667,49.66666667,2,247.3333333,-1,-1,-1,-0.096153846,1
0,22.4,22.6,0.8,105,3,1,5,0.104582844,1
0.6,56.8,83.8,0.6,103.8,2,-1,-12,-0.027777778,1
0.5,49,76.5,1.75,164.25,0,1,0,-0.055882353,1
0.5,-24.7,-34.85,-0.05,-46.25,2,1,-11,-0.208333333,1
0.6,39.4,68.6,0.7,157.4,-1,-4,1,-0.012307692,1
0.2,19.6,17,1,30.2,-3,-3,-4,-0.015503876,1
-0.5,-24.7,-2.6,2.55,223.6,0,0,1,-0.022222222,1
-0.8,50.2,87.2,1.2,163.6,-2,2,5,0.115942029,1
-0.2,24.4,63.6,1.8,355.2,-1,2,1,0.172727273,0
0,21.6,33.6,0,47.4,-3,-2,6,-0.058922559,0
0,-49,-67,0.666666667,54.33333333,0,0,0,-0.047619048,0
0.8,-2.6,-15,-0.8,27.2,-1,-5,8,0.015503876,1
0,5.95,-47.6,-2.75,-371.25,-1,-6,6,-0.228070175,1
0,-6,-21,1,105,-4,-6,0,-0.074712644,1
1,18.9,-22.8,-0.7,-288.7,0,-1,-8,0.046666667,1
0,22,36,1,53,-1,-4,-4,-0.066666667,0
0,4.5,29.5,2.5,276,2,0,0,-0.174603175,1
0,3,-8.5,-0.75,-59.75,-4,-3,0,-0.174358974,0
0.4,28.8,12.6,-3.8,-167.8,-1,1,-3,-0.013184584,1
0.2,-21.6,-23.2,0.2,-4.6,0,-3,5,0.078571429,0
-1.4,13.4,12.2,0,7.2,-2,-1,0,0.178571429,1
0,80.2,59.4,-0.4,-84.4,5,5,2,0.109730849,1
0.8,-22.6,-34.8,-1.6,-181.4,0,2,-3,0.004807692,1
-0.2,-15.2,-11.6,1.4,95.8,1,1,1,0.054263566,1
0,-29,-32,-1,-68,-4,1,0,0.037433155,1
0.2,14.2,-7,-0.6,-124.6,1,5,7,-0.326628352,0
-0.25,-42.25,-42,-0.5,-3.75,-2,-5,6,0.080952381,0
0.2,17.6,18,-0.4,-12,0,-1,-1,0.111111111,1
-0.25,-33.8,-8.2,0.4,178.9,-3,0,4,-0.09375,0
-1.466666667,-36.6,-8.533333333,1,16.2,-1,-1,5,-0.056296296,1
0,-30.7,-18.55,1.1,-1.65,-1,-1,0,-0.132850242,0
-0.333333333,26.5,64.16666667,0,59.66666667,0,-1,2,0.092307692,1
0.4,19.4,31.2,0.8,70.4,-3,0,7,0.025203252,0
0.2,-27,-33.8,-4,-188.6,-1,-3,10,0.04887218,0
0,-1,0.6,-0.6,-13,4,1,7,-0.071895425,0
0,30,74.4,0.4,178.2,-8,-6,3,0.012338425,1
0.4,-6,-22.8,-1,-44.8,1,-1,3,-0.016025641,1
0.8,2.8,1.2,-0.8,-49.2,0,-1,-2,0.041666667,1
0.066666667,14.2,6.066666667,0.6,3.066666667,-3,-4,2,0.100478469,0
0,7,-11.5,-7.5,-483,-1,-1,-2,-0.107142857,0
0,0,0,0,0,-3,-1,-5,-0.027777778,0
0,4.666666667,-22.33333333,0.333333333,12.33333333,0,2,4,-0.007692308,0
0,30,31.33333333,0,91.33333333,-2,-2,9,-0.195,0
0.333333333,-31.33333333,-49,-0.666666667,-31.33333333,0,-4,1,-0.112531969,0
0,-17.4,-33.8,1,67.8,-1,-2,3,-0.025,0
0.2,32,19.6,-0.8,-43,5,4,2,-0.06,1
0,8.2,20.6,0.6,79.4,1,-1,-10,0.137820513,1
-0.25,-6.3,7,1.2,-4.85,-6,-4,3,-0.055831266,0
-0.2,13.8,21,0,127.8,3,2,-1,0.100740741,0
-0.2,-13.6,-13.2,-1.6,-22.8,4,7,-3,0.026915114,0
0,-22.2,-27,1,120.4,0,0,-5,0.18487395,1
0.6,-20.4,-45,-0.4,-73,1,2,5,-0.11875,0
-0.05,-18.9,41.8,-0.3,-54.05,4,0,4,-0.163650669,0
0.2,3,0.4,1,154.4,-1,-4,0,-0.095108696,0
0,1,74,0,239,4,3,1,-0.120192308,0
0,-5,46.8,2.2,210.8,2,2,4,-0.027419355,1
0,-38,-55,-1,-29,1,-2,-2,-0.0625,1
0,-1.5,29,2,144.5,2,-1,4,0.214285714,1
0.6,-27.6,-62,0,-53.8,5,8,-3,-0.08,0
-0.2,-30.4,-29.2,-0.4,-52.2,1,4,-1,0.142682927,0
-0.2,-3.8,1.4,-0.4,68.2,1,-1,7,0.102766798,0
0,-30.2,-27.8,1.2,31,3,3,0,0.024886878,0
1.4,22.6,9,0,7,-1,-3,7,-0.348484848,0
-0.266666667,-17.6,-16.26666667,0,6.4,-1,7,7,-0.168784029,0
-0.4,9,7.2,-0.4,-56.2,-3,-5,5,0.027164686,1
0.75,8.833333333,-23.83333333,-1.083333333,-237.0833333,0,1,-4,-0.210526316,0
1.25,7.75,-0.5,0,-14.25,3,0,-2,0.147727273,1
0,0.4,1.2,-1.2,-23.8,2,4,-4,-0.061028771,1
0,67.5,86.5,1.5,14.5,-4,2,2,0.126984127,0
-0.1,-15.5,-21.3,0.2,96.4,-3,-6,2,-0.191222571,0
0,0,0,0,0,-1,-3,4,-0.071428571,1
0,0,0,0,0,1,5,5,0.126984127,0
-0.1,28.7,28.5,1.2,81.2,2,2,5,-0.202380952,1
0,16,33.5,1,122,3,4,-3,-0.170807453,1
0.5,1.25,12.75,1.25,11,-2,2,1,0.05,1
0,3,3,-1,-11,4,6,-4,0.190909091,1
0,0,0,0,0,6,7,-2,0,1
0,0,0,0,0,2,2,7,-0.095238095,1
0,0,0,0,0,-3,-1,3,0.081818182,0
0,-30,-27,-1,-109,0,0,6,0.076344086,0
-0.75,-19.5,-27.75,0.25,-93,1,1,3,-0.147783251,1
0.8,11.8,-11.4,-2,-316.8,-1,-1,8,-0.106469003,0
-0.05,7.9,2.3,-0.3,-37.3,0,1,8,-0.066666667,1
0,43.4,34.4,1.2,181.6,-1,-2,-1,-0.026923077,0
-0.1,-20.6,-18.6,0.1,26.8,1,0,3,-0.071428571,1
0.8,-9.6,-20.2,-0.4,32.6,0,2,2,-0.211764706,0
-1,14.6,19.4,0.6,88,0,6,9,-0.09047619,0
0.333333333,13.33333333,16,-0.666666667,52,0,-3,3,-0.056547619,0
1,-26,-44,-1,-54,1,-1,-2,0.138248848,1
-0.4,5.8,17.73333333,-0.466666667,22.4,-4,-3,9,0.035897436,0
0,-56.66666667,-35.33333333,0.333333333,113,-4,0,-4,0.075,0
0,-39.33333333,-121,0.333333333,-510.6666667,-1,-1,7,-0.287037037,1
0.666666667,4.866666667,5.533333333,-0.733333333,3.066666667,-5,-3,1,-0.194444444,0
-1,15,-35.5,0,13,1,6,-2,0.0625,1
-0.2,23.8,18.6,-1.2,-29.6,0,0,-13,0.027777778,1
-0.2,28.6,-16.6,-5.6,-296,-3,-2,4,-0.119666048,0
0.2,11.8,8.2,-1,111.6,-4,-3,9,-0.005681818,1
-0.5,11.4,24.9,1,81.7,1,2,14,-0.065967016,0
0,-3,3,0,0,-1,-1,7,-0.333333333,0
0.4,-27,-64,-5.2,-243.2,0,0,11,-0.079545455,0
0.2,21.2,-11.4,-0.6,-9.6,3,0,-1,0.068322981,1
-0.4,8.4,-40.4,-1.6,-244.4,0,1,9,-0.050420168,0
0,3,5.5,0,-71,-4,-4,-2,0.067307692,0
-0.6,-10.6,-9,0.6,80.8,-4,-1,9,0.07037037,0
-0.2,18.6,14.8,-0.2,-2,-2,-4,9,-0.004830918,0
0.4,17.2,32,-0.4,109.4,-3,-4,8,-0.132624113,0
0,2.5,27.5,1.5,132,3,-2,2,-0.042269188,0
-0.066666667,24,28.4,0.666666667,23.8,-2,1,-1,0.124458874,0
0.3,-10.25,-4.1,-0.9,65,-3,-1,-4,0.196491228,1
0.4,-6.6,-14.3,-0.8,16.9,-2,-5,7,-0.101449275,1
0.6,-25.2,-45.4,0,6.2,-5,-6,-2,0.045341615,0
0,3,9,0,-106,2,1,-1,0.123636364,1
-0.2,28.4,20.6,-0.2,-41.6,1,1,1,-0.098671727,0
0,-17.2,-63.4,-0.2,-218.4,-1,0,-2,-0.162318841,1
-0.5,-15.3,-1.25,1,165.95,-1,-5,5,-0.085714286,0
0,14.6,33.4,1,139,-3,-3,-2,0.049808429,1
0,30.66666667,38.53333333,-0.133333333,-36.46666667,0,2,-6,0.039807824,1
0.4,-18.4,-36.4,-1,-53.2,1,2,15,-0.102787456,0
0,-11.5,-2,5,273.5,-1,-3,-1,-0.022222222,0
-0.2,24.4,32.6,-0.6,-37,0,1,9,-0.128762542,0
0,7.8,15.8,0.6,30.4,1,4,3,0.065217391,1
0.333333333,13.66666667,-11.66666667,1.166666667,-46.33333333,0,1,0,0.119565217,1
-0.05,24.85,26.2,-0.45,-121.75,0,-1,-4,0.146153846,0
-0.4,4.4,68.2,2.4,307.3,-2,-3,-1,0.095959596,1
0,-9.85,-6.15,-0.7,-45.45,1,-1,4,0.066666667,0
-0.5,2.85,7.6,1.2,-4.85,-3,-3,14,-0.035294118,0
0,26,-44.33333333,-2.166666667,-67.66666667,1,-3,6,0.017094017,1
0.2,0,-8.8,-0.8,52.4,2,1,4,-0.138655462,0
0,-38,-55,0,-10,1,1,-5,0.03030303,1
-0.4,12,-5,-0.8,-270.4,-2,0,-7,0.242105263,1
-0.4,-29.2,-55.6,-1.6,-196.2,1,-4,10,-0.122051282,0
0,26.16666667,18.66666667,-3.166666667,-350,0,0,-3,-0.161172161,0
-0.3,28.9,35.4,-0.3,-15.3,-5,0,5,-0.083333333,0
0.333333333,-13,-7.666666667,-0.666666667,11,2,1,-12,0.277777778,0
0,-17,-25,-1,47,-2,-5,-6,0.125,0
0,-13.8,-10.4,0.8,93.8,1,4,-5,-0.107563025,1
0.4,-9.4,-19.2,-3.8,-201.4,6,8,-3,-0.085416667,0
-0.083333333,-25.58333333,-31.58333333,1.5,-71.41666667,2,3,-3,-0.114583333,0
0,-68,20,1,56,4,1,1,-0.051282051,1
-0.8,44.2,56,0,28.2,-3,0,6,-0.027777778,1
0,-22.8,16,4.9,321.1,-3,-2,1,0.189393939,1
0.05,-24.3,-25.4,-0.4,-97.8,2,3,0,0.016666667,0
-0.5,23.5,22.5,1,32,-2,-5,-12,-0.077777778,1
0.2,-2.6,-26.8,-0.4,-95,1,2,0,0.206043956,1
-0.8,-31.6,-27.4,0.8,64.4,4,1,12,0.044802867,0
0,40.75,14.5,0.25,178.25,1,-1,-2,0.386904762,1
0.15,16.55,2.45,-0.35,-95.2,-3,1,-4,0.175,1
0,-11.2,-12.6,0,-43.6,-1,0,1,-0.1,0
0,7.8,38.8,2,205.8,0,4,5,0.019047619,1
-0.1,-11.5,5.4,1.4,56.7,-1,6,14,0.079220779,1
-0.4,6,-5.6,1.5,40.1,0,4,-2,-0.022556391,1
-0.4,-0.6,-10.8,-1,-33.8,-2,-3,5,-0.091269841,1
0,20.7,-9.4,-0.2,-166.7,0,-2,-7,-0.18115942,1
0,-5.4,-10.6,0.8,145.8,0,1,7,0.050874404,0
1,1.666666667,-1.333333333,0.333333333,-171.3333333,2,1,5,0.159340659,0
0,25,26,2,41,-3,-8,1,-0.021390374,1
0.2,17.8,4.8,-2,-210.2,2,-2,6,-0.060728745,0
-0.2,-59.8,-71.4,0.2,38,-2,-2,2,-0.005347594,1
0.3,-22.6,-12.3,1.5,89.7,-3,0,2,0.228571429,1
-0.8,-14.8,13.2,2,269,-1,2,3,0.119047619,1
0,12.86666667,-23,-3.866666667,-242.4,0,0,3,-0.061403509,1
-0.2,20.8,18,0.8,23.8,-4,-4,7,0.018018018,0
0,17.8,24,-1.4,58.8,4,2,4,0.109243697,1
0,7,45,10,406,0,-1,1,0.049071618,0
-0.533333333,-24.86666667,-0.666666667,0.466666667,38.73333333,-1,-2,9,-0.083333333,1
0,-8.2,-2,-0.4,34.2,1,3,-9,0.148606811,1
-0.4,10.6,14.2,-1,73.4,1,0,-5,-0.033596838,1
0.4,-60,-51.2,1.6,126.6,-2,2,-1,-0.088709677,1
-0.6,27,38,-2.2,-166.8,3,-1,4,0.04859335,0
1,8.5,-8.75,-1.25,-138,4,6,4,0.172413793,1
0,-16.95,-21,1.35,86.85,-4,-5,1,0.080645161,1
0.2,2,-13.6,-2.6,-289.6,-2,-5,9,-0.069852941,0
0,-30,-49,-1,-60,-2,-7,-1,0.119047619,1
-0.2,-12.6,-5.6,3,65.6,-2,-1,-1,-0.033799534,0
0.2,-4.4,9.4,0.6,70.4,0,3,-2,0.163636364,0
0.2,-10.8,-23.4,0.6,48.2,-2,-2,0,0.025466893,1
1,-6,-23,-1,-60,1,2,2,-0.180555556,0
0.2,1.6,-12.2,-0.2,-97.2,0,0,-8,-0.085284281,0
1,-18,-13,1,116,-4,-6,6,0.066666667,0
0,-15.15,-22.9,1.6,123.8,1,2,2,-0.004464286,0
0,30,46.33333333,-1,87.66666667,-2,-6,-4,0.150793651,1
-1.2,19.6,61.6,3.6,484.4,0,0,-1,0.333333333,1
0.4,-112.4,-107.4,2.2,204.4,-1,0,-5,-0.08008658,1
-0.5,-12.25,-10.75,0.25,23.25,0,0,-1,0.043771044,1
-0.25,2.25,22,4.75,341.5,6,3,-4,0.331983806,1
0.2,-30.4,-39.66666667,1.8,180.7333333,2,3,2,-0.113636364,0
0,33,34.2,-1,-102,-1,-1,-1,0.032051282,1
0,68.4,72,-0.6,-42.4,1,0,8,-0.020833333,0
0,2.2,-5.2,0,-12.6,-2,-3,-2,-0.033333333,0
0.25,-4,24.75,0.5,174.25,-4,-7,-2,-0.002415459,1
0.066666667,-40.06666667,-38.4,-0.4,1.533333333,-3,-3,11,-0.052727273,0
0,-34.2,-51.2,-2,-93.2,-1,1,3,0.014130435,0
1,-39.5,-31,0.5,-28,-1,-3,-7,0.235042735,1
-0.8,0.6,-1.2,0.6,9,2,-1,-4,0.077380952,1
0,0,0,0,0,1,2,-2,0.078431373,0
0.2,0.4,-7,-1,-32.2,1,-3,4,-0.085470085,1
1,53,94,0,293,4,0,3,-0.014705882,1
0,-20,-24.66666667,-0.666666667,-15.33333333,0,1,5,-0.283413849,1
-0.5,9.6,27.55,-1.35,-45.2,-1,-5,-6,0.079861111,0
0,-6.666666667,-20.33333333,-1,-32.33333333,1,0,6,-0.235294118,0
0.5,35.5,25,-0.5,50,2,0,4,0.233043478,1
-0.2,13.2,17.2,2.2,166,-2,-1,10,-0.085434174,0
-1.333333333,104.6666667,95.33333333,3,-21.66666667,2,2,-6,0.238095238,1
0.2,2.4,-6.8,0.4,-40.2,8,7,-9,0.131184408,0
0,-12.16666667,-7.916666667,-0.25,44.75,-2,0,9,-0.035714286,0
0,-5,6.5,1,100.5,3,6,6,-0.291316527,0
0.6,13,-0.8,-0.8,53.4,1,0,3,0.074358974,0
0.4,14.6,24.2,-0.2,8.6,-3,1,2,-0.019607843,1
-0.2,-15.6,-11.6,0.6,57,5,5,-5,-0.118881119,1
0,-17.75,-33.25,-0.3,-5.65,1,2,11,-0.049796748,0
0,-48.2,-36.7,-4,-76.5,2,4,5,-0.024137931,0
0,11,44.5,3,335.5,-1,3,-1,0.333333333,1
-0.4,-6,-10.6,1.8,33.2,-3,-1,1,0.176666667,0
0,32.6,27,1.6,2,0,2,-2,-0.018027572,1
-0.4,8.2,8.8,-0.8,-58.2,5,7,-1,-0.053846154,0
0.133333333,16.66666667,9.666666667,0.2,-1.066666667,-1,-5,-6,0.011363636,0
-0.133333333,19.06666667,17.13333333,1.133333333,19.66666667,0,4,-1,0.190697674,0
0,-37,-60.4,1,32,0,-2,-3,0.154798762,0
-0.2,-25,-28.6,0,8.8,4,3,-6,0.117647059,0
-1,-5.6,15.4,-0.2,-20.8,2,4,-2,-0.079761905,0
0,-1,-5.6,-1,-22,-1,2,2,-0.00678733,1
-0.4,13.6,12,1.8,90.6,-1,-3,2,0.047826087,1
0,25.66666667,55.66666667,1.333333333,29.66666667,0,3,1,-0.047619048,0
0,11.8,11,-0.6,42.4,-1,1,3,-0.238636364,0
-0.8,-4.4,-5,0.4,-1,3,-2,4,0.02707137,1
0.2,-21.6,-61.2,-0.8,-119.6,0,1,0,-0.022412657,1
0.4,-19.6,-22,-0.8,-130.2,6,6,-9,-0.034534535,1
0.6,17.6,7.4,-0.8,-18.4,-5,-6,4,-0.167464115,0
0,2,0,0,52,0,-2,0,0.05,0
-0.05,13.3,23.7,1.2,99.75,2,-1,-9,0.140271493,1
-0.2,56.4,96.2,2.8,243.2,0,-6,-3,-0.0066313,0
0,11,28.5,1,45,-3,-3,1,0.112318841,1
-0.666666667,-42.33333333,-40.66666667,0.333333333,88,0,-2,5,0.066666667,1
0,-64,-65.66666667,0.333333333,-119.8333333,-1,0,6,-0.154761905,0
-0.25,-28.05,-36.75,1.4,61.05,-1,0,10,-0.03030303,0
1,16,21,0,200,-2,0,-4,0.035714286,1
0.6,-10.2,-2.6,1,-16.6,-3,-4,7,-0.005050505,1
0.2,-19.8,-40.6,-3.8,-216,-6,-8,17,-0.310185185,0
1,8.5,-14.25,-1.25,-47.5,2,1,-8,-0.040133779,1
-0.6,-19.4,-6.8,0.8,189,-1,2,-6,0.054761905,1
0.333333333,-17.66666667,-6,0.666666667,104.3333333,2,1,-5,-0.083333333,1
0.15,5.2,-15.1,-0.9,-147.4,-1,-2,4,-0.006385696,0
0,-16,-25,1,77,-1,0,-3,0.018567639,0
0.333333333,30.33333333,6.666666667,-3,-228.3333333,-5,0,4,-0.045698925,1
-0.4,-11.4,2.2,1,126.6,0,2,3,0.075268817,1
0,-7.4,-40.2,-1.4,-168.4,1,2,-3,-0.087301587,1
0.3,-9.55,-11.5,-2.1,-109.05,-1,0,-1,-0.054621849,0
-1,-18.5,-9,-1,106,0,1,3,-0.027777778,1
-0.3,-27.6,-37.9,-1.5,-236.4,0,-1,9,0.096153846,1
0,6.4,15.4,1,96,-2,1,0,0.216666667,1
0,-15,-10.7,2.8,211.8,-4,-6,8,0.124731183,1
0.2,2,24.6,0,244,0,2,7,0.083333333,1
0.1,5.5,3.8,0.35,-28.05,-1,-2,7,0.15210084,1
-0.2,-20,-24,-0.2,-2.2,-2,0,4,0.033333333,1
0.2,-23.2,-25.2,0,65.2,-2,-3,2,0.04,1
-0.3,8.5,36,2.6,319.4,2,4,3,0.153110048,1
0,0,0,0,0,-1,-5,10,-0.073593074,0
0.2,-6.8,-22.8,-0.4,-80,3,6,7,0.057777778,1
-0.5,6,6.5,1.5,115,-1,-1,7,-0.049019608,1
-0.6,-0.8,-8.4,0.6,37.2,0,-5,5,0.003472222,1
-0.6,6.6,25.8,0.6,147.6,-5,-8,4,-0.021829522,0
-0.666666667,-11,-25.66666667,-2,-210.5,3,1,-1,-0.266666667,0
0.6,-75.5,-106.2,0,4.6,-2,-3,1,-0.036337209,1
0.2,-41.8,-44.8,0.2,37.6,0,0,-2,0.067272727,0
0.2,12,63.6,2.8,380,1,-3,-4,0.080495356,1
0.333333333,54.33333333,63,-1,-149.6666667,3,-1,-2,0.178571429,1
0,13.4,-0.2,-0.4,-159.2,-1,-2,-3,-0.164596273,1
0,-5.666666667,1.666666667,1.333333333,124.3333333,-2,-8,1,0.073863636,0
-0.083333333,-1.666666667,8.916666667,4,248,2,3,7,0.036842105,1
0.5,-26.2,-52.15,-0.75,-138.75,0,3,-8,-0.068333333,1
0,0,0,0,0,1,2,1,-0.022727273,0
0.2,29,75.4,1.4,172.4,0,-3,4,-0.05,1
-0.333333333,25,77.06666667,1.6,301.6,-3,-3,10,0.155862069,1
-1.666666667,-9,-29.66666667,1.333333333,-15.33333333,0,-3,3,-0.136363636,1
0.4,19.6,10,-2.4,-101.2,2,1,-5,-0.182382134,1
0.2,-9.4,-12.6,-0.8,-60,-1,-1,-4,0.105137395,0
0.333333333,-1.333333333,-13.33333333,-0.333333333,-36.66666667,-3,-2,3,0.032051282,1
-1.333333333,8.666666667,9.5,0.666666667,-11.5,2,-1,-3,-0.052631579,0
-0.3,-54.8,-32.8,0.8,-53,0,-2,2,-0.12962963,1
0,0,0,0,0,0,1,-2,-0.104827586,0
0,-12.75,-54,-4.5,-302.75,3,0,5,-0.063049853,0
0,-0.65,16.7,0.4,193.3,0,-1,-8,0.263389582,1
0.45,30.15,39.35,-0.25,50.9,-1,1,5,-0.216666667,1
0.2,-65,-17.4,-1,-98.8,-1,1,-7,0.065384615,0
0.4,3.2,12.6,1.8,-55.6,1,2,1,0.197142857,1
0,-7.2,73.6,4,401.8,0,-2,2,0.139135255,1
-0.6,12.4,4.6,-0.2,72.8,2,2,2,0.07254623,1
-0.75,-12.75,-2.25,1,0.25,-2,0,-6,0.11372549,0
0,-74,-58.5,2.5,383,-5,0,1,-0.052173913,0
0,-3.5,42.5,0,278.75,3,5,-8,0.077777778,1
0,-45.6,-64.8,-0.2,-70.6,1,3,0,0.115384615,0
0,-19.83333333,-58.5,0.333333333,-23.16666667,-5,-7,3,0.025641026,0
0,-14,-20,-2,-124,-2,0,-5,0.137096774,1
0.266666667,10.73333333,3.133333333,0.466666667,-1.8,0,-1,-4,0.231225296,1
-0.2,3.6,35.8,6.6,460.2,-1,-5,-2,0.368421053,1
0.15,7.95,9.4,-2.05,-71.6,2,2,3,-0.059684685,1
0,9.8,-37.06666667,-2.866666667,-134.1333333,3,1,0,-0.114285714,0
0.4,20.8,18.6,-1.2,-47.6,-1,-5,3,0.02173913,0
0.75,-31.25,-37,-1,-58.75,1,2,5,-0.018181818,0
-0.133333333,-61.6,-76.33333333,-0.333333333,-127.9333333,-2,3,1,0.09984639,1
-0.2,3.8,23.26666667,-0.933333333,-28,0,1,-6,-0.122605364,0
-1,-3.7,-9.4,-0.5,-55.6,3,2,2,-0.106153846,0
0,-11.8,18.6,3,110.4,1,1,8,-0.058928571,1
0.4,21,30.6,-0.2,-67.4,3,4,2,-0.000887311,0
-1,-25.85,-28.7,-1.25,27.95,2,1,3,-0.045714286,0
-0.6,1.8,-1.8,0,-11.8,2,2,5,0.138636364,1
0.2,2,7.4,-1,53.8,-1,-1,8,0.160714286,1
0,-6.2,-21.6,-1.2,-104.4,-3,-1,-1,-0.058333333,0
0,25.33333333,31.66666667,0.333333333,-56,2,-2,0,0,1
0.6,42.6,44,-0.8,11.6,-1,-1,-4,0.139705882,1
-0.05,-5.95,3.6,1.8,170.1,0,0,6,-0.01048951,1
0.2,52.6,54,-1.2,-69.6,0,-2,-2,0.014492754,1
-0.166666667,25.33333333,30.08333333,0.833333333,50.5,1,-4,-2,0.05,1
0,5,7.6,1,-15.8,0,-1,-5,0.042358804,1
0,65.2,79.2,0.8,73.2,0,1,8,-0.08008658,0
0,9.8,11.6,1.8,109.6,2,0,-4,0.161111111,0
0,-7.7,-41.7,-0.7,-195.7,-1,-4,1,-0.136363636,1
0.4,44.7,63,2.2,77.1,-1,-1,4,-0.064705882,1
1,-17,-36,0,-14,0,2,1,-0.052036199,1
0,5.25,1.25,-0.5,22.5,-1,-1,3,-0.196969697,0
0,-3,-25.6,-2.4,-111,0,2,0,0.00625,1
-1,15.5,22,0.5,41.5,-3,-3,3,0.103174603,0
0,-10,-6,1,17,-1,6,-4,0.035714286,0
0.2,15,19.6,0,126.8,0,-2,11,-0.157692308,1
-0.2,7.4,24.2,0,28,-3,-4,-9,-0.059027778,1
0,30.5,65,0,15,2,-2,0,0.035714286,0
0,-30,-14.5,-3,-92.5,3,3,5,0.054347826,0
0.2,14.4,17,0.2,4,4,-1,-5,0.00952381,1
0.4,12.4,11.6,0.2,57.4,0,-3,6,-0.137878788,0
0.2,-9.6,-5.8,-0.2,-73.6,-2,-5,6,-0.055335968,1
0,-69.8,-59.6,2.2,161.4,-2,-1,4,-0.010138249,1
0,26.2,39.93333333,-1.066666667,180.7333333,-2,-2,-3,0.071528752,1
-0.4,-19.8,-19.4,1.4,17.6,-1,4,-5,0.026827012,0
-0.6,-11,12.6,2.6,263.2,1,1,-1,-0.00511509,0
0.666666667,-2.166666667,-45,-1.5,-375.8333333,0,3,-1,-0.042105263,1
0,-17.4,-10.8,0.8,172,-3,-2,3,0.083333333,1
0,3.166666667,9.833333333,0.166666667,-170.8333333,2,-1,-8,-0.175,1
-1.5,5.5,10,2,58,2,-1,-3,-0.052631579,0
-0.5,-2,0,0,6,-4,-5,-2,-0.097826087,0
0,12,13,2,145,-2,2,2,0.085714286,1
0,-2,-4,1,-41,-2,-4,-6,0.081521739,1
0,-20,-19,1,44,3,1,-8,0.203296703,1
0,-16.75,-74.75,0,-236,-1,-2,4,0.01863354,0
0,-3.166666667,2.083333333,-0.25,15.75,0,-4,1,0.028735632,0
0,0,0,0,0,-2,2,3,0.227272727,0
0,-17.5,-97.1,-6.2,-553.3,-1,-6,5,-0.174736842,0
0,0,0,0,0,0,1,10,-0.120320856,0
0,0,24.33333333,3,221,-2,-2,-7,-0.119230769,0
0,0,0,0,0,1,1,2,0.1,0
0,0,0,0,0,0,-3,-1,0,0
0,0,0,0,0,0,0,-4,0.222222222,1
-0.6,19.6,17.4,-0.4,-98,4,4,12,0.091811414,0
0.6,-2.866666667,-26,0.133333333,-7.466666667,1,-1,-2,-0.029761905,1
-0.4,-22.2,-8.2,-0.4,-39.4,-1,-2,2,0.369047619,1
-0.2,20.4,24.2,-1.4,-152,2,-2,3,0.071428571,0
0,5,11,0,185,5,1,-1,0.214035088,1
-0.5,8,6.5,-0.5,-140.5,0,-3,0,0.043010753,1
0,8,21.8,-0.2,166,-1,2,-2,-0.347222222,0
0,0,0,0,0,1,-5,-10,0.108333333,1
0.25,40,17.5,-1.25,-114.75,1,2,-8,-0.142857143,0
0,40,59,1,60,2,-2,-8,0.145748988,0
0,6,22.5,0.5,18,1,0,1,0.127155172,0
0,-28.66666667,-41,-0.666666667,-19,-3,2,10,0.192307692,1
0.15,7.8,-25.5,-0.4,-133.55,1,-1,8,-0.002457002,1
0,5,-2.2,-0.6,61.2,1,0,-2,-0.083333333,0
0.2,-12.8,-44.2,-2,-191.8,3,3,4,-0.167586207,0
-0.2,-8.4,-46.8,0.4,127.6,-1,-3,-6,0.019047619,1
0,-7.6,-6.6,-0.4,18,1,5,-11,0.077399381,1
0.5,28.5,15,2.5,230.5,-2,-1,5,0.251920123,1
0.6,8.2,9.8,-0.8,-75.4,-1,1,-4,-0.256944444,1
0,6.466666667,16,1.133333333,134.6,-2,-4,2,-0.103896104,1
0,-4,-23,-1,-60,-3,1,12,0.040133779,0
0.5,-12,-21.75,-0.75,-17.25,0,-5,5,-0.101293103,0
0,-11.33333333,-15.33333333,0,-6.666666667,-2,-3,17,-0.214285714,0
1,1.5,-4,-2,-65.5,-1,0,3,-0.083333333,0
0.2,-27.4,-43.6,-0.8,-43,0,-5,12,-0.208333333,0
0.4,-1.2,-13,1.2,64.6,-1,0,-2,0.044117647,1
0.2,0.2,-2.6,-0.4,-131,2,3,0,-0.126767677,1
1,2.6,1.8,-0.2,-85,0,-3,-12,0.113793103,0
0.4,9.6,-4.2,-2,-145.2,-1,-4,6,0.029100529,0
0,32.2,20.6,-1.333333333,-219.5333333,-2,-3,5,0.022556391,1
0,5.2,-3.2,0,-67.2,3,1,-3,0.003030303,0
0.2,6.8,17.4,0.6,48,-3,-1,4,-0.049910873,0
0,-36.5,-33.5,2.5,9.5,4,3,3,0.056410256,1
0.2,4.2,23,0.8,105.4,2,-2,-12,0.118881119,1
0.4,2.066666667,-5.8,-0.466666667,-182.5333333,-2,0,0,-0.081699346,0
-0.4,-16.6,2.2,1,128.4,-2,-1,7,-0.183933934,0
-0.1,-0.6,4.7,0.6,118.1,2,4,-3,-0.184782609,1
0,-21,-21,0,97,-1,0,0,0,0
0.6,-6.8,-55,-5,-424.8,2,-1,2,-0.159340659,0
1,-67.2,-104,-1,-174.4,2,-2,-5,-0.115942029,0
-0.2,137,139.6,-2.4,-192.2,1,0,5,0.08008658,0
0,-10.4,-9.8,-0.2,17.8,1,1,1,-0.019230769,1
-0.5,-1.3,9.9,1.4,141.2,-4,-3,8,-0.097165992,0
-0.2,8.8,13.8,0.2,-13.4,5,3,1,-0.03968254,1
0.6,-25.1,-27.1,0,-30.3,1,0,0,-0.199488491,0
0,-15,-39,-2.6,-193.8,0,1,6,-0.136842105,1
-0.466666667,22.46666667,24.26666667,-0.4,18.2,1,4,2,0.240740741,1
0.4,-25.05,-25.7,-2.15,-71.1,-2,0,14,-0.012445887,0
0,-1,-10,0,-90,-1,-4,8,0.195,0
0.2,-6.8,6.6,0.2,21.6,0,3,-6,-0.03125,1
-0.2,-10.8,-8.8,-4.4,-65.6,2,0,11,-0.054778555,0
-0.6,-5,-7.2,0,-28.4,-2,-6,1,-0.043010753,1
0.2,1.4,-0.8,-0.6,-11.4,1,-1,5,0.09009009,1
0.6,-18.75,-30.55,-0.55,-47,1,-1,4,-0.039215686,1
0.2,21.8,24.6,0,-13.4,-5,-3,2,0.098529412,1
-0.266666667,3.2,8.4,0.866666667,76.6,-1,-1,-2,0.017142857,1
-1,-19.8,-2.4,2.8,301.4666667,2,6,-1,-0.009469697,1
0,-35.4,-63.8,-1.2,-36.2,-1,1,4,0.068965517,0
0,47.5,43,0.5,78.75,0,-3,-1,0.089285714,1
1,-10,-11,-3,67,2,6,6,-0.033333333,1
0,0.5,-15,1,3.5,-2,6,-12,-0.060606061,1
0.7,20.1,27.1,0.05,-23.45,1,-1,9,-0.103363413,0
0,25.6,35.2,-1,37.4,2,0,1,0.115384615,1
-0.133333333,5.6,-28.93333333,-0.8,-178.2,2,3,7,0.116304348,1
-0.666666667,6.666666667,23.33333333,0.666666667,20.33333333,-2,1,-3,0.085714286,1
0,-12,-8.666666667,2,256,-1,-1,3,0.016666667,1
0,11.5,11.25,1.75,101.75,-1,4,-4,0.025,0
0.4,5,-2.8,-1,-16,4,-1,1,-0.122171946,0
-0.4,27.4,28.4,0,82.8,-2,-9,4,-0.211389961,0
0,6,22.2,0.4,-63.2,-1,0,2,0.062111801,0
0,7,1,-0.5,128,1,-1,13,-0.194444444,0
0.2,-38.86666667,-36.33333333,-1.866666667,51,2,3,-3,-0.117142857,0
0.2,55,43,-2,-201.2,2,-1,8,0.01039501,1
0.2,37.8,61.4,2.2,-48.4,-1,3,7,0.177777778,1
0,25.2,41,0.4,46.2,-1,0,6,0.162055336,1
0,0,0,0,0,-1,0,0,-0.120879121,1
0.4,-40,-62.4,-1.8,-167.4,0,2,-8,0.1,0
2,-58,-88,-8,-395,1,4,-4,0.164750958,0
0.666666667,-14,-21.73333333,-0.266666667,-45.13333333,-1,0,-6,-0.028421053,0
0,-3,-16,1,17,-4,2,2,0.051282051,0
-0.2,-5,-7.4,0.1,-94.4,0,1,-4,0.058201058,1
0,-7.4,-34.4,-1.2,-243.2,1,1,4,-0.144230769,1
0,4.2,3.4,1.2,111.8,0,4,6,0.12039312,0
0,21,9.2,-0.8,-113,1,5,-2,-0.139130435,1
0.2,-29.8,-26.2,2.4,186,3,1,3,0.148462354,0
0,-13.2,-50.6,-2,-205.7333333,-4,0,10,0.121693122,0
0,7.2,18.2,0.8,-37,-3,-3,6,-0.403508772,1
1,16.8,19.4,-1,-63.2,-1,0,-1,0.025735294,1
0.2,1.8,15.8,-0.2,171.4,-5,-4,4,-0.035842294,1
0.266666667,-32.73333333,-24.8,2.4,173.6666667,0,1,6,0.106060606,1
0,-52,-34,1,58,-1,-3,8,-0.047619048,1
0,-13,-14,1.5,132.5,-4,-2,3,0.047008547,1
-0.6,3.8,21,0.8,44.8,-4,-6,-6,0.1,1
0.2,18.8,-3.8,-1.4,-232.6,2,-1,-3,-0.058441558,1
1.5,6,-4.5,-1,-10.25,-1,-2,-5,-0.085858586,1
0.2,1.6,14.8,2,155,-7,-5,10,0.139393939,0
0.5,17.5,52,2.5,329.5,-7,-3,4,0.245833333,1
0,18.2,67.4,3.4,357.4,0,4,-5,0.14,1
0,18,2,-0.5,-22,3,11,-7,-0.044534413,1
-0.2,1,-12.2,-1.4,-87,3,3,0,0.051630435,0
0.2,-21.8,-36,-0.2,102.8,-2,-6,10,-0.041666667,0
0,16.8,41.8,1,132.2,1,-2,-5,0.179310345,0
0.2,3,15.4,0.4,66.4,1,0,1,0.040322581,0
0.4,-10.4,-34.55,-2.1,-125.2,3,3,0,-0.045238095,1
0,-0.4,23.8,0.4,-86.8,7,10,-3,0.020851819,0
0.2,19.8,34,-1.4,-58.6,0,-1,-2,0.03030303,1
0.1,-3.5,-12.9,-0.4,-111.3,-5,-6,9,-0.012820513,1
0.6,-2.6,-12.4,-0.6,-11,0,-2,-4,-0.15,1
0.2,-26.2,-50.8,-1.1,-204.9,-2,-2,11,-0.065789474,0
0,-35.25,-1,-0.5,-53.5,-1,0,-1,-0.071428571,1
0,0,-1.5,1,-122,-6,-4,3,0.102822581,0
-0.2,-17.6,-4.6,-0.2,77.8,-2,2,3,0.003289474,0
0,-22.5,-2.5,1.75,366.5,1,-1,-7,-0.233333333,0
-0.066666667,21.13333333,21.6,1.733333333,160.6,1,3,-2,-0.117867868,1
-0.2,53.5,76.2,-0.1,78.3,-4,-4,0,0.062608696,1
0.25,-6,11.25,0,94.75,-4,-7,8,-0.096153846,1
0,1.6,5.2,-0.6,42.4,2,0,10,-0.070588235,1
0,-30.8,-37.2,1.2,159.8,2,2,-2,0.185714286,1
0.416666667,0.75,-51.25,-0.083333333,49.83333333,0,-2,-4,0.068322981,1
-0.4,13,14,0.4,28.6,-3,-4,-4,0.018181818,1
0,-1.6,-11.2,2.6,112.4,-2,-2,13,0.116666667,1
0,-23.6,-5.8,2.6,217.8,-2,0,3,0.115207373,1
0,-9.4,-10,1,109.8,-3,-3,12,0.030769231,0
0,0,0,0,0,-3,-4,2,-0.334465195,0
0,-27.5,-42,-1,-27,-3,4,11,-0.18452381,0
0,-3,-17.41666667,-0.5,-85.25,-1,2,-1,-0.094117647,1
-0.133333333,23.93333333,28.06666667,-0.4,21.26666667,-1,-1,0,0.063858696,1
0,-34.5,-23.4,0.5,71.9,-1,-3,8,-0.283643892,0
0.5,29.7,28.5,-0.1,-46.4,0,-3,8,0.068333333,0
1,16,5,-1,-58,-3,0,1,0.119047619,0
0.4,9.8,9.6,-0.4,-49.8,2,0,-7,-0.05664488,1
0,-8.8,-25,0.4,-96.8,-3,-3,-1,0.099702381,1
0.2,1.133333333,-3.2,-0.466666667,46.13333333,0,-1,-1,-0.058823529,0
0,16.66666667,64.8,0.933333333,247.9333333,3,1,-2,-0.074074074,1
0.333333333,15.46666667,6,-3.6,-256,2,2,4,-0.033333333,0
0.166666667,22,16.16666667,1.5,-5.333333333,0,0,1,-0.19047619,1
0,0,0,0,0,0,3,-8,0.082352941,1
0.5,-10,-34.5,-2,-231.5,2,2,-3,-0.066666667,0
0,-39.8,7.6,-0.8,90,-5,-12,8,-0.085517241,0
0.8,12.4,-34.8,-2,-387.2,-4,2,-5,0.012820513,1
0.5,15,6,0,118,1,-2,-4,0.209339775,1
-0.8,29.2,37.2,-0.4,-8.6,-2,1,1,-0.02707137,1
-0.1,-23.1,-25.4,0,42.7,-1,4,9,0.014992504,0
0,-19.8,-31.6,-1,-25.4,-2,0,10,-0.085714286,1
-0.2,-14,13.4,0.2,173.8,1,1,-2,0.042635659,1
0.5,-20.25,-20.33333333,-0.75,0.75,-3,-3,-2,0.021164021,1
0.4,-17,-23.6,0.6,74.8,0,2,-2,-0.021294021,0
0,-5.6,9.6,1.6,94.2,2,2,-1,-0.155555556,0
0,-8,-15,3,112,3,6,2,-0.2,0
-0.4,17.6,11.6,0.6,11.6,2,2,8,-0.014799154,0
-1,-28.2,-40.8,2.2,11.6,5,7,7,-0.010752688,1
-0.2,-14,-71.4,-2,-184.2,-4,-5,-2,-0.053470919,0
-0.4,-1.4,13.6,3,197.6,-1,0,5,0.039848197,1
-0.35,26.5,31.2,0.75,32.85,-3,-2,2,0.006613757,1
1,0.666666667,2.666666667,-0.333333333,-68.66666667,1,1,1,0.063492063,0
0.2,6.6,6.6,1.6,83.2,-1,2,5,0.046153846,0
0,22.6,14.2,-0.8,-124.2,2,-2,5,0.176470588,0
-0.333333333,-59.66666667,-60.83333333,0,-19,-3,-3,9,0.228571429,0
0.5,10,-27,-5.5,-499.5,-4,-1,5,-0.301282051,0
-0.4,-31.2,-36.4,-0.6,-124,-2,-4,6,-0.076470588,0
0.2,-2.4,14.2,0.2,260.4,0,3,6,0.05,0
0.8,63.4,69.9,0.3,11.1,4,2,-4,0.149122807,1
0.133333333,-6.8,-40.4,-1.333333333,-237,1,3,-2,-0.085714286,0
-0.4,-26.4,-22,1,97.6,-1,-1,-2,-0.015,0
0.6,36.1,70.4,0.6,38.1,2,1,2,0.08,0
0,4.8,12.4,0,-44.8,-1,0,-6,-0.020380435,0
1.5,-18.5,-24,-0.5,-120.5,-3,-3,-8,-0.072261072,1
0.666666667,-14.83333333,-18.66666667,-0.5,-66.66666667,-2,0,-3,0.052188552,1
0,0,0,0,0,-3,-5,-1,0.046153846,0
-1,10,-7.333333333,-1,-198.6666667,1,0,3,0.025641026,1
-0.4,-6,-4.8,0,149.8,1,3,-11,0.281609195,1
0,-38,-57,-1,-60,0,-3,2,-0.125,0
0,0,0,0,0,7,4,0,0.113636364,1
0,-2,67.66666667,10.33333333,483,-2,-1,-1,0.258373206,1
0.4,19.4,3.4,-1,-55.8,5,1,5,-0.161764706,1
0.2,-15.6,-12.2,2.4,89.6,0,0,13,-0.027777778,0
-0.4,31.2,46,0.4,26,0,-3,3,0.015151515,0
0.2,3.533333333,-6.666666667,-4.8,-134.6,-4,-6,9,-0.087962963,0
0,4.2,17.2,-1.2,-53,2,1,-4,0.039215686,1
0.083333333,-13.5,-13,0.166666667,21.16666667,1,3,-2,-0.118894009,1
-0.05,16.5,-1.9,-0.85,-123.05,4,-1,-5,-0.059220779,0
0.4,33.4,36.4,0.8,69.6,-4,-7,5,0.181372549,1
0.6,11.9,17.3,0.4,16.7,1,-1,3,0.028735632,1
0.4,-24.05,-57.2,-0.35,-109.45,1,1,-1,-0.106655974,0
0,0,0,0,0,-2,-7,-3,0.070291777,1
0,0,0,0,0,-4,-7,-3,-0.031620553,1
0.2,11.6,-5.8,-0.6,-43.4,-1,3,2,-0.270527859,0
0,18,8.5,0.5,7.25,2,2,-6,-0.02006689,0
0.333333333,-47,-79,0.333333333,-337.6666667,1,3,-5,-0.13377193,0
0.25,-10.75,-19,-1,-8.75,-3,8,3,-0.208333333,1
0,-8.4,-33.4,-1.2,-143.4,0,-1,1,-0.205741627,1
-1,24,89,4,580,1,5,-3,0.25,1
0.5,14.75,3.25,-1,-44.75,-4,-5,2,0.058823529,1
0,4.8,-7.8,-0.4,79.2,4,4,0,0.101584343,1
-0.4,4,16,-0.6,-32.8,-1,1,3,-0.025939177,0
0.2,37,29.4,-1,-141.8,-4,-5,-7,0.00931677,1
-1.25,-27.4,-23.6,1.6,151.35,2,1,12,0.061764706,1
0,-0.2,18.4,0,60.4,4,-2,5,0.038461538,0
0.2,-18.8,-30.4,-2.8,-230,3,5,2,-0.074660633,1
0,-34.25,-31.75,-1,-110,-1,1,4,-0.053030303,1
0.666666667,-9.333333333,19.66666667,-1,106.6666667,-1,-1,11,-0.05,0
-0.2,4.6,-0.2,-3.8,-218.4,5,3,3,-0.054285714,1
0,-5.2,-40.4,-0.6,-140.6,3,0,1,-0.143137255,0
0.2,16.4,25.2,1.6,153.4,-3,-1,7,-0.093939394,1
0,13.5,-9.1,-0.6,-34.1,1,3,14,0.050709939,0
0,-3.25,29.25,3.5,210.75,-6,-4,4,0.067226891,1
0,16,26,0,7,2,3,-1,-0.07239819,0
0,0,0,0,0,-1,-5,-4,-0.003134796,1
-0.4,-18.4,-18.2,-0.6,60.8,2,1,0,-0.046583851,1
0,43.5,113,0,331,2,2,7,-0.31884058,0
0.2,11.6,5.8,0,34.8,3,5,2,0.034759358,1
-0.333333333,-17.06666667,-47.66666667,-0.466666667,-8.466666667,0,-1,6,-0.143522833,0
0.2,-9.6,-16.2,-4,-282,3,4,7,0.073426573,0
0.6,-5.2,-11.2,-1.6,-170,2,0,-2,0.042590949,0
-0.4,7.8,-10.2,-0.6,-89.6,-4,-3,6,0.047619048,0
-0.4,-7.8,-0.8,0.5,55.3,-5,-3,-2,0.127090301,0
0.2,12,-3,0.4,18,2,4,2,0.020833333,1
0,26.4,25.8,1.6,158.4,-3,-5,-3,-0.090277778,0
0.6,-4.4,-16.6,-0.2,-24.4,2,-2,1,-0.008928571,1
-0.2,38,20.4,-2,-227.4,-2,-1,-3,0.166007905,0
0,0,0,0,0,4,0,-1,0.166666667,1
0,-59,-104,1,-7,-1,5,5,-0.020833333,0
0,11.8,4,0.4,64.8,5,7,-11,0.225835592,0
0.2,-17.6,-22.4,-1.4,-93.6,1,7,-7,-0.045955882,1
0.2,-6.6,7.6,-0.6,61,4,6,-6,0.093093093,1
0,11.91666667,4.916666667,1.75,-20.58333333,-2,-1,-4,-0.103508772,1
-0.75,0.85,50.05,4.4,115.85,2,1,2,-0.038095238,0
0,-6.25,-49.25,0.75,16.75,-1,4,-7,0.228110599,1
0.666666667,-10,-22,-5,-361,0,-4,-2,-0.150635209,0
-0.5,16.25,12.25,-1.5,-171,1,-2,0,0.11352657,1
0,-6.8,-11.4,-0.6,64.6,0,-1,1,-0.081730769,1
0,-38.75,-39.25,0.75,177.25,-1,-1,5,0.011666667,0
0,-9,52,-1,-13,0,-2,5,-0.047619048,1
0,-14.6,-11.2,0.8,63.2,-4,1,5,-0.00952381,0
0.2,-18.75,-23.55,5.2,293.25,1,-1,-3,0.16722408,1
-0.2,-9.4,-19.6,-0.6,-83.8,0,0,2,0.001851852,1
0.333333333,10.33333333,-9.333333333,0,-14,2,-6,-4,0.189473684,1
-0.8,-13.6,-13.8,0.8,46,2,-1,3,0.026397516,0
0,19,6.4,0,-22.4,-1,-1,6,0.039872408,1
0,22.46666667,46.73333333,2.733333333,267.6666667,1,6,-4,0.020833333,1
0.4,2,-14.1,-3,-334.4,0,2,9,-0.031358885,0
0.2,-5.2,-17,-0.4,-14.4,3,5,6,0.177777778,0
0,-48,-72,-2,139,0,-2,-4,0.295238095,1
0.5,-3.5,-2,0.5,93,2,6,-9,0.108333333,1
0.25,-19,-22,-0.5,33.25,3,1,1,-0.261904762,0
0.2,34.6,25,-0.2,-50.6,3,3,-8,-0.093406593,1
0,55,54,-2.25,-21.25,-1,-2,-2,0.099137931,1
0.2,-7.8,-9,1.4,252,-2,-2,-4,0.079761905,1
2.8,-22.6,-40.2,-2.4,-151.8,-2,0,2,-0.14619883,0
-0.2,1.4,5.2,-0.8,-104,-1,3,-10,0.095959596,0
-0.333333333,12.33333333,28.16666667,0.5,98.16666667,-3,0,2,0.069518717,1
0,18.13333333,15.26666667,-1.733333333,-159.9333333,1,-5,4,0.041666667,1
0,-1.4,27,0.6,266.6,1,0,5,-0.048648649,1
-0.5,12.3,27.9,2.2,171.6,3,4,11,0,0
0,17.6,-20.26666667,0.333333333,212.6666667,0,-1,2,0.007936508,0
0.5,-33,-34.5,0,42.5,0,1,0,0.055335968,1
0,15.5,33.5,2.5,254.5,0,1,-6,0.13030303,0
-0.2,-31,13.4,1.2,204.4,0,3,2,0.1,1
0,77.4,58.4,-1.8,-93.4,5,3,4,0.12775842,1
-0.6,-45.2,-18.8,2,451.8,2,-2,7,0.044871795,1
-0.2,0,21.2,2.2,226,-5,-3,11,-0.10130719,1
0.2,29.15,38.6,-0.8,-179.2,0,-1,-8,0.014285714,0
-0.8,-12.6,-9.2,0.4,-3.4,0,-3,5,0.078571429,0
0.2,-28.9,-40.85,-0.95,-3.5,1,1,7,0.063636364,0
0,-0.5,-19,-1,-60,5,2,-8,-0.120879121,1
-1,-29.4,-28.13333333,0.2,-34.06666667,4,5,-3,0.188888889,1
0,30.6,29.6,-0.4,11.2,-4,-4,5,0.214285714,0
0.25,-21.75,-74.58333333,-4.333333333,-343.25,1,1,1,-0.133838384,0
1,45.5,117.5,-1,221,4,6,9,-0.014285714,0
0.4,29.6,37.1,0.35,-56.45,-1,5,3,0.217532468,1
0.8,17.6,11.6,-0.2,-107.8,0,-2,-6,-0.037878788,1
-0.4,32.2,30.2,0.6,72.8,2,5,2,-0.0875,1
-0.4,14,23.4,0.8,40.8,-4,-3,0,0.047058824,1
0,0.8,2,0.6,8,0,1,6,-0.082386364,0
-0.733333333,-36.26666667,-39.53333333,0,-39.33333333,-1,0,6,0.037549407,0
-0.4,-6.8,-7.8,1.6,161.8,-1,3,5,0.109697933,1
0,13.2,54.9,-0.8,79.8,-2,-5,5,-0.015046296,0
0.25,40.75,55.75,2.25,236,-4,0,3,-0.027272727,1
0,-0.666666667,19,0.833333333,185.1666667,5,7,6,-0.08361204,0
0,-8,-3.4,-0.2,120.4,-1,-1,0,-0.071022727,1
0,32.2,68.4,0.4,99.8,2,0,-4,-0.0875,1
0,5,0,1,83,-6,-6,4,0.148148148,1
0.2,20.6,52.4,1,218.6,-1,1,-1,0.203030303,1
0,13.3,-3.7,0.8,151.3,2,3,-6,0.101173021,1
-0.8,-26.8,-23.8,1.2,143.6,1,-1,11,-0.027777778,0
0.6,-1.8,2.6,-0.5,117,-2,-1,3,-0.157407407,0
-0.4,12,38.8,-1.2,-9.2,7,7,-12,0.168888889,1
0.5,-32,-50.5,0,-41.5,1,5,12,-0.317460317,0
-0.8,-19.2,-34,-0.2,-50.8,1,1,-2,-0.249090909,0
0,-13.2,-70.8,-1.2,80,2,2,-5,0.025274725,0
0,13.7,19.7,0,215.5,1,6,-6,0.083333333,1
0,-2.25,30.25,0.25,108.25,-3,-3,-2,0.043478261,1
0.25,-16.75,-57.5,-2.5,-313,3,2,0,-0.016666667,1
0.4,5.4,-5.1,-1.6,-172,2,6,-6,0.099431818,1
0,33.33333333,-1.666666667,-2.666666667,-302.3333333,0,-1,4,-0.25,0
-0.8,42.2,106.2,1.6,364.4,-3,-6,5,0.094285714,1
0,-1,-0.4,1.2,25.8,0,2,1,-0.208333333,0
0,-27,-44,0,47,0,-5,-1,-0.066666667,1
-0.2,9.8,-12.8,-0.2,-108.8,-2,-5,-3,-0.07120743,1
-0.2,22.4,33.5,0.9,120.4,0,-2,3,0.052224371,0
0,4.4,-9.6,1.6,96.4,-1,2,-2,0.142857143,1
-0.4,-20.25,35.85,3.1,386.7,-1,0,4,0.034444444,1
1,25.5,30,-2.25,-158.75,2,6,-5,0.196969697,1
0,-6.6,-3.4,2.4,137.4,0,-2,3,-0.136764706,1
0,23.66666667,57.33333333,4.333333333,535.3333333,-4,1,0,0.133333333,1
0,30.5,17.5,3,60,-4,-3,4,0.018064516,0
0.5,-74.5,-42.5,-1,2.5,0,0,0,0.097826087,1
2,16,11,0,-8,0,3,0,-0.291666667,0
0.2,-35.2,-68.8,-4,-308.8,-2,0,9,0.00228833,1
-1,-30.4,-29.2,0.4,34.6,-1,-1,-7,0.051666667,1
-0.05,-1.05,2.9,0.45,-65,-2,-2,14,-0.035444947,0
0.166666667,14.33333333,16.5,0.833333333,-36,-2,-2,-6,0.215719064,1
0.5,-18.65,-27,-2.4,-187.8,-1,0,-10,0.061904762,1
0,-25.2,-34,-0.2,-99,-1,-1,-10,-0.130769231,0
-0.05,-0.4,-4.6,-0.85,-181.8,-3,-3,3,-0.046296296,0
0,4,13,0.2,72.6,3,-1,0,0.128571429,1
-0.5,8,26,2,117,-3,-2,-6,-0.018939394,1
-0.8,15.6,16.8,0.2,91.6,-2,1,-1,-0.130718954,1
0,-26,-35,-1,-36,-1,-2,12,-0.027777778,1
0,-56.6,-80.4,-0.6,-152.6,3,3,14,-0.027419355,0
0.6,-8.6,2.6,0.4,88.4,-2,0,4,0.110149489,1
-0.4,6,-0.4,0,-190.4,1,3,3,-0.135087719,1
0.2,-2.8,-4,-1.2,-278.2,1,4,8,0.019713262,0
0,13,27.6,-0.4,52.2,-1,-4,-6,0.117647059,0
0,-4.2,14.8,0.8,233,-3,1,-4,-0.012941176,1
0.2,31.2,25,-1.2,-50.8,0,-7,14,0.064449064,0
0.2,-10.4,-20,-0.2,105,6,2,4,-0.014285714,1
0,-18.6,-10.8,2.8,223.2,0,2,3,-0.02,0
0.2,-1.2,9.6,2.2,97.6,-4,-5,-1,0.23030303,1
0.2,-17.4,-28.6,-4.6,-637.8,-4,2,8,-0.25,0
0,4.75,19.5,0,153.5,0,0,9,-0.105263158,0
-0.2,-25.2,-19.8,0,12.2,-3,-1,1,0.076923077,1
0,-7,-7.5,-0.5,20,0,-2,-3,-0.168421053,0
0,-17.8,-32.8,-1.4,-92.2,0,5,-2,-0.061002179,0
0,-5,-5.5,0,44.5,-1,0,-4,-0.225,0
0,13.4,6.4,0.2,26.4,6,8,-6,0.230639731,1
0.5,12.83333333,-8.166666667,-2.166666667,-354.1666667,1,4,8,0.063063063,1
0.25,-26.2,-61.2,-1.45,-73.05,-2,-1,-7,0.057388809,0
-0.8,9.6,21.4,0.8,58.4,3,4,5,0.055555556,1
0,-35,-52,-1,-50,-3,-5,7,0.098039216,1
0,-27,-42,1,60,0,3,-4,0.037037037,1
0,8.5,-9.5,-0.5,-36,0,2,-3,0.017316017,1
0,2.8,3.2,-0.2,5.8,-3,0,-3,-0.012682927,1
-0.8,13.8,23.4,2.2,215.2,0,-2,-5,-0.08041958,1
0.2,-23,-37.2,-0.6,46.6,2,1,0,-0.160326087,0
0,26.8,34,-0.4,36,0,-3,-3,0.223057644,1
0.2,-18,-20.4,1,223.8,0,-2,8,0.145748988,1
0,17.4,-26.6,0.4,33,0,1,-2,0.072463768,1
-0.2,-6.8,21,2.4,271.2,1,1,5,-0.093181818,0
0,-14.73333333,-2.4,2.466666667,112.4666667,-3,0,-2,0.236024845,0
0,0.5,-22,-0.5,-146,1,3,-5,0.152777778,1
1.4,26.4,27,-0.2,-16.4,-2,-3,-5,0.03030303,0
0,-68,-81,0,-114,-2,1,-6,-0.131299735,1
-0.05,27.5,25.15,0.4,-22.95,-1,-2,3,0.015151515,0
-0.2,27.6,26.8,0,-52.8,1,0,9,0.036805556,1
-0.4,3,4.4,1.4,257.2,1,-2,2,0.104575163,1
-0.133333333,-7.4,1.8,1,46.8,3,-1,5,0.119047619,1
1.2,-2.8,-8,0,-6.4,1,1,-6,0.083333333,1
0.25,-20.66666667,-38.08333333,-0.916666667,32.83333333,4,6,-2,-0.086845466,0
0,14,32.95,2.9,196.95,-6,-6,4,-0.080808081,1
0,29.2,46,0.466666667,56.6,-2,-2,7,-0.251231527,0
0,39.4,29.6,-1.2,-96.4,3,-2,-5,0.130730051,1
0.2,46.6,52,1.4,28.4,2,-2,-5,0.167279412,1
-0.25,8.05,8,1.15,117.1,-1,-6,1,-0.026153846,0
0,48.66666667,84.33333333,0.333333333,28,1,1,-9,0.178571429,0
0.2,-31.6,-37.2,1,56.8,-7,-6,4,-0.070048309,0
0.2,-6.2,-12,-0.4,78.2,1,5,6,-0.124137931,0
0.2,-13.2,-24.2,-0.2,100.8,4,2,5,-0.125,0
-0.133333333,-1.866666667,3.4,1.8,112.0666667,-2,-2,-6,0.104734577,1
0,20,-9,-3.5,-146,-1,-4,4,-0.125,0
0.2,-85,-103,1.2,166,3,4,1,0.113636364,1
0,10,-17.5,-1.5,-345.5,4,5,-5,-0.105714286,1
0.25,19.5,40,0.5,116.75,-5,-4,0,0.185507246,1
0,71,78.5,-1,-112.5,-1,-4,-1,0.026666667,0
-0.5,-2.5,-24,0,29,0,-1,6,-0.056818182,0
0,20,-9.666666667,0.666666667,-87.75,-1,-3,1,0.18245614,1
0.8,-21,-51.2,0.2,-15.4,2,-1,1,0.00616836,0
-0.05,12.7,17.6,0.2,58.45,-1,-6,7,-0.263793103,0
0.2,-2.933333333,-15.8,-0.266666667,-27.13333333,0,2,4,-0.216666667,0
0,-12.6,-11,0.4,43,-2,-1,7,0.001089325,0
0,15.6,-15.2,-1,-304.4,-2,-5,7,-0.096491228,1
-0.4,-0.4,8.4,-0.2,-16.4,0,3,-2,-0.011904762,0
0,7,-1.333333333,-0.666666667,95,1,-3,-1,-0.263157895,0
-0.5,-57,-88.5,-1.5,-28,1,-1,3,0.016666667,1
0.6,-27.8,-31,-1,12,1,3,6,0.035326087,1
0,0,0,0,0,-1,-1,1,0.166666667,1
0,-4,-29,0,-86,5,5,-1,-0.085227273,1
0,28.6,18.6,1,42,2,1,-14,0.244444444,1
0.2,3,-12.8,0.8,78.4,1,0,8,-0.13030303,1
0,20.6,21.2,2,181,-3,-2,-1,-0.006949807,0
-0.2,-25.6,-33.6,-1,-76.2,0,-3,9,-0.051839465,0
0,0,0,0,0,3,3,0,-0.149797571,0
0,49.4,74.4,2,225.2,0,1,3,-0.1,0
0.333333333,-7.666666667,-18.25,-0.833333333,-95.33333333,-1,3,13,0.064935065,1
-0.25,-24.1,-30.6,0,167.65,0,2,-1,0.054919908,1
0,-3.5,-5.5,0,-36.5,2,0,0,-0.011111111,0
0.6,-38,-36,0,6.6,1,-1,6,-0.00621118,1
-1,-47,-93,0,-168,-4,-3,-2,-0.075,0
0,1,53,0,-40,2,0,3,0.057692308,0
0,15.8,24,0.4,95.4,1,3,-1,-0.035714286,1
-1,43.6,65.2,3.8,212.4,0,3,6,0.19047619,0
0,63.2,80,0.6,111.8,3,0,4,0.007608696,1
-0.15,-46.8,-14.85,0.55,72.15,4,6,5,0.150501672,1
0.2,31.8,25.2,-0.8,-131.6,5,5,2,-0.068376068,0
0,20.8,16.8,1.2,194.4,-6,-11,4,0.018394649,0
0,13.6,-2.6,1.8,251.8,2,5,3,0.032327586,1
-0.4,5.8,1.8,-2.8,-172.4,3,2,12,-0.055749129,0
0.6,-17.8,-28.4,-0.2,-41.8,2,-2,4,0.0475,0
-0.6,-4.4,19.4,1.8,350.2,-3,1,-4,-0.012941176,0
0.2,0.2,20.2,-1.4,195,1,3,-8,0.034739454,0
-0.5,11,28.75,0.5,43.25,-2,-3,-4,0.346153846,0
0,12.6,7,-0.4,-73.8,0,-1,-1,0.119843924,1
-1,-20.9,-29.7,0.2,-34.2,2,2,10,0.071969697,1
0,22.5,16,-1,71,0,0,-2,0.107212476,0
0.2,-25.8,-44.8,-0.4,-37,6,6,-3,0.013392857,0
0.05,56.55,22.4,-3.3,-336.4,1,0,-1,-0.172727273,0
0.4,-23.8,-35,0,43,-1,-1,2,-0.023809524,0
-0.333333333,0,-44.33333333,-2,-289.3333333,-3,1,-2,0.06,1
0.2,1.4,-11,-1,-34,0,-2,6,-0.063938619,1
0.2,8.2,0.4,0,-119.4,0,0,-1,-0.05625,1
-0.333333333,-10,-23.33333333,-2.666666667,-107.6666667,-1,-1,-7,0.177777778,1
0,23,50,1,43,1,2,-4,-0.119047619,0
0,14.4,-3.4,0.4,61,1,-3,-4,0.065546218,1
0.8,10,6.4,0.2,20.2,1,-2,-2,0.101467505,1
-0.6,54.13333333,70.46666667,0.2,53.73333333,-2,0,8,-0.118181818,1
-0.15,-20,-27.5,0.95,107.75,2,3,12,0.072580645,0
0.6,-10.8,-26.4,-0.2,-0.2,1,-1,-1,0.07807309,0
0.4,5.466666667,1.6,-2.333333333,-14.26666667,0,0,-5,0.106707317,0
0,18.6,42.4,2,273.2,1,0,-1,0.036337209,1
0.2,38.8,36.4,-0.2,44.2,6,5,10,-0.295238095,0
0.2,14.4,13.6,-0.2,-13,-2,-4,3,-0.008403361,0
-0.6,35.6,42.2,0,-34.2,-1,-3,7,0.035087719,0
0.25,-1.85,-3,-1.75,32.1,3,-2,1,-0.107142857,0
0,-13.8,-50.2,1.4,-12.4,-1,-1,5,0.010582011,0
0.2,-16.33333333,-23.86666667,-0.133333333,28.2,0,3,-4,-0.006968641,1
0.133333333,-15.8,-19.53333333,-1.6,-194.2,-1,7,-6,0.225,1
-0.6,17,28.8,3,200.6,2,5,-6,0.082995951,1
0.2,7.2,-4.6,-0.8,-56,2,-2,1,-0.201612903,1
0,32,32,2,111,-2,-5,-1,0.165775401,1
0,-16.66666667,-24.66666667,-0.333333333,77.66666667,1,0,1,0.157407407,1
0,-25,-35,0,-2,-2,-8,-6,0.139846743,0
-0.2,3,48.4,4.6,340.2,-2,-1,-7,0.05,1
0,0.333333333,-1.333333333,-0.666666667,109.3333333,-2,-5,4,-0.092592593,0
0.5,-34,-41.5,-0.5,12,1,0,4,0.005952381,0
0,-40,-58,-1,-60,-3,-7,-4,0.064102564,0
0,-13.5,10.5,0.25,314.5,0,-2,10,-0.023809524,1
0,15.2,-30.4,0,63,-4,0,0,0.271428571,1
-0.2,9.4,-8.6,-0.8,-36,0,1,3,0.050505051,1
0.2,-50.4,-77.4,-0.4,-67.6,-2,-3,-1,0.00083612,0
-0.5,38,40,0,6,2,-2,-9,-0.033333333,0
0.2,-14.8,-40.4,0.8,96.6,0,-2,4,0.027960526,1
-0.5,-11.5,-3.75,0.75,35.25,2,2,-4,0.163194444,1
0,-6.2,-146.4,0.6,-306.8,-1,0,6,-0.168181818,0
0.666666667,-5.333333333,-23,-0.666666667,-36.66666667,0,1,3,0.08004779,1
0,29.33333333,19.16666667,-1.333333333,-153.1666667,4,1,-1,-0.074074074,1
0,-6.25,-3,1,83.5,3,0,-2,-0.126984127,0
0,19.33333333,54.66666667,-0.666666667,-52,-4,-4,2,0.080952381,0
-1,47,123,-1,301,2,-1,6,-0.275362319,0
0.2,40.8,30.6,-0.2,-54.6,-1,-4,-6,0.03125,1
0,15.6,-0.1,0.6,10.3,0,3,-8,-0.066666667,0
0,10.2,10,-1.2,-7.6,1,3,7,-0.090277778,0
0,4,-15,0,-57,1,-2,-1,-0.120967742,0
0,-26,-1,-1,-60,-2,-3,1,0.015151515,0
0,56.66666667,71.33333333,-1,74.66666667,2,2,2,-0.012307692,0
-0.2,6.4,10.2,0.4,-5,-2,-5,9,0.116057234,1
0.8,-23.3,-20,-0.1,-48.1,-1,-5,0,-0.08045977,1
0.6,39.8,55.4,1.2,243.4,-3,4,-1,-0.246031746,0
0.333333333,-6,-17,-0.666666667,63.66666667,0,-1,2,-0.083333333,1
0.2,-20.8,-11.1,-0.3,97.9,2,4,2,-0.151351351,0
0,-9,-33.66666667,-0.666666667,-31.33333333,4,6,-11,0.120915033,1
0,-27.66666667,-19,-0.666666667,32.66666667,0,-4,-3,-0.25,0
-0.2,-14.4,-10.6,2.2,118.8,0,-1,-7,0.124458874,1
0.4,-37.2,-38.2,0,-10,-2,-2,0,0.178451178,1
0.25,24,41.75,4.5,382.5,-3,-4,-1,0.282608696,1
0,-4,-35.8,0.4,82,0,1,8,-0.043243243,0
0.2,-1.866666667,-63.6,-4.666666667,-364,-1,-4,-4,-0.187826087,0
0.2,-39.2,-46.2,1.4,159,1,0,4,-0.008333333,1
0,-68.8,-74,1.4,74,0,1,3,-0.086834734,1
0.75,-25.25,-26.75,-1,24.75,2,5,2,-0.026785714,0
0.05,4.1,-11.85,-2.2,-125.25,2,4,3,0.082926829,1
0,-63.5,-61,1,211,-3,5,-13,-0.060606061,1
0,-16,-27.6,-3.2,-311.2,-1,-1,6,-0.020833333,1
0,-1.6,8.2,0.6,157.8,1,1,10,0.130769231,0
0,22.8,44,1.2,234.4,2,-3,-1,0.254310345,1
-0.25,24.6,16.55,0.75,-3.35,-2,-1,6,-0.163194444,0
0,-9,8.333333333,0.333333333,209,-4,-3,3,-0.03,0
-1.333333333,-16.66666667,-8.333333333,0,172.3333333,2,-4,5,-0.12394958,1
0.2,-24.8,1.2,0.2,164,5,6,7,0.039872408,0
0.4,1.4,-4.4,-1.2,-161.8,0,-2,-5,0.160714286,1
-0.5,15.8,31.9,1.4,106.3,1,6,-4,-0.085470085,1
0,5,28,0,88,0,5,7,0.225,0
0,73,55,-1,-60,0,3,-5,-0.07239819,1
0,6.2,11.4,0,80.4,-3,1,0,0.075367647,1
0,37,16.5,-1.25,-92.5,3,-1,12,-0.117647059,1
0,0,0,0,0,2,2,-3,0.076555024,1
0,0,0,0,0,1,-4,5,-0.131578947,0
-1.2,-26.5,-23.9,2.5,153.1,0,-5,4,0.042857143,0
-0.4,-33.6,-31.4,0.4,18.8,-3,-1,1,0.076923077,0
0.2,32.93333333,5,0.2,5.2,3,1,-2,0.146520147,1
-0.2,-4.6,-7.8,0,56.4,2,5,-7,-0.055555556,0
0.2,-3,3.4,-0.4,108.6,-1,-2,2,0.051282051,0
-0.2,21,60,2.6,173,-3,-3,5,0.093137255,1
0,-15.4,8,6.2,358.4,0,-3,-2,0.431818182,1
-0.4,31.2,29.8,2.4,107.4,0,3,-1,0.082352941,0
0.25,-52.5,-82,-1.5,-53.75,0,3,-3,-0.17044335,1
-0.4,-12.8,-9.6,0.2,41.4,-1,1,0,0.061403509,1
0,-14.4,18,2.2,198.6,-3,-2,4,-0.1,1
0,-3.6,7,1.8,218,-3,-6,0,-0.049641478,0
0,-11.6,-22.2,-0.4,8,1,1,11,-0.062121212,1
0,3.6,-4.8,-0.6,-9.2,-2,-3,7,-0.051671733,1
0,0,0,0,0,-2,-1,3,0.063492063,1
-0.85,-29.6,-36.5,0.05,122.9,1,2,-5,-0.142424242,1
0,-23,-50.5,0.5,-326.5,-1,2,-13,0.223443223,1
0,14.4,55,1.8,66.8,0,-5,-1,0.096273292,1
0.333333333,-18.25,-7.916666667,0.166666667,89.08333333,2,4,1,-0.148571429,0
0,22,26.5,2,230.5,1,-3,0,-0.041666667,0
0,0.5,9,0,-21,1,1,5,-0.161904762,0
0.1,3.6,7.4,0,29.7,-2,-2,4,0.010695187,1
1.5,64.5,72,0,19,-1,2,-5,-0.252380952,1
0,4.5,51.5,3,317.5,-3,1,4,0.217171717,1
0.2,59.4,58.4,0,20.8,2,1,-9,0.088379705,1
0.4,-26,-51.6,-1.4,-251.6,-2,-2,8,-0.225,0
0.4,7,10.8,-0.4,-28.4,2,1,-3,-0.139130435,0
0,0.2,-24.8,-0.2,-37.6,11,10,-6,0.013687601,1
0.133333333,10.93333333,50,0.333333333,184.3333333,1,0,-5,0.112531969,1
0,5.2,10.4,1,126.4,-3,-3,2,-0.136752137,0
0,37,56,-1,136,3,-1,5,0.055,0
-0.2,-17.4,-0.2,0.4,145,3,1,0,-0.032467532,1
0,-20,-33,-1,-12,-2,-2,3,0.104166667,0
-3,2,-13,0,-55,3,3,4,0.055944056,0
-0.2,15,23.4,0.2,50.2,2,3,2,-0.036756757,1
0,29,21.8,-0.2,-9.8,0,1,-6,0.127941176,1
-0.2,54.4,63.2,-1,-49.2,-1,-4,2,0.171122995,0
0,0.8,-16,0.4,45.4,-1,0,6,-0.071969697,0
0.2,14.6,19,1.2,307.8,2,-2,2,-0.064903846,0
0,41,38,-1,31,0,0,-11,0.036842105,1
-0.2,11.8,23,0.2,75.6,-3,-5,6,0.117427773,0
-0.75,17.5,29,0,16.5,-2,-1,2,0.149068323,1
0.6,-29.3,-17.3,1.8,56,0,0,2,0.058441558,0
0.4,1.8,-10.2,-0.6,-119.6,-4,-2,7,-0.088693957,1
1,11,12.5,0.5,38,1,0,6,0.066666667,0
0,2,-5,-2,-25,-1,-11,3,0.008333333,0
0,36,37,-1,1,0,1,6,-0.083333333,0
1,-14,-29,-1,-48,1,3,-3,0.357487923,1
0.4,34.2,15.4,-0.4,-49.2,-3,-2,-3,0.211750306,1
0,23.4,39.6,2.4,202.2,-4,-9,3,-0.001792115,1
0,12.6,19.4,0.8,67.8,-2,0,6,0.017626322,1
0.8,12.2,18.4,0.2,-56.2,1,3,2,0,0
0,-18,-40,-0.2,-46,-4,2,-1,0.01754386,1
-0.2,-9.2,-19,-2.6,-130,4,4,-5,-0.156989247,0
0,-14.33333333,-26.06666667,-0.6,-209.0666667,1,0,6,-0.085714286,1
0.2,-37.4,-71.2,-0.8,-210.2,0,2,3,0.03823178,1
-0.8,-29.8,-36.6,0.8,-0.6,0,-1,9,-0.154761905,1
-0.083333333,-8.166666667,9.75,1.666666667,149,1,4,7,0.070723684,1
0,14.66666667,26.16666667,1.333333333,142.8333333,0,2,-4,0.027513228,1
0,-9,-2,3,303.5,5,6,-5,-0.183333333,0
1,-25.2,-21.4,0.4,93.6,-1,-1,-3,0.181818182,0
0.2,6.6,-13,-1,-143.2,-1,2,0,-0.098060345,0
0,27.8,27,0.4,119.4,-2,0,8,-0.043010753,1
-0.4,-38.8,-44.8,0,-62,1,2,6,-0.09375,1
0.2,3.8,26.5,0.7,187,0,0,4,-0.165517241,0
-0.2,-33,-37.2,-0.2,100,3,1,-2,0.263636364,1
-0.2,10.73333333,9.666666667,-1.4,-201.6666667,0,4,-2,-0.013285024,1
0,-51.5,-78,-2,-137.5,2,1,4,0.005747126,0
0,-43,-85.8,2.4,42,2,10,-8,0,1
0,5,7,1,146.5,-2,-4,-4,-0.107142857,1
0,20,16.5,1.5,25,-3,-5,5,-0.157407407,0
0,-8.75,-16,-0.75,-23,-3,-5,2,0.082386364,0
0.2,17.4,66.8,1,186.4,0,0,-2,0.087878788,1
0,25.6,35.4,0.2,38.4,-2,-2,5,0.007272727,1
-1,38,56,1,45,-1,-1,14,-0.5,0
-0.133333333,-12.8,-11.2,0.6,61.8,2,-1,10,-0.060559006,0
-0.55,-34.65,-54.85,-0.4,-92.2,-5,-3,-6,-0.045853659,1
0,-15.2,-15.4,0,-52.8,1,2,-3,-0.070135747,0
-0.4,12.2,-0.2,0.4,9.6,0,1,0,-0.132867133,1
0.2,6,19.2,1.6,237.6,-5,-1,2,-0.012987013,1
0,-17.6,-20.4,0,60.4,-6,-4,2,-0.036337209,1
0,-27.4,-32.8,-0.2,-29,0,1,0,-0.014492754,1
0.15,-27.8,-38.05,0,-99.5,0,-1,-2,-0.227746592,0
0.4,22.85,21.15,0.55,-37.6,3,1,-4,-0.032692308,1
-0.4,19.6,40.8,2.8,187,4,1,-1,0.167582418,1
-0.25,12.25,19.75,0.25,61.75,-3,-5,-1,0.093984962,1
0,0,0,0,0,2,4,-8,0.002272727,1
0,-39.86666667,-34.46666667,-1.466666667,90.93333333,1,1,-3,-0.091666667,1
0,-7,-18,0,59,4,3,8,-0.166666667,1
0.666666667,15.66666667,13.25,-1.083333333,-28.5,-1,4,-9,0.155789474,1
0,-2,-4,-1,105,-2,5,-3,0.147727273,0
1,-19.5,-21.75,-0.75,25.25,2,-2,0,0.071895425,0
0.2,2.4,7.6,2.4,73.2,-1,1,-1,0.087912088,1
-0.2,-52.8,-15.6,2.4,575.6,-1,-3,7,0.022296544,1
-0.2,11.2,20,-1.4,-108.4,0,-2,2,-0.060075094,1
0,-2.916666667,75,1.666666667,221.1666667,-2,1,-5,0.148717949,1
0.2,1,-1.4,0,-28.4,2,0,-1,-0.03030303,0
0.2,-16.6,-27.2,-0.6,-127,3,-2,-5,0.004201681,1
-1,-14,120,4,618,0,0,-2,0.157342657,0
0,-24.33333333,-2.666666667,-1.333333333,183.3333333,1,-2,7,0.034210526,0
0,1.75,0.5,0,83.25,0,-6,-3,-0.1,0
0,40.7,27.9,0.8,82.9,0,-1,1,0.058823529,1
0,0,0,0,0,0,2,-10,0.25,1
-0.8,22.4,30.4,0.4,11.8,3,2,3,-0.157142857,0
0.6,-15.6,-29.8,-0.4,-42,0,2,-5,0,1
0,31.4,51,0.4,129.6,-4,-2,-1,-0.000673854,0
0.8,7,-10,-0.8,-44.4,5,6,6,0.013636364,0
0.8,-6.6,-16.2,-0.4,21.2,2,3,4,0.081052632,1
1.05,-18.15,-28.65,0.4,-142.3,1,-4,-8,0.010416667,1
0,1.6,-6.866666667,0.333333333,-241.3333333,1,2,-2,0.115384615,1
0,-27.5,-36.5,-1,194,-1,-4,7,-0.091269841,1
0,-3.083333333,22.41666667,0.583333333,200.3333333,-3,-4,2,-0.02173913,0
-0.4,17.4,45,2.4,145.4,4,8,-1,-0.076086957,0
0.2,-23.8,8.6,2,345,0,-4,-3,0.147727273,1
0,-25,-31,0,23,3,-5,9,0.201970443,0
0.05,-1.25,9.8,0.55,62.7,1,-2,-4,0.194444444,1
0.4,32,58.8,2.2,220,-1,-7,-2,-0.012820513,1
0.2,-15.2,-28.4,-0.4,-88,-1,3,5,0.108108108,1
0.2,11.6,2.4,-1,-147.2,0,-2,-2,-0.00625,1
0,-9,1.8,-0.2,187.4,4,6,12,-0.177777778,1
0,-6,-10.33333333,-0.666666667,29.66666667,7,7,-2,-0.045248869,1
-0.666666667,56.2,58.46666667,-1.533333333,-96.86666667,1,1,4,0.012925969,1
0,-25,-2.666666667,2.333333333,311,0,-1,-5,-0.015444015,0
1,-2,-18,0,-32,-3,4,-10,0.014285714,1
1.5,47.5,44,0,9,-3,0,-1,0.016806723,1
0.6,37.4,19.2,-2.8,-385.8,1,1,-5,-0.084139265,1
0,0,0,0,0,0,-2,-1,-0.120879121,0
-0.2,64.8,65.8,-0.2,-2.4,2,0,0,-0.078595318,0
0,-56.5,-85.25,3,226.5,2,1,-7,0.066433566,0
-0.2,33.8,44.6,1,72.2,3,4,4,-0.096135266,0
-0.2,-4.4,-36.4,-1.8,-201.4,0,2,8,-0.128019324,0
-0.166666667,4.166666667,4.5,-1.166666667,31,2,3,-10,-0.044444444,1
0,-10,-13.6,-0.6,7.4,2,0,-12,0.10380034,1
-0.4,-15.4,-33.8,-0.2,-44.4,-3,-5,0,-0.117521368,0
0,37.2,49.2,1.6,225.4,4,1,0,-0.175,1
0,-13.2,-1,3.4,246.4,2,1,1,-0.080808081,1
0,-26,-16.5,3.5,386,-2,-5,-3,0.285714286,0
0,1,-28,2,35,1,1,-7,0.141065831,0
0.25,21.5,-5,-2,-197.25,3,3,7,-0.184848485,0
0,1.85,-23.1,-0.35,-63.35,2,2,-4,-0.101754386,1
0.5,-9.5,-16,-1,-21,5,10,-6,0.225,1
0,-25.33333333,-26.33333333,-2.166666667,38.16666667,0,0,7,0.138888889,1
-0.4,21.65,47.4,2.25,241.85,-1,-3,4,0.05,0
-0.2,45.6,98.8,3,329.8,3,-2,3,0.023106547,1
-0.5,3.5,45.75,4.75,411,-3,2,-3,0.134117647,1
0.2,-12.6,-15.6,2.4,223.2,-3,-2,8,0.093939394,1
-0.3,-1.2,-22.2,1.6,111.75,1,5,0,0.004201681,1
0.333333333,3.333333333,10.33333333,1,160,-1,0,6,0.0125,0
0,-35,-26,0,228,0,0,-11,-0.083333333,1
0.2,-39.8,-49,-0.6,-41.8,6,3,-1,0.03452381,0
0.2,-0.4,0.2,-0.6,0.2,2,5,8,0.071123755,1
0.1,-3.05,-16.4,-0.55,-134.25,-3,-5,7,-0.147058824,1
0.1,-25.9,-31.3,-0.1,-56.6,2,6,5,0.075517076,0
0,3.8,-14,-1.6,-85.8,2,3,4,-0.085227273,0
-0.8,37.6,46.1,1.6,223.6,4,3,-3,-0.012820513,1
0,23,90.33333333,0,220.6666667,-4,-1,5,-0.054347826,0
-0.4,30.8,47.6,1,39.2,-1,-2,0,0.019607843,0
0,28.5,43,-1,-188,4,-2,7,-0.214285714,1
0,43.83333333,46.83333333,-0.833333333,-9.833333333,-1,-4,7,0.015789474,1
0,-26.2,-18.2,1.2,162,-1,-2,3,-0.014285714,1
0,24,43,1,60,-4,-2,0,-0.027667984,0
-0.2,17.2,43.2,0.2,174.6,-2,-4,2,-0.154761905,0
-0.6,1.2,15.4,0.8,125.4,5,9,-3,0.143518519,0
-0.2,13,51.2,1.6,303.4,-3,-5,-4,0.124444444,1
0,-17.4,-61.8,-2,-269.2,1,2,-5,0.085434174,1
0.4,41,94.2,3,391.4,-5,-2,0,0.103529412,1
0,-9.666666667,-10.33333333,-0.666666667,-37.33333333,0,-1,7,0.030075188,0
-0.4,33.8,38.2,2.8,201.4,0,-2,8,0.014888337,0
0.6,70.6,88,-0.6,106.6,1,1,-4,0.04576659,1
0,-11.33333333,-10.66666667,0.333333333,-140,2,2,-10,0.131868132,1
0.2,5,-0.8,-0.4,-56,0,1,3,0.068181818,0
-0.6,9.8,35,0.8,205.6,0,0,-1,0.208333333,1
-0.2,-24.8,-26.2,0.4,-28.8,1,1,-5,-0.047619048,1
0.2,27.26666667,5.2,-5.333333333,-293.9333333,2,2,1,-0.020703934,1
0,0,0,0,0,0,-2,2,-0.031818182,1
0,0,0,0,0,2,2,1,0.548076923,1
0.2,-3.4,-10.6,-0.4,-8.6,-2,-3,2,-0.262626263,0
1,0.4,-22.6,-1.8,-156.6,3,0,-7,0.05,1
0,29,-24,0,-194,-3,-1,-3,-0.1,1
0,0.6,-16.4,-0.8,-262.2,3,1,3,-0.139473684,1
-2,-15.4,-31.8,-2.8,-283.2,0,0,9,-0.029230769,0
0,0,0,0,0,1,-5,-4,0.416666667,0
0,-17.2,-11.9,0.2,45.2,-3,2,3,-0.014285714,1
0,-6.2,-3.4,-0.6,10.2,2,-4,-2,0.041025641,0
0.5,32,29.5,0.25,-79.5,1,2,-1,-0.021428571,1
0.4,9.066666667,13.66666667,-0.4,54.13333333,-1,1,0,-0.175510204,0
0.4,6.6,8.4,0.8,3.8,-3,-6,9,-0.096205962,0
0.4,-1.8,-14,-0.8,-11.6,1,1,7,-0.119252874,1
0.333333333,-7.4,-26.26666667,-0.6,-116.4,0,0,-3,0.074404762,1
-1,-21.7,-20.6,0,35.7,0,-3,7,-0.270034843,0
0.6,61.8,64.2,0,15.2,-5,-1,0,-0.020833333,1
0.666666667,-30.33333333,-56.33333333,-2.666666667,-143.6666667,3,0,-2,-0.196969697,1
0.25,-7.75,28.75,2,347,1,5,0,-0.014492754,0
0.2,20.8,23.2,0.4,33.13333333,0,1,-9,-0.19924812,1
0,-2,-2,1.75,152.75,2,0,4,-0.102822581,1
0,-28.5,-70,1,-32,1,4,-4,-0.150793651,1
-1,16,27,0,114.5,-1,1,-1,0.057142857,1
-1.2,25,30.8,0.6,17.4,0,1,-6,0.172240803,0
-0.4,-7.2,-51.8,-0.6,-177.8,2,-2,-3,0.002774695,1
0.1,-39.7,-62.3,0,-123.7,-2,-2,2,0.203296703,1
0.2,35.4,60.6,2.8,282.2,-1,-2,-2,-0.018382353,1
-0.083333333,8.5,-33.5,-0.666666667,-211.5833333,1,3,2,-0.108571429,0
0.333333333,-3.933333333,-6,0.666666667,66.4,2,-1,0,-0.019230769,1
0,-12,5,2,91.5,2,2,6,-0.008333333,1
0,-20,-51,0.6,137,3,-1,3,-0.063157895,0
0.25,-7.166666667,3.25,1.416666667,235.3333333,1,4,2,-0.053333333,0
-0.4,24.95,50.65,2.25,287.75,-1,0,-2,0.19504644,1
0,6.666666667,34.66666667,1.333333333,120.6666667,-3,-1,0,-0.12173913,1
0,-24.5,6,1.5,309.25,-4,3,-1,-0.116161616,1
-0.1,15.9,21.4,1.9,235.3,-1,-1,5,-0.035714286,1
0,-44.2,-35.2,0.6,106.6,2,2,-5,-0.041958042,0
-0.2,38,57.95,3.6,131.95,2,1,-6,0.096273292,1
0,17.6,15.4,-0.8,-88.2,3,-2,-9,0.057142857,1
-0.2,-29.4,-53.4,-1.6,-209.4,2,3,8,-0.091876209,1
0.8,-17,-17.2,0.2,34.6,-1,1,-3,0.09,1
0.133333333,-0.066666667,-8.066666667,-1.666666667,-173.6,1,-1,-10,0.128571429,1
-0.2,-6.6,-8.8,1.4,256.2,-5,-4,-2,0.044444444,1
-0.2,-4.4,-10.8,-0.2,-13.1,4,5,8,-0.025450689,0
0,-4.2,9.4,-0.4,11.4,3,0,4,0.072916667,0
-0.266666667,26.4,17.8,1.6,6.666666667,-2,3,0,0.005555556,1
1,-36,-55,-1,-47,-1,-1,2,-0.036842105,0
0.2,-20.8,-28.6,0.2,121.8,-1,5,5,-0.071428571,0
1,-9,-37,0,-75,0,1,4,-0.059259259,1
-0.833333333,8.416666667,8,-1.333333333,-26.83333333,-1,5,0,0.148148148,0
0.2,-1.6,-1.4,-0.2,-124,-3,-1,-1,0.207364341,0
0.2,-1,-8.133333333,-1.466666667,-83.93333333,1,-1,-2,0.017080745,0
0.2,8.3,-12.9,0.35,4.2,1,-2,-7,-0.057233704,1
0,18.8,56.2,1,166,0,2,2,-0.076923077,0
-0.2,-4.6,-12.8,1,-34.4,-1,2,4,-0.102766798,0
0.2,-36.6,-41.2,1.4,132.4,0,0,6,0.107287449,1
0.4,-24,-39,0.4,-3.8,-2,-2,4,-0.014492754,1
0.333333333,-5.333333333,-14,-0.333333333,41.33333333,0,9,-4,-0.291925466,1
0.2,-28.13333333,-30.8,-1.333333333,-112.3333333,-2,0,-1,0.027272727,1
0,3.35,17.95,1.2,209.35,-1,3,-5,0.133333333,0
0,-39,-58,-1,-58,0,4,8,-0.041666667,0
0,3.4,-34.8,-0.8,-155.2,0,-3,5,-0.072727273,0
-0.8,9.8,24.8,1.6,279.4,1,-2,-2,0.072222222,1
-0.25,-11.25,-0.25,1,27.5,-1,2,-3,0.324808184,1
0.6,-48.6,-71.8,-3,-264.6,-2,-3,8,-0.07830552,1
-0.083333333,-39.75,-60.66666667,0.583333333,116.0833333,-1,0,-2,0.052173913,0
0,-16.4,32.8,1,457.8,1,-3,4,0.14017094,1
0.2,8.2,11.2,-0.2,-32.2,2,2,-5,0.018518519,1
-0.2,12,28.4,0.8,150.4,-1,-5,9,0.104582844,1
0,19.4,26,-0.1,-13.3,-5,-4,-3,0.065322581,1
0.2,-13.2,-36.6,-5.4,-340.4,0,-1,4,0.108734403,1
0.2,-12.2,-28.6,0.4,53.8,0,-3,11,-0.133333333,0
0,16,14.33333333,-0.333333333,1,3,4,2,-0.028490028,1
0,14.2,19,0.2,55.2,1,3,-1,0.125914316,1
0.4,-16,-12.6,-0.2,13.8,-7,-2,9,-0.104488079,0
0.8,20.4,12.6,-0.8,-88.4,0,1,-3,0.058181818,0
0,-13.33333333,-21,-1,19,6,2,0,0.066666667,1
0.4,-24.9,-47.5,-1.5,-194.65,2,2,-12,0.000938086,1
0,10,19,-1,-385,-3,0,-5,0.076923077,1
0.2,-0.2,-25.05,0.25,-178,-2,3,1,0.057142857,1
0,-41.25,-37,0.5,-35.75,4,7,0,0.052631579,1
0.2,-1.6,6.4,-0.4,110.8,5,3,1,-0.093333333,0
0.25,-15.5,-10.25,-0.25,195,0,0,-5,0.1125,0
-0.2,5.4,-6.2,-0.2,27.2,0,-1,-11,0.323275862,1
0.5,18,22.5,-2.5,-48.25,1,-5,-2,0.142857143,1
-0.666666667,-8.333333333,-14.33333333,0.666666667,27.33333333,2,-1,-2,0.14619883,1
-0.2,63.4,70.6,1.6,207,1,4,-4,0.365517241,1
-0.05,7.45,8.65,1.55,55.2,-1,2,1,0.172727273,1
0,-6.6,14.4,-0.4,-12.6,-1,-3,-1,0.074303406,0
0.4,-5.2,-18.6,-2.6,-119.8,0,-4,-8,0.05,1
-0.2,15.73333333,29.53333333,-0.333333333,-51,0,-3,-2,0.102102102,1
0.2,16.73333333,-1.466666667,0,-77.8,-1,1,-12,0.032608696,1
-0.5,-13,-35,-2,-186,3,0,1,0.08361204,1
0,-3.666666667,-17.5,1.333333333,-268.3333333,-4,-2,-5,0.071428571,1
-0.25,-8.75,10.75,4,383.5,-3,1,-4,0.027777778,0
0.666666667,-26.33333333,-44.33333333,-1,-58.66666667,2,8,5,-0.234782609,1
0.466666667,-26.4,-28.4,-1,-96.6,-1,-2,1,0.040441176,1
0.4,2.8,26.4,-1.8,-99.4,0,-6,6,0.007692308,0
0.2,6.4,18,0.8,22.8,2,1,0,0.082010582,1
-0.333333333,-35.66666667,-54.33333333,2.333333333,59,4,5,-3,0.029644269,1
0.2,-8,-6.4,5.4,316.2,0,0,-1,0.235294118,1
0.2,27.6,6.8,-2.6,-275.8,0,1,1,-0.111285266,1
0,11.8,-11.8,-0.4,23.6,-3,-3,-2,0.035897436,0
0,8.65,15.8,-0.95,11.1,-2,-3,5,0.031674208,0
-0.6,61.6,91.4,1.6,154.2,-1,2,2,-0.153378378,0
0,21,8,-6,-328,5,7,1,-0.259259259,0
0.6,16.6,3.2,-2.2,-133.2,-2,-1,-3,0.047058824,1
0.5,-4.1,-6.9,-1.2,-181.9,-2,0,-2,-0.019047619,0
-0.4,30.2,25.6,-1.4,-55.8,-1,0,1,-0.063492063,1
-0.2,-39.4,-45.8,-0.4,-15,0,1,3,0.035849057,0
-0.2,6.6,2.6,-0.8,-14.6,1,3,-6,0.100174216,1
1,-15,-19,-1,-59,0,3,5,0.058333333,1
0,-16,0.5,1,231.5,0,-1,0,0.02027027,1
0,-9.666666667,-7.6,-0.133333333,62.26666667,-2,-4,4,-0.042073171,0
0,-6.5,-13.5,-1,-54.5,4,-2,3,-0.067226891,1
-0.25,46.25,55.75,2.75,81.25,-1,-1,0,0.01875,0
0,-25.16666667,-27.83333333,-0.333333333,-3.5,-1,2,3,0.03125,0
0.4,-14.4,-27.4,0.4,18.2,0,3,-2,0.181818182,1
0,26,43,0,-102,3,-1,-2,0.232142857,0
-0.35,-6,3.2,1.5,132.15,-3,-3,5,-0.085858586,0
0,-30,-49,-1,-60,-1,3,1,-0.025641026,1
0,0,0,0,0,0,-2,-1,-0.064285714,0
0.4,25.6,37,0.2,46.6,-5,-7,5,-0.139208174,1
0.6,-16.4,-29.8,-1.6,-52.6,-6,-9,9,0.098814229,0
-0.5,-8.5,4,-0.25,50.75,1,1,-5,-0.052380952,1
0,19.75,21.75,-1,-115.25,-2,-9,13,0.077205882,1
0.2,37.2,64.4,1,122.4,3,3,0,-0.217142857,0
0,-19.5,-11.5,0,14.5,4,2,-2,-0.213333333,1
-0.4,-8.3,35.7,2.8,284,-5,-4,-6,-0.041666667,0
0.25,-7.25,-6.5,-1.083333333,-104.4166667,4,7,-4,-0.018018018,1
0.333333333,31.66666667,3,-3,-193.3333333,8,-3,4,-0.316526611,1
-0.166666667,20.25,45.41666667,0.916666667,218.25,1,-2,-4,-0.117142857,0
0.2,-19.3,-12.55,-0.4,-68.85,-2,-2,2,-0.209150327,1
0.333333333,-15.66666667,-33,0,-1.333333333,1,6,1,0.203266788,1
1,-21.6,-37.4,0,14.2,-3,-2,-3,0.157142857,0
0.133333333,11.6,-19.4,-0.133333333,-248.5333333,2,4,5,0.015151515,0
-0.2,43.8,51.4,0.4,48.2,5,3,-3,-0.105459057,0
-0.4,53.6,83.2,3.4,222.8,3,5,-6,0.111842105,1
0.4,-14.4,-40.4,-3.2,-277,3,3,0,-0.045238095,1
0.416666667,2.916666667,-13,0.416666667,-23.83333333,3,1,-1,-0.0625,0
0.2,-24.15,-55.85,-2.2,-262.4,-1,0,-3,-0.003246753,0
0,-32,-17,-1.333333333,-123.6666667,1,4,4,-0.112299465,1
-0.2,22,57.2,0.8,114.8,-1,-1,1,-0.15631929,1
0.2,19.4,14.4,0.2,-30.6,2,1,2,0.037878788,1
0.3,-4.1,10.2,3.4,303.5,3,1,-3,0.118421053,1
-2,-27,18,2,269,6,5,2,0.11631016,0
0.2,-34.8,-31,0,-6.2,1,2,4,-0.013675214,0
-0.2,-4.2,21.4,0,25.2,1,-2,-4,0.118243243,1
0.5,-11.75,-43.75,-1.5,-102.5,4,0,-7,0.027272727,1
0.2,-11.4,-26.2,-0.8,-157.8,2,2,-3,-0.02991453,0
-0.166666667,18.33333333,42.66666667,0.166666667,51.83333333,-3,-6,1,0.038461538,0
0,-7,-9,-0.5,-165,0,-1,7,0.003529412,1
1,10,23,-1,34,5,3,-1,0.090277778,1
0,4.2,-16.2,-0.2,-132.8,-1,-1,-13,0.213315217,1
0,2,-39,-0.5,-2,0,-1,0,-0.152941176,0
-0.2,20.4,28,-1.4,193.4,3,-3,0,-0.064039409,0
0.5,-12.5,-10.5,-0.25,28.5,-3,0,1,-0.171296296,1
0,-5,-18,2,134,3,3,0,0.021390374,1
0,0,0,0,0,-4,4,-4,0.085714286,1
-0.05,30.15,27.1,-1.6,-197,2,-3,5,0.032186459,1
0.4,6,7,-0.4,-70.8,2,1,-6,0.0625,1
1.5,16.5,0,1,-18.5,2,0,-8,-0.083333333,1
0.6,12.55,2.7,-0.5,-148,-1,-3,-8,-0.112111293,1
-0.2,41,50.6,-0.6,-3.6,2,5,-4,-0.072662827,1
0,5.3,-4.4,-0.8,-81.5,2,2,1,0.056756757,1
0.25,-21,-12.25,2.25,100,-4,-4,4,-0.091269841,0
0.2,11.8,0.6,0.2,64.2,-2,-5,5,0.025,0
0,-35,-54,-1,-56,4,7,-6,-0.054166667,1
1,12,19,1,137,0,0,-11,0.136363636,0
0,28,17.33333333,-1,-183.6666667,-2,1,10,0.029411765,0
0,7,71,0,172.5,-3,-2,2,0.028985507,1
0,28.75,39.75,2,247,2,0,1,-0.089285714,0
-1.2,42,73.8,5,331,-3,-6,0,0.038461538,0
0.6,4,-26.2,-0.8,-220.4,-2,-2,10,-0.166666667,1
0.15,0.75,1.1,0.8,55.2,2,6,-3,-0.031578947,1
0,15,5,-2.4,-110.4,0,1,-1,0.063492063,1
0,-16,3,2,115,-1,0,3,-0.011363636,1
-0.4,-54,-43.8,0.6,-22,2,0,12,-0.008130081,1
-0.2,12.2,13.8,1.2,118.2,0,2,2,0.045454545,1
0,-18.6,-33.6,-0.8,37.2,2,4,-5,-0.092682927,1
0,-23.05,-11.75,0.1,214.7,-3,-3,-1,0.034722222,0
0,18,18.33333333,-0.333333333,-253,1,0,7,0.012820513,0
0,0,0,0,0,0,0,-7,0.166666667,1
-0.333333333,-38,-34.33333333,-0.333333333,279.3333333,-3,-6,2,-0.219924812,0
0.8,-18.8,-53.2,-3.6,-332.4,0,4,-1,-0.035714286,1
-0.266666667,39.4,62.46666667,0,163.2,-1,0,4,0.078104432,0
-0.1,-23.9,-4.1,1.2,105.1,5,3,9,-0.043650794,0
-0.5,-64,-82.5,1,-29.5,0,-1,-7,0.246153846,0
1.3,65.4,82.2,-0.3,162.5,1,-1,-1,0.02173913,1
0,13.75,41,3,301,0,-4,-4,-0.043269231,0
-0.25,21.7,15.4,2.15,47,1,0,-1,0.057142857,1
0,26,45,-1,67.2,1,0,-3,0.006734007,0
-0.333333333,16.91666667,46.5,0.25,114.3333333,-3,-1,3,0.00245098,0
0.2,19.6,17,-0.3,36.1,0,3,-2,-0.027777778,1
0.666666667,-26,-43.33333333,-1,-52.66666667,1,-2,1,-0.048433048,0
0,-19.5,-47,-3,-206,3,3,1,-0.140417457,0
0,-23.25,-37,-0.25,136.5,3,4,-4,0.00228833,1
0.6,52.13333333,43.33333333,-4.133333333,-80.93333333,-2,-1,-1,-0.074534161,0
0.4,-15.5,-18.3,-1.5,-120.9,1,3,-3,-0.122689076,0
0,13.6,18.4,0.2,24.2,3,-3,-4,0.014117647,1
0.2,-4.4,-10.8,-0.4,-135.2,-1,-1,-6,-0.201201201,0
0.2,17.2,45.6,1.2,244,-3,-2,3,0.04789916,1
0.6,-14.8,-34.2,-0.6,-97.8,-1,-3,-1,-0.010259918,0
0,-13.66666667,5.333333333,2,264.3333333,-3,1,-2,0.1125,1
0.4,9,8.6,0.6,46.2,2,4,2,-0.122222222,0
0.05,26.35,31.95,-1.75,39.7,3,-2,1,0.096273292,1
-0.3,-43.9,-71.35,0.6,-126.25,-3,-1,1,0,1
0,-7.333333333,-14.66666667,3,245.3333333,2,-1,1,0.020979021,1
1,-28,-47,-1,-57,-2,-2,-1,-0.040322581,1
0,-2.333333333,11.66666667,0.666666667,205.3333333,1,3,6,0.016483516,1
-0.2,43.6,-5.2,0,12.4,-3,-1,2,-0.043478261,1
-0.2,50,90,1.6,179.6,1,3,-3,0.213793103,1
-0.6,4,5.6,-0.2,-12.4,0,-1,5,-0.068181818,0
-0.3,-3.4,-4.5,1.7,26.9,-1,-5,4,-0.095238095,0
-0.1,8.7,1.6,1.6,28,-3,0,2,-0.097826087,1
1,-5.2,-94.6,-1,-358.3,2,3,-9,0.125313283,1
0.4,-10.6,-22.6,-0.4,12.4,2,4,10,0.020833333,0
0,17,6,1,-103,0,0,-3,0.025252525,1
0,43.6,56.6,1,157.4,1,-1,5,0.048837209,0
0.7,18.5,21.3,0.2,24.1,-1,-1,-1,-0.011904762,1
0,10,-26.5,-3,-481,1,-2,3,-0.065714286,0
0,-7.666666667,1.333333333,1.166666667,329.6666667,3,0,0,0.032388664,1
0,-9.8,11.8,2.2,217.6,-5,-3,-1,-0.026184059,1
0.2,31.4,24,0.2,-112.8,0,-3,-4,-0.012121212,0
0.6,33,0.8,0.6,-12.8,-2,-3,-1,-0.06038961,0
0,-3.5,44.5,0.5,173,1,-1,0,-0.137123746,0
-0.2,12.2,25.8,-0.2,30,0,1,-1,-0.043566363,1
0.4,15.6,21.2,1.2,79.4,2,2,-4,0.005698006,0
0,78,87.33333333,-0.666666667,45.66666667,0,0,3,-0.048484848,0
0.666666667,0.666666667,6,-1.066666667,-153.9333333,-1,3,-2,0.027863777,0
0,15.4,67,3.4,235,-1,-3,-5,0.084656085,1
-0.3,-9.1,-23.4,-1.3,-165.4,4,2,2,-0.15625,0
-0.666666667,-9,-8.333333333,6,134.6666667,-2,2,4,0.054285714,1
0,-25,-43,0,-209,-1,-6,9,0.00952381,0
0,0,0,0,0,2,9,7,0.183333333,1
-0.4,18.6,17,0.4,25.2,-2,-4,2,-0.023809524,0
0.2,22,32,1.8,143.8,-1,1,0,-0.060606061,0
-0.4,-26.4,-27.2,-0.6,159.8,1,-1,-2,0,0
0,4.6,45,1.8,341.8,2,0,11,-0.042051282,1
-0.4,22.8,25.6,-0.4,-50.2,2,-2,-5,0.188095238,1
0.4,-38.86666667,-63.06666667,-1.8,-189.3333333,0,1,1,0.110869565,1
0.5,24,33,0.5,231,-6,-4,-4,0.052173913,1
0.333333333,7.666666667,-46.66666667,-1.333333333,-151.6666667,0,0,-3,-0.12055336,1
0,-22.6,-27.3,-1.8,-163.65,3,-2,12,0.027692308,1
0.2,21,21.2,0,-42.4,2,1,3,-0.090277778,0
0.2,38.4,40.8,0,-19,-2,-7,2,0.014492754,0
0,72.8,74,0.9,48.2,-1,0,5,-0.187902188,1
-0.6,41,90.6,0.8,219.2,0,2,4,-0.106138107,1
0,0,0,0,0,-1,-5,-1,-0.353896104,0
-0.2,2.4,-16,-0.6,-63.2,0,-1,-2,-0.071123755,0
0,-28.8,-33.2,-0.6,-53,0,1,-3,-0.03030303,0
0,-15.66666667,-10.66666667,1.666666667,247.6666667,-3,-2,14,-0.034042553,1
0,0,0,0,0,4,5,-2,-0.045454545,1
0.4,-4,-3.4,0.6,81.4,3,7,4,-0.142857143,1
-0.2,38.4,34.4,1.8,7.4,5,3,-3,0.115196078,1
1,32,27.5,1,66,1,2,-1,-0.016666667,0
0,0,0,0,0,-3,-1,-4,0.060344828,1
0,-46.5,-155.5,-1.666666667,-459.1666667,1,0,2,0.066433566,1
-0.2,-8.4,-34.2,-1.2,-191.6,-5,-4,4,-0.064102564,0
0,7.5,-20,-1.5,-284.5,2,-2,-6,0.16194332,1
-0.6,36.86666667,69.66666667,2.666666667,239.4666667,-1,-1,-4,0.175438596,0
0.4,6.6,-22.8,-0.4,-79.8,7,3,-1,0.011351351,1
0.25,-4.75,2.25,-0.25,-39.75,0,1,-5,0.077777778,0
-0.333333333,0.333333333,-9.666666667,3,168.6666667,3,2,-9,0.044642857,0
-0.333333333,16.66666667,64.66666667,3.333333333,479,0,0,-11,0.150406504,1
0.5,-11.5,-36,0.25,-153,1,4,2,0.060714286,1
0,0,0,0,0,3,5,-9,0.01048951,1
0,24,-5,0,-108.5,-1,-4,-7,0.190283401,1
0,13.5,32.5,1.5,-86,1,-4,-10,-0.055555556,1
-0.2,-11.8,-7.8,0.6,-21,-2,-4,1,0.101116625,1
0.6,5.6,49.6,-3.8,-23,1,-3,8,0.203296703,1
-1,-0.4,13.8,1.8,176,-2,-2,7,-0.228571429,0
0.8,-11.8,-28.2,-1.4,-223,2,3,-5,0.147826087,1
0.5,6.5,22,0.5,69,-5,-5,4,0.247282609,1
1.25,33,36.75,1.25,318.5,-2,-2,5,0.025641026,0
0.666666667,17,16.66666667,0.333333333,34.33333333,-1,2,0,-0.175324675,1
0,1,-43,0,42,-5,-5,0,0.18,1
-1,-2,39.5,-1.5,96,2,-1,-12,-0.266666667,0
0,7.5,-11,1,-187.5,-4,-5,5,-0.015873016,0
0,-38,-57,-1,-60,-1,4,0,0.01610306,1
0,3.8,21.8,1.6,77.6,6,9,4,-0.003506311,1
0,-13.2,-13.2,0.4,127,-2,-1,-1,0.00974026,1
-0.133333333,-49.93333333,-78.86666667,-0.133333333,-108.6666667,1,3,2,0.014662757,0
0,0,0,0,0,2,4,1,-0.130952381,1
0,0,0,0,0,3,-1,-1,-0.201298701,0
0.4,13.6,42.2,-1.6,-59.2,0,-1,-1,-0.069230769,0
0.1,-26.3,-27.4,1.6,87.4,2,-5,3,-0.100869565,1
0,-37,-109,-10,-586,-1,-2,-1,-0.12037037,0
-0.2,-4.8,-18.3,-1.9,-146.7,1,1,-7,0.163194444,1
0,6,20,-2.25,-147.25,-3,-3,2,-0.036786787,0
0,0,0,0,0,-6,-5,-2,0.15,0
0,0,0,0,0,0,-2,-7,0.193939394,0
-0.25,59.75,44,-2,-282.75,6,6,-4,-0.116666667,0
0.4,-37.1,-21.4,0.9,69.7,-1,-3,-6,0.175324675,0
-0.083333333,-4.583333333,-7.583333333,-1,-97.58333333,-1,-3,-4,0.19047619,1
0.2,17.2,27.2,0.6,51.2,-6,-10,5,-0.131421744,1
-0.2,-10.2,-12.2,0.2,-17.2,0,6,6,-0.129310345,0
0,7.8,-37.4,-1.6,-372,9,9,-2,-0.060386473,0
-0.333333333,4.666666667,16.33333333,1,239.3333333,1,2,-11,0.056862745,1
0.2,3.2,-10.2,-0.8,-162,1,1,7,-0.020833333,1
0,-47.8,-55.2,-0.8,-48.4,0,-1,13,0.051612903,0
-0.333333333,-12,5,0.333333333,-12,0,2,2,-0.009852217,0
0,20.33333333,19,0.333333333,16.66666667,-4,1,13,0.121848739,1
0.666666667,43.66666667,84.66666667,1.666666667,250,1,4,-5,-0.107142857,1
0.333333333,-15.66666667,3.333333333,-1,92.66666667,-1,2,-1,-0.057142857,1
1.5,4,0.5,-0.5,-58,0,-3,1,0.111111111,1
0.4,5.4,4.4,0,4,1,0,-7,-0.030851064,1
0.2,-17.8,-30.2,-3.8,-255.8,0,0,1,0.197478992,1
-0.666666667,48.33333333,47.83333333,-0.5,-15.33333333,-1,1,-5,0.148148148,1
0,-34.66666667,-64.13333333,0.466666667,123.7333333,2,5,-1,-0.102941176,1
-1,-44,-43,1.333333333,151.6666667,1,1,-2,-0.19941349,0
0,-2.8,-9.8,-3.05,-228.95,-2,-4,9,-0.060371517,0
-0.4,-2.2,3.8,0.4,67.4,2,1,0,0.049953747,0
0,-20,-12,-0.333333333,155.3333333,1,1,6,0.026785714,0
0.2,5.8,-0.8,0.2,158,0,0,3,-0.116666667,0
0.083333333,26.33333333,15.25,-1.25,-226.8333333,1,2,1,-0.113636364,0
1,-14,-6,-0.5,-42,0,4,-2,-0.04952381,1
-1,4.666666667,8.333333333,0.666666667,9.333333333,2,-3,3,-0.154761905,0
0,0,0,0,0,0,-1,2,-0.06,0
0,-29.5,-8.25,-0.25,58,1,1,3,0.203296703,0
0,6.666666667,1.666666667,-1.933333333,24.86666667,0,-3,-8,0.093103448,1
0,16,24,6,189,-1,0,8,0.017391304,0
-0.166666667,31,57.41666667,0.083333333,-61.66666667,-2,-3,8,-0.063660477,1
0.5,-20,-27,0,-110.5,-1,-3,-3,0.023097826,1
0,8.5,19,1.5,266,-4,-5,2,0.027272727,1
1.5,-8.833333333,-44,-0.666666667,-105.1666667,2,-2,1,-0.022222222,0
-1,9.4,22,2.4,136.2,-2,2,4,0.00952381,0
-0.333333333,10.66666667,34.6,-0.866666667,49.13333333,1,2,-1,-0.070460705,1
0,-11,-49,0,-163,-1,-3,-3,0.043062201,0
-0.2,-13.2,2.4,0.2,213.8,-6,-7,8,0.187692308,1
0,-0.8,22,3,212.6,2,-1,-4,0.117724868,1
-0.1,-38.2,-22.8,0.7,65.2,-3,-3,2,-0.22962963,0
-0.3,-3.5,-10.25,-1.8,-144.55,0,0,1,0.063492063,1
0,27,16.25,-1.5,-181.75,0,-3,3,-0.107287449,0
-0.333333333,1,2,1.5,60,-1,-4,-2,0.129129129,1
-0.5,9.5,12.5,0,20.25,1,0,10,-0.109848485,0
0.25,-19.5,-33.5,-2,-88.5,0,2,9,-0.208760485,1
-0.5,-39,-74,1,-120.5,2,1,-7,0.152406417,1
0,0.5,-3,0,61,-3,-1,15,-0.033653846,0
0,-16.4,-12.6,-0.4,-22.6,-3,-5,12,-0.102608696,0
0,-12.9,-64.6,-2.1,-267,0,2,5,-0.006968641,1
-0.1,-4.9,-3.3,-0.2,22.8,3,5,-1,0.202842377,1
-0.2,-0.6,30.4,0.2,134.4,2,-3,-1,0.254310345,0
0.4,3.4,5.4,0.4,-3.2,-2,-3,-5,0.166666667,1
0,15.6,3.8,0,-26.6,-6,-3,-2,0.120535714,1
0,1.9,5.7,-1.2,34.45,1,2,6,0.083333333,0
0,13,17,-0.5,35,0,-2,10,0.054621849,0
0,-4,12,0.666666667,1,-1,2,4,0.094155844,1
0.666666667,3,1,0,64.33333333,-1,-3,5,-0.013157895,1
0,-16,2.75,-3,-121.75,-3,-9,3,0.069444444,0
0,-9,-18,0,-11,-4,1,1,0.102564103,1
-1,24.8,54.4,4.6,344.4,0,0,-2,0.252941176,1
0.2,11.2,17.2,0,59.6,0,-2,0,-0.034482759,1
0.4,-13,-17,0,-82,1,-1,-4,0.046583851,1
0,-31.5,-42.66666667,-3,-163.8333333,-1,-1,6,-0.011842105,0
0,36,150.5,1,478.5,1,2,-16,0.115384615,1
0.266666667,-16.06666667,-15.86666667,-0.133333333,-75.53333333,-3,-1,0,-0.183574879,1
-0.2,-22.4,-24,0.2,4.6,5,3,9,-0.163888889,0
0.2,17.65,43,0.6,156.35,-6,-5,-3,0.018761726,0
0.333333333,20.16666667,13,3.333333333,37.33333333,2,3,-6,-0.074074074,0
0,-24.4,-37.5,0.8,44.8,-2,-5,1,0.084947839,1
0,0,0,0,0,0,0,-3,-0.175,1
0,29.8,15.4,-1.6,-109.4,1,-5,-2,0.005471125,1
-0.2,27.2,70,1.8,112.8,3,6,-3,-0.004658385,1
0,1.6,37.8,0,53.4,1,3,0,0.040106952,1
0,21.53333333,7.933333333,0.533333333,-31.46666667,1,1,-8,0.007949126,0
-0.666666667,31.66666667,45.33333333,2.333333333,176.3333333,-2,0,-4,-0.0625,1
0,-59,-66,-1,-16,0,-1,-8,0.075630252,0
0,24.2,23.8,-0.2,71,-2,-3,5,-0.089285714,0
-0.2,-1.8,-5.4,-0.4,-24.6,-1,-5,9,0.002304147,0
0.6,-9.9,-20.8,0,-6,-2,-2,7,-0.044207317,0
-0.333333333,-7.333333333,9.333333333,-0.666666667,1.166666667,0,-1,4,0.083333333,1
-0.25,-37.75,-72,-1.5,-215.5,1,-2,-1,-0.1125,1
0,0,0,0,0,2,2,-3,0,1
0,20.4,29.8,0.4,15,-1,-4,4,0.185714286,1
0.8,24.6,14.8,-0.8,-222.2,0,1,3,-0.198484848,0
-0.1,-4.4,20.4,2.2,250.65,-1,2,2,0.071691176,1
0,8.2,50.6,0.4,362.6,-1,-2,-1,0.027777778,1
0,8,25.5,1,178.5,-2,-3,8,-0.137218045,0
0,-29,-35,2.666666667,328.3333333,-1,-3,-3,-0.027777778,1
0.4,-5.4,-18.4,-0.2,17.2,1,1,3,0.020689655,1
-0.2,-13.8,-6,0,-29,1,2,-4,-0.005197505,1
-1,21.9,60.8,2.4,296,-3,-7,-1,0.072124756,1
-1,3.5,17.5,-1,63,1,-3,9,-0.055882353,1
0,-17.5,-26,0.5,38.5,-4,-3,0,-0.0125,0
0,15.5,19,0.5,357,1,1,-4,0.051470588,1
0,-31,-50,-1,-60,0,0,-4,-0.068421053,0
0.2,-59.66666667,-57.66666667,1.266666667,-45.2,2,2,-4,0.210084034,1
0.4,-6,-5,0.4,48.8,-1,1,-5,-0.038433112,1
0,0,0,0,0,6,8,-9,-0.039473684,1
0,0,0,0,0,2,-4,2,-0.141414141,1
-0.2,9.6,7.4,0,-63.4,8,7,-12,-0.055335968,1
0.4,9,-11.6,-1.4,-124,0,1,-2,-0.201911589,1
0,8.5,36.5,5,422,1,0,-6,0.068322981,1
0,-20.2,-16,1.4,348.8,-2,-8,10,0.044035674,1
0.333333333,-21.13333333,-41.13333333,-3.6,-295,-1,-2,0,0.043343653,0
0.5,-17,-48.16666667,-2.5,-113.5,-2,-2,-10,-0.029644269,1
0.4,-6.066666667,-4.266666667,-0.6,-122.2,2,2,3,0.093567251,1
-0.6,-29.1,6,-0.8,-57.7,-1,0,7,0.058823529,1
0.8,3.4,7.6,-1,-58.6,0,-1,-3,0.111111111,0
0.2,50.8,55.2,0.2,91,0,-3,1,-0.008088979,1
0,-33.6,-16.6,1.2,205.5333333,0,-1,0,0.08974359,1
-0.1,-8.8,-19.3,-0.5,-100.3,0,5,-2,-0.107551487,1
-0.2,-31.6,-39.2,0.8,43.6,3,1,-6,-0.077922078,1
0,36.8,25.4,-0.6,-175.8,3,2,-2,-0.076612903,0
-0.2,-12.2,-16.6,-1.2,-174.2,-1,0,-4,0.037037037,1
0.2,18,41.2,1.2,205.6,-4,-3,-1,0.121428571,0
0.6,17,-21.6,-2.2,-229.2,-1,1,0,-0.1,0
0.4,-32,-35.8,1.8,-41.8,-6,-1,1,-0.113899614,0
0.4,-19.2,-18.2,1,69,0,5,-2,-0.2,0
0,18.33333333,35.66666667,0.666666667,-255.6666667,5,8,0,-0.125,0
0,-23,-31.33333333,0.666666667,150,2,1,4,0.172554348,1
-0.2,40.4,27.8,-1.8,-284.2,0,-3,2,0.012474012,1
0.6,-44,-49.6,-0.6,-72.8,-2,-1,-3,-0.111111111,0
1,-37.33333333,-50.33333333,-1.666666667,-302,1,0,-8,-0.032212885,1
0,20,21,0,117,-1,-2,2,0.18,1
0.5,-7.5,-48.5,-1.5,-44,2,1,-2,-0.014285714,1
0,-15,-27.66666667,-1.666666667,58,0,0,-1,-0.045955882,1
0.333333333,-11.6,-9.2,2,351.3333333,4,3,-6,0.338624339,1
0,-29.5,-78,-1.25,-319.25,-5,4,5,-0.079487179,1
0,7,-9,-1,-56,-2,-2,0,-0.031620553,1
0,18.5,22.5,2.5,266,-1,0,3,0.14619883,1
0.4,-0.4,-15.2,-0.6,-46.8,0,3,4,-0.321428571,0
0.333333333,-8.333333333,0.666666667,0,58,-3,-6,-3,0.078703704,1
-0.55,-8.15,-0.5,0.2,2.15,0,1,6,-0.129310345,1
0.133333333,13.93333333,6.066666667,1.066666667,144.6666667,-1,-5,6,0.006974717,0
0,-1.5,0.5,0,-5,2,1,-4,0.152406417,1
0.2,5.6,-7.8,-1,-52,0,-1,-1,-0.044444444,0
-0.5,22.5,-6.75,3.25,145,-1,6,-4,0.049450549,1
-0.166666667,32.16666667,38.16666667,0,13.66666667,-4,-3,8,0.016025641,1
0.2,6,-6.6,0.2,-108.6,-1,-4,-5,-0.004076087,1
0.2,46.4,-48.8,0.2,9.8,-6,-5,-3,0.205574913,1
0,-20.4,-45.4,0.4,-185,-1,0,-2,0.015789474,1
0,-23.66666667,51.66666667,-0.333333333,229.6666667,0,1,11,-0.070261438,0
0.5,-14.3,0,-2.2,-55,-3,-1,1,-0.013392857,1
0.4,-10.2,5.4,-0.6,32.8,1,2,-1,-0.085470085,0
-0.6,-34.2,-39.8,0,-97.2,-3,-4,-2,0.02006689,0
0,0,0,0,0,2,7,-5,0.173333333,1
0,0,0,0,0,-1,-4,0,0.342857143,1
0.2,51.2,63.2,0.2,19.8,-2,-4,1,0.054029304,1
0,-3,-21,-1,-56,-2,3,3,-0.030645161,0
-0.133333333,32.26666667,23.33333333,1.666666667,118.7333333,-3,0,3,-0.066666667,1
0.6,3.5,1.8,-0.1,-68.5,2,6,-1,-0.004524887,1
0,25.5,70.66666667,3,316.1666667,-1,-2,-7,-0.18993135,0
0.4,-10.6,6,0.8,52.2,-2,-1,0,0.036363636,0
0,7.666666667,19.33333333,0,90.33333333,-1,-6,8,0.06547619,1
-1,-4,-6.5,0.5,3.5,-2,-5,0,0.090643275,0
0,2.6,0,1.2,22.6,-3,-8,3,-0.00310559,0
0.2,40.8,48.4,-0.8,22.6,-1,-2,7,-0.173913043,1
0.4,4.4,14.4,1.8,32.4,-3,-5,0,0.070512821,0
-1,2.266666667,3.666666667,0.2,131.3333333,-3,-2,-3,0.0725,1
0,-33.7,-8.2,2.2,226.8,-1,-2,13,-0.173789174,0
-0.4,8.8,11,0,-24,-2,0,3,-0.082222222,1
-0.466666667,-8.4,9.2,-3.066666667,-73.93333333,4,5,8,0,0
-0.2,-0.4,-32.3,1.4,37.5,6,3,-4,0.160875161,0
1,17,-2,1,-5,0,-4,-11,0,1
0,-12.66666667,-7.666666667,0.333333333,-143.6666667,-5,-4,12,-0.102122016,0
0.333333333,6.666666667,14.66666667,0,-51.33333333,-2,-4,5,-0.059210526,0
-0.4,-15.2,-26.2,-1.8,-68,1,1,-1,0.027777778,0
0.466666667,-1.666666667,-5,0.333333333,-3.2,1,1,0,0.025,0
-0.333333333,-6.833333333,-23.83333333,1.333333333,52.33333333,2,3,-7,0.020833333,1
0.5,-22.25,-39.75,-1,-38.75,3,4,-3,-0.19047619,1
0,3,8.5,-3.75,12.75,0,1,5,-0.089249493,1
0,-24,-41.5,0.5,80,-1,7,-4,-0.130718954,1
0,-13.75,-17.5,0.75,102,-1,3,2,-0.016483516,1
0,0,0,0,0,5,-1,-5,-0.107142857,0
0.5,0,-18.5,1.5,201,1,-2,4,0.018255578,0
0.333333333,6.666666667,-41.66666667,-4,-367,1,-2,-4,0.15320911,1
0,29.1,72.8,-0.4,93.8,-1,1,-1,-0.089486859,0
0,-11.5,-3.75,0.5,264.25,1,6,-4,-0.041666667,1
1,-2.5,-1,0,98.5,-2,-5,6,-0.075657895,1
1,-35,-55,-1,-97,0,2,-2,0.042735043,1
-0.25,-1.75,3,0.25,17.5,-2,-1,-5,0.028708134,1
0,18,10,0,121,2,-1,6,-0.069565217,0
0,-12.5,-37.5,-2,-82,4,0,-5,-0.06043956,0
0,5,47,0,74,5,6,0,0.177777778,1
0,14,24.75,1.25,90,1,0,1,-0.027777778,0
0,73.5,79.5,1.5,86.5,-4,2,-3,0.062222222,1
0.2,-1.8,35.4,2.2,308.2,-3,0,-5,0.096256684,0
0,7.333333333,7,1,77.66666667,0,4,2,-0.095238095,0
0,15.4,17.4,-0.4,-72.8,-3,-3,-12,0.029271207,1
0,4.5,8,-1.5,40.5,2,2,-6,0.141414141,1
0,-11,-42,1,-224,-2,-4,-4,0.122762148,1
0.5,29.2,38.9,2.2,79.7,-2,-2,-2,0.018939394,1
0.4,8.35,42.15,0.4,26.55,1,1,2,0.048837209,1
0,24,28,-1,-10,-2,-6,-8,0.147321429,0
-0.5,11,13.5,0,-54,-1,-2,8,0.026785714,0
0,-8.333333333,-12.33333333,-2.666666667,-93.33333333,0,-2,3,0.023809524,0
-0.5,-42,-35.5,-2,-105.5,-3,-2,5,-0.027777778,1
0.4,6.2,20.2,0.4,72.6,1,0,-11,-0.063204005,0
0.2,11,13.4,0.4,49.2,1,-4,-3,0.029966704,1
0.8,17,21.6,0.4,96,-1,-3,-2,0.097826087,1
0,14.4,41.6,0.6,97.6,-1,1,7,-0.011904762,0
0,58,58,-1,-26,-2,-4,-1,0.053333333,0
0.4,-9.4,-18.8,0.8,-111,-2,-3,7,0.027777778,1
0.4,-6.3,1.9,0.1,-41.85,-3,-4,1,-0.003613369,1
-0.333333333,9.6,27,-0.8,150,0,0,7,-0.038647343,0
0,12.5,47.5,2,212,0,-1,3,0.175,1
0.2,7.2,2.6,-0.4,-38.8,0,2,-2,0.044642857,1
2,18,21,-2,-110,-4,-9,4,0.268115942,0
0,5,1,3,72,0,0,2,-0.107142857,1
0,15,64.8,-0.6,-16.4,5,5,-1,0.090389016,1
0.2,17.8,58.4,2.6,206.6,-2,-6,5,-0.051671733,0
0.25,1.75,3.5,0,-198.75,-1,-6,6,-0.056149733,0
-0.6,-0.5,19.5,2.1,-60,0,2,1,-0.060897436,1
0.2,-19.6,-14,0,-13.2,-2,0,8,-0.036346692,1
0,-32,-51,-1,-60,-2,-5,9,-0.039018952,0
0.2,-2.6,-0.4,0.6,-116.4,-4,2,4,-0.075268817,0
0,-13.75,-34.35,-2.85,-142.15,1,2,0,0.044965787,1
0,0,0,0,0,0,-1,-2,-0.085714286,0
0.6,-2.5,-85,-2,-547.4,4,2,3,0.098930481,0
0,-20.5,-7.5,0,325,-1,-4,7,-0.057142857,1
0,-30,-42,-1,-60,-4,-4,9,-0.115789474,0
0.4,-31.2,-53.8,-1,-230.2,3,6,-5,-0.094285714,0
-0.2,23.6,32.6,2.6,190.6,2,4,-7,0.016666667,1
0,-13.6,-10.4,0.4,65.2,5,5,2,0.012578616,1
0,9.2,-4.2,0,-55.8,3,2,-3,0.133793103,0
0.6,8.2,-9.4,0.4,-57.6,-2,-1,0,0.047008547,1
1.2,18.5,-1.5,-3.7,-281.7,-1,2,-1,-0.067226891,1
0.4,-24.8,21,-0.2,164.8,4,4,-1,0.20979021,1
0,-3.2,-4.8,-1.2,-139.2,0,2,-2,-0.079310345,0
0.2,3,-44.5,-2.7,-319.6,1,2,13,-0.114190687,0
0,0,0,0,0,0,1,-8,0.147335423,1
0,14.58333333,7.083333333,3.333333333,234.25,3,2,-8,0,1
-0.2,52,82,1.2,168,0,1,-2,-0.084398977,1
0,13.6,20,0,-7,3,3,-6,0.152777778,1
-0.4,-40.6,-31,0.6,91.2,-6,-6,10,-0.064705882,1
0.8,7.2,-36.3,-2.55,-208.15,0,-3,2,-0.023913043,0
-3,-63,-64.33333333,-1,-241.3333333,0,3,-3,-0.113360324,1
0,11.5,40,1,304,0,0,3,-0.215686275,0
1,-14.75,-43,-0.75,-146.75,-2,-2,1,-0.023809524,0
0,-10,42.33333333,-2,202,0,-4,-6,0.079861111,0
0,24.66666667,27.83333333,0,-67.5,-2,-4,1,0.024725275,1
0,18,-45,-2.5,-526,-3,-3,5,-0.244444444,1
-0.5,25,26,0.5,5,-2,2,-3,0.051282051,0
0,-2,-76,0,-219,1,5,3,0.238095238,0
-0.6,18.6,8.2,0,-60.4,6,8,-8,0.318518519,1
-0.8,-13,-8,0,70,1,1,3,-0.113636364,0
-0.466666667,-52.73333333,-85,0.6,-144,2,1,11,-0.053846154,0
-0.333333333,4,42.5,2.5,323.5,-4,-3,-7,0.011111111,0
0,-29.7,-30.3,2.4,138.2,-1,-2,7,0.094941095,0
0.2,-18.2,-31.6,0,28.4,3,7,9,-0.130681818,1
-0.333333333,12.33333333,12.33333333,0.5,14.66666667,-2,-5,9,0.117647059,0
0,65,83,-2,-104,2,-5,-7,-0.11025641,1
0.25,-22.41666667,-34.33333333,1.166666667,-84.91666667,0,-2,10,0.072941176,0
0,-16,-50,-4,-147,-1,-2,13,0.055555556,1
0,-6.333333333,-42.33333333,0.666666667,-123,4,4,10,-0.166666667,0
0,18.33333333,8,3.333333333,156.6666667,0,0,2,-0.023809524,0
-0.3,29.7,36.6,2.6,142.55,-1,3,4,0.025,1
0,-38.6,-52.8,0.2,-23,0,-2,2,0.078631453,1
-0.2,16,7,-1.6,-146.6,-1,-1,4,0.115384615,1
0.2,18,1.6,-1,-56,-4,-3,2,-0.033333333,1
0.2,-82.2,-65.6,1.2,236,0,-2,12,-0.169653524,0
0,33,59,-0.4,125.4,-1,5,2,-0.044840887,1
0,-107.25,-95.5,0.25,106.25,1,2,1,-0.161931818,1
-1,-10,-42.5,2,92.5,-2,-1,3,0.164705882,1
0,-21,-51,-1.5,-204.5,0,1,-1,-0.098214286,1
-0.5,20,61.25,3,349.5,3,4,-5,0.015151515,1
0,-100,-98,0,1,0,1,6,-0.404761905,0
0,39,24,0,-48,2,-1,2,-0.249011858,1
-0.1,15.5,16.65,0.2,15.45,-2,-3,6,0.022727273,0
0.25,-27.2,-24.45,1.75,277.15,-1,-3,7,0.073573574,1
-0.2,-21,-15.2,0.4,-14.8,-3,1,8,-0.08961039,0
0,-53,-119,-2,-158,0,0,10,-0.032051282,0
-0.2,11.2,9.8,-0.4,-59.4,-2,-1,6,-0.1,0
0.2,-32.95,-59.9,-3.25,-310.1,1,4,-3,0.011764706,1
-0.25,-14.75,-3,3.5,152.5,0,3,-4,0.188455008,0
0.2,5,-32.8,-2.5,-336.8,0,-2,6,-0.177083333,0
-0.4,8.2,27.6,0.5,153,-2,-2,3,0.048333333,0
0.2,-20,-47.8,-1.8,-150,-2,-7,0,-0.119047619,1
0.5,14,46,1,205.5,2,4,4,-0.020833333,0
0.2,-18.8,-49,0.2,-109.6,0,3,-5,-0.153726708,0
0.25,20,20.75,0.75,66,-1,1,3,0.014130435,1
0,8,47,-2,-202,-1,2,-5,0.030769231,1
0,69,88,1,278,-1,-2,6,0.032941176,0
0,5,12.4,0.8,27.4,1,1,10,-0.197478992,0
0,0,0,0,0,-1,3,-4,0.065789474,1
0,-17.66666667,-32.66666667,0.666666667,48.66666667,1,-1,5,0.004347826,1
0,24.75,24.25,0.25,-95.5,-4,-1,-9,-0.03125,0
0.5,6.833333333,19,-0.666666667,9.833333333,-5,-2,-2,0.078703704,0
0,0,0,0,0,3,6,-1,0.066666667,0
0,-37,-56,-1,-60,0,-1,1,-0.036931818,0
0,0,0,0,0,-3,4,-5,0.24,1
0.4,1,-14.4,1.2,-52.6,-2,-5,-3,0.068322981,1
-0.8,1.2,26.6,0.8,139,1,4,3,0.006410256,0
0.2,-1,-4.8,0.65,86.3,3,2,-2,0.043269231,1
0,22,18,0,113,3,0,0,0.037151703,1
-0.2,0.8,0.2,0.6,129.6,-1,-1,5,-0.058974359,1
0.466666667,24.53333333,28.26666667,0.466666667,122.8,0,-2,-4,0.019230769,1
0,-19.25,-124,2.25,217,1,-1,-1,-0.045652174,1
0.2,-8.2,-4.4,0.3,-5.3,-6,-4,5,-0.055882353,0
0,0,0,0,0,0,-1,4,-0.035714286,0
0,-18,-22,0,0,3,6,4,-0.181818182,1
-0.05,-36.8,-16.7,-1.35,8.7,0,-2,6,-0.105580694,1
0.2,-1.4,-8.4,-1,-99.2,2,1,-7,0.071428571,1
0,10.33333333,28.66666667,0,-59.33333333,0,2,9,-0.019130435,1
0,7.333333333,6,0.333333333,33.66666667,1,0,-8,0.244505495,1
0,-14.5,-22,0.5,160,-1,-5,2,0.062618596,1
0.2,-35.8,-29.13333333,-2.8,-139,-4,-1,3,0.008534851,1
-0.3,5.2,15.2,-0.9,75.7,-1,-1,5,0.080286169,1
0,39.83333333,34,-1.333333333,-191,4,8,-3,0,1
0,-11.66666667,-11,1.666666667,50,1,2,3,0.118067979,0
0,22,33.5,0,-3,2,1,-3,-0.004524887,1
0,19,56,0,0,-2,-2,10,0.193181818,0
0,0,0,0,0,1,4,-3,0.233333333,0
-0.2,-20.6,-25.8,0,-80.8,2,2,-3,0.052821128,0
-0.5,0,56,5,265,-5,-2,0,-0.047619048,0
-0.2,22.4,41.4,2.6,256.4,-3,-6,-2,0.114529915,1
0,-22,-41.6,-0.2,-215.2,-4,-7,4,-0.101010101,0
-1,-27.4,-14.2,0.6,31.4,-1,0,6,-0.047272727,0
0.6,-22.6,-27.2,-0.4,-100,-1,-1,0,-0.069444444,1
-0.5,32.5,68,3,208,-2,6,-5,0.114832536,1
0.55,11.8,8.65,0.95,-89.15,-2,0,4,-0.123809524,0
0,12.25,71.75,1.25,435.5,1,6,-4,0.027777778,1
0,47.5,50.5,0.75,-81.75,1,1,-4,0.22705314,0
0,-3.5,40.5,-0.5,33,1,-4,2,-0.130325815,0
0,-19.5,-30.5,0,-116,-2,-2,-10,0.166666667,0
0.25,-18.75,-47.5,0,-209.25,1,-2,-5,0.142857143,1
0,15.66666667,4,0.333333333,87.33333333,-1,-2,-7,-0.066433566,0
0.2,-0.6,-7.2,0.2,-90.8,-1,-2,-8,0.066770186,1
-0.5,-13,-63.5,-2.5,-384,0,0,7,0.06547619,1
0.2,-3.8,-7.4,-2.2,-189.8,1,5,-1,0.000575043,1
0,6.2,-10,-1.2,-200.4,1,-5,0,0.04375,0
0,-14.33333333,-18.66666667,-0.666666667,-105.3333333,3,3,-11,-0.125,0
0,-10.3,-16.5,2,233.3,0,0,-5,-0.006153846,0
0,4.666666667,-3.166666667,0.666666667,63.5,1,4,-7,0.06025825,1
0,-41.5,-39.75,-3.75,33.25,2,0,-1,0.006756757,0
0,0,0,0,0,0,1,2,0.055555556,1
0.6,16.2,21.6,-0.4,16.8,1,3,0,-0.007786429,0
-0.2,-5.6,-8,-0.6,-35.6,1,2,0,0.063397129,0
0.4,-27.4,-22.2,1,164.2,-1,3,1,-0.028011204,0
-0.083333333,3.833333333,5.916666667,3.166666667,32.91666667,-2,1,-4,0.1003861,0
0.4,-46.8,-43.8,-4,-242.6,3,5,0,0.127777778,0
1,-16.5,-15.5,-1,-81.5,-1,-3,5,-0.030555556,1
0,-9.75,4.75,1.5,176,-5,-6,-14,0.104734577,0
0,64,67.66666667,1.666666667,110.6666667,-5,-1,-2,0.057692308,0
0,30.5,12,-0.5,173.5,-2,-1,-1,0.074074074,0
-0.666666667,3.666666667,-6,-1.666666667,-119,-3,-3,2,0.181512605,1
0,60,64.5,1,238,-4,4,9,0.060784314,1
-1.3,21.3,39.7,0.5,109.9,-5,-4,2,0.086693548,1
0.4,12,1.4,-0.2,-32.2,-2,-4,-7,0.115178571,1
0.2,29.13333333,58.73333333,1.733333333,8.4,5,9,-6,-0.046086957,1
0,14,-77,-4,-613,1,1,11,-0.004524887,1
0.333333333,-26,-21.66666667,1.333333333,-34,-3,-10,11,0.174358974,0
0,-43,-74.5,1,-142,-3,-5,-12,-0.027777778,1
0.4,31.6,36,-1,-132.8,2,2,5,-0.027272727,1
-1,-24.66666667,-64.66666667,-0.333333333,-129.3333333,2,1,1,0.051136364,1
-0.2,-30.66666667,-76.8,0.4,21.73333333,-3,-2,3,0.085714286,1
1,-5,60,-1,244,0,-2,2,-0.041353383,1
0.8,-64.8,-122,-0.8,-117.8,1,1,8,0.033333333,0
0.6,-10.4,-10.8,-0.6,-34.2,0,3,9,0.053349876,1
-0.8,-20.6,-9.6,0.8,60,0,1,3,-0.03030303,0
-0.2,2.4,2.2,1.6,195.6,1,4,0,0.139109698,1
0.35,-36.15,-48.3,0,-10.05,3,3,-6,0.115667075,0
0,12.58333333,13,-0.833333333,-56.16666667,0,-1,-6,-0.01754386,1
-0.25,14.4,18.25,-1.55,-169.2,0,0,4,-0.090843023,0
-1.4,11.4,41.6,1.2,105,2,-3,6,-0.052777778,0
0.2,-27.4,-4.2,0.8,146,-1,4,0,0.046153846,1
0,-26.4,-41.6,-2.6,-180.8,0,-9,-2,-0.019886364,0
0.333333333,-38.5,-41.33333333,0,26,-1,-2,7,-0.047619048,1
0,39.2,32,0.6,-109.2,3,1,-3,-0.093406593,0
0.2,-22,-33.1,0.2,-28.55,-3,-2,15,-0.194148936,0
-0.2,7.6,-10.4,-0.6,-178.8,0,5,-1,-0.011904762,0
0,1,-10.4,-1,-101.2,0,1,4,0.014492754,0
-1.333333333,26.75,39.25,0.916666667,265.0833333,1,2,5,-0.095959596,0
0,-3.6,13,0.2,184.4,-1,0,0,-0.083333333,1
0.2,-7.4,30,0.4,383.4,-2,-3,-1,-0.053846154,0
-0.416666667,-3.916666667,9.166666667,-1.666666667,-114.5,4,6,-11,-0.12543554,1
0.333333333,-17.33333333,-26.66666667,0.666666667,45.33333333,0,4,-1,0.186602871,1
0,-13,21,1,236,-2,1,-5,0.133126935,1
0,-14,-13,0,129,4,8,-7,-0.035714286,1
0,21.5,16,-0.5,-93,-3,-5,6,-0.114942529,1
0.75,-36.55,-96.05,-0.35,-173.05,3,4,-9,0.109243697,1
0.6,5.6,-13.4,-0.6,-72.6,4,3,0,-0.094948265,1
0.25,-3.25,-8,0.25,43.75,-2,4,-1,-0.015673981,1
0,25.8,23.4,-0.4,65,1,-1,-3,0.090975789,0
-0.2,-34.4,-41,1.8,60.1,3,1,0,0.142857143,1
0.2,4.8,42.2,2.6,244.2,-4,0,3,-0.101351351,0
0,14.5,78.5,2,301.5,1,1,-3,-0.08125,0
0.5,18,35.5,1.5,251.5,2,0,-5,0.291925466,1
1,-27,-39,-1,-48,-1,-1,0,0.071428571,1
0,0.5,0.5,2,-39,0,-1,3,0,1
-0.5,-60,-95,0,-206.5,4,-5,-3,-0.115384615,0
-1,21,34,0,96,1,1,5,-0.114285714,0
-0.05,42.15,24.4,0.3,-86.65,5,12,-8,0.085517241,1
0.6,9,-5.8,-2,-201.6,3,0,5,-0.130278527,1
-0.2,26.8,31,-1.2,-38.2,1,0,-8,-0.011784512,1
0.666666667,16.75,28.33333333,0.5,117.8333333,1,0,-6,0.208333333,1
0.4,-10.2,8,-0.8,-47.8,-1,-1,2,0.136363636,0
0.2,-19.6,-23.4,1.6,154.4,-2,1,5,-0.109500805,0
0.4,-4.2,-20,-0.6,-50,-4,6,6,-0.166666667,0
0.2,-19.8,-25,0,34.6,1,-2,0,0.037037037,1
0,13,23,0.6,42.2,3,-1,-1,0.075757576,1
0.5,-15,-17,0.5,62.5,-1,4,-4,0.044444444,1
0,-28,6,2,595,3,1,-13,0.137254902,0
-0.2,-11.8,-35,-2,-253,-1,-2,5,0.096153846,1
0.2,23.8,17,-0.2,-51.2,1,5,-3,0.084815321,1
0,-18.66666667,-24.33333333,0.666666667,240.3333333,0,3,-10,0.099264706,0
-0.166666667,10.5,41.33333333,2,248.1666667,2,3,-2,-0.096590909,0
0.2,-31,-31.5,-0.6,-5.3,-1,0,5,0.011904762,1
0.25,-22.5,-35.5,-0.75,15.5,-1,4,6,0.025,1
1,-15.6,-32.4,-0.4,-151.8,1,1,-6,0.004573171,1
0,-31.66666667,-36.33333333,1,195.6666667,-2,-3,7,-0.007407407,0
0.2,-3.6,-17.66666667,-2.066666667,-123.8666667,2,2,0,-0.085786375,0
0,25.5,39.5,2,115,-3,-2,6,-0.093567251,1
-0.4,-36.4,-50.4,-0.8,-29.8,-2,0,-5,0.14952381,0
0,-19,44,-1,60,-2,-1,9,0.140664962,1
0.6,-2.6,-8,-0.8,-51.4,0,-3,-2,-0.1,1
0.6,-37.8,-54.2,0.6,14.8,-4,-6,1,0.024489796,1
0.6,6.8,14.4,0,174.8,-7,-4,8,-0.005270092,1
0.2,0,1.6,0.8,31,-1,-6,-1,-0.098739496,0
0,24,77,5,427,-2,-2,-1,0.020703934,0
0,-17.4,-23,-0.4,2.4,-2,-6,3,0.099190283,1
0,-6.6,-15,0.8,1.8,-2,-7,1,0.092740047,0
0.2,-16.2,-27.4,2.2,-54.5,0,1,4,0.005087209,0
0,-18,-9,2,329,-3,0,4,0.282352941,0
0,15.5,33.5,3,188.5,-3,-3,-8,0.085714286,1
0,30.25,43.75,0.25,7.5,-3,-7,2,-0.058441558,1
0,39,58,1,39,3,0,0,-0.083333333,0
0,0,0,0,0,-4,-2,5,0.032467532,1
0.2,5.8,0,0.2,38.6,-1,-3,3,-0.182624113,0
-0.466666667,7.2,7.4,-1.8,-59,2,-2,3,-0.051948052,0
0.25,14,19,0,33,0,-3,2,0.035326087,0
0,0,0,0,0,1,4,2,0.130434783,1
0,0,0,0,0,0,-4,-2,0.006410256,1
0,0,0,0,0,0,0,-9,-0.071794872,0
0,0,0,0,0,4,3,2,0,1
0,0,0,0,0,0,-5,-6,0.102173913,1
0,0,0,0,0,-1,1,-9,0.227272727,1
0,0,0,0,0,0,5,4,-0.029411765,0
-0.4,-7.8,12.8,3,137.4,-2,-5,-1,0.040133779,0
0.4,-55.3,-43.4,0.2,49.2,1,-1,-5,-0.02745098,1
0.4,4.2,-10.8,-1.4,-189.2,2,1,1,0.053333333,1
0.666666667,-8,-18,-2.5,-171,-2,2,-5,0.125,1
-0.2,-1.4,-3.8,-1.2,-89,3,6,-1,0.05052879,1
-0.6,-7,13.2,1.8,265.6,-2,-3,2,0.149758454,1
0,-14,-33,0,-118,-3,-3,5,-0.098039216,0
0,-16,-31,1,-41,4,10,-2,-0.081339713,1
0,41,27.5,0.5,120,-1,0,-1,0.115384615,1
0,26.33333333,3.833333333,-2,-348.5,-4,-1,-6,0.032608696,1
0.5,-39,-42,-1,-106.5,1,-2,5,0.01754386,0
-0.4,24.6,39.4,2.2,186.6,-2,-2,2,-0.005347594,1
-0.55,22.05,29.45,1,103.65,-1,-4,0,0.028421053,0
0,20.6,14.8,0.8,-151.8,0,2,7,-0.067307692,0
0,26.66666667,102,0.666666667,527.6666667,0,-5,-9,-0.001443001,0
0.6,-14.35,-59.9,-2.1,-336.2,-1,0,4,0.074074074,1
0,-24.8,-68.86666667,1.266666667,210.6666667,2,-2,-5,-0.080267559,1
0,7,-8,-1,-55,2,9,-4,0.183333333,1
0.5,57.25,58.5,0.5,28.5,3,8,-5,0.037433155,0
0.5,-11.5,-45.5,-2,-237.5,9,10,-3,-0.014619883,1
0.2,2,4.8,-1.6,33,-1,2,7,-0.020220588,0
0,0,0,0,0,0,0,-3,0.170940171,1
0,-27,-46,-1,-60,-1,-1,2,-0.066666667,0
-0.6,12,7.8,0,-19,6,5,-3,0.245791246,1
0.15,-21.75,-38.7,-0.25,-62.2,0,0,6,-0.003506311,0
-0.8,-37.6,-47.4,-2.2,-118.2,2,5,4,0.06043956,1
0,36,52,0,-14,4,4,3,0.141025641,1
0,-12,-26.5,0,-2.5,-1,-2,3,0.107212476,0
0,0,0,0,0,3,2,0,0.027777778,1
0,0,0,0,0,-2,-2,1,0.075892857,1
-0.5,-1.5,13,0,13.5,-3,0,-4,-0.011312217,1
0,0,0,0,0,-2,2,-4,0.238888889,1
0,0,0,0,0,2,1,-1,0.111111111,1
0,0,0,0,0,0,-1,6,-0.105042017,1
0.8,14.8,34.8,0.2,139,-2,-4,2,0.058536585,0
0,-6,18,2,442,-1,-1,-10,-0.05615942,1
0,-4,55,2,262,-3,-3,9,-0.007936508,1
0,-35,-54,-1,-60,6,6,-9,-0.164335664,1
0,-22,-21,0,310,0,1,3,0.031746032,1
0,0,0,0,0,3,0,-4,0.448717949,1
0.25,-24.5,-14.75,-0.25,-0.5,-2,-2,-6,0.169230769,1
0,29,20.6,1,36.7,-1,2,-4,0.065527066,1
0,25,9,1,-347,2,1,-8,0.122507123,1
0,6,-46,-2,-231,1,-3,1,-0.106060606,0
0.133333333,-53.26666667,-59.2,-0.8,-20.33333333,2,2,-5,-0.041958042,1
0.6,-32.4,-31.4,-1,-113.8,-2,-1,3,-0.111111111,0
-0.15,2.55,-0.7,-0.6,-100.9,-2,-4,-4,0.102941176,1
-1,6.1,36,1.4,204.2,-1,4,6,0.249597424,1
0,36.33333333,101.3333333,3,495.6666667,1,0,-12,-0.044444444,1
0.2,5.8,6.8,0.8,79.6,0,6,14,-0.036363636,1
0.333333333,-64.33333333,-67,1.333333333,49.33333333,-1,-1,7,0.072941176,0
0,-52.5,-50.5,1.5,-63.5,-3,1,8,0.06043956,0
-0.666666667,-31.5,-24.33333333,0.5,2,1,3,-1,-0.166666667,0
0,-5.5,-24.5,-0.5,-59.5,2,4,-4,0.013071895,0
-0.2,-29.9,-21.1,-0.1,39.7,3,-2,-1,0.326086957,0
-0.6,28,35.6,-0.6,92,1,4,-1,-0.020703934,1
0.6,18,25.6,0.6,53,0,-3,5,-0.023809524,0
0,22.2,-9.4,-0.8,-299.4,-2,6,7,-0.056862745,1
-0.55,-2.7,20.25,1.6,227.25,-2,-1,4,-0.15631929,1
0.166666667,1.333333333,2.333333333,-0.166666667,-19.33333333,-1,2,4,-0.035897436,0
-0.2,44,4.6,0.1,-24.7,-4,-5,-4,0.076086957,0
0.5,10.83333333,17.5,2.166666667,347.5,3,7,-2,0.104166667,1
0,6.4,-25.73333333,-2.933333333,-189.8,1,1,3,-0.141414141,0
0.2,-11.1,-0.5,-0.8,63.3,-3,-1,2,-0.032818533,0
0,4,-3,1,163,0,0,4,0.084677419,1
0,-13,-6.6,0.6,-147.7,-2,-2,11,-0.130434783,0
-3,-55.4,-88.4,0.2,-272.8,2,6,-3,0.130434783,1
0.2,24.8,-8.6,-1.4,-177.2,-3,-2,2,0.036842105,1
-0.5,51.5,45,0,-99.5,2,2,-1,0.139705882,1
0,54.5,60,0.5,-175,4,6,-1,-0.040247678,1
0,-13,47,2,426,1,3,7,0.003246753,1
0.25,-13.5,-16.25,0,55,-2,-4,4,0.080882353,1
0.6,-11.6,-16.8,0.6,19.8,-5,-3,-5,0.071428571,1
0,-4,-71,2,-80,-2,1,-3,0.055921053,1
0,-30,-30,1,160,0,1,-1,0.010869565,0
1,-30,-39,-1,53,3,1,-7,0.107142857,0
1,-21,-31,-0.5,7.5,-5,-3,-2,0.125874126,1
0,26.5,31,1,-39.5,-2,-7,-7,-0.175438596,0
-0.8,-23.4,-32.05,-0.55,-40.3,2,1,-4,0.081428571,0
-0.4,-39.1,-43.55,0.5,34.5,-3,-1,9,-0.104761905,0
0,-28.66666667,-46.33333333,0,-12.33333333,-4,-5,1,-0.071153846,0
0,-24,-59,-1,-97.5,6,3,-2,0.093406593,0
0,-29.33333333,-25.33333333,0,116.6666667,2,4,6,-0.040935673,1
0,9,22.66666667,0.666666667,190.6666667,-3,1,-2,0.016339869,1
0,17.6,52.8,0,148.2,-3,1,7,0.040106952,1
0,-18,-26,1.5,-66,2,4,-5,0,1
0,-2.333333333,-36.16666667,0.166666667,60.16666667,1,-8,6,-0.104347826,0
0,-10.5,-15,1.5,95.5,-1,4,1,0.136363636,1
0,-6,-36.5,2,-169,0,-2,-8,-0.064102564,1
0.2,31,45,3.6,219.4,0,2,-5,0.22,1
0.8,-12.8,-30,-0.4,-10.4,4,4,1,-0.149326146,1
0.133333333,16.53333333,11.86666667,-0.866666667,-9.733333333,0,-2,-1,-0.035714286,0
-0.166666667,1.083333333,9.833333333,0.583333333,236.4166667,-1,1,-2,0.027777778,0
0,23,87.5,-0.5,222,-2,-1,6,-0.107142857,1
-0.2,3.8,21.3,5.2,159.3,1,-1,-2,0.200892857,1
0,-0.266666667,22.93333333,1.666666667,185.4666667,-3,1,2,-0.083679834,1
-0.8,-7.8,16.6,-0.2,30.2,-1,0,3,0.022624434,0
0.2,2.8,15,1.2,-44.2,-5,-1,-3,-0.090481786,0
0,5.666666667,23.5,-1.5,-75,2,-4,8,-0.025641026,0
-0.5,16.7,33.6,1.4,146.6,-5,-4,6,-0.047058824,1
-0.2,30.4,62.4,1,173.8,-2,-1,2,-0.12962963,1
0,-35.2,-37.8,2.2,149.8,3,3,-10,0.095238095,1
0,-35.6,-37.4,1.4,63.6,0,0,5,0.154545455,1
0,-15.33333333,-4.333333333,0.666666667,195.6666667,5,-4,0,-0.238095238,1
0,-62.5,-142.5,-4.5,-537,-2,-2,7,0.077142857,1
0,38.5,68,0.5,105.5,-2,-4,-3,0.259615385,1
0.2,14.6,15,-0.8,90.8,3,6,-6,-0.100877193,0
0,-2.9,6.6,-0.1,85.7,0,-1,5,0.097826087,1
1,70,71.66666667,0.333333333,11,5,8,0,0.016666667,1
0,-12,-20,-0.333333333,138.3333333,-4,-6,-3,0.152380952,0
0.333333333,-4.333333333,34.33333333,1,315.3333333,1,1,2,-0.065714286,0
0.2,23.8,9.2,1.4,6.8,-4,-4,7,-0.048648649,1
0.4,1.6,-3.6,-0.2,-42.8,1,5,0,0.026696329,0
0,-26.66666667,-39.2,-1,6.466666667,1,0,4,-0.04787234,1
-0.4,-9.2,-16.2,0.5,-70.9,3,4,6,0.02,1
1,-15,-27,-1,-29,2,4,-3,0.031410256,1
0.4,-14.7,-27.4,-0.7,-174.8,2,1,6,0.125603865,1
0,54,47.33333333,0.666666667,108.3333333,-6,-7,3,-0.199186992,1
0.2,5,18.2,0.2,62.4,0,4,1,-0.133971292,1
0,-44.5,52,-1.5,383.5,1,4,1,0.026960784,0
0.2,-28.6,-34.8,1,25.4,0,-2,7,-0.012474012,1
0,-49.5,-40.05,0.8,29.7,1,0,6,0,0
-0.6,-25.8,1.6,1,123.8,-4,-4,-1,0.082352941,1
0.333333333,-27.33333333,-28,1,167.6666667,-1,-4,6,-0.152777778,1
0.6,15.45,24.3,-1.15,61.05,0,2,1,-0.023727844,0
0.2,0.4,-1.7,-1,-91.5,0,3,7,-0.00143472,1
-0.2,16.6,4,-0.4,-53.4,-3,-4,3,-0.094405594,1
0.2,-8.733333333,-11.73333333,-3.733333333,-307.4,-1,0,8,0.043269231,1
0.2,-1.4,2.4,0.8,67.6,3,-1,-7,0.075757576,1
0.4,-18.2,10.6,1.2,252.8,-2,2,4,0.051351351,1
1,-21,-40,-1,-56,0,0,1,0.047619048,1
0,8.5,5.5,-0.5,-76,-2,-2,-4,-0.227272727,0
0.8,27.4,21,0.4,124,0,2,1,0.062608696,1
-0.2,5.8,-11.4,-1.8,-296.6,2,5,-5,0.073073073,1
0,38,42,-0.5,141,-2,-5,-3,0.070135747,1
0.6,20,51.8,1.6,193.2,2,1,-3,-0.130769231,0
0.333333333,-27.33333333,-46.33333333,-1,-50.66666667,-1,4,1,-0.089761571,1
-0.333333333,6.583333333,-4.333333333,-2.333333333,-188.4166667,-2,-5,-2,0.03125,0
0,-6,-1,0,-12,-3,-1,2,0.022058824,0
0,0,0,0,0,2,1,-1,0.030769231,1
0,12,27.2,1,224,1,0,1,0.121132324,0
-0.266666667,-9.8,5.533333333,-0.333333333,-19.06666667,0,1,14,-0.062393647,0
-0.2,3,4.8,-1,-71.4,2,0,0,-0.081081081,0
0.6,27.8,14.8,-1,-53.4,0,-4,2,0.104761905,1
0,-40,-59,-1,-44,3,3,-2,-0.027777778,1
0,7,-0.5,-3,-263.5,2,3,-3,0.13030303,1
-0.8,-1.4,22.7,-2.2,-1.1,6,8,0,-0.040372671,1
0.5,-9,-12.5,-1,-325,-2,-1,0,0.027536232,1
0,11,102,0,53,-1,1,-2,-0.044117647,0
0.2,-14.4,-20.2,-1,-23.2,5,8,4,-0.063736264,1
0,-12,13,2.5,354.5,-2,-3,6,-0.036363636,1
-0.333333333,16.53333333,37.53333333,0.333333333,81.6,4,5,-7,0.019230769,1
0.2,9.2,-21.4,-1,-257,-5,-2,-1,-0.115384615,1
0,-30,-22,3,150,4,2,-3,0.052083333,1
0,0,0,0,0,-3,-5,7,-0.177777778,1
0,13,30,0,223,-2,0,0,0.090659341,1
0,0,0,0,0,5,7,3,0.159340659,1
0.2,-17.4,-15.8,0.8,84.6,-1,0,6,-0.134920635,0
0,-27,-44,-1,-28,1,-3,-3,-0.106060606,0
0,32,-25,-5,-772,-2,-3,-5,-0.466666667,0
0,27,10,-1,65,3,-4,3,-0.147058824,0
0.2,11.8,36.3,1.25,198.15,-1,-6,0,0.221428571,1
0,2,2.4,0,15.8,1,1,5,0.094444444,0
0.2,-30.2,-28.8,-0.8,-36.2,-1,0,6,-0.018716578,1
0.2,-4,-7,-0.4,56.2,3,2,0,-0.120098039,0
0.2,11.8,0.2,-0.6,-8.4,-8,6,-3,-0.046296296,1
-0.8,-21.4,-17.8,0.8,30.4,-1,-1,2,0.057692308,1
0,-21.5,-31.75,-4.25,-100.5,1,3,-2,0.02764977,1
0,-29.5,-16,0,54,1,-1,3,-0.011441648,1
0.25,11,-0.5,-1,42.25,-1,-2,4,0.00678733,1
0,0,0,0,0,0,3,-8,-0.078571429,0
0.2,10.8,4.8,-1,-8.4,-1,-1,-1,0.074396135,1
0.2,-10.4,1.2,1,162.4,0,3,-8,0.088744589,1
-0.6,-31.6,-41.6,-1.8,-67.6,1,4,5,-0.020512821,0
0.166666667,-23.83333333,-22.16666667,1.166666667,135.1666667,0,0,8,0.049677419,0
0.6,-10.65,-36.05,-1.8,-208.35,-3,-2,-1,-0.03021978,0
0.2,13.6,16.1,-0.1,-10.5,2,3,-2,0.058823529,0
-0.4,-23,-49,-0.6,2.8,-2,-6,-1,0.122608696,0
0,17,85,0,7,3,2,5,-0.095238095,0
0,0,0,0,0,1,1,4,-0.064270153,0
0,0,0,0,0,1,-2,-2,0.004608295,0
0,0,0,0,0,-1,0,5,-0.119047619,0
0.2,10,38,0.2,90.4,2,1,-3,-0.201709402,0
0.3,12.4,0.7,-0.4,3.3,2,10,-1,0.119047619,1
0,5.833333333,-1.666666667,-1.166666667,-56.33333333,-1,-3,-4,-0.02125,1
0.2,-19.5,-32.95,0.05,35.25,1,4,6,-0.081196581,0
0,46.5,31.75,1.75,123.25,3,4,-5,0.084770115,1
0,-31,-48.5,0,10.5,0,1,5,-0.033653846,1
0,32,38,-0.75,-51.25,0,-1,4,-0.095334686,1
0,0,0,0,0,-2,6,-4,-0.023809524,1
0,-41.5,-23.66666667,-0.166666667,125,-1,-6,-2,0.095652174,0
0,7.666666667,-2,0.333333333,1.666666667,0,-3,11,-0.116322702,0
0,16.5,-0.5,0,-111,6,5,-4,0.169642857,1
0.6,4.6,11,0.6,17.4,5,2,0,0.012578616,1
0.6,-50.8,-68,-1.6,-133.6,1,5,-5,-0.035087719,1
0.8,6.2,5.2,1.2,155.8,-1,1,5,-0.086134454,1
-0.133333333,-6.066666667,-7.333333333,1.4,4.6,-2,-2,3,-0.055921053,0
1.2,-4.9,-5.5,-5.6,-255.8,-2,2,-4,0.132142857,1
-0.333333333,0.333333333,2,0,7,0,1,0,0.179425837,1
0,-13.8,-36.8,0.4,6,-2,-1,0,0.105636432,1
0,9.5,35.5,1,-77,2,7,-4,-0.213235294,0
1,-1.75,-83,-3,-444.75,-1,-4,7,-0.166666667,0
0,-14,-32,-1,-13,0,-3,-6,-0.217105263,1
0,0,0,0,0,2,-6,0,-0.050724638,1
0.2,33.8,24.2,1.2,46.8,-3,-2,-3,0.143137255,1
0,0,0,0,0,-2,10,-3,0.198380567,1
0,0,0,0,0,2,-1,-6,-0.012820513,0
0,-18,-33,0,48,0,10,1,0.070953437,1
0,-1.333333333,-27.5,1.333333333,57.5,2,1,-4,-0.016203704,0
0,6.5,-2.5,-0.5,-208.5,1,-7,7,-0.055944056,0
0,-5,15,-1,-38,0,0,-3,0.14187643,0
0,-25.5,-33.5,-0.5,62,1,3,7,0.023423423,1
0,0,0,0,0,-5,-10,-4,0.054945055,1
0,0,0,0,0,-2,-2,2,-0.238095238,1
0,0,0,0,0,3,0,4,0.166666667,0
0.2,3.4,12.2,1.4,130.4,1,4,-6,-0.083333333,1
0.333333333,-28.66666667,-48.66666667,1.333333333,-63.33333333,1,-2,-3,0.200892857,1
-0.166666667,31.5,50,1.333333333,127.6666667,-2,3,0,-0.045977011,1
0.25,15.75,-19.25,0.25,-238.5,-3,1,1,-0.152173913,0
0,-12.2,-1.6,1.6,119,-4,-6,9,0.177536232,1
0,-6.45,-0.95,-2.4,-72,-4,-4,-2,0.09375,1
0,40.6,31,-1,-259,5,6,1,-0.233704293,0
0.2,-2.4,4.6,0,125.6,5,1,6,-0.173963134,0
0,-37,-56,-1,-60,2,5,5,0.085470085,1
0,-26,5,-1,133,-1,8,4,-0.084415584,0
0.6,11,11.2,-0.4,-59.8,-1,-1,3,0.098484848,1
0.333333333,6.166666667,3.333333333,0.166666667,-120.5,-3,-4,-5,-0.044802867,1
0.3,-18.05,-47,0.15,7.2,0,2,1,-0.073260073,1
0.2,-2.7,-37.6,-1.8,-219.2,0,2,2,-0.078817734,1
1,49,59.33333333,0,106.3333333,-1,0,1,-0.102941176,1
0,0,0,0,0,-1,1,3,0.239495798,1
0.333333333,-22.66666667,-14.33333333,2,252.6666667,3,-3,-2,-0.094405594,0
0.75,24.5,30.75,-2.75,4.75,0,0,4,-0.029411765,0
0,-14,22.5,1,259,-3,-5,8,0.103896104,1
0,-28,-38,4,299,-4,-6,-10,0.157004831,1
0,0,0,0,0,-3,4,3,0.154220779,1
0.2,20.8,41,-0.2,2.4,2,1,-2,-0.008148148,0
0,-16.75,-52.5,-0.25,-260.25,2,6,9,0.037037037,0
0,14,45.8,1,174,1,-1,6,-0.022367703,0
0.75,-0.25,-4.25,-1.75,-143,-1,-1,-1,0.083333333,1
0,0,0,0,0,4,4,-6,-0.084848485,1
0,-38,-40,-1,-60,2,0,7,0.047619048,1
0,8,-17,0,76,-1,-4,-10,0.1,0
0,0.6,14.4,1.2,129.8,8,11,4,-0.053359684,1
0,0,0,0,0,7,6,-4,-0.101351351,1
0.333333333,19.66666667,5,1.333333333,-5,2,2,-2,-0.105459057,1
-0.266666667,30.26666667,42.26666667,1.466666667,44.33333333,-1,1,-1,0.185714286,1
-1,36.45,24.95,0.65,37.25,3,2,-7,0.095317726,1
-0.3,9.2,37.2,1.4,260.3,1,0,-3,0.189849624,1
0.2,6.8,-4.6,-1.8,-194.8,-1,-1,4,-0.08045977,1
-0.8,-13.4,-27.6,-0.066666667,-210.7333333,2,7,-2,-0.191666667,1
0.333333333,10.33333333,18.33333333,0.333333333,43.66666667,-1,2,-1,-0.095,0
0,0,0,0,0,1,3,3,0.071428571,1
0.2,-23.2,-23.8,-0.4,111.2,1,-2,5,-0.039049236,1
0,14,28,1,53,2,4,-1,-0.003968254,0
0.4,-10.6,-3.6,1,98.2,4,4,7,-0.142857143,0
0,0,0,0,0,-2,2,4,0.016666667,1
-0.133333333,46.6,72.06666667,-0.266666667,225.5333333,1,-3,3,-0.082949309,1
-0.4,8.2,4.2,-0.2,-3.4,2,3,3,0.148989899,1
0.95,7.25,-3.35,-0.15,-40.95,-3,0,0,-0.083710407,1
0.2,41.5,49.9,1.15,0.45,0,-3,-3,-0.124716553,1
0.2,-18.4,-38.9,-2.3,-50,0,2,11,-0.09375,0
0.6,2.3,-19.8,-0.35,-77.65,0,0,-5,0.039130435,0
0,-59,-40,-0.833333333,113.6666667,3,2,12,-0.126358696,0
-0.333333333,-3.666666667,-34.33333333,0,-129.6666667,1,2,9,-0.184027778,0
0,1,6,-4.6,-320.6,-1,-1,3,-0.168582375,1
0,11.5,21,-1,141,0,4,2,0.035087719,1
0,-32,-51,-1,-60,-1,7,3,-0.139037433,1
0.2,-34,-57,0.8,2.2,3,5,-2,0.123529412,1
0,0,0,0,0,-1,-2,11,0.018382353,0
0,0,0,0,0,1,3,2,0.157349896,0
0,-21.4,-8.2,2.2,253.4,-2,-2,7,0.012066365,1
-0.6,-26.8,-40,-0.4,-20.4,-1,2,2,-0.025641026,0
0,5.25,-20,0.75,-87.5,-2,1,4,-0.318181818,0
0.5,37,39,0.5,209,3,3,-3,-0.020833333,1
0,-19.6,-10.4,-0.2,-36.6,0,3,1,-0.142857143,0
0,3,-66,-4,-620,4,6,2,0.083333333,1
0,0,0,0,0,-1,0,3,0.166666667,1
0,0,0,0,0,-1,6,-1,0.051136364,1
0,-7,-18,-1,-60,-4,-5,1,-0.083333333,1
0,-27.6,-20.4,2.6,198.5,-2,-5,7,-0.175,0
-0.2,-16.2,-19.4,-1,16.4,1,2,2,0.021829522,0
0.666666667,45.66666667,44.66666667,-0.333333333,-125.3333333,5,1,3,-0.040849673,0
0,-23,-5,3,485,-4,0,7,-0.052380952,0
0,-21,-8,1,-124,-2,-4,4,0.085679315,1
0,-9.5,-62.5,-1,-167,4,2,7,-0.063157895,1
0,18,39,-0.8,-87.4,-3,-5,-2,-0.259259259,0
0,-17.66666667,-25.66666667,0,213,0,2,2,-0.091666667,1
0.25,0,45.75,0,353.75,0,-2,-6,0,0
0,0,0,0,0,0,-1,-4,-0.219047619,0
0,14,17.4,-1,-77.4,0,3,-1,0.008088979,0
-0.066666667,18.13333333,17.73333333,0.6,154.0666667,0,-2,-9,0.199148936,1
-0.1,30.15,34.35,-0.75,-38.15,2,3,3,-0.02173913,1
-0.8,25.8,44.4,1.8,252.6,-1,-1,-2,0.045138889,1
0.4,-17.6,-6.6,1.9,72.3,-6,-2,2,-0.100506757,0
-0.15,-16.55,-22.1,0.25,-44.45,4,5,-9,-0.025987526,1
0.2,9.6,-38.2,-2.4,-481,3,10,-3,-0.047297297,1
0,-8.75,-17,-0.25,-201.5,5,3,-2,0.291666667,1
0.25,34.16666667,0.416666667,0.5,-60.75,0,-3,-2,-0.020833333,0
0.2,36.2,23,-3.6,-311.1,3,3,2,-0.165413534,0
0,-15.4,-28.2,-0.4,-0.4,-1,-4,3,-0.05370844,1
0,0,0,0,0,-3,-2,0,0.107142857,0
0.4,17.6,33.2,0.8,69,0,1,3,-0.100793651,1
0,-10.8,-9,0,-2.266666667,0,1,7,-0.027777778,1
-0.2,-18.4,-5,-0.2,39.4,2,-1,-3,0.084415584,0
-0.5,-4,-1.75,1.75,122.5,1,5,-3,0.013913043,1
0,-19.33333333,-4,1,236,2,6,1,0.167755991,1
0,-39.6,-23,1,-17,-6,-4,10,0.026153846,1
-0.8,-16,-15.4,-0.2,-120.6,1,0,2,-0.072093023,1
1,20,64,1,232,-2,-4,-3,0.152777778,1
1,13,47,2,544,-1,-2,1,0.03125,0
0.6,8.5,9.5,0.2,25.4,0,-2,-6,-0.082926829,0
-0.2,-14,-49.4,-0.4,-23.6,-3,-1,3,-0.114285714,0
0,27.25,34.75,1.75,75.25,-2,1,7,0.098245614,1
0,-24,22,-1,184,-2,-4,11,-0.051515152,0
-0.2,28.4,23.6,-0.6,34.4,2,8,-8,0.179802956,1
-0.6,23.6,10,0.6,-93.8,0,1,0,0.023809524,0
0.1,-28,-43,-0.6,-92.9,3,3,-3,0.109625668,1
-0.5,16.1,21.1,1,101.6,-2,-4,4,0.014492754,1
0.8,9.2,5.2,-1,-32.4,0,-5,-1,0.095752896,1
0.35,-33.35,-112.6,-3.35,-191.7,-3,-1,2,0.149206349,1
0.2,-8.3,-26.2,0.2,4.6,-1,0,0,0.01863354,1
0,58,117,0,-106,6,9,-3,-0.272058824,0
0.2,30.8,21.2,1.8,151.4,-1,1,2,-0.074074074,1
0,0,0,0,0,-1,-4,-4,0.095238095,1
-0.2,25.6,32,0.4,57.2,-2,-2,5,0.007272727,1
0,-8.833333333,-26,0.666666667,27,0,-1,-2,0.016666667,1
-0.4,-1.2,9.6,1.4,95,2,-2,3,0.047666336,1
-0.666666667,21.93333333,23.66666667,1.8,115.2,1,1,-10,-0.085858586,0
0,11.2,12.6,-3.4,-139.2,-2,0,4,-0.346938776,0
0.2,21.6,19.8,0.2,-44.2,-6,-5,-2,0.017027864,1
0,-4.916666667,-20.66666667,0.583333333,81.66666667,-1,2,-1,0.076585695,1
0,-11.5,-5,-0.5,61,-2,-2,6,-0.112781955,0
0,-15,3.666666667,0,179.6666667,-1,-1,-6,-0.008547009,1
1,-13.5,-32,-1,-6.5,0,4,-4,-0.061678463,1
0,5,22.5,2,322.5,1,2,5,-0.018518519,1
0,0,0,0,0,-3,-2,-6,-0.098930481,1
0,0,0,0,0,-5,10,-4,-0.042682927,1
-0.5,27.1,32.6,0,-42.1,2,1,0,0.019230769,0
-0.2,16.2,28,-1.2,-51.6,-2,-1,0,-0.011029412,1
0,0,0,0,0,0,-4,4,-0.072874494,0
0,0,0,0,0,1,1,3,0.077205882,1
0.6,18.06666667,23.66666667,0.133333333,114.8666667,1,4,-7,0.083333333,1
0,11,20.5,1.6,151,-1,0,-2,0.034090909,0
0,47,72,-1,12,-4,0,-3,0.229946524,1
0.75,-5.75,-4.25,-0.75,241.25,0,-1,2,0.137820513,1
0.2,23.33333333,52.8,1,109.0666667,6,1,8,-0.25,1
0,-8.2,3.4,2,315.8,-3,4,5,0.039215686,1
0,0,0,0,0,2,1,-4,0.181818182,1
0,0,0,0,0,2,4,-1,0.042857143,1
0.333333333,-20.33333333,-33,-0.333333333,31,0,-4,-1,0.013574661,1
-0.2,1.2,14.6,0.2,70.4,3,4,0,0.161616162,0
0,-8.4,-20.8,-1,22,0,1,-3,-0.132624113,1
-0.333333333,-29.2,-13.2,-3,-149.0666667,-6,-2,0,-0.174880763,0
-0.8,12.2,35.2,2.6,153.6,1,3,1,-0.166666667,1
-1,-16,16,-1,-33,2,1,-4,0.074074074,1
0,-51.4,-46.1,1.8,188.9,-2,3,0,0.156756757,1
0,0,0,0,0,1,-2,-2,-0.0125,0
-1,-43.33333333,-22.73333333,0.333333333,20.26666667,-4,-4,-1,0.082352941,0
0,9.4,30.4,1.6,193.8,2,2,-11,-0.022314478,0
0.666666667,-13.8,-22.2,-1.6,-74.2,-1,2,-2,-0.034798535,0
0,-41.66666667,-35,-2,-153.6666667,1,5,6,-0.073103448,0
-0.5,39.1,69.8,0.1,36.6,-2,-1,5,0.128083491,1
0,-8.5,-5,0,170,-3,-6,7,0.048484848,1
-0.2,1.3,-21.95,-0.15,-38.7,-4,3,3,0.022222222,1
0,31.25,67.5,3,413.75,-1,-1,-4,0.106060606,0
0,-39.06666667,-37.6,0.933333333,45.4,0,1,-3,0.186379928,1
1,14.25,-1.5,0.5,8.5,0,-5,-3,-0.057692308,0
0,-9,10,1,159,-2,6,7,-0.002564103,0
0,-21.25,-7.5,-0.75,37.25,-2,4,-3,-0.16194332,1
-0.266666667,8,21.93333333,2.866666667,116.2666667,-2,-5,-1,0.040133779,1
-0.4,35.06666667,66.8,0,-39.86666667,5,1,-2,-0.035117057,0
-0.05,23.25,14.4,-1.05,-122.85,0,-1,7,-0.104978355,0
-0.75,22.15,50.65,0.7,238.85,3,1,-1,0.002272727,0
-0.5,-1.5,-22,0,-45,0,3,9,-0.131707317,1
-0.1,-17.9,-6.9,-0.2,19.2,0,0,-7,-0.001152074,1
0,-28,-28.5,0,218.5,6,5,3,-0.018761726,0
0.2,15.05,-3.15,-1.45,34.8,-3,-5,1,-0.131868132,1
-1,63,65.33333333,0,19,1,2,0,-0.047619048,0
0.333333333,-13.33333333,-18,-0.333333333,174,-2,1,-6,-0.145833333,0
0,12.66666667,14,-0.333333333,-69.66666667,2,4,6,0.0125,0
0,-15.5,7,-0.5,268.5,2,-1,8,-0.06871345,0
0.2,7.2,10.6,0.6,21.4,-2,0,-2,-0.155555556,0
0.266666667,21.33333333,33.66666667,0.6,-32.4,4,0,-7,-0.046822742,1
0.6,5.8,2,0.2,-2.8,1,2,-3,-0.071818182,1
0.4,0.4,1.2,0.8,91.2,2,4,1,0.089301503,1
-1,11.5,9.5,0.5,127.5,-1,-1,-1,-0.017777778,1
0.4,27.2,41.4,0,83.6,8,8,9,0.00132626,0
1,36,21.5,0,-17.5,5,8,-5,0.031372549,1
0,-5.5,-6.5,-0.5,148.5,2,5,-7,-0.130718954,0
0,-19,69,0,377,-1,8,6,0.056722689,1
0,-14,-31,0.333333333,-24.33333333,1,2,1,-0.019607843,0
0,-27.4,-54.2,0.6,136.2,1,1,6,-0.048582996,1
0,0,0,0,0,1,-2,4,0.050480769,0
0.4,-9.6,-14.2,-0.4,-97.8,3,7,6,0.002178649,1
0,15.4,42.2,1.4,264.4,5,9,-1,0.067914068,1
0.5,-2,15.5,0.5,272,2,4,-6,0.027692308,0
-0.2,71.6,26.4,-0.6,-57.2,0,4,-1,0.03411306,0
0,0,0,0,0,-1,0,6,-0.03030303,0
0,0,0,0,0,-1,1,0,0.15942029,0
0,15.5,15.5,1.5,98,1,0,-7,0.172932331,1
0,26.5,33.5,0.5,283,-3,-4,1,0.291764706,1
0,35.4,16.6,-1.4,-94.2,-1,4,-12,0.108138239,1
0.2,5.8,17,-1,-42.8,1,-1,13,0.018536585,1
0.25,17.08333333,8.25,-0.666666667,-132.5,0,-2,-7,0.096153846,0
0,-18,22,0.5,210,0,2,2,0.079326923,1
0.2,-0.4,-7.2,0.2,74.4,-1,1,4,0.070175439,1
0,0,0,0,0,3,0,2,-0.18627451,0
0,-2,-31,4,-91,0,0,1,0.026785714,1
-0.25,4.3,19.3,0.8,97.2,-2,0,6,-0.047272727,0
0,0,0,0,0,0,1,2,0.208333333,1
0.4,-61.4,-61.2,0.2,0.2,-1,-2,7,-0.125,1
0.5,-3.4,-21.3,-1.3,-226.1,-2,-6,2,0.046546547,1
0,-27,-43.4,-0.6,-9,2,5,1,0.045238095,1
1,0,-9,-1,-87,-1,0,2,0.037777778,0
-0.333333333,-12.26666667,-84.2,-1.066666667,-506.1333333,2,5,0,0.165957447,1
-0.5,32.5,36.5,0.333333333,-55.16666667,-1,0,8,-0.003289474,0
0,-23.33333333,-40.66666667,-1.333333333,-375,-2,-2,0,-0.203208556,1
0.4,-17,-7.4,-0.2,96.6,-1,0,7,0.12039312,1
0,-7.8,-35.8,-3.6,-313.8,5,6,5,0.080808081,1
0,11.4,18.4,0,90.6,0,2,-5,0.042857143,1
0,-15,-16.33333333,1.666666667,119.3333333,3,5,9,-0.161931818,1
0,0,0,0,0,-1,0,6,0.059340659,0
0.2,7.4,-14.4,-1,-186.8,0,3,-8,0.029828109,1
0.15,29.55,26.45,0.75,104.1,-1,-1,-4,0.047619048,1
-1,-16.6,-10.53333333,1.066666667,-70.26666667,-1,-1,1,-0.091431557,0
0.2,11.9,17.3,-1.6,-100.4,-1,2,-5,0.060714286,0
0.15,-4.65,-3.05,0.6,-7,0,1,-1,0.004076087,0
-0.8,29.8,28.4,-1,-49.2,-3,-6,-2,-0.122807018,0
0,5.2,12,0,40.4,-3,-3,4,-0.044137931,1
-0.333333333,-26.33333333,-11,2.2,97.2,-1,-1,1,0.06043956,1
0,17.66666667,1.333333333,1,15,1,-7,5,-0.025641026,1
1,6.5,2,-0.5,104,-1,-1,5,-0.067226891,1
0,0,0,0,0,3,3,-5,-0.169960474,0
0,-5.666666667,11,1,96,4,9,-5,-0.135610766,1
-0.8,34.8,49.6,0.8,185.4,-1,-1,-5,0.064516129,1
-0.2,46.2,61.6,0.6,79.6,2,4,-3,0.192857143,1
0.4,15.6,5,0.2,-134.4,3,1,-1,-0.077511474,1
0,4.8,26.6,0,151,1,0,2,0.12398374,0
0,-28.2,-18.8,-1.8,79,4,4,5,-0.199275362,1
0.2,6.2,-5.2,-0.6,-157.2,0,1,-5,-0.04516129,1
0,24.66666667,47.16666667,0.5,224.1666667,-3,-5,-4,0.052083333,0
-1,-28.66666667,-33,0,-37.66666667,3,2,-4,0.011904762,0
0.2,21.4,17.26666667,-0.866666667,-43,-2,2,-4,-0.023809524,1
0,0,0,0,0,-1,-1,8,0.041666667,1
2,-27,-79,0,-135,2,0,9,-0.166489926,0
-0.6,-25.6,-35.8,-0.2,-44.8,4,4,-5,0.005050505,1
0,-17.2,-20.8,-1.6,-88.1,-2,-2,1,0.113636364,0
0.2,-19,-17.2,1,163.4,0,-3,-2,0.098398169,1
0.5,10,-6.5,-2,-210,-1,-4,7,0.003472222,1
0.333333333,-24.33333333,-63,-3,-262.3333333,1,1,4,0.027065527,1
0,27.35,40,-0.35,21.9,5,6,2,0.004076087,1
0,0,19.8,1.4,132.6,1,5,-5,-0.042857143,1
0,27,-1,-1,-147,-3,-3,8,-0.116847826,0
0,87,112,1,200,1,6,0,0.2,1
0,-13,-15,2,321,-4,-3,5,-0.010989011,0
0,-7,-14,0,-3,-2,0,-2,0.036842105,1
0,-32.2,-10.8,0.6,239,0,-2,8,-0.062962963,0
-1.5,-4,14.5,0.5,53,-5,-7,-1,0.045652174,1
0,0,0,0,0,-2,-1,11,0.12959381,1
0,0,0,0,0,-1,2,1,0.035789474,1
0,-23,16,3,406.5,4,4,-2,0.008333333,1
0.6,33,17.2,-1,-44.2,-5,0,-1,0.048024316,1
0,31,50,1,60,-7,-3,3,-0.068181818,1
0,0,0,0,0,-4,-2,-8,-0.033333333,1
0,0,0,0,0,0,2,-5,0.175324675,1
0,-24.5,-38.5,-1,-26.5,1,4,-2,0.17032967,1
0,0,0,0,0,0,-1,3,0.032036613,0
-0.6,3,10.8,1.8,152,0,1,-9,-0.088888889,1
0,-16,-13,-2,-71,1,1,-1,0.19047619,1
0.6,10,13.6,-0.8,-30.8,-3,-1,5,0.093953488,0
0,18.7,12.1,-1.2,-7.2,-2,0,-5,0.057971014,1
0,17.6,6.4,-1.4,21,2,8,-2,0.083333333,1
0.2,-22.9,-6.2,-1.6,-122.8,-1,-6,4,0.045977011,0
-1,-15.6,4.4,2,155.8,0,-2,3,0.133945841,0
0,22.6,44.2,-2.4,-96.6,1,3,2,0.076470588,0
-0.5,18.6,31,1.6,145.8,-4,-1,1,-0.101351351,1
0,-11.5,-37,0,72.5,-1,1,-12,0.15625,1
0.75,23.25,22.75,0.25,31.75,-2,2,-4,0.120879121,1
-0.6,48,73.2,4.2,190.8,-1,1,-2,0.122222222,1
-0.8,24.6,46.6,1.6,227.8,-3,-3,12,-0.048654244,1
0.6,-22,-84,-3.4,-240.8,-2,-2,-1,0.068322981,1
-0.2,-24.6,-65.2,-0.6,-87.6,2,1,-4,0,1
-0.5,40.4,32.8,-4.5,-422,-2,1,-1,-0.20190779,0
-0.6,-4.6,17,3.4,388.8,-2,-4,7,-0.001949318,0
0.5,0.333333333,-29.83333333,-1.166666667,-12,-2,-1,-3,0.063508772,1
0,9.6,2.4,0.2,114.4,1,2,1,-0.158730159,0
0,45.6,39.4,0,-5.4,-3,-2,3,0.009615385,1
0.333333333,4.333333333,16.83333333,-1.5,31.33333333,-1,2,-1,-0.014492754,1
0,-29,-22,-0.333333333,104.6666667,1,0,7,-0.017857143,0
0.1,19.9,32.3,0.6,113.1,-6,-10,5,-0.131421744,0
0,3,12.4,1,145.8,-1,1,0,0.018536585,1
0.2,5,13.4,-0.2,21.6,-1,-1,-11,0.221428571,1
0.4,-11,-51.6,-2.5,-358.5,-5,-7,-2,-0.281481481,0
-1.5,-46,-51,1,-79,-1,-3,7,0.072941176,0
0,-12,14,1,233,0,5,2,-0.095334686,0
0.4,-22.8,2,1.6,269.4,1,-1,0,0.103618421,1
0,34.9,32.9,-0.5,-37,-1,1,8,0.008547009,0
0,0,0,0,0,-1,3,9,0.026785714,0
0,0,0,0,0,-4,-8,2,0.082352941,0
0,0,0,0,0,1,-3,-2,-0.180952381,0
0.6,-36.2,-55.4,1.6,55.2,-3,-6,6,0.021428571,0
0,0,0,0,0,-1,0,-12,0.51754386,1
0,0,0,0,0,3,0,-2,0.32,1
0,0,0,0,0,-2,4,-7,-0.125,1
0,0,0,0,0,0,2,6,-0.071906355,0
0,11.5,2,0,21.5,0,-3,1,0.066666667,1
0,-23,19.2,1.2,270.6,-3,-2,-2,-0.033333333,0
0,0,0,0,0,-3,-2,-3,0.212560386,1
0,15.5,-2,-1,-54.5,2,4,1,0.015503876,1
0,0,0,0,0,-1,-4,5,0.131944444,1
-0.4,57.2,107.6,3.6,508,2,7,2,0.236263736,1
0,23,-20.8,-1.2,-105.6,-1,2,-2,0.044612795,1
-0.5,36.5,43,1.5,141.3,1,2,-7,0.173913043,0
-0.5,-15.5,-22.4,1.2,62.6,1,-1,5,-0.123626374,0
-1.666666667,39,134,1.333333333,77.33333333,3,1,-1,-0.085714286,0
0.2,-53.2,-59.4,-0.4,-45.6,3,3,-2,0.012578616,1
0,7.8,15.6,-1,-113.4,0,-1,1,-0.12884978,0
-0.2,-8.8,9.2,-0.2,172.4,3,2,4,0.060559006,0
0.1,-9,-10.7,1.05,-8.3,1,-1,-5,0.096273292,1
0,-35.66666667,-48,-0.666666667,18.33333333,-1,4,-1,0.011111111,1
0,-1,-5,-0.5,36.5,3,1,7,-0.082608696,0
0.5,-13.5,-10.5,0.5,-6.5,0,-2,4,0.066997519,0
0.4,-26.6,-38.4,-1.2,-120.8,1,0,-7,-0.030851064,1
0.5,-0.5,-5.5,-0.5,-62,4,5,-3,-0.005952381,1
-0.2,-1,-17.4,-0.4,-145.8,1,0,-1,-0.051347882,1
-2,3.6,12.2,0.8,95.2,-3,0,4,-0.020833333,0
0,3,2,-5,-520,-1,-1,-3,-0.048529412,0
0,-4.733333333,-16.66666667,-2.666666667,-158.1333333,-2,2,2,0.083333333,0
0,-8.666666667,26.66666667,-0.333333333,44.66666667,-1,6,-1,0.032036613,0
1,28,32,0,237,-2,-4,0,-0.085470085,0
0,-18.13333333,5.2,-0.733333333,55.13333333,-1,0,-2,0.118421053,1
-0.25,-1,6.75,0,-65,2,0,3,0.113899614,1
0,-21,-34,0,-27,0,4,6,0.137205387,0
-0.8,5.8,14.8,-0.6,52.8,-1,-3,3,0.05,1
0,-17,-93,1.5,-142.5,0,-2,0,-0.00625,0
-1,23.66666667,70.66666667,3.333333333,538,1,2,-11,0.050505051,0
0,29,57,0,259.5,3,1,2,-0.184065934,0
0.166666667,11.33333333,42.83333333,2.166666667,256,-1,-4,0,-0.094405594,0
0,-42,-41,0,151,-4,-2,0,-0.096756757,1
-0.35,-0.65,32.8,0.3,144,5,2,0,-0.075396825,0
0.2,22.2,20.6,2.2,185.2,-5,-4,1,0.009401709,1
0,-40,-66,2,-135,-1,-2,-4,0.154761905,1
0,16.6,18.6,0,8.6,3,3,0,-0.101351351,0
0.6,36.2,40.8,0.2,42.8,-1,-2,11,0.004076087,0
-0.2,15.2,14,1.6,79.5,0,5,-6,0.085677749,0
0,1,17,3,382,-1,8,-3,0.31875,1
0.2,-10.6,-32.2,-2.4,-247.6,1,3,0,0.05,1
0.2,13.8,21.2,0.8,30.4,-1,-2,-1,-0.084444444,0
-0.5,1.833333333,-24.16666667,1.166666667,-244.5,0,6,1,-0.052536232,1
0,19,-28.5,4,-55.5,0,-3,-2,0.126436782,1
0.4,-21,-37.2,-1,-49.8,0,-3,5,-0.088888889,0
-0.75,-36.25,-45.75,1,32.25,1,-2,7,-0.127941176,0
0,2,-15,0,-120.5,1,-1,0,-0.083333333,1
-0.25,77.25,33,0.25,-127.25,5,1,-2,0.07239819,1
0,24,101,0,342,2,7,14,0.088075881,0
0.3,-21.3,39.3,1.1,516.7,-5,-4,-5,-0.05625,0
0,16.66666667,62.66666667,5,318.3333333,0,2,-4,0.007936508,1
-1,21.66666667,30,-0.333333333,112.6666667,1,3,0,-0.102941176,1
-0.2,-18.2,5,2,188.2,-3,0,2,0.123529412,1
-0.6,43.8,80.2,0,392.8,-1,-1,-3,0.268888889,1
0,-0.4,0,-0.2,-120.8,-1,1,-1,0.028787879,1
-0.05,-20.75,-26.95,0.5,-86.1,2,1,5,-0.096560847,1
1,4.25,-9.5,-0.25,-13,-3,-1,3,-0.075163399,1
0.4,15.4,14.4,-0.6,-103.6,-2,-2,2,-0.036199095,1
-0.666666667,-10.66666667,-26.66666667,0.533333333,-3,3,3,-1,-0.124579125,0
0,0,0,0,0,-1,0,1,0.241258741,0
0.2,-13.8,-19.8,1,117.2,0,1,5,0.075757576,0
0.4,-29.8,-44.8,-4.8,-186,-3,-1,-2,-0.235,0
0.25,22,4.25,-1.75,-184.75,1,6,-3,0.036036036,1
0.5,-7.5,-23,0,42,-1,-4,6,-0.06029106,0
0,-22.6,-30,-0.4,55.6,5,11,3,-0.35326087,0
0,-38.4,-53.2,2,92.8,1,0,2,-0.057051282,0
0,-13.2,-55,-1.4,-261.6,-2,-2,-3,-0.167582418,0
0.2,-7.6,10.6,-1.4,18.8,1,-2,-6,0.16,1
0.2,15,0.8,0,-78.2,0,0,1,0.128083491,1
-0.2,-7.4,-22.8,-1.4,-286.8,0,0,0,-0.00462963,1
-0.2,6.8,1.8,-0.4,-77.4,-1,-1,4,-0.04576659,1
0,-11.5,-11.5,1.5,73.5,1,1,-2,-0.079044118,0
0,11.75,-19.5,0.25,-38.25,-1,-2,-4,0.05387931,1
0,-21.8,-49.6,-0.9,-137,2,3,1,0.017674419,0
0,0,0,0,0,-1,2,-3,0.089473684,1
-0.2,15.2,13.8,0,162.4,-1,5,0,0.273209549,1
-0.3,15.1,27.7,1.5,145.95,-1,1,-3,0.190697674,1
-0.6,7.4,31,1.8,215.8,1,-4,-5,-0.039215686,1
0.6,11.4,14.2,-0.8,-113.8,-4,-5,2,0.046546547,0
-0.5,6.75,37.5,-3.5,-95.25,2,2,5,-0.403508772,0
-0.333333333,3.666666667,-17.83333333,-0.666666667,-130,2,3,2,-0.12202381,0
0,-13,-17.8,-0.6,-33.2,2,-1,3,-0.021294021,0
0.666666667,1.666666667,12.66666667,-0.666666667,-73,-2,-5,7,0.012820513,0
0.5,0,-0.5,0.5,60,-2,-6,5,-0.079831933,1
-0.3,15.3,-3.6,-1,-348.6,1,-3,2,0,1
0,-10,-23,2,221,-4,-3,4,0.23030303,1
0.25,-27,-21.25,2.05,13.35,-1,-2,5,0.05952381,0
0,0,0,0,0,3,-5,7,-0.016203704,0
0.1,33,42.2,1.45,88.5,0,2,4,-0.035714286,1
0,17.6,42,0.6,126.8,1,3,-2,0.016908213,0
0.6,38.9,35,-1.4,-161.9,-1,-2,1,0.035842294,1
0.25,-19.25,-23,-0.25,93.75,0,-1,9,0.006756757,0
0.4,43,69.8,1.6,81.2,-2,8,1,0.004347826,1
0,-24,-33.5,-1,-59,5,4,6,-0.037815126,0
0,-3.25,-6.75,-0.5,77,-4,-1,-4,-0.107142857,0
0.5,-14.5,-31,-1,-58.5,3,3,-2,0.185064935,1
0,-26,-37,-1,-38,0,-4,0,-0.1125,0
0,-12.33333333,-23,1,212.6666667,3,-4,-1,-0.142954856,0
0,36,35,3,162,2,-1,-4,0,0
-0.1,61.1,69.3,0.7,204.15,-1,-2,4,0.068311195,0
0.2,-16.4,-18.2,0.4,102.4,0,1,-2,-0.193263833,0
0.6,-8,-22.4,-1.6,-221.2,-1,-4,-4,0.149275362,1
0,-13,-10.6,0.8,40.4,1,0,-4,0.054030875,1
0.333333333,-16.06666667,-6.133333333,-0.8,-142.6666667,1,-1,1,-0.022727273,0
0.4,-3.8,-6.4,1.8,38.8,-2,0,-1,-0.04587766,0
-0.5,-22,-79,-2.5,-103,-4,-3,2,0.038095238,0
-1,20,95.33333333,1.666666667,271.3333333,-2,-8,-2,0.196153846,0
0,11.5,27,-3.5,139.5,-3,-7,2,0.075,1
0,-19,-32,0,287,1,4,15,0.083107498,1
0,21,27,1,188,0,3,5,0.020833333,0
0.2,43.2,61.8,0.4,0,-2,-4,0,-0.036842105,0
0.2,17.6,54.2,-0.8,-78.4,2,3,-2,-0.045088567,1
0,13.6,7,-1,-92.8,5,3,1,0.026184059,0
-1,7,51,2,289,1,2,-9,-0.022580645,1
-1.5,22.8,38.3,0.7,71.8,-1,2,6,-0.128378378,1
-0.266666667,26.06666667,42.6,1.4,148.4,-1,1,6,-0.082880435,1
0.2,19.6,-29.8,1.6,-263,-2,-1,-4,-0.100478469,1
1,-6,-1.333333333,-1.666666667,-156.6666667,2,5,-1,0.005714286,1
0.25,-10.75,-7,1.25,139,-4,-4,2,-0.044642857,0
0.2,-12.65,-2.95,-0.4,34.55,-1,-2,-1,-0.03627267,1
0.25,19.25,24.5,0.25,-16.75,5,0,-3,-0.085470085,0
-0.5,27.5,37.5,0.5,2.5,1,-1,-3,0.088942308,1
-0.5,-7,-24,0,-86,1,-2,1,0.014492754,0
0.4,9,-55,-0.4,-227,0,3,-4,-0.000554324,0
0.1,18.4,26.5,-0.5,85.5,-2,1,2,-0.007878788,0
0.2,23.2,10.2,-0.2,-18,-3,-4,1,-0.016908213,1
-0.2,25.4,23.8,0.8,80.2,0,1,-6,-0.080758808,1
-0.2,25.2,40.6,0.4,-31.8,5,7,-1,-0.027958993,0
-0.4,-16.2,-16.8,0.2,-15.6,0,-2,2,0.068181818,0
-0.2,11.6,19.6,0.4,47.8,-3,-2,13,-0.168498168,0
0.4,-49.6,-50,0,-12.2,-2,5,3,0.014285714,1
0,-0.75,18.7,2.4,239.8,-5,0,12,0.098412698,0
0.3,7.2,19.15,0.2,111.95,0,-5,-2,0.044444444,1
-0.2,-29,-26.2,1.8,105,-8,-6,3,-0.05625,1
1,-28,-26,1,17,0,-6,2,0.015384615,0
0.2,-13.8,5.4,2,227.8,-4,-1,-1,-0.122222222,0
0.166666667,21.33333333,4.666666667,-0.416666667,72.58333333,0,-2,1,0.081904762,1
0.4,-19.2,-29.4,-1.8,-123,-1,-5,6,-0.05952381,0
2,2,-13,-1,-8,-1,2,-1,-0.047619048,1
-0.3,-49.5,-51.6,1.8,-51.6,0,5,1,0.102910603,1
1,29.66666667,23,-1,-11.33333333,-2,-2,-8,-0.065909091,1
0,8.9,8.55,0,-53.05,0,0,-12,0.008695652,0
0,33,44,1,59,3,0,1,0.258928571,1
0,-38,-64,-2,-176,-3,-8,5,0.026086957,1
0,49.66666667,91.66666667,2,142.6666667,0,-3,-4,0.024547804,1
0,-25.25,-20,-1.75,-177.25,0,-2,-3,-0.05,1
0,-40,-59,-1,-60,4,-6,-4,0.119230769,0
0,19,30,-2,-85,-2,0,-2,0.144615385,1
-0.3,56.4,92.5,1.6,111.8,-3,0,-2,0.169230769,1
-0.8,26,34.4,1.8,147.2,3,5,-4,0.152173913,1
0,-74,-137,-4,-327,-1,0,-3,0.058423913,1
0,-36,-37,-1,-8,5,4,7,0.015853659,1
0,-43,-62,-5,-345,2,1,-3,0.057692308,0
-0.466666667,-18.26666667,-12.93333333,2.8,348.7333333,-5,-4,5,-0.03037037,1
0,17.4,56.6,1,127.6,-1,-1,3,-0.003636364,0
0.266666667,-6.6,-15.2,-0.933333333,-108.8666667,1,1,9,0.013392857,0
0.2,-26.2,-28.4,-0.2,7,-2,2,1,0.027906977,1
0,0,0,0,0,-4,-2,3,-0.114942529,0
0,-2.3,26.9,-1,31.2,0,-1,2,0.050239234,0
0.25,13.75,25,0,31.75,-1,-3,-5,-0.110795455,0
0.8,-5.8,-16.4,-2.4,-219,0,-1,9,0.088888889,0
0.2,51,47.8,1.6,37.6,-4,-6,8,-0.089486859,1
0,0,0,0,0,-5,-5,2,-0.05,1
-0.2,-4.2,-17.6,-0.8,-21.4,0,-3,3,0.082352941,1
0.2,-28.2,-62.2,0.4,-60.4,2,0,-4,0.005347594,1
-0.133333333,-3.533333333,-3.866666667,0.066666667,-131.2,-2,-3,6,-0.025641026,0
-1,9,-42,4,-95,0,-3,1,0.073103448,1
-0.25,-17.3,-17.4,0.45,26.75,-2,-1,5,-0.178571429,1
0.6,9.8,-30,-1.6,-287.6,3,4,-4,-0.048421053,1
0.4,-13.6,-13.8,-0.6,51.2,7,6,1,-0.111764706,0
0.2,2.8,-0.866666667,1,184.2,-4,-4,-1,-0.050287356,1
-0.6,0.4,5.4,0.4,72.6,1,1,-9,0.02285264,1
0.35,-22,-23.95,-1.35,-30.05,-4,-7,6,-0.188888889,0
0.6,-8,-12.8,-0.4,49.3,1,-1,-2,0.108739837,1
0,0,0,0,0,3,-1,-7,-0.065972222,1
0.8,-25.13333333,-31.8,-0.666666667,-142.2,-1,-1,5,-0.17037037,0
-1,30.6,68.4,1.8,239.2,3,-2,3,0.044230769,1
0.2,6.2,3,0,70.6,-5,-3,2,-0.131756757,0
0.2,35.73333333,50.2,0.066666667,67.93333333,2,2,8,-0.05,1
-0.166666667,-7.25,-2.916666667,0.75,-114.3333333,2,2,1,0,1
0,-9.25,-16.5,-1,-122.25,1,4,-2,-0.039772727,1
0.2,14.4,16.7,0.3,27.8,-2,-6,8,0.12342216,1
0.6,-20.6,3.6,-0.2,66,-1,0,1,0.045454545,0
0,0,0,0,0,-1,0,-11,0.03,0
0.2,-2.6,14.6,-0.2,114.8,1,0,-2,0.128421053,1
0.25,-1.75,-11.75,0.5,-107,4,1,-3,-0.099206349,1
1,-2,-18,-1,57,-1,4,2,-0.102272727,1
0,-13,-63,-0.5,-92,0,7,3,-0.025641026,1
0,21.75,-28.25,-0.25,17.25,-1,0,0,0.218323587,1
0,-6,31,-0.666666667,19.5,-1,0,1,0.041353383,0
0,-16,-20,1,25,5,6,3,-0.112980769,1
0,26.5,-8,-1,-168,0,4,1,-0.051948052,1
0,9.8,0.4,1,138.4,1,-2,-2,-0.003496503,1
0,0,0,0,0,-1,1,1,0.116666667,1
0.133333333,27.66666667,48.33333333,2.6,212.4,-3,-5,-3,0.210626186,1
0.2,44.4,33,-0.2,-103,6,5,-10,0.218518519,1
0.266666667,19.2,8.333333333,1.466666667,70.4,0,1,2,0.145714286,1
0.6,-19.6,-26,0.8,-49.2,-1,-2,5,-0.157692308,0
0.6,0,-17.4,-0.8,-50.6,3,3,-1,0.088336192,1
0.4,-15,-14.8,-1,-44.8,3,3,9,-0.020034843,1
-0.25,-19,15.25,2.5,303.5,-5,-3,5,-0.117582418,1
-1,-68,-1,7,723,0,-2,3,-0.113636364,0
-0.333333333,-29.66666667,-56,0,29.33333333,2,0,-5,0.347826087,1
0.5,-76.5,-76,0,-115.5,1,6,7,-0.027972028,1
-0.2,-20.86666667,-59.33333333,-0.133333333,-44.46666667,-6,-2,1,0.233516484,0
0.2,-10.4,-7.2,0.8,94.2,-1,2,-4,0.011904762,1
0.6,-26.8,-39.8,-1,-40.8,-3,-3,7,-0.077272727,1
0,-12.2,-4.8,1,-26.6,-1,-3,7,0.073573574,1
0.4,-55.2,-53.4,0.8,48.8,-2,0,-3,-0.013605442,1
0.4,5.8,13.4,2.4,176.4,1,8,4,0,1
0,-11.4,15.4,1.4,308.8,0,1,0,0.078817734,0
0.333333333,-4,-21,-3.333333333,-167,-1,0,3,0.09009009,1
0.2,-6.8,6.2,1.6,42.3,-1,-3,0,-0.025145068,1
0,-26,-39,0.6,39.6,5,7,0,-0.2,1
0,-9.75,0.5,0.75,147.25,4,4,0,0.080103359,1
0.25,42.75,79.25,0.5,116,2,6,-2,-0.045751634,1
0,82.5,82,-1,-101,-3,-2,0,0.047727273,1
0,-39.4,-63.8,-1.4,-171.2,2,3,-4,0.061935484,1
0,-1,-1,0,0,2,2,-4,0.248251748,1
0.6,22.4,-89.6,-2,-371.6,3,11,-10,0.306426332,1
0,32.2,49,1.4,24.6,-1,0,5,0.076923077,1
0.2,-10.2,-8.6,0,-51.4,-4,-9,-1,-0.118618619,1
0,14.13333333,27.73333333,1.6,170.9333333,-1,4,0,0.200828157,1
0.2,22.4,25.6,0.8,91.8,-4,-1,0,0.070175439,0
0,-27,-40,4,37,-2,-2,1,0.204968944,1
0,0,0,0,0,0,-4,-2,-0.051612903,0
0,0,0,0,0,1,-3,9,0.121710526,1
-1.5,-34.33333333,-39,0.166666667,-96,-2,-3,-1,0.082352941,1
0.2,47.4,42,0.2,-16.8,-2,-4,8,-0.034739454,0
0,5,20,-0.5,-14,0,0,-1,-0.043055556,1
0.4,36,55.2,2.6,366.4,0,-3,-1,0.040860215,1
0.2,-20.6,-28.2,0.4,99.4,4,7,0,-0.259310345,0
0.2,35.2,54.2,-1,27.4,2,5,-7,-0.081105991,0
-0.6,7,26.6,1.6,119.4,0,2,8,-0.143152455,1
0.2,-15.4,-68,0,-232.8,-4,-5,-1,0.075291622,1
0.25,-10.75,-11.75,0.25,142.75,4,6,5,-0.074324324,1
0.25,-2.75,9.5,2,8.75,1,2,0,-0.20952381,0
0.2,35.6,7.4,0.2,-106.5,-2,0,-5,0.152777778,1
1,14.5,5,-1,-20,3,1,0,-0.013076923,0
-1.25,-13.5,-2,1.75,188,0,0,-4,0.115942029,1
0,27.4,16,-0.4,-37.6,4,7,2,-0.095238095,1
0,-19,-1,0.5,206,0,5,-4,0.090277778,0
0.2,4.4,1.2,-0.4,-14,1,1,3,0.20531401,1
0,0,0,0,0,3,8,7,-0.0567297,0
0,0,0,0,0,0,-3,-4,-0.047619048,0
0,1.8,2.2,0.2,62.4,4,3,-3,0.112857143,1
0,0,0,0,0,6,6,-2,0.070175439,1
0,0,0,0,0,4,2,-7,0.121848739,1
0,0,0,0,0,5,8,1,0.098039216,1
0,0,0,0,0,1,5,7,-0.03,1
0,0,0,0,0,-1,-2,4,-0.031674208,0
0.066666667,31.93333333,37,0.4,42,4,3,-1,-0.022995283,1
0,18,27,0.5,55,0,-4,-3,0.052173913,0
0.25,26,17,0.5,-31.75,1,-2,-5,0.092063492,0
0,0,0,0,0,4,3,-3,0.221153846,1
-0.4,-11.8,-5,-0.4,-28.6,2,4,2,0.131944444,0
0.75,16.85,7.85,-1.5,-252.15,-2,3,8,0.039215686,1
0.25,-16.25,-22.75,0.5,24.75,0,-2,6,-0.043184885,1
0.466666667,-5.6,-2.2,0.933333333,95.66666667,-6,-9,-4,-0.083333333,1
-1,3,-9.333333333,-0.333333333,-19.33333333,0,-3,4,-0.025641026,1
-0.4,6.6,8.8,2.8,70.2,1,0,8,0.131818182,1
0,0,0,0,0,0,0,2,0.267080745,1
0,0,0,0,0,0,-7,-1,-0.208333333,0
0.333333333,34.33333333,22,-0.666666667,-40.66666667,-5,-3,3,-0.285714286,0
1,-24,-41,-1,-32,-2,2,2,-0.131221719,0
1.1,19.4,18.9,-0.9,-94.4,0,-1,-6,0.125,0
0,-15.5,-81,0.5,69,0,0,7,0.077922078,1
0.2,-11,-17.2,5.8,508.4,-2,0,2,0.206349206,1
0,34.4,69.4,-0.6,6.6,5,6,-1,0.003344482,0
0.6,6.2,-1.4,-0.2,-52.8,-3,-3,-6,0.025764895,1
0,8.8,21.55,1.25,98.35,-2,-1,7,0.129129129,0
0,-47,-56,0,-1,-2,7,-3,0.051136364,1
0,-18.2,-24.2,-0.6,-18.6,-1,1,-1,0.082720588,1
0.333333333,-5.333333333,-53.4,-2,-330.4666667,-1,-1,5,0.006968641,0
0.4,-10,2.8,0.4,131.8,1,1,8,-0.084566596,0
-0.1,14.9,-4.8,-2,-245,0,-4,0,0.023809524,1
0,-1.2,-1,1.4,134.6,-6,2,0,-0.13961039,1
-1,20,12.66666667,1.166666667,143,1,4,-2,0.22705314,1
0.2,-3.4,-5.933333333,-0.266666667,-44.06666667,6,1,2,-0.075396825,1
-0.6,6,-2.6,0.4,-32.8,-2,0,4,0.0625,1
-0.3,10.75,-3.25,-0.55,-88.1,13,12,-14,0.235909823,0
0.4,-7,-2.4,-0.6,-173.2,-3,-2,3,0.00974026,0
-1,-1.8,12.5,0.2,187.4,5,4,-3,-0.033596838,1
0,20.66666667,8.666666667,-0.333333333,-144,1,0,3,-0.057142857,0
-0.8,17.6,33,1.8,272.4,3,3,3,0.096153846,1
-0.2,35.25,83.7,0.8,9.4,-1,-1,6,0.090909091,0
0.4,26.6,16.6,-0.8,64.5,-1,1,1,-0.04375,1
0,15.5,-1,-1,-57.5,-2,-1,10,-0.035789474,0
0,8.6,3,-0.8,65.4,1,0,-1,-0.05,0
0,23,71,-1,394,-3,-4,2,0.168181818,0
0,0,0,0,0,1,0,-3,0.207142857,1
-0.2,-22.6,-34.4,-0.6,-126.8,2,0,-8,0.069148936,1
0.05,20.75,16.45,0.8,96.4,0,3,3,0.08519389,1
0,33.8,34.6,1.6,61.8,0,3,-1,-0.070686071,1
0,-14.6,-9.8,0.6,175,-1,-1,5,-0.045031056,0
-0.066666667,-11.4,-0.266666667,0.8,37.86666667,0,-4,-6,0.023809524,1
0,-24.5,-43.5,-0.5,-158,5,3,-3,0.024886878,1
-0.066666667,-1.466666667,-15.13333333,1.933333333,26.73333333,-2,-4,-5,-0.096153846,1
0.2,18.4,7.4,0,-3.8,0,-4,0,-0.022058824,1
0,2.5,12,0,1.5,-1,5,1,0.083333333,1
0,0,0,0,0,-2,-11,1,0.018394649,0
0,0,0,0,0,-1,-4,1,0.015151515,1
-0.5,40.25,56.25,0,73.75,-3,0,4,-0.018826135,1
0.75,-10.7,-15.1,-0.65,-139.55,-1,-2,6,-0.068181818,1
0.6,7.4,-6.8,-1,-62.8,-5,-2,-7,0.083958021,1
-0.2,-3.2,-2.6,0.6,105.4,-2,-3,-8,0.084324324,1
-0.6,33.4,67,1.8,191.8,1,2,0,-0.151666667,1
0.666666667,-33.26666667,-64.4,-1.733333333,-175.6666667,0,0,4,-0.111888112,0
0,-9.6,-20,0.4,-7.6,6,2,1,0.095238095,0
-0.2,-26.45,-41.15,-1.95,-226.3,3,2,-9,0.24537037,0
1,41,83,-1,193.3333333,-3,-5,-1,-0.136842105,1
-1,41.5,45,0,-121,2,2,-1,-0.203296703,1
0.333333333,-5,11,-0.666666667,-109.6666667,-1,-3,5,-0.181481481,1
0,-6,-3,2,132,-2,-4,0,0.004201681,1
0.266666667,-24.8,-20.13333333,-0.933333333,141.2666667,1,2,-5,0.085434174,1
-0.4,13.8,24.4,2.8,272,-2,0,-3,0.006734007,0
0.5,11,7,0,-10,0,-2,-1,0.099217986,0
0,23.4,96.4,2.6,310.6,-1,2,-1,0.092862093,0
0.25,-15,-60.25,-1,-54.5,-1,1,0,0.055555556,1
0.2,-42.8,-35.4,1.4,65.4,0,1,-2,0.035460993,0
0,8,16,1,60,-3,-1,-6,-0.035897436,1
0,-31.4,-26.6,0.6,257.6,-1,0,6,0.070769231,0
0.6,-11.6,-23.8,-0.8,-12.4,1,3,2,-0.039402174,0
0,-8,27,1,594,-1,-5,4,-0.077380952,0
-0.333333333,-11,-7,0,144,-1,-1,-3,0.031746032,0
-0.8,23.6,60.06666667,1.933333333,189.8666667,0,0,-2,0.252941176,1
-0.3,-26,-29.6,-1.1,-183.8,-1,-3,1,-0.030612245,0
-0.266666667,-30.53333333,-0.533333333,1.8,141.2,-3,-1,-4,0.02663707,1
0.166666667,1.666666667,5.833333333,-1,-101.8333333,2,0,-6,0.012987013,0
0,15.4,27,0.2,-14.8,0,4,-1,0.192307692,1
0,-14.8,-47.66666667,-0.266666667,-209.2666667,-4,-3,2,-0.11025641,1
0,-41.5,-133,-2,-273.5,-3,0,1,-0.112820513,0
0,3.4,10.2,0,81.8,2,0,-12,0.05,1
0.2,-24.9,-5.5,3.4,91.3,1,-2,8,0.12962963,0
0.4,-1.4,-0.8,2,127.2,2,3,5,0.033333333,1
0,9,-7,-0.5,37.5,1,4,-5,-0.019490255,0
0.2,-61.4,-86,-1.6,-139.8,-1,-1,2,-0.119230769,1
0,24.8,18.6,-1.6,-203.8,-5,-3,1,-0.028846154,0
-0.05,-3.5,-20.3,-0.95,-173.3,-2,-2,2,-0.128706199,1
-0.5,-1.2,16.4,0.3,-141,-3,0,4,-0.25,0
0,2,7,-1,-132,-5,4,-9,0.065162907,1
-0.5,21.5,43,3.5,404.5,0,-1,-2,0.08041958,1
0.6,20.2,-12.6,-0.6,48.6,-2,-1,2,0.016483516,0
0.8,0.4,-18,-0.2,12.2,-1,3,2,-0.232057416,1
0,-6.333333333,11.66666667,1,193.6666667,4,2,6,-0.04040404,0
0,-38,-56.5,-1,-60,-2,-4,-4,0.14375,0
0.5,28,39.5,0,136.5,-3,1,8,0.09009009,1
0.4,30.8,21.6,-0.8,-98.6,3,0,-2,-0.123529412,0
0,2.6,9,0.4,43,-2,0,1,0.03030303,1
-0.6,-3,4.6,1.6,83,1,1,-2,-0.104575163,0
-0.2,-10.2,7.6,1,145.2,0,0,3,0.046822742,1
0.2,-16.8,4.4,-0.6,-27.2,-2,-4,4,-0.052083333,0
0.333333333,-12,-7.666666667,0.666666667,65,-1,-1,6,0.041025641,0
0.5,-3.5,13,0,34,0,-1,-6,0.072463768,1
0.1,-15.15,-20.4,-3.3,-151.15,1,0,1,-0.01625,0
0.6,24.6,28,0.4,74.8,0,0,2,-0.241341991,0
-0.166666667,-8.833333333,6.333333333,1.666666667,338.8333333,2,1,-1,-0.083333333,0
-0.466666667,-13.26666667,10.6,0.4,22,-1,-1,12,-0.19078341,0
-1,20,42.4,1.2,149.8,-3,-2,3,-0.050769231,0
-0.8,-14.6,-3.8,0.4,97.8,-3,-9,2,-0.094771242,1
0,0,0,0,0,0,-5,-1,-0.051136364,1
0.8,-9.8,-6.4,0,51.4,-5,5,4,-0.312820513,1
0,22.6,28.45,-0.1,-46.15,-3,-2,-4,0.134615385,1
0.066666667,-6.533333333,10.66666667,1.466666667,57.93333333,-1,1,9,-0.033771107,1
1,54,109,4,559,1,2,-4,-0.058823529,1
0,0,0,0,0,2,-1,4,-0.120300752,0
0.2,-13.8,-30.4,-0.4,-60.8,-1,3,-7,-0.074285714,1
0,-10.5,25,1,162.5,1,4,-1,-0.055555556,0
0,4,20,-1,8,1,1,3,0,1
0,-41.5,-22.5,0,89.5,1,1,-2,-0.022510823,0
0.2,-21.6,-20.8,-0.2,73.6,2,2,7,0.111111111,0
0,0,0,0,0,-1,-3,-1,0.102941176,1
0,0,0,0,0,3,-1,3,-0.156739812,0
-0.2,11.2,15.6,1.4,68.6,1,0,2,0.069023569,1
0.25,-12,-24,1.25,119.5,-3,-5,-4,0.126358696,1
0.4,-37,-61.8,-0.2,-16,-1,-1,2,0.134539732,0
-0.2,15,47.2,0.6,96.6,-7,-4,1,0.120098039,1
0,0,0,0,0,2,7,4,0.004807692,1
0,0,0,0,0,3,4,-2,0.157692308,0
0,-35,-50,-1,-50,1,-5,1,0.17032967,0
0,-14,-10,2.4,187,-3,-6,2,0.14562212,1
-0.2,10.2,34.8,1,170.6,-4,-3,6,-0.033771107,0
0.2,12.8,13,-1.8,-156.4,-3,-6,11,-0.292753623,0
0.2,-22.4,-24.8,-1.4,-62.2,1,2,2,0.136507937,0
0,-3.4,-10.6,-1.4,-11,0,2,10,0.072916667,1
0,-20.33333333,-23,0.333333333,32,-1,-4,2,0.052631579,1
-1,15.33333333,52,3,270.3333333,1,3,-3,-0.0875,1
0,-25.5,15,4,490,1,3,-2,-0.049450549,1
0,-10,-0.5,1.5,258,1,0,1,0.106446777,0
0.6,-48.8,-36,0,-15.4,0,0,4,0.123839009,1
-0.333333333,25.16666667,25.33333333,1.5,98.5,-3,-2,4,0.01010101,1
-0.2,24.2,69.8,6,550.2,-3,1,3,0.232919255,1
0,-13.6,-7.2,1,-4.4,-3,-3,-1,-0.048433048,1
-0.066666667,-2.333333333,-5.066666667,0.466666667,47.86666667,3,4,2,0.050675676,1
-0.4,11.4,36.4,2.4,327.4,0,5,3,0.052821128,0
0.15,29.1,33.75,0.2,46.6,-5,-5,1,-0.125,0
-0.4,8.2,21.4,0.4,55,-1,3,1,0.043137255,1
0.4,47.8,57.8,0.6,91.8,5,8,5,-0.130541872,1
-0.1,19.05,24.75,1,60.8,1,2,1,-0.041666667,0
0.5,12.5,25.5,0,37,2,-1,1,0.123376623,1
0,25.66666667,35.26666667,-0.533333333,-75.86666667,4,7,-3,0,1
0.25,-6.5,-15.5,-0.75,-24.25,0,-5,8,-0.051597052,1
0,26.8,11.2,-0.333333333,-187.3333333,1,-1,-3,-0.062872629,0
0.2,3.5,7.8,-0.4,-6.1,4,6,-2,0.055555556,0
-0.8,-3.6,25,0.6,162,3,3,-1,-0.097142857,0
0,6.8,8.4,0.8,178,3,2,0,0.179487179,1
0,-23.4,-69.4,-1.4,-173.8,-1,0,2,0.077922078,1
0,-36,-55,-1,-44.66666667,-3,-4,6,0.122807018,0
0.5,-0.75,-0.75,1.25,111.75,0,1,-5,0.03125,1
0,-3.8,-12.6,-0.8,51.2,3,4,-1,-0.116666667,1
0,-88,-109,0,-13,2,2,14,-0.050862069,0
0,64.33333333,87.33333333,1,-231.3333333,0,4,1,-0.090909091,1
0.8,-7.2,-57.2,-2,-341.6,-2,-2,2,0.130555556,1
0.266666667,-21.13333333,4,-0.333333333,75.93333333,-1,0,8,-0.012987013,1
-0.333333333,-73.33333333,-116.6666667,-0.666666667,-87.66666667,1,1,1,0.109243697,1
-0.333333333,33.26666667,114.7333333,3.8,410,0,0,6,0.132239382,1
0,35.8,54,2.2,292.8,2,5,2,0.00952381,1
0,-19.2,-21.8,-0.8,11.8,4,1,7,0.039377289,1
0,3,18,0,243,-1,6,2,0.014492754,1
0.2,13,12,2.4,57.4,1,1,-5,-0.054629097,1
0.5,16,29.5,0.5,113.5,0,-5,1,-0.151515152,1
0,-2,-20,-1,-60,5,1,5,0.033333333,1
0.4,-8,-19.8,0,-70,0,2,5,0.059684685,0
0,38,37,-3,-130,-2,-1,1,-0.015789474,1
0.4,20.4,24,1.4,157.2,2,-3,-3,0.107096774,0
0.8,-15.2,-26,0.2,32.4,-3,-4,-9,-0.092753623,1
0.5,3.5,-13.5,0,-52.5,-2,-1,1,-0.09487666,1
-0.333333333,-4,-9,-2.8,-224.2666667,1,2,0,0.049450549,0
0.6,2.4,-15,-2.8,-197,1,2,-7,-0.061447811,1
0.4,11.8,11.6,2.2,184,4,2,6,-0.00245098,0
0,-6.5,-8.5,2,111.5,-2,-2,-1,0.125967628,1
-0.2,-11.4,3.4,1.6,217.4,-1,-1,-1,0.11965812,1
0.25,-25.25,-26,-0.5,-74,3,3,-1,-0.051523948,0
0,-25,25,1,288,2,0,4,-0.022058824,1
-0.133333333,-16.2,-28.8,-1.8,-160.7333333,7,4,-6,-0.082608696,1
0.2,-39.8,-46.8,-0.4,-57,2,-1,-2,0.168831169,1
0.25,-11,-6.25,1,43,-1,0,1,-0.004135649,1
0,-49.13333333,-64.4,-2,-341.4,2,5,-5,0.259615385,0
0.4,42.1,95.7,-2.5,-133.7,4,6,-4,0.167464115,1
1,-44.3,-39.8,-0.2,-22.7,3,6,-4,0.015384615,1
0.2,3.8,-8.4,1.8,41.8,3,0,-2,-0.092071611,0
0,0,0,0,0,0,1,-7,-0.066666667,0
-0.25,17,17.25,-0.5,-173.25,0,-1,5,0.017482517,0
0.2,-26.6,-37.2,0,70.4,2,3,6,-0.26,0
-1,-15.16666667,4.666666667,1.5,173.1666667,1,2,0,-0.092307692,0
-0.1,46.75,53.8,1.8,196.6,4,10,-10,0.315517241,1
0.133333333,-11.8,-39.86666667,-1.6,-82.86666667,1,-1,2,-0.122222222,0
-1,47.2,41.8,0.8,-19.4,0,1,1,0.102564103,1
0,-6.4,-18.6,0,19.2,2,7,2,-0.122222222,1
0.466666667,16.2,13.53333333,0.4,-7.466666667,-2,-4,6,-0.084139265,1
0.4,4,17,-0.4,76.7,-3,-1,5,0.074231177,0
0,-16.6,-11.4,0.6,76.8,0,2,-3,0.141025641,1
0.25,10,-41.5,-1.5,-197,1,4,12,-0.077777778,1
0,-14.5,64.5,7.5,469,5,0,-2,0.285714286,0
0.25,-10.75,-40.25,-0.5,-46.75,2,-4,3,-0.150895141,1
-0.666666667,4.666666667,15.66666667,1,174.6666667,-6,-10,0,0.12254902,1
0.2,12.4,-39.8,-0.6,-313.8,3,6,1,-0.016203704,1
0.05,-13.8,19.35,0.85,232.9,3,2,-2,0.09772296,1
-0.4,43.6,38.6,0,0.6,4,2,0,0.039245283,1
-0.2,24.95,13.05,-0.1,12.2,-1,-5,1,0.147093023,0
0.4,-6.6,-27.4,0.6,205,0,6,1,-0.060869565,1
0.5,-10.5,-6,1,21,-3,-2,1,-0.057142857,0
0.5,28,63.5,2.5,340.5,-3,-3,0,-0.131868132,1
-0.8,13.2,21.2,0.4,-89.2,3,2,7,-0.05,0
0,11.33333333,-15.33333333,0.666666667,-1.333333333,0,3,7,-0.005797101,0
0,-23.33333333,-39.33333333,-0.666666667,-8,3,8,-2,-0.186594203,0
-1,-2.4,35.4,0.6,5.6,1,-1,-8,0.047619048,1
0.2,14.4,23.6,0.4,-5,-2,-2,-4,-0.023281596,1
0,-1.4,-12.2,-1.2,-81.4,-1,0,5,-0.071428571,1
-0.133333333,-5.2,-16.6,-3.6,-155.8666667,2,0,0,-0.019886364,1
0.2,7,31.8,0.2,109.2,0,2,3,0.214285714,1
0.4,-49.5,-53.75,0.15,-20.05,7,3,-1,0.103618421,0
0,-0.2,2.8,1.4,276.8,2,5,2,0.00952381,0
0,-14,-45.5,1.5,-5,5,7,-4,0.036842105,0
0,-18.5,-8,1.5,324,4,4,-6,0.037037037,1
0,-12.6,-43.6,-0.2,-98.6,-1,-1,-6,0.051612903,1
0,0,0,0,0,0,-3,-1,0.087912088,1
0,-17.33333333,-33.33333333,-0.666666667,-59.66666667,0,-3,8,-0.029828109,0
-0.2,5.6,-8.4,-1.8,-144.6,-3,-3,3,0.155080214,0
0.2,-30,-5.4,2.2,142.8,4,7,9,0.026026026,1
-0.25,2.75,30.75,2,370.25,-1,0,4,0.046822742,0
2,23.2,2.8,-2.6,-198,-3,-6,10,-0.060606061,0
0,7.833333333,-10.33333333,0.583333333,-122.9166667,-1,1,-5,-0.156156156,0
0,-14,-3,1.5,31.5,1,1,-2,0.031746032,0
0.2,-18.8,-28.6,0.6,91.2,2,2,9,-0.191666667,0
0,-17,-27,2,124,3,3,0,-0.005882353,1
-0.333333333,16.66666667,29.33333333,-0.666666667,55.33333333,2,1,6,0.092063492,1
0,-21,-14,0,16,2,1,-1,-0.018382353,0
0.4,7.55,-1.25,-0.75,-29.15,-2,-7,6,0.033333333,0
0.25,-40.05,-56.35,0.9,11.4,1,0,0,0.091612903,1
0.6,39.6,67.4,3.4,345.6,2,-1,10,-0.044117647,1
-0.5,-25,-36.5,-1.5,-172.75,-3,-3,-4,0.097051597,0
-0.5,22,11.5,-0.5,202,0,1,-4,0.264090177,1
0.4,-61.45,-59.3,-0.15,81.4,-5,-5,-4,0.081632653,1
0,-23,-28,0.25,-94.75,-4,-7,6,0.07183908,0
0,16,19.5,0.75,-151.25,-2,-5,7,0.013333333,1
0,-6,-51,2.25,-25.5,-1,1,4,0.007692308,0
0,32,51,1,60,-1,4,-3,0.112299465,1
-2,16,-26,0.5,-102,0,3,2,0.18128655,1
1.4,-27,-144.4,-4,-607.4,1,4,2,0.096464646,1
-0.2,19,26.8,0.2,9.8,0,3,-4,0.117866005,1
-0.2,15.6,5.2,-0.4,-49,-2,-5,8,0.073529412,1
0.2,-9.4,-29.4,0.4,51.2,1,4,-4,0.128205128,0
0,26.66666667,17.66666667,2.25,172.8333333,-6,-6,2,0.16722408,1
-0.166666667,-26.66666667,-35,-0.166666667,-49.33333333,0,-6,2,-0.008534851,0
0.8,13.2,4.066666667,-2.333333333,-101.2666667,-1,0,-5,0.031304348,1
-0.6,-2.2,-10,-0.6,-217,0,1,5,-0.29787234,0
1,-41.25,-74,-3.75,-159.25,-1,0,2,-0.005050505,1
-0.25,-2.25,13.5,0.166666667,-14.5,0,0,0,0.061965812,0
0,-8.8,6.6,2,218.6,-3,2,2,-0.034285714,1
0.2,-3.8,-4.4,0,-6.2,-2,-2,-2,-0.076388889,0
0,0,0,0,0,1,6,-3,-0.080952381,1
0,0,0,0,0,0,0,-3,0.01754386,0
-0.25,18.7,-5.85,-3.85,-301.35,3,4,-1,-0.106060606,1
0,1,29,2,286.5,1,2,4,-0.01532567,0
0,0,0,0,0,-1,-2,-8,0.064263323,0
0,0,0,0,0,2,-1,1,-0.013167013,0
0,0,0,0,0,1,2,-4,0.246376812,0
0,0,0,0,0,0,-1,2,-0.07239819,1
0,0,0,0,0,3,0,2,0.131016043,1
0,1,4,-1,90.5,-4,4,-10,0.023809524,0
0.8,23.4,11,-0.6,-171.6,2,0,2,0.016666667,1
0.4,30.8,8,-0.2,16.8,2,2,-8,-0.102272727,1
0.333333333,12.91666667,37.58333333,-0.5,151.75,1,-2,8,0.099130435,1
-0.5,20.2,27.4,-0.5,15.2,0,-1,-1,-0.126262626,0
-0.5,33,100,0.5,316,3,2,-1,0.029304029,0
0,-4.5,29,3,321,-1,6,-2,-0.066666667,1
0.2,14,29.6,1.4,167.4,-2,2,1,0.011904762,1
0,36.5,55,-0.5,-9.5,4,1,1,-0.173737374,1
0,-13,7.6,3,150.2,-2,-3,5,0.065637066,0
0.2,26.8,53.2,2.2,188.6,4,6,0,-0.088888889,1
0.2,20.93333333,40.46666667,1.266666667,108.8666667,3,0,-1,0.036363636,1
0,8,15.5,0.5,-2,-1,-3,5,0.211594203,1
0,-13.75,-43.75,0,15,-2,2,-2,0.177777778,1
0.5,-8.2,-62.2,-2.4,-442.9,2,4,-3,-0.025132275,1
0.4,-9.4,-1,1.4,81.4,1,2,8,-0.033771107,1
0,-25.83333333,-38,-1.5,-121,2,3,-2,0.044444444,1
0.2,29.1,61.7,1.6,149.3,-2,-2,1,0.016025641,1
0.333333333,-12.33333333,-78.33333333,-0.666666667,-155.6666667,4,3,7,-0.189542484,1
-0.2,18,9.2,-0.4,-165.4,2,-2,2,-0.169354839,0
0,-65,-102,0,-183,1,7,1,-0.084321476,1
0,33,32,-4,-194,6,5,-2,0.028421053,1
0,0,0,0,0,1,-4,5,0.030769231,1
0,39,40,0,-10,-2,0,-2,-0.07239819,1
-0.333333333,-31.5,-45.33333333,-0.333333333,-108.6666667,0,-3,-8,0.033333333,0
0.4,-15.6,-13,1.2,-64.2,-3,-1,-3,-0.066827697,0
0,0,0,0,0,3,5,0,0.064102564,1
-0.2,6.933333333,5.466666667,0.866666667,324.0666667,2,0,4,-0.150572831,0
0,7,7,0,7,3,0,-3,0.057142857,1
0,0,0,0,0,-1,-2,-6,0.047619048,1
0,0,0,0,0,-1,3,-3,0.142857143,1
0,0,0,0,0,2,4,-2,0.142857143,1
0,0,0,0,0,1,5,9,0.032036613,0
0,0,0,0,0,0,2,-1,0.072115385,1
0.5,-14,-22.5,-1,-29.5,0,0,3,-0.193675889,0
0.6,35.6,30.4,-0.8,-141.4,1,-2,-5,0.079310345,1
0.6,-9.6,28.4,1.6,171.8,-3,-5,-3,0.210626186,1
-0.3,-27.4,-11.5,-0.1,127,-4,-4,8,-0.174603175,1
0.5,-2,-2.5,1,126.5,0,11,1,-0.046153846,1
-0.6,-30,-25.4,0.2,-29.5,7,2,-11,0.074534161,1
1,-7.25,-40.5,0,-179,-3,-7,-3,-0.040650407,0
1,35.25,23,-4,-164.25,3,4,-2,-0.024671053,0
0,11.2,4,-2,-89.8,-1,-7,3,0.043123543,0
0,-23.6,-6.8,0.2,42,2,4,-4,0.114285714,1
0,15.8,50.5,3.6,494.9,-3,-2,8,-0.144230769,0
0.2,7.8,5.8,2.2,107.6,2,3,-3,-0.138655462,0
-0.5,31.16666667,69.83333333,2.833333333,309.6666667,-1,1,10,0.120634921,1
0.5,-27.5,-32.5,-1.25,-170.25,-2,0,2,-0.07,1
0,26.8,15,-2.2,-282.2,0,6,8,-0.142045455,1
-0.2,8.8,-7,-1.8,-112.6,4,2,3,0.09591195,1
0,-32.33333333,-75,0.333333333,-155.3333333,0,0,-1,0.02016129,1
0.3,-62.7,-98.3,-0.2,-88,-1,-1,1,0.006456241,1
-0.2,-26.2,-47,-1,-165.8,3,6,8,-0.015243902,0
-0.333333333,-35,-45.33333333,-0.333333333,52,3,1,-3,-0.176136364,1
0,-29.66666667,-27.66666667,0,26.66666667,3,2,-5,-0.143236074,1
0.2,28.4,46,1.4,209.2,-1,0,-3,0.175039246,1
0.2,2.7,16.8,1.1,169.1,0,2,-12,0.010204082,1
0,13,37,0,34,-1,-2,1,-0.016260163,0
0,-16,-48,0,-58,0,-1,-3,0.116161616,0
0,67.8,84.4,-0.2,2,4,5,-2,-0.038095238,1
-0.8,-0.4,9.8,0.4,128,1,4,6,-0.085164835,0
-0.2,-16.8,-10.2,0.2,-2.4,-6,-4,4,0.011396011,0
0.2,-40.8,-38.6,0,-42.2,-5,-8,-2,-0.10952381,0
-0.166666667,5.416666667,2.416666667,0.5,-82.25,1,3,2,0.134520885,0
1,-33,-51,-1,-57,-4,0,2,0.018487395,1
0.2,1.2,-86,-0.6,-138,0,6,0,0.048582996,1
0,-34,-41,-1,-60,0,-4,6,-0.108333333,1
0,-22,-10.75,2.75,142,-2,-3,4,-0.097643098,1
0.666666667,10.66666667,11,1,53,-7,-7,-3,-0.096153846,1
0,25,75,2,88,2,2,0,-0.142857143,1
0.2,6.6,-7.6,0.933333333,76.6,2,-2,3,-0.181818182,0
0.4,8,-4,-1.2,-108.4,4,9,-8,0.261813538,1
-2,14.75,26.5,3,198,-1,0,-7,0.210702341,1
0.8,5.8,-5.066666667,-1.533333333,-200.4666667,0,0,-2,-0.06918239,0
-0.666666667,17.33333333,70.33333333,-2,34.33333333,0,6,10,0.02066487,0
0.4,19,26,0.2,45,1,-1,-3,-0.070652174,0
0,2.8,25.3,2.2,233.3,-2,3,-2,0.03280543,1
0.5,-14.25,-27,0.5,113,5,6,-4,-0.065714286,1
-0.6,6.6,22.8,1.4,111.2,0,0,2,-0.076068376,1
0.666666667,-36,-43.66666667,-1,-30.66666667,-5,-7,-5,0.095238095,0
-0.4,8.2,55.8,1,31.2,-1,-1,6,-0.063636364,1
0,-12.5,-27,0.5,173.5,2,-1,-5,-0.015503876,0
0,48,40,0,-19,-4,0,-2,-0.1,1
0.4,-5.8,-25,0,-102.8,3,5,-5,-0.067692308,1
0.6,8.6,35.8,0,100.8,1,2,1,0.033333333,1
0.6,-17.8,-27,1,111.2,0,1,3,-0.083333333,0
0.266666667,-1.2,16.66666667,-0.466666667,-72,0,3,3,-0.054298643,1
0.4,-11.4,-48.6,-5.4,-471,4,6,1,-0.227272727,0
0,-7,-8,0,-19,0,2,4,-0.014146773,1
-1,-16,-28,0,17,-2,-4,6,0.021978022,0
0.5,7.75,-1.75,-0.75,-27,6,12,9,-0.163009404,1
1,11,23,2,223,-2,-1,1,-0.06116643,1
0,0,0,0,0,0,4,6,-0.014285714,1
0,0,0,0,0,2,10,1,0.102766798,1
0,42.5,68,1,44,1,4,-2,-0.142857143,1
0,0.6,7.6,-0.2,-113,-3,-2,-1,-0.135477583,0
0,17,10.5,1.5,57.5,-1,-4,-8,0.053639847,1
0,-2,33.66666667,4.333333333,247.3333333,-2,2,-2,0.177777778,0
-1.333333333,21.66666667,12,2,19.66666667,0,2,-5,-0.100600601,0
0.333333333,-55,-150.1666667,2,213.8333333,-2,-2,2,-0.11,1
0.2,-22.2,-33.6,0.2,63.4,-1,6,8,-0.185714286,1
0.4,-52.2,-104.2,0.2,-3.6,2,3,3,0.011805556,0
0.25,-17.25,-30,0.25,53.25,0,0,6,-0.004807692,0
0,-18.33333333,-17.33333333,3,280,-1,2,-4,-0.093333333,1
0,10.5,6.5,1,176.5,2,3,5,0.044444444,0
0,0,0,0,0,1,0,4,-0.074074074,0
-0.133333333,13.53333333,-31.26666667,-2.6,-358.4,-3,-2,2,-0.09772296,0
0.2,14.8,24.6,-1,-11.8,-1,-1,5,-0.066326531,0
0.133333333,-12,-12.6,-1.2,-88.66666667,-6,-10,1,-0.248248248,1
0,-1.416666667,-4.25,0.666666667,17.33333333,-2,3,4,-0.075,0
0.4,-3.8,-13.4,-2.4,-37.4,2,1,0,0.121483376,0
-1,7,41,2,413,2,3,0,0.064344461,1
-0.2,2.5,47.5,1.8,159.9,0,1,-3,0.069518717,1
0.25,-29.25,-47.75,-1,-40,0,1,-2,0.047619048,1
0,-13.5,-79,-3.5,-198,-2,0,5,0.231481481,0
0,-12.6,18.4,5.6,259,-2,-2,5,0.188811189,1
0.666666667,-12,-2.666666667,0.666666667,-27,4,5,-2,-0.02375,0
0,-37,-56,-1,-37.5,3,6,6,0.233918129,0
-0.4,20.6,11,-1.2,56.4,1,1,4,0.030632411,0
-0.8,-42,-45.4,-1,-31,7,7,-4,-0.068322981,1
0.4,9.2,-54.4,-2.2,-402.2,-1,-2,14,-0.06684492,0
0,54,62,1,-289,-1,1,4,0.133333333,1
-1,-26,-32.5,0,-39.5,-5,-8,-2,0.199275362,1
-0.5,13.5,13.5,0,-40,-2,-4,4,0.13022113,1
0,-4.5,-7,0.5,355.5,2,1,-3,-0.162393162,1
0,0,0,0,0,0,2,-2,0.074303406,0
0,0,0,0,0,5,6,-3,-0.104705882,1
-0.2,40.8,78.8,0,24.6,-1,1,1,0.026570048,0
0.4,-0.5,5.05,0.1,47.8,-4,-4,1,-0.116161616,0
0,-22.4,-46.6,-1.2,-164.6,2,2,3,-0.101190476,1
0.5,13,16.5,0,10.5,1,4,-5,0.235142119,1
0.2,0.8,-20.2,-0.8,-148.4,1,-1,1,-0.184593023,1
0,17,14.66666667,1,247.6666667,-2,3,2,-0.021428571,1
0,5,-9.333333333,0,-115.1666667,3,4,-4,-0.05952381,0
0.2,-13.3,-2.2,1.2,82.4,0,3,2,-0.088888889,1
0,-4.4,15.4,2,273.2,6,7,-3,0.034965035,1
0,-12,-8.666666667,1.333333333,94,0,4,7,-0.05,1
0,0,0,0,0,1,-6,3,0.052036199,0
0,-10.8,-27.4,0,-173.4,-2,-4,5,-0.105820106,1
-0.2,-19,95.2,2.4,655,0,-2,2,-0.11013986,1
0,9.266666667,19.86666667,0.466666667,87.46666667,-1,-6,7,0.051282051,0
0,17.4,-10.2,-1.2,-67.8,2,2,3,-0.047619048,1
0.333333333,-17.66666667,10.33333333,2.666666667,184,-5,4,-1,0.166666667,1
-0.2,-24,-63.2,0.6,-78.2,-5,-2,-2,0.146103896,1
0.2,-23.2,-30.6,-0.4,-20.4,2,5,-5,0.023100304,1
0.333333333,9.333333333,12.66666667,0,0.666666667,0,1,-7,-0.042929293,1
0,28.8,55.8,-0.4,131.6,-3,-7,-4,-0.094470046,0
0,22.5,19,0,164.5,-1,-1,2,-0.051351351,1
0.8,2.8,-10.2,-0.6,-102.2,1,0,0,-0.026666667,0
0.2,2.6,-25,-0.6,-79.6,-1,-2,5,-0.092307692,0
1,-9,-23,-1,-2,-2,3,4,0.07814992,1
1.2,2.6,-17.46666667,-1.333333333,-221.4,-7,-7,7,-0.193939394,1
1,9,21.2,0.4,153.8,-2,-3,5,0.053291536,1
0,-14,-25,0,0,-2,-2,16,-0.357142857,0
0,8.2,36.6,1.2,221.2,0,-4,-1,0.021885522,1
0,-25,-35.5,2,62,1,2,8,-0.177018634,1
0,0,0,0,0,-1,0,3,-0.092063492,1
0,-40,-59,-1,-60,0,0,-3,-0.285714286,0
0.5,27,42,-2,123,1,4,-1,-0.020703934,1
-0.133333333,-7.6,-31.8,-0.8,-184.8666667,-2,-4,7,-0.135714286,1
0,-5.4,4.8,-1.2,-49.2,-6,-2,2,0.112794613,1
1,-36,-53,-1,-55,1,2,-3,0.045918367,0
0.8,33,32.4,1.133333333,69,-2,2,0,-0.130325815,1
-0.6,-45,-13.8,1.8,127.8,-2,0,0,0.125,1
0.4,-23,-39.2,-0.6,-29.8,-3,7,5,-0.242857143,1
0,-8.4,3,4.6,244.4,3,3,-5,0.229390681,1
-0.2,-17.3,-43.3,-1.1,-29.3,-2,0,-5,-0.058536585,0
0,-11,-5,-1,74,-1,3,-9,-0.071428571,1
0.4,-12,-3.2,1,227.8,-1,1,3,-0.087121212,0
-0.1,4.7,26.7,-0.35,33.35,-1,3,-2,-0.050673854,1
-0.6,10.4,97.6,1.6,378.6,3,5,5,0.118503119,0
-0.4,4.8,10.4,1,24,-5,-5,16,0.079120879,0
0,102.6666667,89.66666667,-4.666666667,-183.3333333,-3,-1,4,-0.233082707,0
-0.25,26.6,0.25,-0.2,-155.85,-1,-3,-3,-0.171717172,1
0,61,40,-1.5,-211,4,4,-1,-0.058201058,0
-0.5,-37.9,-33.7,2.7,346.6,2,0,-5,0.146153846,1
-0.6,-11,-1.6,1.4,162.8,0,0,6,0.030769231,1
-0.5,-35.2,-30.3,0,-61.1,-1,0,1,-0.130769231,0
-0.6,12.4,18.8,1.4,156,3,10,-9,0.215517241,1
-0.2,-0.6,-14.4,0.8,67.6,0,2,-3,-0.152037618,1
-0.05,-0.65,5.4,0.55,22.35,1,-1,1,-0.084066471,0
-0.5,-3.833333333,-15,0.666666667,149.1666667,-1,2,0,0.135869565,0
0.5,6.25,10.5,-0.75,-87,1,-4,5,-0.055,0
-0.6,28.8,37.2,-0.8,106.2,1,3,2,0.001283697,0
-0.25,22.75,47.75,-0.5,-2.25,4,2,-3,-0.022222222,0
0.8,50.4,30.4,-1.4,-303.8,-1,-4,-10,-0.059360731,0
2,-17.5,-18,-1,-46.5,4,7,-5,-0.061827957,0
0,-21,-30.8,-1,-67.4,0,7,3,-0.008403361,1
0.5,-9.75,-5.5,-0.5,111.5,-2,-1,7,-0.066666667,0
0,0,0,0,0,-1,-1,-2,-0.039772727,0
0.2,21,9.2,1.2,-18.8,0,6,1,0.072261072,1
0,0,0,0,0,1,-2,-1,0.012820513,1
0,0,0,0,0,3,1,-2,0.135549872,0
-0.1,-6.2,-19.2,0.6,-112.1,2,3,-8,0.046452703,1
0,0,0,0,0,-7,-8,-1,0.049019608,0
0,0,0,0,0,-5,2,-3,-0.346153846,1
0,0,0,0,0,1,6,-1,-0.023715415,0
0,0,0,0,0,4,2,5,-0.023809524,1
0,0,0,0,0,5,1,-6,-0.105555556,1
0,0,0,0,0,-1,-1,2,0.156521739,1
0.2,-8.2,-21.8,-1.6,-202.6,2,2,-11,-0.022314478,0
0.6,-19.8,-34.4,-0.6,-27.6,2,4,-4,-0.020833333,1
0,25.5,26.5,0.5,-12.5,-1,-3,1,-0.008361204,1
-0.2,15.6,46.8,2.6,186.8,-3,-1,-2,-0.062169312,0
0,-5.4,8,-1.8,90.2,0,0,5,-0.022058824,1
0.6,-3.6,-27.2,0.2,-130.8,3,3,-8,0.035714286,1
0,1.5,-11.5,2,123.5,1,1,-7,0.082251082,1
0.2,5.4,1,-0.4,-25.2,-2,-4,1,-0.041666667,0
0.2,-1.6,-8.8,2.2,-52.4,2,1,1,0.049066435,1
0,17,38.5,-4.5,-198.5,2,8,6,0.102915952,1
-0.1,-6.1,2.1,1,-8.7,-3,0,0,-0.010457516,0
0,4.5,15.5,0.5,-37,0,-4,3,0.037037037,1
-0.2,-17.8,38.4,2.2,247.4,-3,0,2,0.123529412,0
0,-45.1,-74.1,-2.6,-179.2,-2,0,2,-0.140860215,0
-0.5,62.5,77,2.5,360.5,-4,-1,-6,0,1
-1,24,43,0,-47,0,-1,-1,-0.032467532,0
0.2,-18.1,-43.3,0.1,-28.4,0,1,-2,-0.184210526,1
0,-24,-42,-1,-34,-2,1,2,0.125,0
0,-71,-85,2,134,1,1,6,-0.025641026,0
0,-21.5,-25.5,0,39,3,1,-7,-0.070512821,1
0.2,23,58,-0.2,253.6,-1,2,3,-0.033602151,1
0,33,76,-1,-52,3,8,-10,-0.083333333,1
-0.2,-0.2,41.8,-0.8,-20,-1,2,-2,-0.033333333,0
0,-6,-37,-5,-451,0,-2,9,-0.149672033,0
0.6,9.2,12.4,-0.4,31.4,-2,1,-5,-0.109022556,1
0.416666667,40,40.58333333,-0.666666667,-54.25,3,6,-1,0.055172414,0