kd_diff,sig_strike_diff,total_strikes_diff,td_diff,ctrl_time_diff,height_diff,weight_diff,reach_diff,age_diff,winrate_diff,winner
-0.39999999999999997,49.19999999999999,93.80000000000001,0.6000000000000001,19.2,4,0,0,1,-0.10477453580901852,0
-0.09999999999999998,14.799999999999997,16.799999999999997,-1.0,-29.5,5,0,6,13,-0.23015873015873012,0
0.25,1.0,16.0,-1.0,-22.5,-2,0,-1,12,-0.07222222222222219,0
-0.6,2.6000000000000014,29.0,0.0,30.60000000000001,2,0,2,-1,0.14488636363636365,1
0.2,14.0,-42.0,-1.0,-302.0,3,-19,6,-2,-0.014285714285714346,0
0.4,5.399999999999999,-13.399999999999999,-0.6,-41.0,1,0,-1,9,-0.1581818181818182,1
0.0,-11.0,0.7999999999999972,0.19999999999999996,53.599999999999994,3,0,5,6,-0.2927536231884058,0
0.0,-21.6,-19.4,0.19999999999999996,131.0,-2,0,3,7,0.03260869565217395,1
0.0,13.0,-5.0,0.0,-14.0,-2,-9,-1,5,-0.20833333333333337,0
1.0,64.2,94.8,0.8,54.80000000000001,3,0,1,9,-0.13333333333333341,0
0,0,0,0,0,-1,0,-1,-4,-0.1428571428571429,0
0.0,15.299999999999997,-22.799999999999997,-0.8,-311.9,-2,0,-5,11,0.04040404040404044,1
0.0,-0.20000000000000284,54.80000000000001,6.3999999999999995,209.20000000000002,-1,0,1,2,0.007692307692307665,0
-0.6000000000000001,-49.599999999999994,-63.80000000000001,5.2,430.40000000000003,0,0,2,11,-0.05555555555555547,0
-0.4,70.8,59.39999999999999,-0.9999999999999998,-191.79999999999998,0,0,0,7,-0.22861842105263153,0
-0.2,21.999999999999993,21.799999999999997,1.0,-1.0,-6,0,-6,11,-0.18939393939393934,0
-0.6,21.2,31.0,0.6,68.6,-1,0,2,9,-0.13214285714285712,0
-0.6,16.6,82.0,2.4,488.0,0,0,-1,1,0.0346153846153846,0
0.0,-19.8,-19.999999999999996,-1.2,-65.4,0,0,2,-1,-0.2023529411764705,0
-0.2,36.400000000000006,33.8,-0.40000000000000013,1.4000000000000057,0,0,-2,-5,0.12235294117647055,1
0.2,4.799999999999997,-15.200000000000003,-1.4,-214.39999999999998,-3,0,-6,3,0.027972027972027913,0
-0.4,81.2,79.6,-0.6000000000000001,-25.199999999999996,2,0,2,-1,-0.22718052738336714,0
-0.19999999999999996,31.0,27.799999999999997,0.39999999999999997,53.6,-4,0,-2,9,0.006578947368421018,0
-0.25,3.75,22.0,1.0,59.5,-3,0,-4,-2,0.2222222222222222,1
0.3333333333333333,18.666666666666668,8.833333333333332,0.3333333333333333,-104.5,-3,0,0,-7,0.33333333333333337,1
-0.3333333333333333,-17.2,1.0666666666666629,1.8,175.26666666666665,2,0,-2,6,-0.1826625386996904,0
0.0,5.800000000000004,10.600000000000009,2.8,264.8,-5,0,-3,-6,0.2359667359667359,1
0.0,25.400000000000006,39.2,1.5999999999999999,83.59999999999997,-4,0,-2,9,-0.11685823754789271,0
0.39999999999999997,14.600000000000001,24.6,0.39999999999999997,46.199999999999996,2,0,-1,-2,-0.014992503748125885,1
-0.25,53.0,50.849999999999994,-3.65,-239.55,3,0,3,10,-0.17647058823529405,0
0.15000000000000002,28.0,28.700000000000003,-0.15000000000000002,-133.65,0,-5,0,-1,0.01388888888888884,1
-0.2,-10.399999999999999,-11.0,-0.7999999999999998,112.80000000000001,3,0,7,-1,-0.025000000000000022,0
0.0,-1.5,-5.0,2.0,223.5,-1,0,1,4,-0.21052631578947367,0
0.4,30.0,40.599999999999994,-0.6,148.8,-1,0,0,10,-0.07999999999999996,1
0.0,-6.600000000000001,-35.2,-4.3999999999999995,-370.40000000000003,2,0,0,2,-0.17032967032967028,0
0.0,30.333333333333336,45.666666666666664,1.0,51.0,-1,0,2,-11,0.2666666666666667,1
1.0,-35.5,-58.5,-1.0,-284.0,0,0,0,-1,-0.07499999999999996,0
0.0,26.299999999999997,47.8,1.3,15.0,-4,0,-2,-5,0.030303030303030276,1
0.0,-13.0,27.5,1.5,512.0,-1,0,-1,-7,0.1428571428571429,1
0,0,0,0,0,3,0,0,-1,-0.017857142857142905,0
0.0,48.400000000000006,37.2,-2.1999999999999997,-268.2,1,0,3,-5,-0.10837438423645329,0
-0.2,-13.399999999999991,9.199999999999989,1.0,-94.80000000000007,1,10,3,1,0.0,1
-1.0,-5.800000000000004,76.19999999999999,4.2,436.6,-2,0,-7,7,-0.09999999999999998,0
-1.2,25.0,37.0,0.8,105.20000000000002,1,0,-4,2,0.01904761904761898,0
0.0,0.0,5.199999999999996,-0.19999999999999996,71.79999999999998,-1,0,-1,6,-0.07543859649122797,0
0.2,-34.199999999999996,-31.4,-0.19999999999999996,-22.600000000000023,1,0,3,-7,0.15555555555555556,1
0.0,14.200000000000003,14.799999999999997,-0.19999999999999996,-38.8,-3,0,0,0,-0.013157894736842146,0
0.0,9.800000000000011,27.19999999999999,-1.2,-28.0,-1,0,1,-6,0.07499999999999996,1
1.0,-24.5,-43.5,-1.0,-55.5,4,-10,2,4,0.09090909090909083,0
0.2,-8.400000000000002,-14.2,0.0,-69.6,1,0,-1,-6,0.17159277504105086,1
0.0,-55.199999999999996,-88.6,-1.0,14.199999999999989,1,0,1,2,0.08769230769230774,1
-0.3333333333333333,24.53333333333334,29.93333333333333,0.8,53.46666666666667,-3,0,-3,15,-0.37058823529411766,0
0.0,20.5,29.0,2.0,103.0,2,0,2,-11,0.2857142857142857,1
0.0,48.8,34.400000000000006,-2.0,-109.0,1,0,0,9,-0.23589743589743595,0
-0.4,-8.0,-14.399999999999999,1.9999999999999998,80.99999999999999,-2,0,-6,-7,0.20925925925925926,1
-0.25,14.299999999999997,27.700000000000003,-0.35,-3.9000000000000057,2,0,1,4,-0.2527233115468409,0
-0.19999999999999996,7.800000000000001,12.0,0.2,5.6000000000000005,-2,0,-1,9,-0.014285714285714346,0
-0.25,-6.583333333333336,10.583333333333336,0.5,78.33333333333333,1,0,3,0,-0.030100334448160626,1
-1.1,-26.799999999999997,-14.799999999999997,0.2,146.7,2,0,5,-1,-0.008333333333333304,1
-0.35,18.75,30.9,0.09999999999999998,-43.25,-1,0,-4,-1,0.11282051282051286,0
0.2,-1.8000000000000043,-4.0,-0.7999999999999998,-0.4000000000000057,-1,0,2,-5,-0.049071618037135334,0
0.0,-43.8,-39.2,1.0,165.95,-2,0,-4,6,-0.28409090909090906,0
0,0,0,0,0,-1,-20,-2,-4,0.25,1
-0.4,42.599999999999994,15.799999999999997,-0.6000000000000001,-115.20000000000002,-1,0,-3,10,-0.14782608695652177,0
-0.2,-19.6,-12.199999999999996,0.6000000000000001,62.0,0,0,-1,-1,-0.19736842105263153,0
0.2,25.2,36.8,1.4,79.8,0,0,0,5,0.08333333333333337,1
0.20000000000000007,-36.800000000000004,-37.6,-1.0,-164.4,1,0,1,2,-0.031862745098039214,1
-0.8,51.400000000000006,67.6,0.6,121.19999999999999,1,21,0,-1,0.101010101010101,1
-0.2,-10.600000000000001,-35.599999999999994,-0.7999999999999998,-48.39999999999998,-4,0,-3,5,0.06470588235294117,1
0.0,23.666666666666664,45.0,2.3333333333333335,376.3333333333333,-2,0,2,0,-0.2222222222222222,0
0.4,-23.8,-20.8,0.2,122.4,-4,0,-1,4,-0.004807692307692291,1
0.0,-19.1,-4.549999999999997,0.25,187.85,1,0,2,0,0.13186813186813184,1
0.0,-12.5,-27.5,-0.5,50.0,-4,0,-3,0,0.06818181818181823,1
0.3333333333333333,-22.333333333333336,-96.83333333333334,-0.6666666666666667,-134.66666666666669,1,0,2,-5,-0.07692307692307687,1
0.0,22.0,24.200000000000003,0.19999999999999996,-62.0,-6,0,-5,-4,0.2857142857142857,1
-0.2,-17.599999999999994,6.0,-1.5999999999999999,-42.599999999999966,1,0,1,-1,-0.1166666666666667,0
0.0,93.75,72.0,-0.25,-61.16666666666666,3,0,1,1,-0.05555555555555547,1
0.4,11.799999999999997,-26.799999999999997,-5.6,-517.4,5,0,9,3,-0.2196078431372549,0
0.0,9.266666666666666,2.8666666666666742,1.0,196.4,-1,0,-3,2,0.08552631578947367,1
0.39999999999999997,-52.400000000000006,-55.8,-0.19999999999999996,-53.400000000000006,1,8,-3,-3,-0.033333333333333326,0
-0.2,-42.2,-29.400000000000006,1.0,187.2,-1,0,1,5,0.08424908424908428,0
0.2,-7.200000000000003,11.400000000000006,2.0,179.2,-1,0,0,-3,0.10789473684210527,1
0.2,36.2,32.39999999999999,-3.0,-296.6,4,24,1,3,-0.06615384615384612,1
-0.8,-5.600000000000001,19.799999999999997,-0.2,174.60000000000002,6,0,7,-3,-0.30000000000000004,0
0.09999999999999998,63.900000000000006,63.099999999999994,-3.4,-205.4,-2,0,-3,4,-0.15909090909090906,0
0.55,-25.450000000000003,-50.099999999999994,-1.0,-244.7,2,0,3,-1,0.16396761133603244,1
-0.20000000000000007,-12.0,13.400000000000006,-0.7999999999999998,102.00000000000001,0,0,6,-3,-0.005747126436781658,1
0.0,-29.5,-37.75,1.0,129.75,3,-20,2,-3,0.2232142857142857,1
-0.4,58.8,79.7,1.6,159.6,-5,0,-5,5,-0.04761904761904767,1
0.1333333333333333,20.333333333333336,27.6,1.3333333333333333,132.06666666666666,5,4,-3,-7,0.17803030303030298,1
0.3333333333333333,28.166666666666664,31.5,-1.1666666666666665,-57.83333333333333,2,0,6,3,0.0641025641025641,0
0.0,-46.53333333333333,-60.26666666666667,0.8666666666666667,37.19999999999999,0,0,3,-1,0.10606060606060608,0
0.5,-25.049999999999997,16.150000000000006,-0.1499999999999999,-22.55000000000001,2,0,3,5,0.08712121212121215,0
0.0,7.600000000000001,24.400000000000006,-0.9999999999999999,-69.0,2,0,8,-1,-0.21550387596899223,0
0.39999999999999997,11.799999999999997,15.599999999999994,0.0,-29.4,0,0,2,-5,-0.19852941176470584,0
-0.2,49.2,-29.400000000000006,-1.6,-265.0,0,0,-3,-1,0.0888888888888889,1
-0.4,-43.8,-22.400000000000006,0.6,101.6,1,0,0,-10,0.0,1
-1.2,13.399999999999999,24.400000000000002,0.4,77.39999999999999,2,0,0,-1,0.09207161125319685,1
-0.2,9.0,8.066666666666663,-0.2,-6.600000000000001,2,0,0,-1,-0.00830564784053156,0
-0.2,13.600000000000001,-0.20000000000000284,1.4,160.2,3,0,2,6,-0.037151702786377694,0
0.09999999999999998,14.549999999999997,4.0,-0.3,-67.85,-3,0,-1,5,-0.1515151515151516,1
0.3333333333333333,-78.66666666666666,-79.66666666666666,-1.0,3.666666666666668,2,0,4,2,-0.027972027972027913,0
0.5,62.0,33.0,-1.5,-249.5,1,0,0,-2,0.07777777777777783,1
1.0,-18.0,-13.5,-0.5,39.0,-6,0,-7,-3,0.08333333333333337,0
0.0,18.0,-1.3333333333333357,-0.33333333333333326,-121.33333333333334,2,0,1,0,0.0636363636363636,1
0.2,-14.0,-45.00000000000001,-4.4,-121.4,0,0,4,1,-0.09611151870873069,1
-1.2,9.2,-8.400000000000006,1.0000000000000002,-85.60000000000002,-5,0,-7,5,0.0,1
-0.2,1.6000000000000014,-1.0,1.6,120.20000000000002,-4,15,-2,2,-0.22747252747252744,0
-0.75,38.5,42.25,0.0,-1.0,-1,-11,0,7,-0.18181818181818177,0
0.2,-6.5,-19.6,1.2,-57.400000000000006,2,0,6,-2,-0.08470588235294108,0
0.6,-71.8,-62.8,0.0,39.4,3,0,2,9,-0.0357142857142857,0
0.0,-10.083333333333332,-1.6666666666666643,0.5,-7.833333333333343,1,0,2,3,0.00952380952380949,1
0.2,-27.65,-61.7,-2.05,-126.25,1,1,3,-2,0.1523809523809524,1
-0.3333333333333333,-3.0,8.333333333333336,0.6666666666666667,9.0,-4,0,0,-1,0.4444444444444444,1
0.0,9.0,6.0,-1.0,-124.0,-2,0,-1,-4,0.09999999999999998,1
0.0,-8.733333333333334,14.799999999999997,0.4,51.599999999999994,-1,0,0,-13,0.12145748987854244,1
0.0,32.33333333333333,30.666666666666668,1.0,10.0,3,0,-1,-2,0.09250000000000003,1
-0.8,-4.800000000000004,20.0,0.6,232.8,-1,0,-4,-5,0.10054347826086951,0
0.0,17.0,48.999999999999986,4.199999999999999,-68.39999999999998,-5,0,-2,1,0.05769230769230771,1
-0.19999999999999996,1.1999999999999957,10.799999999999997,0.4,95.2,2,0,4,-2,0.18304668304668315,1
0.0,13.199999999999996,10.399999999999999,0.0,-51.0,-4,0,-2,11,-0.022608695652173938,0
-0.6,2.8000000000000043,22.199999999999996,1.5999999999999999,170.2,0,0,3,6,-0.033333333333333326,0
1.0,-16.5,-35.5,-1.0,-59.5,3,0,2,-6,0.18571428571428572,1
-0.75,58.5,87.25,2.75,277.75,0,0,-4,-1,-0.025000000000000022,1
0.0,82.0,63.0,-1.0,-60.0,1,0,-2,3,0.019565217391304346,0
0.6,10.2,-9.800000000000004,-3.0,-211.8,1,0,-3,-7,0.011904761904761862,1
0.4,11.799999999999997,32.333333333333336,0.33333333333333337,80.4,-2,0,-2,-3,0.09999999999999998,1
-0.2,-30.6,-39.8,2.4,104.39999999999999,5,0,4,-2,0.007499999999999951,0
0.2,34.8,25.349999999999994,-3.5,-291.5,1,0,-4,6,-0.24137931034482762,0
0.2,-25.6,-83.6,-1.0,-350.6,-1,0,-2,-2,-0.09027777777777779,1
0.0,26.5,33.5,1.0,42.599999999999994,0,0,-3,-7,0.05128205128205121,1
0.0,11.399999999999999,2.1999999999999957,0.0,-29.2,0,0,0,-1,0.18333333333333335,1
0.2,-2.700000000000003,-13.0,1.5,-26.599999999999994,0,0,2,-5,0.07777777777777783,1
0.09999999999999998,-7.700000000000003,7.5,1.0,134.2,-1,0,-2,1,0.06349206349206349,1
0.0,22.599999999999998,8.0,-0.19999999999999996,-28.200000000000003,-4,0,-7,-7,0.05942028985507242,0
-0.5,1.0,-4.5,-1.75,-135.25,3,0,1,-5,0.15909090909090906,1
0.5,34.333333333333336,41.5,0.5,33.16666666666667,1,0,4,-1,0.19999999999999996,1
0.0,12.600000000000001,16.4,-0.8,-214.2,3,0,5,-4,0.1282894736842105,1
0.0,-67.73333333333332,-65.4,1.2,50.0,1,0,0,3,-0.04453441295546556,1
0.0,25.0,27.0,0.0,-10.0,-1,0,-5,-1,0.0888888888888888,1
0.0,-33.0,-53.599999999999994,0.4,-96.4,3,0,-1,0,0.3125,1
0,0,0,0,0,5,7,1,3,0.11904761904761907,1
0.0,23.0,56.0,1.2000000000000002,-12.199999999999989,-3,0,-6,-1,-0.2142857142857143,0
-0.19999999999999996,20.0,31.200000000000003,0.2,82.0,4,0,3,2,-0.047987616099071206,1
-0.8,21.799999999999997,28.799999999999997,0.2,8.200000000000003,3,0,4,11,-0.21889400921658986,0
-0.4,6.399999999999999,9.599999999999994,1.4000000000000001,-6.599999999999994,-2,0,2,-6,0.09404388714733547,1
-0.4,43.8,38.6,-0.5999999999999999,-64.6,-3,0,-4,0,0.010752688172043001,1
0.2,0.19999999999999574,-2.200000000000003,0.20000000000000007,79.8,0,0,-2,-7,-0.038461538461538436,1
0.0,10.0,14.666666666666664,-1.3333333333333335,-139.33333333333334,2,0,4,-13,0.25,1
0.0,2.8999999999999986,-4.600000000000001,-0.7,-83.4,-1,0,0,3,-0.037151702786377694,0
-0.4,-20.199999999999996,-36.2,2.0,243.2,2,0,3,-7,0.022222222222222254,0
-0.2,18.799999999999997,40.400000000000006,2.5999999999999996,225.2,1,0,1,-3,0.17307692307692313,1
0.2,0.1999999999999993,-8.8,-0.4,-56.0,-1,0,-2,-3,-0.033333333333333326,1
0.2,8.8,-7.200000000000003,0.5999999999999999,-167.8,2,0,-2,1,0.11904761904761907,0
0.5,5.5,3.0,-0.75,-18.25,-4,0,0,2,-0.048872180451127845,0
0.0,7.0,11.0,2.0,247.5,0,0,-3,16,0.017857142857142905,1
0,0,0,0,0,-2,0,0,4,-0.048484848484848464,0
-0.19999999999999996,5.999999999999993,7.6000000000000085,0.19999999999999996,13.800000000000011,2,0,0,-3,-0.08521303258145363,1
-0.8,15.200000000000003,28.46666666666666,2.2,186.13333333333335,0,0,-2,1,-0.015037593984962405,1
0.2,6.200000000000003,4.200000000000003,0.0,45.0,0,0,0,-7,0.13037037037037036,1
0.0,-0.13333333333332575,-22.066666666666677,-2.8,-202.60000000000002,0,0,-1,0,-0.1255060728744939,0
-0.6,-14.799999999999997,-5.400000000000006,1.0,-37.599999999999994,0,0,-4,-2,0.33333333333333337,1
0.0,11.0,10.0,-0.4,114.0,4,0,1,1,-0.012820512820512775,1
-0.2,18.133333333333336,19.2,1.0666666666666669,189.0,1,0,2,1,0.2692307692307693,1
0.0,-14.600000000000001,1.6000000000000014,-0.4,81.19999999999999,0,7,0,5,-0.05814905814905813,0
-1.0,-6.333333333333336,-2.0,0.0,-6.333333333333329,-1,0,-2,1,-0.08144796380090502,0
0.25,-91.5,-97.0,0.0,11.5,-2,0,1,-1,0.05681818181818177,1
0.0,14.799999999999997,10.399999999999999,0.0,-21.4,1,0,-1,3,-0.11363636363636365,0
-0.6,34.4,63.0,5.0,232.60000000000002,1,0,-1,0,-0.15999999999999992,0
0.0,-13.200000000000003,1.4000000000000057,-0.8,-128.13333333333335,0,0,1,-1,0.130718954248366,0
-0.4666666666666666,-0.13333333333333286,-2.5333333333333385,0.2,-24.46666666666667,4,0,7,6,-0.02109181141439198,1
0.4,10.599999999999994,-24.0,-2.8,-227.4,1,10,-2,-2,-0.07142857142857151,0
0.19999999999999996,-32.2,-26.599999999999994,-0.19999999999999996,-48.80000000000001,-1,-3,6,-1,-0.019323671497584516,1
-0.1333333333333333,-11.066666666666663,-3.3999999999999986,0.0,28.933333333333334,3,0,4,1,0.005714285714285672,1
0.0,16.0,31.5,1.0,52.5,3,0,5,-11,0.29807692307692313,1
0.4,-37.6,-35.6,0.0,-1.2,3,0,1,1,-0.10256410256410264,0
0.6,18.5,25.0,-1.2,-125.3,3,0,3,8,-0.18000000000000005,1
0.4,14.600000000000001,10.800000000000011,-0.20000000000000018,-0.6000000000000227,-1,0,0,-9,0.18855218855218858,1
0.2,7.199999999999999,-1.4000000000000021,-0.8,-113.60000000000001,-1,0,-3,0,-0.12063492063492065,0
0.0,27.5,57.5,2.1666666666666665,238.5,-6,0,-2,-8,0.20908004778972522,1
0.5,47.5,32.5,-2.5,-177.5,2,0,5,-3,-0.11237553342816498,0
0.0,19.0,25.0,-2.0,-29.0,2,0,5,3,0.06666666666666665,1
0.2,66.60000000000001,46.2,0.3999999999999999,-116.39999999999999,-1,0,1,0,-0.11538461538461542,0
0.2,61.599999999999994,72.19999999999999,1.2000000000000002,151.6,1,0,3,5,0.2777777777777778,1
-0.7999999999999999,31.4,34.599999999999994,0.2,38.0,-2,0,-3,3,-0.07101449275362326,0
0.4,90.4,85.73333333333335,1.2,56.13333333333334,-4,0,-2,3,-0.2222222222222222,0
0.2,26.4,64.4,2.4,204.2,-1,0,-3,7,-0.14920634920634923,1
0,0,0,0,0,0,0,5,-4,0.33333333333333337,1
-0.2,2.4000000000000057,11.200000000000003,0.19999999999999996,118.2,1,0,3,8,-0.06206896551724128,0
0.6000000000000001,-20.200000000000003,-23.599999999999994,-2.1999999999999997,-132.2,-1,0,1,2,-0.10269576379974321,0
0.0,-22.599999999999994,2.200000000000003,1.8,150.2,4,0,2,-7,0.10769230769230775,0
0.0,19.4,5.199999999999996,-0.4,-95.4,2,0,5,2,-0.21052631578947367,0
0.2,-2.0,-14.733333333333334,0.4666666666666668,55.53333333333332,-1,0,1,-1,0.09333333333333338,1
-0.3333333333333333,25.0,41.0,0.6666666666666667,22.666666666666664,0,0,-1,0,0.03431372549019607,0
0.0,9.399999999999999,-6.799999999999997,-5.8,-348.4,2,0,1,5,-0.09287925696594423,0
-0.2,47.4,51.8,-0.4,30.800000000000004,1,0,-5,-3,0.17379679144385018,1
0.0,-37.599999999999994,-39.60000000000001,0.5999999999999999,-52.39999999999998,0,0,2,-17,0.22058823529411764,1
0.4,-22.4,-33.599999999999994,-1.6,-114.8,4,0,3,7,-0.07432432432432434,1
0.0,-24.266666666666666,-34.06666666666667,-2.3333333333333335,-18.46666666666667,1,0,0,5,-0.19444444444444442,0
0.0,-1.8000000000000043,11.199999999999989,1.8,113.0,-1,0,-4,8,-0.21282051282051284,0
0.0,81.0,109.0,1.0,331.0,1,0,2,-9,0.14166666666666672,1
0.0,33.0,23.333333333333332,2.6666666666666665,86.66666666666667,2,0,2,-5,0.21250000000000002,1
-0.4,3.6000000000000014,56.2,1.8,227.2,1,0,5,-7,0.07727272727272727,1
0.46666666666666673,-9.533333333333335,-29.066666666666663,-1.1333333333333333,-111.0,-2,0,-4,3,0.21666666666666667,1
0.25,26.7,31.7,-0.30000000000000004,-5.899999999999999,-1,0,0,0,0.26190476190476186,1
0.2,12.600000000000001,22.8,0.2,28.0,0,0,-5,-4,-0.10317460317460314,0
-0.4666666666666666,-0.3999999999999986,11.600000000000001,1.5333333333333337,250.13333333333333,0,0,4,-5,0.11403508771929816,1
0.6000000000000001,22.400000000000006,37.8,0.20000000000000018,46.400000000000006,-3,0,-5,1,-0.04901960784313719,0
0.0,-49.199999999999996,-45.599999999999994,0.6,51.8,0,0,3,-1,-0.15508021390374327,0
-0.04999999999999999,60.099999999999994,82.75,0.15000000000000002,-22.900000000000006,-2,0,0,-5,-0.019230769230769273,1
0.0,-8.600000000000001,13.800000000000004,-0.8,27.60000000000001,4,0,7,-1,-0.04037267080745344,1
-1.0,49.5,44.5,2.5,183.5,4,0,2,4,-0.11111111111111105,0
0.5,-7.5,-32.25,-0.75,141.25,0,0,-2,3,0.15909090909090906,1
0.0,22.799999999999997,23.200000000000003,0.40000000000000013,99.4,0,0,-2,5,0.1333333333333333,1
0.0,10.0,14.0,1.0,72.0,-3,0,-1,2,-0.10256410256410264,0
0.0,-17.0,-27.0,2.0,281.0,-1,0,0,-7,0.24102564102564106,1
0.0,-11.5,16.5,6.0,496.0,1,0,0,-7,0.36363636363636365,1
-0.04999999999999999,1.4500000000000028,17.400000000000006,3.35,215.75,0,0,0,2,0.13186813186813184,1
-0.4666666666666666,19.200000000000003,-22.93333333333333,-1.9333333333333336,-173.4,-4,0,-5,0,-0.125,0
-0.75,33.45,75.65,1.75,187.05,-1,0,-2,-3,-0.033333333333333326,1
0.0,31.4,63.2,0.0,0.0,1,0,-1,-4,0.31154684095860563,1
-0.3,-9.600000000000001,6.299999999999997,3.6,354.9,-3,0,-2,6,0.08461538461538454,1
-0.09999999999999998,-1.3999999999999986,15.25,2.0,163.8,0,0,1,0,-0.12543554006968638,0
0.0,-3.6000000000000014,-1.2000000000000028,0.8,157.8,2,0,0,-2,0.035573122529644285,1
0.2,-55.2,-64.3,0.09999999999999998,40.8,0,0,-4,10,0.027093596059113323,1
0.4,42.400000000000006,35.199999999999996,-0.8,-73.6,-2,0,-3,9,0.0,1
0.2,-6.799999999999997,27.400000000000006,0.3999999999999999,73.0,3,0,5,2,-0.15000000000000002,0
0.3333333333333333,19.0,11.666666666666664,-1.0,-219.33333333333334,0,0,0,-1,-0.04040404040404044,0
0.0,-39.5,-37.5,-0.5,-11.0,-2,0,0,-1,-0.16666666666666674,0
0.0,12.0,46.400000000000006,-0.8,81.4,2,10,0,-1,0.17460317460317454,1
0.19999999999999996,76.8,71.4,0.0,-13.400000000000002,2,0,-3,-2,0.021428571428571463,1
-0.8,37.199999999999996,36.2,-0.6,-39.599999999999994,1,0,-3,1,0.052631578947368474,1
0.0,-51.4,-30.6,0.0,-9.399999999999999,2,0,7,-6,-0.14883720930232558,0
0.4,15.200000000000003,20.0,-0.8,47.2,1,0,4,-4,-0.16704980842911876,0
0.0,-29.200000000000003,-26.199999999999996,0.8,60.0,-3,0,-4,13,-0.26515151515151514,1
0.06666666666666671,6.933333333333323,2.0,0.3999999999999999,-48.46666666666667,-1,0,2,0,-0.13461538461538458,0
-0.2,75.0,59.0,-1.4,-254.6,-2,0,-1,2,-0.13270637408568442,0
0.25,26.25,17.0,0.25,50.5,-3,0,-5,-13,0.09999999999999998,0
1.0,16.0,-21.0,0.0,-57.0,2,0,4,-7,0.2529411764705882,1
0.0,3.5,-9.25,0.25,12.75,-2,0,2,9,-0.2564102564102565,0
0.2,-38.4,-60.199999999999996,1.8,130.39999999999998,-1,0,1,-8,0.12393162393162394,1
0.0,-8.600000000000001,-27.4,0.4,51.199999999999996,2,-31,1,1,0.11397058823529416,1
0.4,-19.6,-34.8,-0.4,-21.6,-6,0,-5,7,0.13235294117647056,1
0.5,26.0,16.5,-2.0,-181.0,4,0,6,-3,0.04761904761904767,1
-0.6,8.399999999999999,10.8,0.2,46.8,-4,2,-4,14,-0.18157181571815717,1
0.0,15.800000000000004,35.400000000000006,-1.8,-59.800000000000004,-1,0,3,14,-0.2961538461538461,0
-1.0,44.4,36.0,0.4,3.1999999999999957,-1,0,-3,4,-0.09469696969696961,0
-0.3,24.200000000000003,19.299999999999997,-0.44999999999999996,-59.849999999999994,1,0,3,7,0.08363636363636362,0
0.0,9.400000000000002,0.3999999999999986,1.0,35.19999999999999,-4,20,-3,-10,0.21666666666666667,1
0.2,5.899999999999999,10.2,-1.5,-106.8,-1,0,-1,-6,-0.08750000000000002,0
0.4,-64.2,-64.2,0.8,116.39999999999999,1,0,1,2,-0.10227272727272729,0
-0.2,-0.19999999999999574,1.6000000000000085,0.4,-44.8,-4,0,-7,-6,0.03888888888888886,1
0.0,29.333333333333336,23.93333333333333,-2.8666666666666663,-236.9333333333333,-1,0,0,11,-0.22742474916387967,0
0.2,37.733333333333334,26.799999999999997,-2.3333333333333335,-196.86666666666667,-1,-8,5,5,-0.23750000000000004,0
-0.6,-51.0,-50.599999999999994,-3.0,-218.6,-1,0,-1,0,-0.07272727272727275,0
0.0,-31.5,-25.5,1.0,127.5,4,0,1,-3,0.09999999999999998,1
0.6,28.000000000000007,24.799999999999997,0.19999999999999996,-130.79999999999998,-3,0,-5,-8,0.23404255319148937,1
-0.6000000000000001,29.0,33.400000000000006,4.800000000000001,417.6,1,0,-2,3,0.1576576576576577,1
-0.39999999999999997,-25.39999999999999,-11.599999999999994,0.0,-33.400000000000006,4,0,3,9,-0.23504273504273498,0
0.2,6.0,-15.799999999999997,0.40000000000000013,13.199999999999989,-1,0,0,0,0.02592592592592602,1
0.5,-3.75,-7.75,-1.25,-40.25,4,0,2,0,0.04166666666666663,1
-0.4,45.0,67.0,-0.19999999999999996,-2.0,-2,-15,2,4,-0.044117647058823484,0
-0.6666666666666667,57.66666666666667,83.0,0.6666666666666666,93.0,-2,0,-4,8,0.012820512820512775,0
0.0,-2.6000000000000014,9.0,-0.3999999999999999,-80.79999999999998,-1,0,3,7,-0.15000000000000002,0
-0.39999999999999997,-56.60000000000001,-56.2,0.4,24.0,-1,0,4,-2,0.14666666666666672,1
-1.0,48.0,79.2,1.2,118.19999999999999,2,0,4,7,-0.36,0
0.3333333333333333,-8.666666666666668,-18.666666666666664,-1.0,-37.33333333333333,2,-11,5,0,-0.05681818181818177,1
-0.6000000000000001,35.8,46.6,0.0,38.2,3,0,3,-1,0.06818181818181823,0
-0.39999999999999997,18.0,20.200000000000003,0.4,33.6,-7,0,-4,4,0.025575447570332477,1
0.2,-26.2,-44.6,-1.0,-57.4,0,25,4,1,-0.008333333333333415,1
-0.3333333333333333,-4.666666666666664,-2.3333333333333357,-3.666666666666667,-274.3333333333333,-1,-15,-5,9,-0.09663865546218486,0
-0.55,15.2,22.5,1.25,59.05,1,0,-1,-1,0.13186813186813184,1
0.2,-18.2,-5.600000000000001,-1.4,-76.80000000000001,1,0,0,1,-0.024767801857585203,1
-0.3333333333333333,-19.666666666666664,-24.66666666666667,-0.33333333333333326,-219.66666666666669,-2,0,-1,4,0.06666666666666665,1
-0.2,7.400000000000006,23.200000000000003,0.6000000000000001,-36.0,0,0,1,-5,0.026806526806526842,0
0.0,-2.6666666666666643,-8.833333333333336,-0.5,-307.0,2,0,0,-5,0.05555555555555558,1
0.5,21.0,17.0,0.5,-39.0,0,0,-2,8,-0.2222222222222222,0
-0.3,-6.399999999999999,22.400000000000006,0.3999999999999999,291.5,0,0,0,4,0.016666666666666607,1
0.3,6.200000000000003,13.0,1.4,44.099999999999994,0,26,-7,-4,0.125,0
0.19999999999999996,6.399999999999999,32.2,0.3999999999999999,53.20000000000002,2,0,0,7,0.08999999999999997,1
0.2,32.2,9.0,-0.3999999999999999,-151.60000000000002,2,0,0,5,-0.05731225296442688,1
0.4,12.600000000000001,0.0,-0.9999999999999999,-209.20000000000002,2,0,2,-6,0.07769423558897237,1
0.0,-20.599999999999998,-33.0,-2.0,-162.20000000000002,1,0,-2,-4,-0.14102564102564108,0
0.3,17.0,8.100000000000001,0.09999999999999998,28.0,2,0,8,-3,0.38888888888888884,0
0.2,-6.600000000000001,1.6000000000000014,-1.8,-131.6,-4,0,-7,8,-0.18394648829431448,1
0.0,-60.9,-69.0,-0.6,-51.0,0,0,1,9,-0.1703703703703704,0
-0.2,-17.0,-10.400000000000002,-0.6000000000000001,-140.2,2,0,0,-3,0.10914760914760913,1
1.0,-34.5,-34.5,0.0,-3.5,3,0,3,-2,0.24242424242424243,1
0.0,-9.600000000000001,-7.0,1.4,132.0,0,0,0,9,-0.1461538461538462,0
0.4,-40.4,-34.2,1.8,116.8,-3,0,0,5,0.09195402298850575,1
0.4,-41.0,-65.2,-2.0,-72.79999999999998,5,0,6,3,-0.019607843137254832,1
0.0,-3.25,5.099999999999994,1.0,154.7,5,0,7,-2,0.23923444976076558,1
-0.2,12.0,87.4,5.8,340.79999999999995,-5,0,-4,3,-0.049450549450549386,1
0.0,6.200000000000003,25.200000000000003,-0.6000000000000001,-203.5,-2,0,3,1,-0.26578947368421046,0
-0.4,42.0,46.800000000000004,0.4,61.4,-5,0,-4,5,-0.15591397849462374,0
0.0,17.4,13.799999999999997,0.19999999999999996,141.0,-2,0,-1,0,-0.027459954233409634,1
-0.2,31.000000000000004,17.6,1.2000000000000002,87.0,-4,0,-6,1,0.005980066445182675,0
1.0,-65.4,-104.0,-0.8,-23.200000000000003,-1,0,0,11,-0.20707070707070707,0
0.75,27.75,30.0,-0.25,47.25,-5,0,-10,7,0.34615384615384615,1
-0.4,-38.0,-37.2,2.1999999999999997,6.400000000000006,-1,0,0,-4,-0.1497584541062802,0
0.6,17.200000000000003,5.400000000000006,-1.0,18.799999999999997,-1,0,4,-3,-0.050000000000000044,0
-0.3333333333333333,10.0,28.400000000000006,0.13333333333333341,48.333333333333336,0,0,1,-2,-0.28174603174603174,0
0.3333333333333333,-32.666666666666664,-49.666666666666664,-0.6666666666666667,-37.66666666666667,1,0,-2,-1,-0.16315789473684217,0
1.0,-24.666666666666668,-39.333333333333336,-3.3333333333333335,-166.66666666666666,3,0,6,-4,0.10909090909090902,1
0.0,12.0,6.5,-1.0,113.0,2,0,0,-1,0.02777777777777779,1
-0.6,-13.0,-17.0,3.0,8.399999999999977,3,0,-2,5,0.03448275862068961,1
0.3,64.6,68.8,-0.5,29.099999999999994,0,0,0,-6,-0.02991452991452992,0
0.4,10.600000000000001,-18.6,-4.8,-491.4,1,0,2,5,-0.17500000000000004,1
0.0,30.000000000000004,42.39999999999999,-1.8,4.800000000000011,-3,0,-4,0,0.0625,1
0.25,3.8999999999999986,-3.6499999999999986,0.65,3.4000000000000057,3,0,3,0,0.14912280701754388,1
0.0,0.33333333333333215,0.3333333333333357,-0.6666666666666666,-140.0,-1,0,-1,-2,0.023809523809523836,0
-0.2,35.599999999999994,77.8,-0.20000000000000007,-51.0,2,0,-1,9,-0.11250000000000004,0
0.0,4.0,-14.0,0.5,30.0,2,10,4,5,-0.016483516483516425,1
0.0,-4.0,-8.5,-1.0,-166.0,-1,0,0,-3,-0.0024154589371980784,0
-0.8,-19.4,-8.600000000000001,2.4,155.79999999999998,-2,0,-8,13,-0.29032258064516125,0
-0.3,15.5,19.0,0.4,108.6,2,10,-1,7,-0.22514619883040932,0
-0.35,11.55,23.35,1.15,124.05000000000001,-5,0,-1,2,-0.13333333333333341,0
0.0,-19.199999999999996,-49.2,-1.4000000000000001,-165.79999999999998,3,0,3,7,-0.07670454545454541,0
0.4,28.200000000000003,24.400000000000006,-0.4,16.400000000000006,0,0,4,8,-0.06334841628959276,1
0.0,44.0,63.8,-0.7999999999999999,-89.80000000000001,0,0,-2,7,0.04556650246305416,1
0.0,7.0,23.5,-0.5,16.5,1,0,-2,-4,0.36363636363636365,1
0.0,9.75,-33.0,-1.0,-78.5,-1,0,0,-9,0.19696969696969702,1
-0.2,-5.600000000000001,1.7999999999999972,-0.20000000000000007,-63.599999999999994,1,0,0,7,-0.18461538461538463,0
1.0,10.600000000000001,25.0,-0.8999999999999999,24.599999999999994,-1,0,-1,-2,0.16666666666666674,1
-0.2,42.800000000000004,44.60000000000001,-0.4,-19.0,-1,0,-2,3,-0.03532608695652173,1
-0.8,19.199999999999996,62.599999999999994,4.0,348.8,0,0,-1,8,-0.029556650246305383,0
0.0,-23.0,74.0,3.2,362.20000000000005,-2,0,1,2,0.0,1
0.0,22.800000000000004,36.0,0.2,124.99999999999999,-1,0,2,1,-0.11309523809523814,0
-0.2,8.0,100.6,0.8,45.4,1,0,1,4,-0.029761904761904767,0
0.2,-9.0,4.899999999999999,2.0,139.3,1,0,3,-6,0.19924812030075179,1
-0.09999999999999998,10.5,11.399999999999999,1.15,-43.2,4,0,1,-1,0.1791666666666667,1
0.6000000000000001,-17.4,-108.8,-2.5999999999999996,-342.8,-6,-10,-6,-2,-0.14363143631436315,0
0.2,3.6000000000000014,-14.800000000000004,-1.2000000000000002,8.0,2,0,1,-1,0.1266666666666667,1
0.0,39.0,36.0,-1.0,-265.0,2,0,7,-6,0.30000000000000004,1
0.0,31.799999999999997,28.800000000000004,-0.6,-55.599999999999994,1,0,0,-1,-0.00925925925925919,1
0.3333333333333333,30.0,36.333333333333336,1.0,140.66666666666669,-3,0,-6,0,0.0892857142857143,1
-1.0,77.4,105.8,2.6,270.6,-1,0,-4,6,-0.03809523809523818,0
-0.2,64.2,98.19999999999999,0.3999999999999999,207.0,6,0,2,-5,-0.08333333333333337,1
0.25,7.5,26.75,2.5,57.75,3,0,2,6,-0.01388888888888884,1
0.4,-15.799999999999997,-18.200000000000003,0.39999999999999997,16.200000000000003,-1,0,-1,0,-0.025000000000000022,0
1.4,-53.0,-40.8,0.20000000000000007,137.6,3,0,6,1,-0.11403508771929816,1
0.0,22.5,19.0,0.0,-35.5,-2,0,-3,-1,-0.19047619047619047,0
0.0,-43.65,-55.15,-2.15,-168.5,-1,0,-3,9,-0.3114035087719298,0
0.2,-8.799999999999997,19.999999999999986,-1.8,-175.6,0,0,3,-3,0.01333333333333342,1
0.0,21.0,11.0,0.0,151.0,2,0,4,4,-0.10606060606060608,0
0.0,-3.3999999999999986,7.0,-2.0,-373.59999999999997,1,0,2,8,0.07246376811594202,0
0.0,8.0,9.0,-0.8333333333333334,-3.0,0,0,-1,-1,-0.13461538461538458,0
-0.4,11.200000000000003,24.46666666666667,1.3333333333333333,63.26666666666667,-5,4,-7,-3,0.16428571428571426,1
0.0,8.333333333333332,-20.333333333333336,-1.0000000000000002,-121.66666666666666,-1,0,-4,-2,-0.07499999999999996,1
-1.55,18.65,45.95,0.75,135.5,2,0,-4,-4,0.1777777777777777,1
-1.0,27.200000000000003,27.799999999999997,0.2,10.1,2,0,1,10,-0.09743589743589742,0
0.0,-5.800000000000004,-16.0,-0.8,-148.8,1,0,0,6,-0.10924369747899154,0
0.0,3.3999999999999986,-14.800000000000004,-2.2,-173.8,-1,0,-5,-3,-0.11111111111111116,0
0.0,-30.799999999999997,-49.599999999999994,0.20000000000000007,-180.20000000000002,4,0,4,-6,-0.059259259259259345,1
0.6666666666666666,-4.199999999999999,-27.4,-3.8,-288.5333333333333,-1,0,-2,-2,0.14473684210526316,1
0.2,14.799999999999999,22.400000000000002,-0.19999999999999996,-10.400000000000006,1,0,2,0,-0.024216524216524205,1
0.5,19.5,9.75,-0.5,21.75,1,0,2,3,0.0641025641025641,1
-0.39999999999999997,3.3999999999999915,-2.8000000000000114,-2.0,-145.6,3,0,-4,0,0.03448275862068961,1
-0.2,-1.6000000000000014,-9.199999999999996,-0.19999999999999996,2.1999999999999886,5,0,6,-3,0.0503703703703704,1
-0.2,-18.4,-19.799999999999997,0.4,-103.80000000000001,2,0,4,6,0.15909090909090906,1
-0.2,11.15,-4.399999999999999,0.8,188.0,-2,0,1,-3,0.2142857142857143,1
-1.0,-28.0,-25.0,1.5,52.5,1,-10,1,1,0.15384615384615385,1
0.0,-13.100000000000001,-39.400000000000006,-1.25,-36.099999999999994,0,0,-2,5,-0.12727272727272732,0
-0.39999999999999997,38.400000000000006,66.0,0.9999999999999999,65.4,-5,0,-1,6,0.07685009487666039,1
0.0,18.0,20.999999999999993,0.4,6.800000000000011,-2,0,-2,9,-0.18764568764568756,0
0.2,27.799999999999997,31.599999999999994,-0.8,-25.6,5,0,4,-5,-0.0444444444444444,1
-0.8,-8.7,49.650000000000006,2.15,342.85,3,-10,1,2,-0.023923444976076458,0
0.0,-14.8,4.599999999999994,2.0,159.0,-1,0,0,-3,-0.018292682926829285,0
0.39999999999999997,-31.599999999999994,-48.0,-0.8,16.599999999999994,-7,0,-7,1,-0.21149425287356327,1
0.2,38.6,-0.5999999999999943,-1.0,-325.6,2,0,-1,-1,-0.054487179487179516,0
0.0,-2.3999999999999986,-29.39999999999999,-0.6,-101.0,-5,0,-3,16,-0.13333333333333341,0
0.0,5.599999999999998,41.4,2.4,219.79999999999998,-3,0,-3,5,0.0027716186252770836,0
0.0,-7.800000000000001,16.0,0.0,197.2,2,0,5,0,0.014285714285714346,0
0.4,8.399999999999999,10.799999999999997,-1.0,28.0,3,0,8,2,-0.0492307692307693,1
-1.0,-9.5,-5.75,1.5,45.75,0,0,1,0,-0.275,0
0.3333333333333333,-19.666666666666664,-10.0,-1.6666666666666667,-157.66666666666666,-1,0,0,3,0.11363636363636365,1
0.0,-29.999999999999993,-50.2,-2.0,-165.6,-3,0,-3,6,-0.24,0
0.0,-3.8000000000000007,12.799999999999997,0.3999999999999999,12.400000000000006,0,0,-2,5,0.025083612040133763,1
0.0,-67.0,-143.0,2.0,265.0,-4,0,-1,0,-0.15384615384615385,0
0.0,24.199999999999996,18.4,-1.0,-89.6,0,0,-3,0,-0.0015673981191223207,1
0.2,-19.2,-33.2,-0.19999999999999996,-7.0,2,0,9,1,-0.24242424242424243,1
0.0,39.0,54.0,1.0,-38.0,-6,0,-2,-3,0.3529411764705882,1
0.2,57.599999999999994,41.2,-0.9,-94.6,1,0,2,-4,-0.06666666666666665,0
0.0,17.75,6.75,-1.0,44.5,1,0,5,-1,-0.02564102564102566,1
-0.25,-2.8500000000000014,15.150000000000006,2.4,151.25,-3,0,-5,-4,0.2142857142857143,1
0.4,31.400000000000006,36.0,-0.19999999999999996,-327.0,1,0,2,5,0.019345238095238138,1
0.0,13.600000000000001,31.200000000000003,-0.8,21.400000000000006,0,60,-2,3,-0.011111111111111183,1
0.2,14.5,37.3,-0.6,3.200000000000003,1,10,1,2,-0.29605263157894735,0
0.0,43.00000000000001,46.0,0.6000000000000001,71.4,-1,0,2,2,-0.045955882352941124,1
0.09999999999999998,-15.700000000000003,-17.799999999999997,0.3,-6.649999999999999,2,0,3,-7,0.1988372093023255,1
0.25,-17.549999999999997,-27.700000000000003,0.0,-28.299999999999997,1,0,3,-5,0.03508771929824561,1
0.0,-25.800000000000004,-14.799999999999997,1.5999999999999999,170.4,2,0,-3,-14,0.3012820512820512,1
0.0,11.0,21.5,1.0,-15.0,1,0,-5,-7,0.20857142857142863,1
0.0,-13.5,11.0,0.5,354.5,1,0,-3,-2,0.13571428571428568,0
0.0,-8.0,-6.0,0.0,12.0,-4,0,-7,11,-0.2529411764705882,0
0.0,13.0,17.200000000000003,-0.19999999999999996,86.6,-3,0,0,-1,-0.03125,0
0.2,-4.799999999999997,-35.400000000000006,0.10000000000000009,-109.9,0,0,-3,5,0.0,1
0.0,-7.400000000000006,-1.1999999999999886,0.7999999999999998,-27.600000000000023,-3,0,-2,-12,0.08133971291866038,1
0.2,25.4,26.666666666666668,-0.6,79.33333333333334,-1,0,3,1,0.05333333333333323,1
0.0,-3.6000000000000014,-9.400000000000006,-2.0,106.6,0,0,-2,-5,0.287037037037037,1
0.2,19.800000000000004,-37.8,-1.8,-228.00000000000003,4,0,2,1,-0.11428571428571432,0
-0.8,12.0,45.6,1.0,155.60000000000002,-2,0,1,7,-0.20833333333333337,0
0.0,-19.8,-5.799999999999997,1.4,247.6,-4,0,-9,4,0.10883720930232554,0
0.2,-17.8,-30.6,-0.19999999999999996,-0.7999999999999972,0,0,-5,5,-0.29220779220779225,0
1.0,-3.25,40.5,-2.0,152.25,0,0,2,-3,-0.11764705882352944,0
-0.2666666666666666,47.46666666666667,54.8,0.4666666666666668,50.599999999999994,-2,0,0,2,0.14935064935064934,1
0.4,6.399999999999999,31.900000000000006,-0.9,124.6,4,0,3,7,-0.054919908466819156,0
0.0,-7.0,-26.33333333333333,0.0,-33.333333333333336,-1,0,-3,1,0.17272727272727273,1
-0.25,-38.8,-8.25,-0.15000000000000002,91.75,-1,-19,-1,10,-0.17936117936117935,1
0.2,5.399999999999999,2.0,-0.8,67.6,-2,0,1,2,0.09743589743589742,1
0.0,-29.5,38.5,0.0,26.5,1,0,6,0,0.13492063492063489,1
0.0,-70.66666666666667,-55.33333333333333,2.0,-68.33333333333331,1,0,2,-2,-0.08333333333333337,0
-0.25,27.5,25.25,0.25,59.0,2,0,-1,3,-0.12393162393162394,0
0.0,58.2,54.8,0.7999999999999999,-72.0,-2,0,-2,-5,-0.1343012704174229,0
0.0,-4.200000000000003,-1.2000000000000028,-0.8,29.19999999999999,4,0,7,-2,-0.019841269841269882,1
0.0,20.000000000000007,-25.200000000000003,-0.19999999999999996,-23.60000000000001,-2,0,2,-6,0.004807692307692291,1
0.0,-9.200000000000003,-16.599999999999994,-0.20000000000000018,-92.80000000000001,0,0,1,-7,0.03294117647058825,1
0.0,13.333333333333332,28.333333333333332,0.0,21.333333333333336,-1,0,-7,-1,0.17948717948717952,0
0.6,-6.0,-10.0,-0.6,39.599999999999994,5,0,6,9,-0.36549707602339176,0
0.0,49.8,65.8,0.19999999999999996,62.2,-1,55,-1,0,0.21241830065359468,1
0.0,6.0,49.0,2.0,260.0,-4,0,-6,-1,0.1546052631578947,1
0.0,-28.0,-4.0,-1.0,-60.0,-2,0,-5,11,-0.050000000000000044,1
1.0,4.400000000000006,-21.400000000000006,-1.0,-194.39999999999998,1,0,1,-7,0.130718954248366,0
1.0,9.5,3.6666666666666643,-1.0,-150.5,-1,0,-1,11,-0.29166666666666663,0
0.39999999999999997,34.800000000000004,39.199999999999996,-0.2,30.999999999999996,-5,0,2,-5,0.06428571428571428,0
0.0,-129.0,-127.0,-1.0,-4.0,-3,0,-3,3,0.1428571428571428,0
0.8,13.199999999999996,-4.400000000000006,-0.6,-192.4,1,0,4,5,-0.10054347826086951,0
0.39999999999999997,7.0,5.200000000000003,0.2,-16.000000000000004,3,0,-1,5,0.07400379506641375,1
0.0,-29.4,-28.6,0.2,-12.799999999999999,0,0,2,2,-0.11413043478260865,0
0.2,-25.2,-31.2,-1.6,-78.20000000000002,1,0,-1,15,0.0,1
-0.6,26.0,24.299999999999997,0.4,50.0,-1,0,-4,10,-0.19714285714285706,0
0.2,100.8,89.6,-1.6,-291.4,-1,0,-3,1,-0.02020202020202022,1
0.6,-45.4,-55.800000000000004,0.0,-36.0,-5,0,1,-2,0.23949579831932766,1
0.0,-50.8,-78.0,-0.6,0.8000000000000007,0,0,-2,4,-0.09195402298850575,0
0.5,6.75,-7.25,-1.0,-186.25,-2,0,0,-1,0.22009569377990423,1
0.0,31.0,50.0,1.0,60.0,-4,0,-4,-7,0.07692307692307687,0
0.75,42.8,9.150000000000006,-4.3,-452.25,1,0,3,1,-0.1259946949602122,1
-0.2,-35.800000000000004,-28.0,0.8,20.0,-2,0,0,-4,0.011111111111111183,1
0.09999999999999998,9.099999999999994,0.29999999999999716,-0.09999999999999998,-14.45,0,0,3,1,-0.13235294117647056,1
0.5,22.0,18.25,-0.25,-127.0,-3,0,-3,7,0.012820512820512775,1
0.5,65.66666666666667,67.33333333333333,-0.6666666666666666,12.166666666666664,-1,15,1,1,-0.05681818181818177,0
0.0,-27.5,-26.25,0.0,141.75,1,-20,1,11,-0.35,0
0.2,-42.05,-117.55,-1.75,-215.0,2,0,3,-3,-0.039999999999999925,0
-0.75,5.75,6.5,4.0,283.0,0,0,-1,-6,0.08333333333333337,1
0.2,4.0,14.399999999999991,1.2000000000000002,-44.400000000000006,1,0,2,3,-0.125,0
-2.4,51.2,68.8,0.8,59.2,5,0,7,6,-0.14363636363636367,0
-0.19999999999999996,-9.400000000000006,-29.599999999999994,0.19999999999999996,-56.80000000000001,-4,0,-3,10,-0.006060606060605989,0
0.2,-18.0,-28.799999999999997,-5.0,-235.60000000000002,2,0,0,-2,-0.09447415329768272,0
0.2,30.0,19.799999999999997,-1.1,-70.8,2,0,3,12,-0.23476702508960567,1
0.75,-14.916666666666664,-19.333333333333336,0.3333333333333333,-25.083333333333332,-2,0,-1,-4,0.1148325358851674,1
0.6,-7.799999999999997,-11.200000000000003,-0.8,42.8,-4,0,-2,12,-0.13586956521739135,1
-0.5,-24.2,3.200000000000003,1.4,96.2,-2,0,-2,3,-0.1444444444444445,1
0.4,6.149999999999999,-12.549999999999997,-1.15,-21.150000000000006,1,0,3,6,-0.10557432432432434,0
1.0,-11.0,-28.0,-1.0,27.0,1,0,3,-2,0.33333333333333337,1
0.4,-34.2,-37.4,0.8,41.8,-3,0,0,3,-0.11637931034482762,1
0.0,10.0,0.0,-1.0,-51.0,2,0,0,1,-0.16249999999999998,0
0.3333333333333333,-23.666666666666668,-38.66666666666667,-0.6666666666666667,-47.0,5,0,-1,-3,0.08571428571428574,1
0.0,33.0,40.8,0.4,93.6,0,0,0,-4,0.026666666666666727,1
-0.2,85.8,96.00000000000001,-0.6000000000000001,-2.0,-4,0,2,8,-0.08333333333333337,1
0.0,53.599999999999994,50.0,-0.9999999999999999,-162.2,1,0,0,8,-0.08563899868247693,0
0.2,27.200000000000003,25.700000000000003,-0.9,-85.9,2,0,0,3,0.1785714285714285,1
0.0,-1.3333333333333357,-11.666666666666671,-1.0,-66.0,-2,0,2,-1,-0.07692307692307687,0
-0.2,11.0,2.3999999999999986,0.40000000000000013,-109.80000000000001,0,0,0,2,0.04912280701754379,0
0.0,20.0,3.0,0.0,-20.0,-3,0,-3,6,-0.19696969696969702,0
-0.3333333333333333,59.13333333333333,73.46666666666667,1.0666666666666667,153.33333333333331,0,0,1,9,-0.18487394957983194,1
-0.25,11.5,23.75,2.75,480.25,4,0,7,0,0.19999999999999996,1
-0.6,-33.400000000000006,-41.349999999999994,1.25,-22.049999999999997,1,0,-5,-3,0.19999999999999996,1
0.2,6.399999999999999,-5.200000000000003,-0.4,-11.799999999999997,-2,0,-1,12,-0.2846153846153846,0
0.4,26.9,30.0,-3.0,-287.9,0,16,3,5,-0.38749999999999996,0
0.2,-61.33333333333333,-49.46666666666667,0.4,109.53333333333332,-1,0,-2,9,-0.21678321678321677,0
0.0,-61.8,-52.60000000000001,3.4,109.0,0,0,0,-3,0.079059829059829,1
0.4,53.199999999999996,110.6,0.0,69.40000000000003,-1,0,-3,1,-0.05641025641025643,1
0.6,-31.0,-48.8,-1.0,-46.0,-7,6,-9,6,-0.30555555555555547,0
0.4,-60.4,-68.6,1.0,-43.2,-1,0,-1,0,-0.022222222222222254,0
-0.1333333333333333,0.3999999999999986,12.93333333333333,0.4,44.8,1,0,4,8,-0.01666666666666672,1
0.16666666666666669,2.4166666666666643,-2.8333333333333286,-1.75,-105.5,-2,0,-2,3,-0.0793650793650793,0
-0.6,-34.8,-30.06666666666667,0.0,0.5999999999999996,4,0,4,-8,0.37575757575757573,1
0.5,-7.75,-28.75,-1.5,-190.0,0,10,1,1,0.20138888888888884,1
0,0,0,0,0,0,0,1,-3,0.01388888888888884,0
0.25,16.25,11.25,1.5,130.75,0,0,0,-5,-0.05681818181818177,1
0.0,-33.66666666666667,-27.66666666666667,0.33333333333333337,12.333333333333336,-2,0,2,-6,0.17460317460317454,1
0.0,-30.5,-30.0,0.0,-156.0,0,0,6,-4,0.13131313131313127,1
0.0,0.5999999999999943,-1.3999999999999915,-0.8,-79.39999999999999,1,0,5,7,0.01806239737274218,0
0.5,58.25,74.5,0.0,-94.25,-1,0,-6,-7,0.05228758169934644,0
0.6000000000000001,-23.000000000000004,-26.400000000000002,0.0,3.9999999999999996,1,15,6,-4,0.15527950310559002,1
-0.5,-59.9,-49.8,-0.7,6.100000000000001,-1,0,0,3,-0.10200668896321063,0
-0.39999999999999997,-23.39999999999999,-9.0,-1.1999999999999997,19.19999999999999,1,0,3,-5,0.018181818181818188,1
0.25,14.75,28.0,1.5,49.5,2,0,4,-1,0.0,1
0.0,-33.0,-48.333333333333336,-0.5,262.0,3,1,4,5,0.1607142857142857,1
0.2,-27.999999999999996,-33.6,-0.6,6.400000000000006,1,0,3,-8,0.043636363636363695,1
0.2,27.0,103.4,1.4,241.2,1,-10,2,2,0.1527777777777778,1
-0.3333333333333333,7.666666666666664,26.333333333333336,1.0,41.66666666666667,-3,0,-3,0,0.1740890688259109,1
1.0,13.333333333333336,55.333333333333336,1.3333333333333333,252.66666666666666,-1,60,-5,2,0.1875,1
0.4,1.2000000000000028,-5.6000000000000085,1.2,36.19999999999999,-1,15,-2,-2,0.2247765006385697,1
-0.2,27.0,102.20000000000002,2.4000000000000004,42.0,-2,0,-1,5,-0.14230769230769225,1
-0.2,-7.999999999999993,-9.200000000000003,0.6,68.39999999999999,-1,0,1,-1,0.11486486486486491,1
0.0,3.200000000000001,15.199999999999996,0.7999999999999998,329.40000000000003,0,-23,1,4,0.1070234113712375,1
-1.0,0.20000000000000284,-32.6,-4.6,-145.4,-1,-15,3,-2,-0.22383720930232553,0
0.4666666666666666,-21.799999999999997,-22.06666666666667,-1.6,-42.53333333333333,3,0,3,-11,0.10897435897435892,0
0.3333333333333333,-11.666666666666668,-20.0,0.6666666666666667,60.0,4,0,5,1,0.0,0
0.6666666666666666,-23.666666666666668,-31.0,-1.0,-52.0,0,0,-1,3,0.03896103896103886,1
0.0,-24.199999999999996,10.799999999999997,1.4,438.6,1,0,-2,-9,0.15384615384615385,1
0.0,61.4,76.8,-3.2,-116.6,0,0,1,0,-0.12637362637362637,0
0.6666666666666666,-8.000000000000004,-21.333333333333336,2.0,277.33333333333337,0,0,0,1,0.1398601398601398,0
0.25,5.5,23.5,-2.0,-122.75,3,0,5,7,-0.07777777777777783,0
0.2,17.9,39.7,1.7999999999999998,162.10000000000002,1,0,4,5,0.04999999999999993,1
0.0,-5.799999999999997,21.80000000000001,-0.6000000000000001,162.79999999999998,0,0,-3,0,0.11190476190476184,1
0.0,46.2,27.4,-0.19999999999999996,-91.6,0,0,-3,1,0.044230769230769296,1
-0.4,28.4,68.8,-0.6,-38.8,3,0,1,-3,0.14619883040935677,1
-0.39999999999999997,31.400000000000006,30.4,-1.2,-90.0,-2,-15,0,5,-0.009569377990430561,0
0.0,0.3999999999999986,5.0,-0.19999999999999996,123.19999999999999,1,0,1,4,-0.18333333333333335,1
-0.6000000000000001,26.6,67.80000000000001,0.8,147.0,-2,0,1,1,-0.050000000000000044,1
0.0,-24.666666666666668,14.666666666666671,-1.3333333333333335,-14.333333333333329,5,0,2,-6,-0.020979020979020935,0
-0.4,1.7999999999999972,12.399999999999999,0.4,-34.0,-3,0,-1,2,0.1607142857142857,1
0.2,-26.4,-78.80000000000001,-0.6000000000000001,-119.59999999999997,-2,0,-2,-6,-0.04142857142857137,1
0.0,4.600000000000001,19.799999999999997,2.0,200.60000000000002,1,0,-1,1,-0.3529411764705882,0
0.0,13.0,41.0,0.0,145.0,6,0,9,-2,0.19047619047619047,1
0.0,-14.0,34.0,4.0,539.0,0,0,1,0,0.025000000000000022,0
-0.3333333333333333,-7.0,-24.0,-0.33333333333333326,-48.66666666666667,1,0,0,-1,0.09999999999999998,1
0.0,1.8000000000000007,42.8,1.4,400.6,1,0,2,-7,0.3157894736842105,1
-0.6,39.400000000000006,97.19999999999999,-0.19999999999999973,263.40000000000003,1,0,-4,6,0.022727272727272707,0
0.2,-33.6,-51.8,0.0,-47.4,-2,0,0,5,-0.038181818181818206,1
-0.19999999999999996,21.4,18.200000000000003,-0.8,-67.8,1,0,3,-3,0.07680250783699061,1
0.0,-33.0,-31.60000000000001,3.0,209.20000000000002,-1,60,1,-9,0.16666666666666674,0
-0.09999999999999998,-26.799999999999997,-29.85,-0.25,-34.3,0,0,1,0,-0.20823798627002288,0
0.0,37.0,55.0,1.0,60.0,0,0,3,-7,0.3125,1
0.15000000000000002,37.65,43.1,1.0,105.75,2,0,2,4,-0.24431818181818177,1
-0.2,-6.399999999999999,-12.0,-0.8,-95.0,6,0,7,-5,0.04251012145748989,1
-0.4666666666666666,33.0,59.53333333333334,1.0,68.73333333333333,1,0,2,4,0.1393939393939394,1
0.0,1.0,-12.600000000000001,0.0,94.19999999999999,1,0,0,4,-0.125,0
0.0,2.2666666666666657,36.266666666666666,1.6,201.39999999999998,-4,0,-1,-7,-0.07905138339920958,1
-0.6,17.400000000000006,23.400000000000006,0.2,37.4,0,-10,-1,9,-0.03428571428571425,1
-0.25,56.25,85.5,-1.0,167.0,0,0,-3,-4,0.042735042735042694,0
0.2,35.8,33.2,4.4,377.8,-3,0,-2,3,0.05555555555555558,1
-0.2,-26.60000000000001,-15.400000000000006,0.19999999999999996,172.6,-2,0,3,3,0.05555555555555558,1
0.0,32.800000000000004,33.39999999999999,0.2,8.799999999999997,-3,-14,1,-2,0.08666666666666667,1
0.2,-12.2,-21.33333333333333,3.0666666666666664,328.06666666666666,1,-10,0,-6,0.19318181818181823,1
0.0,20.60000000000001,25.6,0.4,26.0,-1,0,2,3,-0.08000000000000007,0
0.4,-2.6000000000000014,-2.6000000000000014,-0.2,-23.4,0,0,1,-1,0.1166666666666667,1
-0.4,23.800000000000004,-4.199999999999989,-1.7999999999999998,-238.79999999999998,-2,0,-2,0,-0.042857142857142816,1
0.0,1.2000000000000028,38.20000000000002,2.0,17.0,0,0,1,-5,0.16666666666666663,1
0.2,8.0,3.8000000000000043,0.0,-53.400000000000006,2,-15,1,4,-0.125925925925926,0
0.0,-15.600000000000001,-28.0,-0.6000000000000001,-78.80000000000001,1,0,3,3,0.012820512820512775,0
-0.2,-71.19999999999999,-87.8,1.8000000000000003,160.0,2,0,2,10,-0.23504273504273498,0
-0.6,-39.8,-24.200000000000003,0.3999999999999999,86.20000000000002,2,0,-1,-2,0.10576923076923073,1
-0.2,-17.799999999999997,-46.8,0.40000000000000013,-56.19999999999999,-6,0,-4,18,-0.16666666666666674,0
0.2,1.3999999999999986,-17.0,0.0,46.4,2,0,5,0,0.13749999999999996,1
-0.6000000000000001,47.199999999999996,71.6,-0.19999999999999996,38.400000000000006,2,0,-1,-6,-0.033333333333333326,1
0.4,-26.4,-32.0,-1.2000000000000002,-113.39999999999999,4,0,2,6,-0.008333333333333415,1
0.4,20.200000000000003,20.400000000000006,-0.20000000000000007,-36.0,1,0,1,-6,-0.07603686635944695,0
1.0,-46.0,-65.66666666666667,-0.6666666666666666,-56.0,0,0,0,1,0.10317460317460314,0
-0.4,19.0,41.0,0.39999999999999997,65.0,-2,0,-2,1,-0.20919540229885059,0
1.0,-23.0,-42.0,-1.0,-58.0,-2,20,-4,-8,-0.03846153846153855,1
0,0,0,0,0,3,10,6,0,-0.12210526315789472,0
0,0,0,0,0,5,0,7,4,-0.19999999999999996,0
0,0,0,0,0,-5,0,-7,7,0.024844720496894346,1
0.0,-1.3999999999999986,13.200000000000003,0.0,-28.799999999999997,-1,0,4,-5,0.2333333333333334,0
0,0,0,0,0,-1,0,0,1,0.09999999999999998,1
0.0,52.0,103.0,0.0,134.0,1,0,0,-7,-0.020270270270270285,1
0.09999999999999998,22.85,23.95,0.0,-1.7999999999999998,3,0,1,-6,-0.04761904761904767,0
-0.4,1.6000000000000085,-14.400000000000006,0.0,-81.0,0,8,4,-5,0.16551724137931034,1
0.0,-10.600000000000001,-7.799999999999997,-1.0,-8.800000000000011,2,0,3,-3,0.06898774983881362,1
0.3333333333333333,-15.466666666666669,-8.26666666666667,0.9333333333333332,149.6,-2,-20,0,-9,0.2592592592592592,1
-0.25,32.95,58.400000000000006,-0.3999999999999999,168.85000000000002,-1,0,1,7,-0.10999999999999999,1
1.0,-31.0,-33.0,0.0,1.5,-1,0,2,3,0.12030075187969924,1
-0.19999999999999996,22.866666666666667,34.26666666666666,0.06666666666666671,96.13333333333335,0,0,1,-4,-0.07333333333333336,0
0.2,8.600000000000001,-0.6000000000000014,-1.0,-139.8,-3,0,0,5,-0.07526881720430112,1
0.6,9.399999999999999,-1.7999999999999972,-0.4,49.2,3,0,4,6,0.20814479638009042,1
-0.5,-15.899999999999999,-1.2000000000000028,0.4,106.8,-1,-8,-1,6,-0.08845208845208852,1
0.0,29.2,29.000000000000004,-0.4,-70.0,4,0,2,0,-0.2222222222222222,0
0.0,6.5,-18.0,1.0,-177.0,-1,0,0,5,-0.10769230769230775,0
0.0,9.5,-1.5,-3.0,-263.1,-2,0,-3,-1,-0.2564102564102565,0
-1.6666666666666667,-11.266666666666666,21.4,0.2,111.6,2,0,2,6,-0.09275362318840585,0
0.2,-7.200000000000003,-14.200000000000003,0.19999999999999996,54.0,-3,0,-1,3,-0.23706896551724133,0
0.0,5.5,-10.5,-1.0,-10.0,3,0,1,2,-0.07692307692307687,1
0.2,-0.20000000000000284,-14.199999999999996,-0.19999999999999996,-295.0,-3,0,-1,3,0.02083333333333337,0
0.0,12.600000000000001,12.0,0.4,-43.2,1,0,6,-3,0.3157894736842105,1
-0.4,55.199999999999996,26.80000000000001,-0.20000000000000007,-19.400000000000006,1,0,1,14,-0.18461538461538463,0
0.0,27.599999999999994,25.0,-0.19999999999999996,61.0,-4,0,-1,10,-0.1607142857142857,1
0.7333333333333333,17.466666666666665,10.0,0.6666666666666667,-51.19999999999999,4,0,3,-2,-0.10855263157894735,0
0.4,4.599999999999994,-8.799999999999997,-1.2000000000000002,-61.80000000000001,-4,0,-8,5,0.044137931034482714,0
0.0,9.0,-3.0,1.6666666666666667,-201.33333333333331,-5,0,-5,-4,-0.06666666666666665,1
0.0,-8.5,-9.0,-0.5,347.5,-1,0,-1,7,0.0,1
-0.2,59.6,53.0,0.40000000000000013,-64.20000000000002,2,0,2,0,-0.17598684210526316,1
-0.2,-11.400000000000006,-9.600000000000009,-1.4,-89.4,-1,0,1,-7,0.19318181818181823,1
0.0,60.5,68.5,-1.5,-48.0,1,45,-3,2,0.012820512820512775,0
-0.2,-4.800000000000004,-81.0,-1.8,-445.8,-1,0,-1,-5,-0.1706349206349207,0
0.0,41.6,27.39999999999999,-2.2,-154.6,1,0,-1,1,-0.03703703703703698,0
0.5,-6.149999999999999,3.0,1.15,25.849999999999994,1,0,-1,1,0.17101449275362324,1
0.0,-30.799999999999997,-34.0,0.0,-28.8,2,0,3,-1,0.20833333333333337,1
-0.4,-53.4,-50.599999999999994,0.8,48.80000000000001,2,0,1,-8,-0.10124999999999995,1
0.4,12.399999999999999,12.799999999999997,-0.6000000000000001,-87.80000000000001,-2,0,-1,1,0.06739130434782603,0
0.0,-23.2,-34.0,0.5999999999999999,-87.2,0,16,-5,2,0.0714285714285714,1
-0.5,24.0,15.25,0.0,-54.75,5,0,2,0,0.19047619047619047,1
0.3,-0.5499999999999972,18.75,0.19999999999999996,47.599999999999994,-4,0,-7,1,-0.02801120448179273,0
0.0,30.5,-2.5,-2.0,-141.0,-1,0,-4,4,0.11818181818181828,1
0.20000000000000007,-99.0,-101.60000000000001,0.20000000000000007,10.400000000000006,-4,0,0,-6,0.22857142857142854,1
-0.2,19.6,-1.0,-0.6000000000000001,-124.0,-2,0,-2,4,-0.25,0
0.0,2.799999999999997,5.3999999999999915,0.4,-40.99999999999997,-1,0,-3,0,0.21304347826086956,1
-0.19999999999999996,46.199999999999996,57.99999999999999,1.6,149.4,2,0,2,0,0.3448275862068966,1
0.3333333333333333,22.53333333333333,62.400000000000006,-0.2,-50.333333333333336,-1,0,2,-4,0.2983193277310924,1
1.0,34.0,17.0,-1.0,-58.0,0,0,1,-6,0.04444444444444451,1
0.0,6.200000000000003,-12.799999999999997,-2.2,-247.79999999999998,3,0,5,-6,0.04259094942324759,1
0.25,14.75,21.0,-3.5,-213.0,-3,-15,-8,6,-0.04901960784313719,1
-0.5,11.5,28.5,1.5,158.25,4,0,6,2,-0.08235294117647052,1
-0.04999999999999999,6.200000000000003,4.149999999999999,1.0,165.5,8,-25,8,-6,0.003030303030302939,1
-1.0,-33.333333333333336,-32.0,3.3333333333333335,264.6666666666667,1,0,0,-5,0.16666666666666663,1
-0.2,14.100000000000001,42.4,0.65,71.45,-2,0,0,-7,0.11868686868686873,1
0.6,10.799999999999997,26.400000000000006,2.6,398.6,1,0,0,3,0.2013793103448276,1
-0.2,-4.799999999999997,14.0,4.8,371.0,-1,0,2,0,0.19346405228758168,1
-0.2,21.799999999999997,24.60000000000001,-1.6,-48.0,0,0,-1,8,-0.040322580645161255,1
0.0,27.599999999999994,39.2,0.2,-40.0,1,0,-2,5,0.0,1
0.2,11.0,5.400000000000006,-1.0,-6.600000000000001,-2,0,1,1,0.06666666666666665,0
-0.2,9.2,44.4,1.4000000000000001,69.6,3,0,2,1,0.08509485094850944,1
0.6,1.1999999999999993,-23.733333333333327,-5.266666666666667,-482.0666666666666,2,0,1,1,-0.12461538461538457,0
0.0,50.0,67.0,0.0,174.8,0,0,-4,8,-0.18253968253968256,0
-0.3333333333333333,42.53333333333333,67.2,1.2,152.66666666666666,2,0,2,3,0.09090909090909094,1
-0.2,10.600000000000001,-5.399999999999999,0.0,9.400000000000006,2,0,4,9,-0.006688963210702337,0
0.0,-12.0,-17.0,-1.0,-192.0,-1,0,4,-5,0.18888888888888888,1
-0.5,-7.5,0.16666666666666785,0.3333333333333333,79.16666666666667,-1,-20,-4,1,-0.06428571428571428,1
0.0,34.99999999999999,64.4,-1.4000000000000001,-252.0,2,0,-2,8,-0.29352226720647767,1
0.0,12.600000000000001,-1.7999999999999972,-0.6,-130.6,3,0,1,4,-0.09440559440559437,0
0.0,-10.199999999999996,-26.200000000000003,-0.4,22.799999999999997,3,0,3,5,-0.002525252525252597,1
0.2,-26.199999999999996,-6.3999999999999915,-0.7999999999999998,278.79999999999995,3,0,2,0,0.06643356643356635,1
-0.2,32.599999999999994,29.800000000000004,-0.4,8.799999999999999,2,0,2,4,0.13333333333333341,1
0.0,22.200000000000003,32.400000000000006,-1.0,36.8,2,0,5,6,-0.23205741626794263,0
0.0,40.4,38.2,1.0,63.80000000000001,4,0,1,-2,-0.14102564102564108,0
0.5,-48.5,-41.849999999999994,1.3,207.65,1,0,1,-2,0.05999999999999994,1
0.25,-28.5,-40.25,-1.0,-59.0,0,-47,-2,-3,-0.06666666666666665,1
0.0,32.8,4.200000000000003,1.2,8.399999999999977,-1,0,6,1,0.07017543859649122,1
0.0,-15.0,-2.0,2.4,240.39999999999998,0,0,-1,5,-0.13888888888888884,0
0.0,-37.0,-56.0,-1.0,19.0,3,0,2,4,-0.09999999999999998,1
-0.19999999999999996,0.19999999999999574,11.800000000000004,0.0,-16.4,3,0,3,3,0.13068181818181823,1
0.0,34.60000000000001,27.60000000000001,-0.9999999999999999,96.40000000000003,1,0,-2,1,-0.06882591093117407,0
0.4,23.0,30.0,-1.4000000000000001,58.0,-2,0,1,7,-0.08020050125313283,0
0.0,1.8000000000000043,4.600000000000001,-0.2,109.8,-1,15,-5,4,0.13831089351285186,1
0.0,5.799999999999997,35.2,-0.6000000000000001,16.600000000000023,0,0,2,-1,-0.19999999999999996,0
-0.4,20.599999999999994,35.0,-1.6,-88.8,2,0,-1,11,-0.09615384615384615,0
0.0,2.200000000000003,23.150000000000006,-1.8,-120.45,3,0,-1,15,-0.010869565217391353,0
-0.2,-7.200000000000003,4.0,1.6,54.80000000000001,1,0,-1,1,-0.06267806267806264,0
-0.6,9.899999999999999,59.9,0.0,-53.2,-2,0,-1,8,0.06349206349206349,1
0.0,-32.0,-31.0,0.2,46.800000000000004,2,0,-1,-8,0.07647058823529418,1
0.0,-57.0,-22.799999999999997,2.0,151.4,0,0,3,2,0.06211180124223603,0
-0.2,-11.399999999999999,-14.600000000000009,0.6000000000000001,196.99999999999997,-3,0,0,0,-0.03837837837837843,1
-0.8,-4.399999999999999,11.800000000000004,-0.8000000000000003,28.80000000000001,0,0,-1,6,-0.10136452241715399,1
0.0,41.2,44.39999999999999,-0.6000000000000001,-139.20000000000002,1,0,0,-1,0.02164502164502169,1
-0.2,21.4,26.333333333333336,0.0,55.93333333333334,4,0,1,-2,0.050724637681159424,1
-0.4,64.5,73.3,0.6,3.8999999999999986,1,-15,-2,1,-0.1523809523809524,0
0.5,26.5,33.0,0.0,86.5,-3,0,-2,-5,-0.043636363636363695,1
-1.2,16.2,36.0,0.4,134.0,4,0,4,-7,0.17112299465240643,1
0.0,-21.8,-19.4,0.3999999999999999,27.599999999999994,-1,0,3,-2,-0.06666666666666665,1
-0.2,-26.8,-40.2,0.0,-7.400000000000006,0,0,5,-2,0.20879120879120883,1
0.8,33.8,51.400000000000006,1.4000000000000001,169.6,-7,0,-1,-1,0.16091954022988508,1
0.0,21.199999999999996,22.800000000000004,-0.2,95.0,-1,0,3,-2,0.22461538461538455,1
0.25,-17.0,16.75,4.75,389.75,-4,0,-2,2,0.023809523809523725,1
0.8,-33.6,-71.8,-2.8,-162.4,-2,0,-4,3,0.002450980392156854,1
0.5,-70.5,-36.5,0.0,76.5,-1,0,-3,8,-0.15909090909090906,0
0.0,13.666666666666664,11.0,-1.6666666666666665,-50.66666666666666,0,0,2,-2,-0.11312217194570129,0
0.4,-3.0,-102.8,-5.0,-283.8,5,0,4,-3,0.049450549450549386,0
0.2,-4.799999999999997,-8.0,-3.6,-193.0,0,0,0,-5,-0.10476190476190483,0
-0.19999999999999996,50.0,47.0,2.0,79.6,-3,10,-3,3,-0.03221288515406162,0
-0.41666666666666663,9.5,-6.333333333333329,-0.6666666666666666,-4.833333333333336,3,0,8,-3,-0.04901960784313719,0
-0.2,16.2,33.8,-0.6,135.8,-1,0,-8,-7,0.25909090909090904,1
0.2,29.199999999999996,-4.599999999999994,-2.4,-341.20000000000005,2,0,1,2,-0.21449275362318843,0
0.2666666666666666,-65.93333333333332,-74.26666666666667,0.6666666666666666,-20.533333333333335,-5,0,-2,2,0.11086956521739133,0
0.5,21.75,24.75,-0.5,-49.75,0,0,1,-5,0.13186813186813184,0
0.08333333333333331,-91.16666666666667,-114.83333333333333,-1.0,-25.25,2,0,6,5,-0.2222222222222222,0
-0.15000000000000002,-34.1,-50.45,1.65,102.4,2,0,-2,-11,0.23245614035087714,1
0.0,22.599999999999994,-13.799999999999997,-0.20000000000000018,-163.59999999999997,0,0,-1,6,-0.19032258064516128,0
0.4,-10.199999999999996,-15.999999999999993,-0.2,9.399999999999999,-3,-10,-3,6,-0.157520325203252,0
1.2,-27.4,-30.2,-1.0,-111.80000000000001,1,-10,4,-1,0.05253623188405798,1
0.2,-1.0,-3.799999999999997,-3.6,-349.4,1,0,3,1,-0.024216524216524205,0
0.5,27.5,39.75,1.0,147.5,0,-10,1,0,-0.050000000000000044,0
0.3333333333333333,46.666666666666664,63.33333333333333,0.3333333333333335,170.33333333333334,0,0,-3,-5,0.07905138339920958,0
0.0,27.5,57.5,4.0,410.0,-2,0,1,0,0.0505050505050505,1
0.0,27.5,36.5,-0.5,13.0,0,0,3,-1,-0.2727272727272727,0
0.0,-30.0,-34.5,1.5,333.5,-2,0,1,-1,-0.018433179723502224,0
-0.2,-32.13333333333333,-32.06666666666668,0.4,80.66666666666666,1,-10,9,-7,0.2543859649122807,1
0.2,23.8,27.6,-0.20000000000000018,-75.39999999999998,0,0,-2,9,0.10087719298245612,1
0,0,0,0,0,4,10,1,2,0.0,0
-0.4,87.80000000000001,86.2,-0.40000000000000013,-86.39999999999998,-2,0,2,9,-0.22807017543859653,0
0.0,26.000000000000007,13.600000000000009,-1.0,-36.80000000000001,2,0,3,10,-0.2705882352941177,0
0,0,0,0,0,0,0,1,-4,-0.0802139037433155,0
0,0,0,0,0,0,0,-6,7,-0.1826625386996904,0
-0.75,-31.450000000000003,7.5,0.95,111.44999999999999,3,0,1,12,-0.32608695652173914,0
0.0,-1.3999999999999986,-8.799999999999997,-0.6,-48.0,1,0,-2,-10,0.12397372742200319,0
0.0,29.33333333333333,19.333333333333336,-1.0,-90.0,0,0,-2,2,-0.021390374331550777,0
0.5,-35.0,-51.0,-1.0,-58.5,4,0,3,-3,0.18627450980392157,1
0.6,42.0,50.400000000000006,0.0,13.8,-1,0,-4,7,-0.20350877192982453,1
-0.75,51.25,45.25,0.0,-41.0,6,0,3,-4,0.19480519480519476,1
0.0,13.5,16.75,0.5,-83.75,1,0,2,-2,0.32638888888888884,1
0.0,10.599999999999994,4.599999999999994,2.5999999999999996,56.599999999999994,-3,0,-4,-5,0.05702917771883287,1
0.35,-20.450000000000003,-19.35,-0.65,-110.95,-4,0,1,2,-0.08903020667726547,1
-0.4,-5.799999999999997,-11.200000000000003,4.6000000000000005,121.0,-2,0,-5,0,0.21342031686859264,0
0.2,-13.0,-18.599999999999998,0.0,24.6,0,22,-3,-5,-0.06211180124223603,0
-0.6,4.600000000000001,4.5,0.8,47.9,-1,0,-7,5,-0.08809523809523812,0
0.3333333333333333,-19.333333333333336,-34.33333333333333,-4.0,-437.6666666666667,-3,-39,-3,1,-0.3375,0
0.2,19.6,31.400000000000002,-2.4,-48.60000000000001,1,0,1,1,0.05333333333333323,0
0.0,64.66666666666666,83.93333333333334,-0.19999999999999996,-70.4,0,-10,2,3,0.0,1
-0.2,51.266666666666666,58.4,0.4666666666666668,47.53333333333333,-2,0,-5,-5,0.130718954248366,1
0.0,12.5,16.0,0.0,-8.5,4,0,0,-14,0.18686868686868685,1
0.19999999999999996,20.8,16.599999999999994,0.4,-43.2,0,0,1,-1,0.0,1
-0.3333333333333333,32.333333333333336,45.0,0.6666666666666667,-45.0,1,0,3,0,0.0,0
0.0,21.200000000000003,28.6,-2.6,12.0,0,-14,0,10,-0.009400705052878933,0
0.0,-22.4,-65.46666666666667,-0.19999999999999996,43.53333333333333,4,10,2,4,0.021935483870967776,0
1.0,55.0,37.0,-1.0,-47.0,1,15,5,-6,0.1681818181818182,1
0.4,25.0,11.200000000000003,-1.0,-54.4,2,0,-3,0,0.008620689655172376,1
0.0,6.666666666666664,72.0,-0.8,53.26666666666668,-2,0,0,1,0.08000000000000007,1
0.0,-11.5,-16.5,-4.0,-324.0,0,0,2,-5,0.07211538461538458,1
0.2,21.39999999999999,55.60000000000001,0.4,28.200000000000017,-2,0,1,-3,0.07692307692307687,1
0.6666666666666667,-29.333333333333336,-78.33333333333333,-5.333333333333333,-434.3333333333333,1,19,0,-1,-0.015151515151515138,1
-0.6666666666666666,-16.066666666666663,-7.0,1.6,216.60000000000002,-1,0,-1,-2,0.08260869565217399,1
0.0,4.0,11.0,0.0,-104.0,5,0,7,-9,-0.09722222222222221,1
-0.2,66.39999999999999,86.0,-0.3999999999999999,50.400000000000034,3,0,1,4,-0.19999999999999996,0
0.5,77.9,141.2,-0.2,-33.9,2,0,-1,1,0.24117647058823533,1
0.6,64.19999999999999,61.39999999999999,-1.8,-117.2,3,0,2,-5,-0.1568627450980392,0
0.0,32.2,13.200000000000003,-2.1999999999999997,-327.40000000000003,-2,0,1,3,-0.028066528066527985,0
0.0,-13.800000000000004,43.0,0.0,267.4,2,0,2,0,0.02506265664160401,1
-0.5,-26.5,-34.9,-1.25,-68.9,5,0,5,4,0.1573426573426573,1
0.19999999999999996,27.2,18.733333333333327,0.4666666666666666,-1.5333333333333314,-2,0,-5,-2,0.26086956521739135,1
0.0,20.0,-20.0,0.0,-63.0,0,-10,0,1,-0.17948717948717952,0
-0.4,-13.899999999999999,-23.900000000000006,0.5,156.4,-2,5,-3,2,0.32499999999999996,1
0.3333333333333333,26.66666666666667,15.0,-0.33333333333333337,1.0,1,0,-1,4,-0.042483660130718914,1
0.5,-24.9,-54.8,-0.8999999999999999,-266.8,0,0,3,-7,0.15294117647058825,0
0.4,-95.7,-68.4,0.2,139.0,2,0,3,9,-0.05263157894736836,1
-0.4,-10.8,7.649999999999999,0.25,219.05,1,0,2,-7,0.2142857142857143,1
0.2,-9.400000000000006,-51.2,-1.0,-116.99999999999999,3,0,2,-3,-0.041871921182266014,0
0.39999999999999997,-5.0,-20.6,-0.19999999999999996,-53.60000000000001,1,-10,-2,-2,0.04166666666666674,1
0.0,26.39999999999999,9.400000000000006,-0.39999999999999997,-93.6,0,0,-2,9,-0.22461538461538455,0
-0.55,10.700000000000003,19.799999999999997,-0.55,57.05,-1,0,4,-3,0.1166666666666667,0
-0.6000000000000001,-8.0,-7.799999999999997,0.4,63.0,-4,0,-4,-6,0.15527950310559002,1
0.0,64.0,41.2,0.6000000000000001,-51.39999999999999,-1,0,0,-8,0.16349206349206347,1
0.4,-0.20000000000000284,-19.200000000000003,-0.19999999999999996,-72.0,-2,0,-3,3,-0.051136363636363646,0
0.2,-57.6,-60.8,-2.5,-236.0,1,0,2,0,-0.10000000000000009,1
-1.0,-38.6,15.0,5.3999999999999995,489.0,2,0,2,-7,0.24137931034482762,1
0.0,23.25,55.25,-0.5,241.75,1,0,1,-2,0.15294117647058825,1
-0.2,-35.599999999999994,-59.8,-0.2,-7.199999999999999,0,0,3,-6,0.10615384615384615,1
0.0,-35.5,-41.5,0.5,20.5,4,0,8,-6,0.25,1
0.0,14.666666666666671,-1.0833333333333286,1.0,109.66666666666667,1,29,1,-3,0.34659090909090906,1
0.0,14.0,65.0,-1.0,5.0,2,0,3,-1,0.16666666666666663,1
0.0,-7.199999999999999,-56.2,-1.2000000000000002,-261.20000000000005,1,0,1,1,-0.09615384615384615,0
0.19999999999999996,-11.599999999999998,-9.799999999999997,0.19999999999999996,-6.6000000000000085,0,0,1,0,0.21271929824561397,1
0.2,42.4,87.6,0.6,64.8,-1,0,-3,5,-0.14583333333333337,1
-0.8,1.6000000000000014,13.800000000000004,2.1999999999999997,262.59999999999997,3,0,2,-1,-0.027972027972027913,0
0.0,-19.200000000000003,-42.2,-0.39999999999999997,-12.400000000000006,-2,0,-3,-2,0.13333333333333341,1
-1.0,-42.0,-38.5,0.0,19.5,1,0,3,-5,-0.06043956043956045,0
-0.2,-35.599999999999994,2.4000000000000057,1.4,179.8,-4,0,-5,1,-0.04705882352941182,0
0.0,10.399999999999999,12.200000000000003,1.0,73.39999999999998,-3,0,-1,-5,0.07246376811594202,1
0.3333333333333333,-16.733333333333334,-65.33333333333334,3.4,-36.400000000000006,0,0,-3,-1,0.030000000000000027,0
0.0,38.199999999999996,62.0,-0.4,-69.20000000000002,-2,10,2,1,0.10416666666666663,1
0.25,-17.75,-49.25,-0.25,61.0,1,-25,5,6,0.0357142857142857,0
0.2,-4.599999999999994,-17.799999999999997,-1.2,-226.6,0,0,0,1,-0.11818181818181828,1
0.0,43.800000000000004,33.599999999999994,-0.7999999999999999,-78.0,1,0,3,-2,-0.010714285714285676,0
-0.9,4.299999999999997,6.399999999999999,-0.3,13.3,1,10,1,8,-0.19094247246022023,0
0.0,-67.5,-100.83333333333333,-0.6666666666666667,-78.91666666666667,3,0,-2,-4,0.2833333333333333,1
0.0,16.200000000000003,5.200000000000003,-0.19999999999999996,-117.60000000000001,6,0,3,8,-0.045454545454545414,1
0.2,11.6,1.8000000000000007,-0.20000000000000007,24.599999999999994,-2,0,1,9,0.020467836257309857,0
0.1333333333333333,53.66666666666667,66.2,0.4,7.0,-4,0,-5,-10,0.16888888888888887,0
0.2,18.4,86.0,0.8,385.6,1,10,1,11,-0.12222222222222223,1
1.8,-24.799999999999997,-18.799999999999997,-0.6000000000000001,66.4,0,0,3,2,0.15333333333333332,1
-0.4,18.200000000000003,11.099999999999994,0.6,187.2,0,10,-1,-3,0.16666666666666674,1
-0.2,8.799999999999997,15.2,-1.6,61.400000000000006,4,0,3,-3,-0.037151702786377694,0
0.6666666666666666,29.83333333333333,24.83333333333333,0.16666666666666663,15.666666666666671,1,0,1,-3,0.2333333333333334,1
0.0,-11.399999999999999,-1.4000000000000057,-0.39999999999999997,-103.39999999999999,1,0,-1,5,-0.05236486486486491,1
-0.15000000000000002,19.6,21.1,0.2,20.950000000000003,-4,0,-1,3,-0.13894523326572006,0
-0.6,9.8,1.6000000000000014,0.4,-98.6,2,20,0,0,-0.15614035087719302,0
0.0,13.399999999999999,-17.4,-1.6,-44.0,-5,0,-6,0,-0.0625,0
0.6,43.8,35.0,0.6,-41.0,0,-15,-5,-10,0.05555555555555558,1
0.04999999999999999,-36.3,-43.75,0.75,2.6000000000000014,1,0,1,-6,0.20370370370370372,1
0.19999999999999996,9.000000000000004,11.600000000000001,0.39999999999999997,-47.99999999999999,-3,0,-4,7,0.00614250614250611,0
-1.0,44.400000000000006,82.4,-0.8,127.6,2,-10,0,1,-0.16210526315789464,0
0.5,25.5,30.5,0.0,-44.5,1,0,1,-3,0.11666666666666659,1
0.0,27.599999999999994,27.199999999999996,-0.8,-62.19999999999999,-2,0,-1,9,-0.08602150537634401,0
-0.2,-6.200000000000003,-30.800000000000004,-0.2,-142.0,-1,-25,0,12,-0.30268199233716475,0
0.0,-7.75,8.25,0.0,16.25,-2,0,1,-9,0.24242424242424243,1
-0.6,-28.4,-35.8,0.7999999999999998,145.6,-3,0,-1,3,-0.1259946949602122,0
-1.0,58.8,65.8,2.0,101.8,0,0,-3,2,-0.14473684210526316,1
0.8,-23.599999999999998,-32.0,0.0,-62.599999999999994,-4,-4,4,-4,0.0895652173913043,0
0.0,-7.200000000000003,-6.200000000000003,1.4,111.4,-4,15,-3,-5,-0.12258064516129041,1
0.0,73.0,163.0,-1.0,-60.0,-3,0,-7,-4,0.27450980392156865,1
0.0,-15.999999999999996,-35.2,-0.19999999999999996,-58.0,4,0,7,-3,-0.014460511679644017,0
0.39999999999999997,9.599999999999994,-22.400000000000006,-0.19999999999999996,-130.0,1,0,4,-7,0.025862068965517238,1
0.3333333333333333,-14.333333333333332,-14.666666666666664,0.6666666666666667,78.0,3,10,2,4,-0.11029411764705888,0
0.55,-24.900000000000006,-14.0,2.65,264.4,1,0,0,-7,0.15999999999999992,1
0.4,23.6,39.0,0.8,108.6,2,0,5,9,-0.13589743589743597,0
0.0,26.0,45.0,1.0,60.0,-1,0,-6,3,0.24615384615384617,1
0,0,0,0,0,0,0,1,-4,-0.11642411642411643,0
0.19999999999999996,-14.199999999999996,-34.0,-1.4,-313.40000000000003,-1,0,-5,8,-0.23308270676691722,0
0.6000000000000001,-9.0,-7.799999999999997,-0.6,-78.0,0,0,0,9,0.07857142857142863,0
-0.6666666666666666,4.0,-0.6666666666666643,1.0,70.66666666666666,-2,-10,0,-8,0.019230769230769273,0
-0.3333333333333333,-13.666666666666664,10.0,4.0,375.0,2,0,1,-3,0.1515151515151516,1
0.0,-0.5,-10.0,5.0,318.0,-8,0,-6,1,0.26923076923076916,1
0.3333333333333333,-0.6666666666666643,-8.999999999999996,-1.3333333333333335,-78.66666666666667,-1,0,-5,-4,0.0,0
-0.4,-12.3,-46.05,0.09999999999999998,-0.9499999999999993,-3,0,-4,1,-0.18825910931174084,0
0.0,15.5,8.5,1.0,53.0,1,0,2,-6,-0.0714285714285714,0
0.5,1.5,-0.5,0.5,5.0,-5,0,-4,-6,0.1072124756335282,0
-0.6,19.4,0.3999999999999986,-0.33333333333333326,-153.0,2,0,2,-2,0.016544117647058876,1
0.0,41.0,88.0,2.0,589.0,1,0,-4,2,0.15204678362573099,1
0.0,44.599999999999994,42.999999999999986,0.0,-82.0,-4,0,2,12,-0.1428571428571429,0
-0.2,-17.6,-26.6,0.0,-57.6,1,0,1,-1,0.050000000000000044,1
0.0,-57.333333333333336,-122.66666666666666,0.3333333333333335,-30.0,0,0,-4,-11,0.19444444444444442,1
0.4666666666666666,-23.733333333333334,-46.133333333333326,-1.6666666666666667,-136.33333333333334,-2,0,-3,-1,0.21568627450980393,1
0.2,44.8,43.6,0.0,26.6,-2,0,-5,4,-0.2333333333333334,0
0.2,7.600000000000001,2.799999999999997,0.2,-0.40000000000000213,3,0,2,0,-0.0357142857142857,0
-0.2,-37.6,-48.4,0.20000000000000018,-98.19999999999999,2,0,-2,0,-0.1490147783251231,0
0.0,-4.5,10.0,0.5,293.5,-4,0,-6,3,-0.07916666666666672,0
0.0,69.6,82.6,1.4,141.4,-4,0,-9,1,0.09523809523809523,1
0.2,20.799999999999997,-2.3999999999999986,0.40000000000000013,-189.2,-1,0,1,6,-0.04924242424242431,0
0.46666666666666673,0.9333333333333371,9.599999999999994,1.4666666666666668,91.73333333333335,-1,0,2,2,-0.22323049001814876,0
-0.5,19.0,34.25,2.0,197.75,4,10,4,5,0.12307692307692308,0
0.0,-1.0,-4.600000000000001,0.4,-66.80000000000001,0,0,-9,3,-0.1158620689655172,0
0.0,17.0,21.0,-1.0,-46.0,-2,0,3,-2,-0.03416149068322982,0
0.0,-12.0,4.799999999999997,1.4000000000000001,139.0,1,15,-2,-2,0.2155172413793104,1
0.2,58.400000000000006,55.400000000000006,-0.19999999999999996,-11.600000000000009,0,0,4,0,0.016081871345029253,1
-0.2,47.6,48.599999999999994,0.6000000000000001,29.6,3,-15,7,3,-0.04883720930232549,1
-0.2,29.400000000000006,50.400000000000006,0.0,102.6,1,0,4,1,-0.026666666666666616,1
0.4,-26.599999999999994,-36.400000000000006,0.0,-40.8,4,0,5,-4,0.026455026455026398,1
-0.6,-22.4,32.0,-0.2,8.6,1,0,-1,4,0.040935672514619936,0
0.0,-16.799999999999997,-6.600000000000001,2.0000000000000004,283.6,1,-25,4,-1,-0.01098901098901095,1
0.2,9.599999999999998,2.8000000000000043,1.2,90.19999999999999,1,0,2,-1,0.2004048582995951,1
0.2,-4.799999999999997,-11.400000000000006,0.6000000000000001,108.2,4,0,7,4,-0.08627450980392148,0
0.0,6.799999999999997,-4.200000000000003,-2.4,-321.2,3,0,2,0,-0.1923076923076923,0
0.0,-34.46666666666666,-8.599999999999994,3.133333333333333,270.6,-3,0,-4,1,0.1298701298701298,1
0.0,10.0,21.0,0.0,36.0,-2,0,-3,1,-0.23076923076923073,0
0.19999999999999996,21.200000000000003,11.999999999999993,-0.6,-121.8,2,10,2,5,-0.368421052631579,0
0.2,58.6,51.8,-1.0,-37.8,0,0,1,-7,0.019230769230769273,1
0.6666666666666666,-2.5,24.166666666666664,0.6666666666666667,199.66666666666669,3,0,5,1,-0.022222222222222254,1
0.4,-18.700000000000003,-37.0,-0.5,-7.4,0,0,0,3,0.07246376811594202,1
0.25,-39.0,-50.900000000000006,0.6000000000000001,-131.35,-1,0,-2,-7,0.15808823529411764,0
0.0,-5.0,-3.0,0.0,0.0,-7,0,-3,9,-0.22488038277511957,0
0,0,0,0,0,0,0,7,-5,0.23557692307692313,1
0.25,-12.0,-27.25,-1.0,-112.0,1,0,-1,-2,-0.18181818181818188,0
0.1333333333333333,8.066666666666666,4.199999999999999,-0.6666666666666667,-92.46666666666667,3,0,6,1,0.14782608695652177,1
0.0,13.083333333333336,-4.583333333333336,1.75,6.5,1,0,2,0,0.05668016194331982,0
-0.1333333333333333,1.6000000000000014,-6.4666666666666615,0.13333333333333341,-46.46666666666667,0,0,-1,4,-0.03703703703703698,1
0.2,-59.2,-34.25,0.35,151.5,0,10,-4,6,-0.011961722488038284,1
0.2,-31.199999999999996,-45.4,-0.19999999999999996,-117.39999999999999,1,14,-1,7,-0.07839721254355403,1
-0.3,40.0,45.4,0.30000000000000004,45.9,-7,-15,0,-1,-0.050000000000000044,1
0.0,-3.3999999999999986,15.600000000000001,0.0,106.4,-4,0,-1,3,-0.1942028985507247,0
-0.4666666666666666,-15.799999999999997,-29.799999999999997,-1.4,-180.86666666666667,2,0,8,7,-0.10256410256410264,1
0.0,-12.799999999999997,-45.0,-0.6,-31.799999999999997,-4,0,-5,4,-0.2833333333333333,0
-0.8,66.2,68.2,0.0,8.2,-3,-5,-6,-3,0.17460317460317454,1
-0.8,-13.599999999999994,23.19999999999999,1.6,158.8,2,0,5,-7,0.2666666666666667,1
-0.3,-74.1,-94.9,-0.4,39.400000000000006,0,0,4,2,-0.2023529411764705,0
0.0,-14.400000000000006,-3.4000000000000057,3.0,196.20000000000002,0,0,1,-6,0.14782608695652177,1
1.0,-64.0,-63.0,-1.0,-22.0,-7,0,-5,-3,-0.12587412587412594,0
-0.25,25.299999999999997,27.25,0.6,-34.5,2,-10,0,5,-0.013333333333333308,1
0.0,6.200000000000003,4.599999999999994,-0.7999999999999999,-7.599999999999994,1,0,3,3,0.0,0
-0.1333333333333333,11.599999999999994,14.333333333333329,2.2666666666666666,182.60000000000002,-3,0,-1,5,0.06862745098039225,1
-0.4,13.399999999999999,14.0,-0.4,40.8,-1,0,0,8,0.0019047619047618536,1
0.15000000000000002,12.700000000000003,-0.14999999999999858,-3.35,-279.15,2,-60,-1,9,-0.2333333333333334,1
-0.39999999999999997,24.400000000000006,20.199999999999996,0.8,-12.400000000000006,-2,0,-2,3,-0.025396825396825418,1
-0.2,-12.599999999999998,-33.800000000000004,-1.2000000000000002,-325.8,2,20,1,6,-0.2651072124756335,0
0.2,31.4,39.2,1.2,76.6,0,0,-1,0,0.06739130434782603,0
0.0,45.8,53.26666666666666,-1.2,50.19999999999999,0,0,-2,17,-0.13461538461538458,0
0.6666666666666666,42.0,47.666666666666664,-6.333333333333333,-389.0,0,-15,-2,1,-0.15508021390374327,0
-0.2,-24.6,-30.60000000000001,-0.7999999999999999,-67.39999999999999,-1,0,-1,-1,-0.14210526315789473,0
0.0,-18.0,-3.0,-0.19999999999999996,-30.400000000000006,-1,0,1,-2,0.1648351648351648,1
0,0,0,0,0,-3,0,-5,6,-0.19047619047619047,1
0.5,-25.4,-50.3,-0.8999999999999999,-161.0,-2,0,-1,-13,0.03238866396761142,1
0.3333333333333333,-29.666666666666664,-15.333333333333336,0.3333333333333333,20.333333333333336,-1,0,-1,1,0.022556390977443552,1
0.19999999999999996,22.4,36.8,0.6000000000000001,3.3999999999999915,0,0,1,-1,0.04571428571428571,0
-0.3,7.800000000000001,0.10000000000000142,0.2,27.6,2,0,3,1,-0.18067226890756294,0
0.06666666666666671,47.733333333333334,53.66666666666667,-0.19999999999999996,18.333333333333336,1,0,0,-1,-0.1528571428571429,0
0.0,-35.0,-54.0,-1.0,-60.0,2,-9,1,4,-0.1681818181818182,0
-0.6,-7.0,30.39999999999999,3.1999999999999997,292.4,1,0,-3,2,-0.1568627450980392,0
-0.4,16.799999999999997,48.0,1.4000000000000001,159.0,1,0,4,9,-0.14,0
0.0,-81.15,-63.55,1.4,221.89999999999998,-1,0,-1,3,-0.08125000000000004,0
0.0,18.799999999999997,9.200000000000003,0.3999999999999999,40.80000000000001,0,0,1,5,-0.1703703703703704,1
0.2,-35.0,-26.799999999999997,1.2,159.8,2,10,3,2,-0.11666666666666659,1
0.0,8.0,38.0,0.0,33.0,-3,0,1,1,-0.04761904761904767,0
0,0,0,0,0,3,0,-1,-4,-0.0022883295194507935,0
0.0,10.666666666666666,54.66666666666667,0.0,159.33333333333331,3,0,3,2,-0.0037037037037037646,1
-0.2666666666666666,30.26666666666667,33.06666666666666,0.2,26.666666666666668,-4,0,0,11,-0.02777777777777779,0
0.0,-11.800000000000004,-3.4000000000000057,0.2,-60.199999999999996,0,0,0,4,0.0625,1
0.2,17.0,38.8,2.4,216.0,-1,0,0,0,0.07500000000000007,1
0.19999999999999996,-142.8,-150.6,-0.39999999999999997,-76.4,0,0,1,3,0.06728110599078341,0
0.4,-16.200000000000003,-34.0,-2.5999999999999996,-204.2,3,0,2,7,-0.11865793780687395,0
0.3,-2.8,-12.600000000000001,-0.8999999999999999,-4.200000000000003,1,0,4,-2,0.2777777777777777,1
0.09999999999999998,28.200000000000003,9.799999999999997,0.09999999999999998,-130.85000000000002,-1,0,2,0,0.16486486486486496,1
0.2,28.60000000000001,-5.0,-1.7999999999999998,-224.6,4,0,1,1,-0.13636363636363635,0
0.0,27.799999999999997,63.2,0.8,365.8,0,0,3,9,-0.2681818181818182,0
-0.1333333333333333,57.53333333333333,71.26666666666667,0.4,147.06666666666666,-2,10,-1,1,-0.07189542483660127,0
0.6,9.600000000000001,-17.400000000000006,-1.6,-235.6,4,0,5,-6,-0.1157407407407407,0
0.8,4.400000000000006,-21.0,0.0,-18.599999999999998,-5,0,-3,-4,-0.104984093319194,1
-0.2,6.600000000000001,2.799999999999997,-0.6,-29.799999999999997,2,0,0,-3,-0.006666666666666599,1
0.19999999999999996,34.800000000000004,38.2,1.0,39.60000000000001,-3,0,3,4,0.16666666666666674,1
0.0,-32.6,-16.000000000000007,1.2,244.0,4,15,0,-8,0.06060606060606055,1
0.2,22.0,15.600000000000001,-1.2000000000000002,-210.6,-2,0,1,-4,-0.04962779156327546,0
1.0,-28.5,-90.0,-2.5,-244.5,1,0,0,-3,-0.08363636363636362,0
0.0,82.6,89.6,-0.6,27.8,5,0,4,-7,0.11413043478260865,1
-0.33333333333333337,11.333333333333336,23.33333333333333,1.3333333333333333,134.33333333333334,-3,-10,-2,0,0.0,0
-0.2,-24.199999999999996,-11.200000000000003,1.6,225.8,0,0,3,6,-0.04504504504504503,0
0.0,-12.666666666666664,-3.6666666666666643,1.0,50.333333333333336,3,8,0,-5,0.375,0
0.0,6.799999999999997,9.399999999999991,1.4,222.79999999999998,-2,0,-4,-6,0.20000000000000007,1
0,0,0,0,0,-1,0,-5,0,-0.07142857142857151,0
0.0,-12.25,2.5,1.0,225.25,1,0,0,6,-0.19444444444444442,0
0,0,0,0,0,-1,0,1,-12,-0.19444444444444442,0
0.0,12.0,2.0,0.0,364.0,0,0,1,-2,0.02777777777777779,0
-0.2,-36.599999999999994,-6.0,0.6000000000000001,203.0,-3,0,1,-9,0.008333333333333304,0
-0.6,13.600000000000001,29.400000000000006,0.8,134.4,1,0,-1,3,-0.09285714285714286,0
-0.2,-11.600000000000001,-14.399999999999999,0.3999999999999999,17.39999999999999,2,0,4,5,0.02777777777777779,1
0.0,-17.666666666666668,-51.333333333333336,0.6666666666666667,-307.3333333333333,3,0,-3,2,0.08571428571428574,1
0.4,16.800000000000004,43.599999999999994,0.0,-0.799999999999983,1,-10,2,2,-0.07246376811594202,0
0.4,-39.4,-43.73333333333333,0.0,26.933333333333334,1,0,2,7,0.02777777777777779,1
-0.2,12.599999999999994,18.60000000000001,-0.3999999999999999,-71.99999999999999,-1,0,-2,1,-0.013333333333333308,1
0.0,-48.0,-8.200000000000003,0.20000000000000018,223.79999999999998,1,0,3,5,0.10931174089068829,1
-0.25,40.0,41.4,-1.1,-59.95,-2,0,-3,-1,0.11294117647058821,1
0.0,-17.5,-34.5,-1.0,15.0,1,0,-1,-5,0.06951871657754016,1
0.0,26.0,26.666666666666664,-0.6666666666666667,-33.33333333333333,-1,0,-1,0,0.11111111111111116,1
0.2,-15.800000000000004,-61.599999999999994,-3.4000000000000004,-231.20000000000002,3,0,0,4,-0.0430622009569378,0
0.0,-8.0,-11.0,-1.0,-326.0,2,0,2,4,-0.13333333333333341,0
0.0,18.599999999999994,47.400000000000006,1.0,109.80000000000001,-1,-10,1,-1,-0.031818181818181746,0
-0.09999999999999998,34.4,82.9,4.5,367.8,3,-29,5,3,0.25,1
0.0,-22.799999999999997,-36.26666666666667,-1.2666666666666666,-40.93333333333332,1,0,-1,-5,0.06190476190476191,1
-0.25,-37.25,-32.25,-0.75,0.25,2,0,3,2,0.16666666666666663,1
0.0,54.2,77.19999999999999,-0.8,-129.59999999999997,0,0,-2,8,-0.06260869565217397,0
0.5,6.0,-12.5,-1.0,-55.5,3,0,7,-2,-0.07272727272727275,1
0.2,-0.20000000000000284,11.400000000000006,-0.44999999999999996,15.599999999999994,0,0,-2,3,-0.03249999999999997,0
0.2,-48.0,-60.800000000000004,0.6000000000000001,-29.39999999999999,-4,0,-2,-6,-0.024545454545454537,0
0.0,-4.199999999999996,-6.200000000000003,-0.4,43.80000000000001,-3,0,-3,-7,0.1029411764705882,1
0.5,-15.0,-23.5,-1.0,-6.0,0,0,0,-1,-0.13333333333333341,1
0.0,29.0,53.0,2.0,231.0,-1,0,0,7,0.04166666666666663,0
0,0,0,0,0,0,0,2,-4,-0.11111111111111116,0
0.3333333333333333,-32.333333333333336,-13.5,-0.5,112.5,-2,-26,0,6,-0.15909090909090906,0
0.6,-7.200000000000003,-27.799999999999997,-0.4,-82.80000000000001,-1,18,-3,-8,-0.07755581668625144,0
0.4,-71.0,-108.6,-2.2666666666666666,-150.66666666666666,3,15,3,-1,0.20000000000000007,0
0.0,-12.8,-24.6,-0.8,-170.4,-2,-31,-3,9,-0.09999999999999998,1
0.0,1.75,-4.0,0.5,-67.25,0,0,0,-1,-0.02777777777777779,1
0.0,26.400000000000006,5.800000000000011,-2.4,-121.19999999999999,-4,0,-6,0,-0.033653846153846145,0
0.2,-25.4,-53.199999999999996,0.8,92.0,1,0,5,2,0.037931034482758696,1
-0.5,-12.583333333333329,-17.83333333333333,2.5,20.333333333333343,-3,0,-1,1,0.0,0
1.0,54.0,33.16666666666667,-0.5,-80.83333333333334,-6,0,-1,-3,0.11428571428571432,0
-0.2,-15.600000000000001,4.700000000000003,-0.30000000000000004,7.899999999999999,0,0,-5,-1,0.2186147186147186,1
0.6,-2.200000000000003,-6.399999999999999,-1.0,2.799999999999997,-1,0,3,3,-0.10000000000000009,0
0.0,11.0,-3.75,-0.5,35.5,0,0,10,4,0.16666666666666674,1
0.0,-25.4,-37.4,0.3999999999999999,80.6,-2,0,-1,-3,-0.04870129870129869,1
-0.6666666666666666,-4.0,-6.0,-0.33333333333333326,-92.66666666666666,1,0,3,-6,-0.00366300366300365,0
-0.7999999999999999,-20.80000000000001,-28.39999999999999,0.0,-23.8,3,0,2,-2,0.18067226890756294,1
-0.4,7.399999999999999,-8.399999999999999,-1.8000000000000003,-135.0,-2,0,-1,6,-0.09210526315789469,1
0.2,24.200000000000003,6.799999999999997,-0.6,-35.2,0,-15,2,-5,-0.23772609819121437,0
-0.8,4.600000000000001,14.799999999999997,1.4000000000000001,160.8,-1,0,-2,10,-0.14746543778801835,0
-0.4,30.200000000000003,28.0,1.9999999999999998,67.20000000000002,-1,0,0,4,0.06666666666666676,1
0.2,-2.799999999999997,-18.6,-2.1999999999999997,-406.4,1,28,1,0,-0.054487179487179516,1
0.0,25.800000000000004,14.400000000000006,-0.6000000000000001,-116.4,4,0,3,10,-0.13235294117647056,0
-0.2,-39.400000000000006,-54.199999999999996,0.0,-334.0,2,-15,0,-6,0.20900774102744546,1
0.0,6.199999999999996,-0.19999999999998863,-2.6,-85.8,-2,0,-7,9,-0.08333333333333337,0
0.0,-13.199999999999996,-8.0,2.0,21.80000000000001,-1,0,-3,-8,-0.14927536231884064,0
-0.2,35.8,35.599999999999994,0.7999999999999999,8.399999999999999,1,0,-1,2,-0.011111111111111072,1
0.0,1.2000000000000028,-1.7999999999999972,0.0,-51.599999999999994,3,0,5,1,0.06211180124223603,1
0.0,49.0,50.599999999999994,-2.0,-197.8,2,0,3,3,-0.25303643724696356,0
0.0,28.799999999999997,45.0,-0.4,-212.6,-1,0,-2,6,0.03294117647058825,1
0.4,-38.6,-43.4,0.0,-136.4,-2,-23,0,2,-0.1607142857142857,1
-0.26666666666666666,6.333333333333332,21.866666666666664,3.6,297.06666666666666,-1,60,-2,-6,0.20000000000000007,1
0.2,8.399999999999999,-27.799999999999997,-4.4,-341.2,-1,0,-5,8,-0.2857142857142857,0
0.25,-1.75,-4.75,1.25,168.75,1,0,1,1,0.1499999999999999,1
0.2,-18.200000000000003,-15.799999999999997,-1.6,-196.2,0,0,2,5,-0.13507625272331147,0
0.2,22.799999999999997,45.0,0.19999999999999996,143.0,-1,0,-5,1,0.11217948717948723,1
0,0,0,0,0,3,0,4,5,0.08461538461538454,1
0.4,-45.1,-59.45,-1.3,-105.25,-1,0,-1,8,0.0,1
0.0,15.000000000000004,14.0,-0.3333333333333333,59.66666666666666,1,0,2,-3,0.1791666666666667,1
0.2,11.0,14.200000000000003,0.0,218.2,-3,20,1,-1,0.1400862068965517,1
0.0,10.5,16.0,-4.5,-171.0,-3,0,0,-5,0.03947368421052633,0
0.2,42.0,14.399999999999991,1.4000000000000001,171.0,-2,0,2,-1,0.06490384615384615,0
-0.6,1.5999999999999943,26.400000000000006,-1.4000000000000001,-26.400000000000006,3,-10,2,-1,0.015873015873015928,0
-0.16666666666666669,22.333333333333336,20.833333333333336,0.0,10.833333333333336,3,-15,8,3,0.08333333333333337,1
0.6666666666666666,-6.399999999999999,-42.86666666666667,-1.4,-218.2,-2,0,0,-7,0.19909502262443435,1
1.0,-45.5,-51.0,-3.5,-211.0,0,0,2,-2,-0.032352941176470584,1
-0.6,-51.0,-64.0,-1.2,-124.4,1,0,3,-9,-0.025083612040133763,0
0.5,-14.0,-37.5,-1.0,-94.5,-2,0,-9,3,0.03076923076923077,1
-0.09999999999999998,-1.1000000000000014,-5.399999999999999,-0.6,-21.5,1,0,1,0,0.019607843137254832,1
0.0,-23.400000000000002,-9.0,0.8,245.8,-3,0,-3,1,-0.09595959595959602,0
0.0,0.0,16.0,-0.5,27.0,0,0,-4,-7,0.11315789473684212,1
0.25,-44.5,-1.75,1.25,134.5,1,0,0,9,-0.021390374331550777,0
-0.5,-17.0,-33.0,1.0,-46.5,0,0,1,7,-0.014705882352941124,0
-0.4,43.2,75.2,1.4000000000000001,81.79999999999998,-1,-10,2,9,-0.12903225806451613,0
-0.2,-11.600000000000009,-12.0,1.4,50.80000000000001,-1,0,1,1,-0.03947368421052633,1
-0.19999999999999996,-7.200000000000003,-8.599999999999994,-0.19999999999999996,65.19999999999999,-4,0,1,7,-0.24879227053140096,0
-0.4,16.599999999999994,90.60000000000001,2.8000000000000003,129.6,2,0,4,-4,0.08041958041958042,1
-0.8,-16.4,-2.3999999999999986,4.0,328.8,0,0,0,-1,0.1455108359133127,1
0.0,-41.0,-98.4,-1.0,-316.0,0,0,2,6,-0.011904761904761862,1
-0.3,14.600000000000001,15.600000000000001,0.8,101.0,-2,48,0,11,0.08750000000000002,1
1.0,-16.5,-25.5,1.0,224.5,1,0,-1,-8,0.15909090909090906,1
0,0,0,0,0,-1,0,-6,-2,0.07692307692307687,1
0.5,-13.5,-32.5,-0.5,-32.5,-2,-15,-7,2,-0.1515151515151516,0
0.0,38.0,57.0,1.0,60.0,4,0,-2,-4,0.022222222222222254,1
0.2,11.200000000000003,-19.0,-0.5999999999999999,-168.8,3,0,4,8,-0.19746376811594202,0
-0.3333333333333333,74.2,95.0,0.3999999999999999,91.73333333333333,-1,-15,2,8,-0.12745098039215685,1
0.0,15.0,12.399999999999999,0.0,-54.39999999999999,-4,0,-3,-1,-0.020503261882572232,1
-0.5,5.75,15.0,1.0,25.25,-3,0,0,6,0.0357142857142857,0
-0.6000000000000001,24.200000000000003,29.4,-0.8,-28.4,-2,0,-1,5,-0.11363636363636365,0
0.4,17.799999999999997,17.6,-0.8,11.200000000000003,1,0,2,8,-0.031818181818181746,1
0.0,-59.45,-68.05,1.75,103.4,-3,0,2,1,0.09047619047619038,1
0.0,-20.2,-32.0,-0.4,36.2,-1,0,-4,1,-0.07101449275362326,0
0,0,0,0,0,1,20,2,4,0.0,1
0.0,13.299999999999997,16.799999999999997,1.2000000000000002,20.599999999999994,-5,0,-4,-3,0.0267857142857143,1
0.0,-44.599999999999994,-20.400000000000006,1.4,143.6,-3,0,2,-2,-0.04515050167224077,0
0.4,31.6,19.199999999999996,-1.2,-227.2,2,0,2,1,-0.13970588235294112,1
0.0,44.666666666666664,53.333333333333336,0.3333333333333333,219.0,-1,0,0,4,-0.15714285714285714,0
0.0,-15.666666666666668,-1.0,-0.6666666666666667,-32.0,-2,-10,-3,-2,-0.17948717948717952,0
0.09999999999999998,5.899999999999999,-16.799999999999997,-0.30000000000000004,-65.9,0,0,0,0,0.26315789473684204,0
0.6,-35.2,-33.39999999999999,-0.19999999999999996,-7.599999999999994,-1,0,1,8,-0.020050125313283207,0
-0.8,1.7999999999999972,9.399999999999999,1.4,110.2,3,0,2,-1,0.08957795004306623,1
0.0,20.999999999999993,16.599999999999994,-0.7999999999999999,-43.800000000000004,4,0,8,-6,-0.044973544973545,1
-0.5,7.049999999999997,36.349999999999994,1.1,237.2,0,0,3,11,-0.1416666666666666,0
-0.6,-13.600000000000001,-17.599999999999994,-1.2000000000000002,39.599999999999994,-5,0,-1,0,0.23529411764705888,0
0.5,13.0,18.5,1.0,-408.0,6,0,3,-6,-0.10416666666666663,0
0.2,-33.0,-49.39999999999999,0.0,2.5999999999999943,-3,-10,-6,6,0.036363636363636376,1
0.0,-20.599999999999994,-41.0,1.8,-35.0,-2,0,0,-4,0.1133333333333334,0
0.0,-4.0,37.0,2.5,390.0,4,0,6,5,-0.014285714285714346,1
0.0,-53.0,-39.0,-0.5,-84.0,2,0,5,-5,-0.014285714285714346,1
0.0,32.0,61.800000000000004,-0.6000000000000001,105.4,-1,10,3,0,0.16369047619047616,1
0.0,108.0,93.0,-1.0,-19.0,-1,0,1,1,-0.21666666666666667,0
0.0,5.5,16.0,-1.5,-153.0,-2,59,-3,0,0.0267857142857143,0
-0.19999999999999996,42.0,32.0,-1.6,-64.60000000000001,0,0,0,3,-0.079059829059829,0
0.0,39.4,48.800000000000004,0.0,118.4,1,0,1,3,-0.009615384615384581,1
-0.6666666666666666,6.933333333333334,35.53333333333333,0.0,56.86666666666667,2,0,7,4,-0.19275362318840583,1
0.0,8.0,7.600000000000001,0.0,-23.0,-3,-15,1,3,0.09764309764309764,1
0.2,-24.4,-100.19999999999999,-4.3999999999999995,-263.79999999999995,1,0,-2,0,-0.13043478260869568,0
-0.5,39.0,54.8,1.0,117.0,0,0,-6,5,0.09523809523809523,0
-0.4,-9.799999999999997,-12.799999999999997,-0.6000000000000001,22.599999999999994,-5,-10,-9,-3,-0.18666666666666665,0
0,0,0,0,0,3,-10,2,-2,0.1428571428571428,0
-0.2,24.0,-3.3999999999999986,1.4000000000000001,148.20000000000002,0,0,-4,-3,0.04761904761904756,1
0.3333333333333333,19.666666666666668,20.333333333333332,0.6666666666666666,38.0,-2,0,-2,4,-0.125,0
-0.2,12.0,58.8,1.6,369.2,0,-10,3,-1,0.12777777777777777,1
0.0,4.800000000000001,20.066666666666663,0.46666666666666673,96.33333333333333,0,0,3,0,-0.0174825174825175,0
0.0,28.800000000000004,59.800000000000004,0.6,204.8,-3,0,-7,0,0.20336605890603077,1
0.19999999999999996,-10.800000000000004,-10.0,0.2,23.8,0,0,0,5,0.02777777777777779,1
0.4,-7.799999999999997,-3.0,1.4,83.59999999999997,-3,0,0,1,-0.08348457350272231,0
-0.3,39.5,59.8,0.8,84.9,2,0,5,3,-0.21568627450980393,0
-0.25,-26.450000000000003,-23.700000000000003,0.0,-12.55,-1,-20,-1,12,-0.30268199233716475,0
1.4,-0.46666666666666146,-11.799999999999997,-1.3333333333333335,-92.13333333333333,2,0,4,3,-0.06811145510835914,0
1.0,-47.0,-53.0,0.0,-78.0,1,0,0,2,0.21794871794871795,1
-0.4,-24.6,-19.099999999999994,2.1,108.5,2,0,-2,-5,0.16000000000000003,1
0.0,-36.0,-45.0,-1.0,-60.0,6,0,4,7,-0.21247563352826504,0
0.25,-23.5,-42.0,-1.0,-58.75,-6,0,-3,7,-0.19480519480519476,1
0.0,98.0,89.0,0.0,-28.0,-2,0,-4,-12,0.2525252525252525,1
0.2,-47.60000000000001,-102.0,-2.1999999999999997,-280.0,3,0,2,-3,0.012987012987012991,1
0.0,32.8,29.999999999999996,2.0,154.60000000000002,-4,0,-1,2,0.17948717948717952,1
0.0,-66.2,-65.80000000000001,0.8,192.0,1,0,2,-11,0.34615384615384615,1
-0.25,5.100000000000001,1.6499999999999986,-0.3,-44.3,1,15,3,11,-0.18191268191268184,0
0.39999999999999997,44.8,0.7999999999999972,-3.6,-459.40000000000003,-4,10,0,9,-0.05818181818181822,1
0.19999999999999996,-29.799999999999997,-19.199999999999996,0.0,119.80000000000001,-3,0,0,1,0.03913043478260869,1
0.39999999999999997,-18.799999999999997,-79.0,-1.0,-189.0,4,0,1,6,-0.07859531772575246,1
0.0,10.0,-34.0,-0.8,-165.2,2,0,-1,-5,0.06666666666666665,1
-0.4,53.8,90.39999999999999,1.0,159.4,0,0,2,-3,0.22619047619047628,0
-0.2,12.5,16.950000000000003,-1.0,-24.19999999999999,0,0,3,0,0.19615384615384612,1
-0.8,-1.7000000000000028,0.29999999999999716,0.4,35.900000000000006,0,0,3,1,-0.07432432432432434,1
0.25,25.5,42.0,-0.75,112.75,0,0,-1,-1,0.01388888888888884,0
0.4,-3.0,8.799999999999997,0.4,6.399999999999999,-1,0,0,-6,-0.025287356321839094,1
-0.4,-4.799999999999997,-4.0,0.4,48.199999999999996,3,0,0,2,-0.048484848484848464,0
0.2,24.000000000000007,21.39999999999999,-0.9999999999999999,-96.8,-2,0,-2,-1,0.05769230769230771,1
-0.2,0.7999999999999972,57.60000000000001,2.8,287.6,-1,0,-6,10,-0.09142857142857141,1
0.2,30.999999999999996,24.799999999999997,-1.4,-61.60000000000001,-3,0,-5,-1,-0.019230769230769273,0
0.6,14.799999999999997,9.399999999999999,-0.6,-19.8,-2,0,-4,3,-0.004608294930875556,0
0.0,36.5,57.5,1.0,107.0,1,0,0,-6,0.24242424242424243,1
0.8,-39.9,-23.9,-0.7,4.0,2,0,4,4,0.01041666666666663,1
0.0,49.8,32.2,-1.4,-124.4,0,0,-1,-12,0.21794871794871795,1
0.25,-27.75,-5.5,0.41666666666666674,363.8333333333333,-1,0,3,-7,0.2807017543859649,1
0,0,0,0,0,1,0,4,-5,-0.2663043478260869,0
0.0,-15.0,-25.799999999999997,-1.1999999999999997,-18.19999999999999,3,0,0,7,-0.11794871794871786,0
0.2,-5.799999999999997,2.0,0.6,-2.6000000000000014,5,0,6,-9,-0.03500000000000003,1
-0.39999999999999997,73.39999999999999,80.60000000000001,-0.19999999999999996,-5.799999999999997,3,0,3,0,-0.12365591397849462,0
0.0,-15.600000000000001,26.60000000000001,0.7999999999999998,171.2,1,-15,1,-1,0.2225806451612904,1
-0.2,8.600000000000001,3.799999999999997,1.0,97.0,-1,0,1,8,-0.06666666666666665,0
0.6,7.399999999999999,-20.200000000000003,-1.2,-133.60000000000002,-1,-15,-3,-1,0.08333333333333337,0
-0.25,23.700000000000003,22.900000000000006,0.5,14.0,-1,0,-3,2,-0.02564102564102566,1
-0.4,32.0,39.2,-0.3999999999999999,-18.799999999999997,4,0,5,0,0.2222222222222222,0
0.4,40.8,20.799999999999997,-0.40000000000000013,-277.4,0,0,0,5,0.1578947368421052,1
-0.3333333333333333,18.666666666666668,31.0,1.0,47.333333333333336,0,20,0,0,0.08571428571428574,1
-0.2,-21.599999999999994,-25.6,0.19999999999999996,126.6,0,0,-5,-3,-0.004662004662004726,0
0.0,-35.4,-46.6,1.2,70.0,-3,0,-2,-5,-0.1515151515151516,1
0.4,11.0,17.800000000000004,0.20000000000000007,121.0,-1,-20,-1,-8,0.1582491582491582,1
0.6,13.933333333333337,-0.06666666666666288,-0.06666666666666671,-59.93333333333333,1,0,6,-5,0.2666666666666667,1
-0.2,35.0,34.2,0.40000000000000013,-14.0,4,0,3,-4,0.0,1
0.0,26.0,44.0,1.0,-15.0,1,0,-4,-2,0.13888888888888884,1
0.3333333333333333,-12.266666666666666,-48.2,0.5333333333333334,-150.5333333333333,-2,0,-4,1,0.03749999999999998,0
1.0,1.75,-13.0,-0.75,-40.0,3,0,-3,5,-0.08235294117647052,0
-0.25,36.2,82.25,3.3499999999999996,214.5,4,0,-1,3,-0.11594202898550732,0
1.0,45.0,58.0,0.0,40.0,-6,10,-7,9,0.00366300366300365,0
-0.5,5.5,8.25,0.0,38.25,1,0,2,-7,0.3666666666666667,1
0.0,55.0,39.0,-1.0,-60.0,0,15,1,-1,0.24242424242424243,1
-0.5,-29.0,-23.5,0.0,-18.5,-3,0,-4,0,0.12145748987854244,1
0.0,-8.8,-35.8,-4.5,-200.7,3,-10,1,0,-0.2738095238095237,0
-0.3333333333333333,34.0,64.0,0.6666666666666666,51.66666666666667,2,0,2,4,0.005714285714285672,0
0.0,14.600000000000001,19.0,-0.8,-6.200000000000003,1,0,1,5,-0.28,0
0.4666666666666666,8.066666666666677,-8.866666666666674,0.1333333333333333,98.6,-1,0,1,-5,0.05236486486486491,0
0.7999999999999999,3.3999999999999986,1.7999999999999972,-0.6,-43.8,-2,2,6,1,0.03623188405797095,0
-0.2,2.3999999999999986,-63.8,-1.2,-410.0,-3,0,-1,2,-0.12775842044134722,1
0.6,-21.800000000000004,-37.4,-2.6,-214.79999999999998,-2,0,-2,5,-0.1950464396284829,0
0.0,2.3000000000000007,-41.0,-2.6,-283.7,3,0,2,-4,-0.013574660633484226,1
-0.5,13.0,4.5,3.0,64.0,4,0,1,1,0.02786377708978327,1
-0.2,-25.999999999999993,-23.400000000000006,0.3999999999999999,19.0,-1,0,0,-2,0.06315789473684219,0
1.0,46.3,60.2,1.8,226.4,-7,0,-7,2,0.16666666666666674,1
-1.0,-8.0,-9.0,0.5,15.5,-1,0,0,-2,0.3128205128205128,0
0.0,26.400000000000006,52.4,-1.5999999999999999,4.400000000000006,1,0,-4,-4,-0.13300492610837433,1
0.20000000000000007,3.3999999999999986,-29.400000000000006,-0.19999999999999996,-145.6,-3,0,-2,-4,0.09080459770114946,1
0.0,80.0,72.0,-1.0,-59.0,0,0,-3,-4,0.17460317460317454,1
0.0,-15.200000000000003,-21.400000000000006,-1.8,-62.400000000000006,-1,0,-4,-8,-0.027450980392156765,0
-0.4,10.4,25.999999999999996,1.6,238.20000000000002,0,-23,0,-6,0.13883677298311448,1
0.0,-64.8,-88.8,-0.09999999999999998,-199.8,2,0,-2,-13,0.1499999999999999,0
-0.2,0.20000000000000284,-18.400000000000006,-0.3999999999999999,-44.80000000000001,-4,-14,-1,0,0.23571428571428565,1
-0.5,-3.0,28.25,1.75,415.25,-1,0,-3,-3,0.09473684210526312,1
0.5,27.0,28.5,0.0,24.0,-2,0,-1,-6,-0.10606060606060608,1
0.6666666666666666,-37.599999999999994,-5.400000000000006,3.6,477.73333333333335,1,0,1,-5,0.24571428571428566,0
0.0,3.8999999999999986,24.0,5.5,417.8,-1,60,1,-3,0.10666666666666669,1
-0.6666666666666666,50.400000000000006,44.666666666666664,-0.4,-19.53333333333333,1,0,1,14,-0.2705882352941177,1
0.0,32.0,6.0,-0.6666666666666667,-210.66666666666669,6,10,6,-1,0.2564102564102565,1
0.0,18.4,18.0,-3.2,-290.2,-1,0,0,-2,0.13782051282051277,0
-0.2,-104.60000000000001,-108.0,0.0,70.00000000000003,4,25,-1,-3,0.09454949944382651,1
0.6,44.00000000000001,66.0,1.2,124.2,-2,-15,1,7,-0.16000000000000003,0
0.0,28.0,68.19999999999999,0.9999999999999999,263.4,-3,0,-7,0,0.20336605890603077,0
0.6,-14.600000000000001,-18.799999999999997,-1.0,-99.0,1,0,4,-1,0.2425629290617849,1
0.0,-36.8,-48.2,0.8,-52.0,1,0,2,4,0.013377926421404673,1
-0.04999999999999999,41.05,53.2,-2.5,-90.19999999999999,0,0,-4,14,-0.37142857142857144,0
-1.0,-11.0,1.0,1.0,10.5,0,0,3,1,-0.08333333333333337,0
0.0,-42.0,-50.999999999999986,1.6666666666666667,110.66666666666666,2,0,1,-8,0.09375,0
0.0,59.5,88.5,0.5,-178.0,-5,0,-3,9,0.06349206349206349,0
0.0,-1.0,-33.333333333333336,-1.0,-388.3333333333333,-2,0,1,6,-0.130718954248366,1
-0.8,81.0,92.4,1.6,101.2,-3,0,-1,1,0.021008403361344574,0
0.0,-38.6,-50.6,0.0,-161.0,2,0,2,-14,0.2761904761904762,1
-0.4,10.0,23.0,0.6,18.0,2,0,-1,-5,0.30228758169934644,1
-0.6000000000000001,5.399999999999999,15.400000000000006,0.2,94.0,-2,0,-4,-7,0.09064327485380119,0
0.0,11.0,-14.599999999999994,-1.8,-182.20000000000002,0,0,-4,-2,0.02741935483870961,0
-0.4,17.799999999999997,26.799999999999997,0.4,121.8,1,0,0,-1,0.02086956521739136,1
0.2,-44.6,-37.0,2.2,272.2,-1,0,0,2,-0.004678362573099393,0
-0.3333333333333333,-41.33333333333333,-45.99999999999999,0.0,-54.0,-1,10,4,3,0.0,1
0.0,-13.199999999999996,21.39999999999999,0.6000000000000001,-27.19999999999999,1,0,-1,6,0.10017421602787457,1
0.0,2.0,38.0,0.0,69.0,2,20,2,6,-0.0636363636363636,1
0.2,-19.2,-31.6,0.0,48.0,1,10,3,2,-0.047272727272727244,1
0.0,-22.0,-41.0,-1.0,-60.0,1,0,-1,1,-0.2222222222222222,0
0.39999999999999997,21.200000000000003,18.800000000000004,-1.0,-21.599999999999994,4,0,1,0,0.12899106002554273,1
0.0,-54.26666666666667,-9.133333333333326,1.2,249.33333333333334,5,0,6,7,-0.1203208556149733,0
0.2,-48.6,-8.200000000000003,3.2,506.6,0,0,1,-8,0.22461538461538455,0
0.09999999999999998,-3.3999999999999986,-10.0,-0.6,-71.7,4,0,2,-11,0.20175438596491235,1
-0.19999999999999996,31.400000000000006,33.8,-1.4,-3.5999999999999943,1,0,-4,4,-0.08333333333333337,0
0.19999999999999996,8.800000000000004,-3.0,0.2,-47.2,-4,-15,0,1,-0.05851462865716428,1
0.0,-9.0,-46.400000000000006,-0.4,-100.19999999999999,-3,10,-1,-3,0.02564102564102566,0
-0.2,-14.399999999999991,-19.0,0.0,64.39999999999999,-4,-10,-4,11,0.015384615384615441,1
0.4,-10.8,-4.200000000000003,-1.4,-112.2,4,0,1,8,0.07287449392712542,1
0.2,26.6,20.700000000000003,-1.4,-188.3,1,10,-3,5,-0.2210526315789474,1
0.2,26.799999999999997,5.200000000000003,-0.3999999999999999,-130.20000000000002,-2,0,-2,0,-0.06578947368421051,1
0.0,-23.6,-4.200000000000003,0.7999999999999999,103.39999999999998,2,0,1,-3,-0.07575757575757569,0
0.4,36.60000000000001,22.6,-3.8,-149.6,-2,0,1,-3,-0.0973630831643002,0
-0.2,-30.4,5.400000000000006,2.8000000000000003,439.2,3,-10,-1,-3,0.1630094043887148,1
0.0,8.599999999999994,23.799999999999997,-0.8,-96.80000000000001,3,0,3,-1,0.15848527349228603,1
0.4,-8.466666666666661,-29.4,-0.9333333333333332,-135.6,3,15,10,3,0.09743589743589742,1
0.2,-55.0,-90.4,1.8,-79.19999999999999,0,10,3,0,0.0,0
-0.4,-16.6,23.733333333333327,1.8,239.4,0,0,0,1,0.0,0
-0.4,36.599999999999994,66.2,1.6,142.6,2,0,1,10,-0.006666666666666599,1
-0.4,36.2,73.8,4.6,348.20000000000005,-3,0,1,-1,0.11616161616161613,0
0.3,-68.1,-43.2,0.19999999999999996,234.1,-1,9,1,-1,0.18478260869565222,1
0.0,33.5,70.5,-0.5,98.5,-1,0,4,-2,0.12727272727272732,1
1.0,-23.0,-37.0,-1.0,-4.0,-2,0,0,-9,-0.23863636363636365,0
0.0,-0.4000000000000057,-45.80000000000001,-3.8000000000000003,-210.8,0,0,0,-5,-0.10476190476190483,0
-0.8,7.799999999999997,-2.799999999999997,0.2,0.20000000000000284,4,0,8,4,-0.20598006644518263,0
0.0,-0.5,-0.5,1.5,145.0,-1,0,-7,-15,0.13888888888888884,1
0.3,52.0,43.0,-1.6,-77.4,3,0,6,-9,0.20833333333333337,1
1.0,-17.6,-30.200000000000003,-1.0,-157.6,2,-10,5,-5,-0.011857707509881354,0
-0.2,35.8,25.39999999999999,2.4,168.8,-1,0,-2,-1,0.12145748987854244,1
0.6,20.65,10.149999999999999,-0.35,-216.3,-4,0,-1,2,0.08978328173374606,1
0.25,1.5,-2.5,-0.5,-6.5,1,0,1,0,0.019607843137254832,0
0.0,7.25,-7.0,0.75,64.25,-2,0,-3,-4,0.022222222222222254,1
0.0,-34.0,-53.0,-1.0,-42.0,-1,0,1,9,-0.02777777777777779,0
0,0,0,0,0,3,0,-4,-3,0.2222222222222222,1
0.2,-33.0,-13.0,-0.2,24.799999999999997,3,0,4,2,0.022030651340996132,0
0.8,-27.200000000000003,-28.8,0.0,14.199999999999996,-5,3,-5,-5,-0.12782608695652176,0
0.8,8.0,-6.200000000000003,-0.6,-35.0,-2,0,-2,7,0.03134796238244508,1
0.4,31.6,36.2,0.0,37.8,-6,19,-6,-6,-0.06666666666666665,1
0.6,5.600000000000001,-18.4,-2.1,-78.0,-1,0,1,5,0.0,1
0.19999999999999996,24.4,10.399999999999999,-1.4,-224.0,0,0,-1,3,0.21904761904761905,1
0.0,-0.5,-52.5,-1.5,-141.5,0,0,-1,-1,0.05777777777777782,0
0.2,-36.8,-35.6,1.6,115.0,4,0,6,-9,0.02564102564102566,1
0.2,34.0,19.0,-0.6,-52.0,1,0,2,0,0.050000000000000044,1
0.0,-8.0,-13.5,-1.0,-24.5,2,0,4,2,-0.1875,0
0.2,50.8,43.2,-0.6,46.0,-3,0,1,-3,-0.06095238095238098,0
0,0,0,0,0,3,0,5,-3,0.0892857142857143,1
0.2,56.400000000000006,39.2,-2.8,-129.79999999999998,1,-13,3,5,0.12753623188405805,1
-0.2,28.799999999999997,29.0,0.7999999999999999,15.799999999999997,2,0,0,2,0.18484848484848493,1
0.75,12.100000000000001,32.45,0.8,70.44999999999999,2,0,3,0,0.1635338345864661,1
0.0,13.200000000000003,27.799999999999997,-0.6,21.0,-1,0,-1,3,-0.13300492610837433,1
0.0,-10.5,-9.5,0.5,190.5,3,10,4,-2,0.033333333333333326,1
0,0,0,0,0,0,0,1,1,-0.09696969696969693,1
0.5,8.5,6.25,-0.5,126.75,0,0,5,4,0.006666666666666599,1
0.0,46.5,99.5,1.0,161.0,-4,0,-4,2,0.0,1
0.0,-37.8,-45.599999999999994,0.6,-0.3999999999999986,-1,0,-3,6,0.022727272727272707,1
-0.5,10.5,21.5,2.0,231.0,3,0,4,-2,0.33333333333333337,1
0.0,4.0,-3.0,-1.0,-49.666666666666664,0,0,2,14,-0.40909090909090906,0
-0.4,157.39999999999998,150.60000000000002,0.0,-36.2,4,10,-3,-4,0.09142857142857141,1
0.0,11.8,13.799999999999999,0.2,45.800000000000004,-1,0,-3,3,-0.04313725490196085,1
0.8,7.399999999999999,-7.199999999999996,-0.6,-94.4,2,0,1,0,0.13095238095238093,1
2.0,-18.0,-51.0,-0.5,-39.0,0,0,1,-3,0.24242424242424243,1
-0.6,13.200000000000003,15.799999999999997,-0.3999999999999999,-147.8,-2,0,-2,-6,0.011363636363636354,1
0.0,-22.799999999999997,-20.0,-0.6,-112.0,3,-60,0,-11,-0.008695652173913104,1
0.0,28.66666666666667,16.83333333333333,0.0,2.166666666666668,1,24,0,1,0.32638888888888884,1
0.0,-17.0,-25.0,0.0,-112.0,1,0,-1,-1,0.02083333333333337,0
-0.09999999999999998,-6.350000000000001,-9.049999999999997,-0.2,6.100000000000001,3,-15,6,7,-0.005555555555555536,0
0.4,-108.0,-106.2,0.4,10.8,1,15,-3,7,-0.02716468590831911,1
0.0,30.0,48.0,1.0,59.0,-2,0,1,2,0.02564102564102566,1
0.0,-44.3,-49.8,0.10000000000000009,-93.1,0,0,0,-4,0.03703703703703709,0
0.6,11.8,12.0,0.6,65.8,1,0,1,2,-0.1210526315789473,1
-0.8,-19.200000000000003,15.399999999999991,2.4,287.8,-4,10,-1,5,-0.023809523809523725,0
-0.2,49.6,66.0,1.6,45.0,0,0,-2,-2,0.1166666666666667,1
-0.8,-40.599999999999994,-7.400000000000006,1.0,132.4,0,0,6,10,-0.27053140096618356,0
0.0,10.05,18.5,-0.75,15.199999999999989,1,0,3,-1,-0.16210526315789464,0
0.9999999999999999,28.400000000000006,35.400000000000006,0.4,52.6,2,0,5,-6,0.009803921568627527,1
-0.2,-20.200000000000003,-9.600000000000001,2.8,186.0,1,0,4,3,0.030303030303030276,0
0.13333333333333341,12.066666666666663,7.399999999999999,1.0,65.66666666666667,2,0,-2,-4,0.25,1
0.25,4.549999999999997,38.25,0.0,29.049999999999997,1,0,-1,5,0.05787037037037035,1
-0.5,25.0,39.25,0.0,139.25,-4,0,-7,-4,0.11484593837535007,1
-0.2,13.05,22.25,2.8,285.75,-1,0,-4,-4,0.04627949183303082,1
-0.4666666666666666,8.733333333333334,14.733333333333334,1.7333333333333334,47.2,2,0,4,8,-0.25,0
0.0,-67.4,-83.5,0.0,-161.6,-2,0,0,-2,0.11294117647058821,1
0.2,-10.399999999999999,-31.799999999999997,-3.4,-447.20000000000005,3,0,5,-7,0.004081632653061273,1
0.6,-24.799999999999997,-43.2,0.4,-62.8,0,0,-3,8,-0.08288770053475936,1
0.19999999999999996,21.400000000000002,22.2,0.0,-10.0,-2,0,0,-1,0.05023923444976075,1
0.2,-47.3,-16.1,-1.8,-25.4,2,0,1,10,-0.13095238095238093,0
-0.2,-13.0,-18.200000000000003,0.7,-62.8,1,0,-1,2,0.09999999999999998,1
0.0,-3.2666666666666693,3.133333333333333,0.19999999999999996,76.53333333333335,2,0,-4,-6,0.10539215686274517,1
-1.0,-14.333333333333334,2.666666666666668,0.3333333333333333,16.333333333333336,-3,0,-2,-6,-0.2333333333333334,0
0.2,-39.6,-36.5,-0.5,74.0,0,0,3,-5,0.03294117647058825,1
0.5,-21.0,-27.0,0.5,153.5,2,0,1,-3,-0.0505050505050505,0
-0.3333333333333333,-16.93333333333333,-34.0,1.0,-77.06666666666666,0,0,2,2,-0.23671497584541057,0
0.0,3.0,-17.5,0.0,-74.5,3,0,7,-2,0.16666666666666674,1
0.0,6.333333333333336,13.0,0.0,114.33333333333334,-2,10,1,1,0.06461538461538463,1
0.0,2.0,20.5,1.0,269.5,1,-10,-1,4,-0.20833333333333337,0
-0.2,-27.60000000000001,-10.599999999999994,0.19999999999999996,83.2,3,0,-1,-5,0.040322580645161255,1
0.0,21.400000000000006,-12.0,-4.0,-472.4,-4,0,-4,-1,-0.2889305816135085,0
0.0,46.6,44.400000000000006,-0.6,-111.60000000000001,-2,-31,-7,4,0.0,1
0.0,-13.799999999999997,-12.799999999999997,-2.6,-114.6,5,0,6,-8,-0.018382352941176516,1
0.2,-23.733333333333327,-17.733333333333334,-0.6666666666666666,-85.46666666666667,1,0,1,4,0.010752688172043001,1
0.04999999999999999,61.7,53.849999999999994,-1.2,-183.55,8,0,3,-2,-0.08845577211394307,0
-0.39999999999999997,-15.0,-15.400000000000006,1.7999999999999998,41.599999999999994,1,0,5,-8,-0.05769230769230771,1
0.25,-5.75,-10.0,0.5,114.0,-3,0,-2,1,0.0339366515837104,0
0.2,60.4,90.6,-1.2000000000000002,-165.20000000000002,-1,-10,-1,0,-0.021935483870967776,1
-0.1333333333333333,-4.600000000000001,0.5333333333333385,4.2,260.0,0,-10,-3,5,-0.07948717948717943,1
0.4,36.0,44.0,-1.0,-37.2,5,0,8,5,0.16078431372549018,1
0.2,-6.600000000000001,-23.200000000000003,-0.19999999999999996,-19.6,3,0,8,2,-0.29370629370629364,0
0.0,-15.800000000000011,-0.6000000000000085,0.39999999999999997,84.4,-2,0,2,-1,-0.08870967741935487,0
-0.2,-4.399999999999999,1.2000000000000028,0.39999999999999997,66.0,-2,0,-1,4,-0.08750000000000002,0
0.0,-20.000000000000004,-59.400000000000006,-0.9999999999999999,-249.0,2,7,4,0,0.01981707317073167,1
-0.2,-10.200000000000003,-4.0,0.2,-1.8000000000000003,1,15,5,2,0.04270270270270271,0
-0.4,-31.6,5.6000000000000085,3.0,449.0,-2,0,-6,5,0.07960644007155626,0
0.0,-16.0,-26.4,-0.8,-104.4,1,0,-2,-5,0.2543478260869565,1
0.0,19.5,18.0,-1.0,136.75,-1,-10,-2,5,-0.03508771929824561,1
0.0,27.0,9.0,0.0,-92.0,-1,0,-2,0,0.049342105263157854,1
0.6,1.0,4.399999999999999,0.19999999999999996,121.19999999999999,2,15,2,0,0.1333333333333333,1
0.3999999999999999,3.7333333333333343,11.200000000000003,1.0,140.46666666666667,0,0,4,1,-0.2210526315789474,0
-0.4,5.399999999999999,42.0,1.8,165.4,-4,-10,0,-9,0.08913043478260863,1
0.2,-19.8,-44.6,0.20000000000000007,-93.00000000000001,2,9,0,-8,0.10360360360360366,1
0.4,32.0,25.400000000000006,0.20000000000000007,21.60000000000001,-3,-10,-4,3,0.11255411255411252,0
0.0,67.4,70.4,0.20000000000000018,1.6000000000000085,-5,0,-5,-3,0.11003861003861004,1
0.0,2.1999999999999993,-8.399999999999999,-0.6000000000000001,-119.80000000000001,2,20,-2,3,-0.12037037037037035,1
0.4,-5.0,-1.1999999999999957,-0.6000000000000001,-16.0,0,0,2,9,-0.13397129186602874,0
-0.39999999999999997,3.3999999999999986,7.200000000000003,0.6,23.999999999999993,-1,0,0,3,0.2666666666666667,1
-0.4,22.0,22.200000000000003,0.2,-17.200000000000003,1,0,0,8,-0.2673684210526315,0
0.2,-17.2,-32.0,-0.6,10.0,4,0,5,4,-0.05769230769230771,0
0.0,12.8,12.599999999999994,3.8,313.0,-5,0,-4,0,-0.1762820512820512,0
0.0,7.0,10.0,-4.0,-289.0,1,60,2,0,0.22159090909090906,1
0.2,-21.800000000000004,-40.2,0.6,49.4,2,0,3,-1,0.16470588235294115,1
0.0,-22.0,-2.4000000000000057,0.7999999999999999,57.39999999999998,1,0,2,0,0.09615384615384615,1
0.0,38.0,47.0,4.0,384.0,1,0,2,2,0.08235294117647052,1
0.0,25.0,16.0,1.0,-19.0,-1,0,0,0,0.09027777777777779,0
0.0,-31.0,-5.0,-1.0,-10.0,1,0,2,-5,0.10119047619047616,1
0.0,18.599999999999994,44.400000000000006,1.4,303.6,2,0,3,10,0.05681818181818177,0
1.25,-13.0,-29.0,-1.0,-46.75,0,0,1,-4,0.1648351648351648,1
0.3333333333333333,-10.333333333333332,-13.0,0.0,-4.333333333333333,-2,-15,2,12,0.0625,0
0.0,-13.0,12.599999999999994,0.6666666666666667,78.86666666666665,1,0,2,2,0.031135531135531136,0
0.2,13.600000000000001,44.8,1.0,56.80000000000001,-1,0,-1,0,0.2666666666666667,1
-0.4,49.0,50.2,0.4,-62.400000000000006,0,0,-4,0,0.1661538461538461,1
-0.3333333333333333,-0.3333333333333357,9.666666666666664,1.3333333333333333,89.0,-1,0,2,-2,0.022727272727272707,0
-0.3333333333333333,-22.333333333333336,-16.66666666666667,1.0,55.0,1,0,1,-7,0.30000000000000004,1
0.5,34.0,19.5,0.5,99.5,0,0,-1,2,-0.03125,0
0.5,19.0,23.0,0.5,95.5,1,0,0,-5,0.0641025641025641,1
0.6,-15.8,-34.8,-1.0,-54.4,0,0,-2,12,-0.2333333333333334,0
0.0,57.5,48.0,2.5,97.5,2,0,3,-1,0.06944444444444442,1
0.0,43.0,27.799999999999997,-0.4,-52.4,3,0,1,7,-0.3571428571428571,0
0.4,83.19999999999999,83.6,1.2,102.19999999999999,-5,0,0,4,0.09318996415770608,1
0.2,44.0,55.2,0.8,104.19999999999999,2,0,3,-3,-0.11458333333333337,0
-0.19999999999999996,20.0,23.200000000000003,0.40000000000000013,35.599999999999994,-1,0,-3,4,-0.13461538461538458,0
0.6000000000000001,11.600000000000001,-5.399999999999999,0.0,-50.800000000000004,3,0,2,-5,-0.023648648648648685,0
0.0,-39.0,-56.0,0.0,90.0,5,15,2,-3,0.11111111111111105,1
0.0,-37.39999999999999,-64.80000000000001,-0.2,-105.4,-1,0,-2,7,0.012173913043478257,1
0.3333333333333333,-13.333333333333332,-17.333333333333336,0.6666666666666667,281.6666666666667,0,0,-1,-4,0.2807017543859649,1
0.5,40.0,25.5,-1.5,-190.5,1,0,1,0,0.0461538461538461,0
-0.19999999999999996,-29.2,-37.800000000000004,2.8,-38.400000000000006,2,0,-2,-9,0.03864734299516914,0
-0.2,-26.599999999999994,-16.599999999999994,7.0,344.0,-1,60,4,-9,0.21282051282051284,1
0.5,45.0,66.5,-0.5,258.0,-2,0,-7,-11,-0.02777777777777779,1
0.0,-1.0,-1.0,0.0,-23.0,2,0,4,7,-0.2090909090909091,0
-1.0,-41.0,-18.0,0.0,16.0,0,0,6,2,-0.21568627450980393,0
-1.0,130.6,142.6,1.2,142.4,-1,0,-2,-1,0.005555555555555536,1
0.0,19.200000000000003,-8.199999999999989,-2.6,-381.59999999999997,0,0,2,3,0.004273504273504258,0
-0.7,4.100000000000001,6.5,0.8,58.099999999999994,-1,0,-3,14,-0.375,0
0.06666666666666671,4.600000000000001,-10.666666666666671,-0.9333333333333332,-101.06666666666666,1,-10,-2,2,-0.21103896103896114,1
0.0,-5.0,-29.33333333333333,-1.0,-170.66666666666666,-3,0,-2,0,-0.07287449392712542,0
1.0,-18.0,-36.0,-1.0,-59.0,-7,0,-4,1,0.08235294117647052,0
-0.3,7.0,-40.6,-3.2,-524.9,-3,0,3,-1,-0.2676923076923077,0
0.3333333333333333,-20.666666666666668,-36.66666666666667,0.33333333333333326,68.66666666666666,-5,0,-1,-6,0.1529790660225443,1
-0.2,-22.6,-2.0,-1.4000000000000001,-62.0,1,0,1,5,-0.05076923076923068,0
0.5,-11.5,-20.5,0.5,20.0,1,0,0,5,-0.005050505050505083,0
0.0,-8.799999999999997,-18.400000000000006,1.0,-29.799999999999997,2,-10,1,-1,0.012499999999999956,0
-0.2,-23.8,-17.000000000000007,1.2,106.0,3,12,2,-4,0.09714285714285709,1
0.20000000000000007,44.199999999999996,41.99999999999999,-0.7999999999999999,-91.80000000000001,-1,-10,1,12,-0.24,0
0.0,3.3999999999999986,28.800000000000004,0.20000000000000018,40.400000000000006,-1,-10,1,5,-0.23235294117647054,0
-0.6,3.3999999999999986,17.799999999999997,1.0,21.799999999999997,6,-19,6,6,0.06666666666666665,0
0.5,-12.5,-16.5,-4.25,-177.75,2,0,4,2,-0.03361344537815125,1
-0.2,-6.200000000000003,-2.200000000000003,0.4,87.80000000000001,2,0,1,-6,0.148989898989899,1
-0.5,-3.549999999999997,21.549999999999997,0.8500000000000001,14.450000000000003,0,0,0,3,0.026854219948849067,1
0.4,29.6,22.199999999999996,-0.6,-88.6,3,0,6,6,0.04843304843304841,1
0.0,49.0,63.0,-8.0,48.0,-4,0,-3,-2,0.08333333333333337,1
0.0,8.8,27.450000000000003,1.7,106.35,-4,0,-2,0,0.13333333333333341,1
0.0,11.200000000000003,5.799999999999997,-0.19999999999999996,26.799999999999997,-1,0,1,13,-0.28019323671497576,0
2.0,11.0,-8.0,-1.0,-44.0,2,0,1,-3,0.030000000000000027,0
0.0,-24.75,-34.75,-2.0,-158.75,3,0,6,4,-0.04444444444444451,0
0.4,-6.6,2.6000000000000014,1.0,74.0,-2,0,-7,1,-0.10317460317460314,0
-0.2,-1.7999999999999972,21.799999999999997,3.0,312.0,1,0,-3,-9,-0.011494252873563204,0
0.2,7.199999999999996,28.199999999999996,3.8,299.59999999999997,-1,0,3,-7,0.18461538461538463,1
0.0,83.0,92.0,0.0,-11.666666666666668,1,0,-8,5,-0.2238095238095238,1
-1.8,-59.0,-32.0,2.4,213.39999999999998,-3,0,-1,1,0.05769230769230771,1
0.5,11.5,11.5,0.0,13.5,1,0,3,-2,0.13571428571428568,1
-0.2,8.800000000000004,21.0,-1.2,57.60000000000001,0,0,4,0,0.014285714285714346,1
0.0,-10.5,-31.0,0.5,12.0,3,0,1,6,-0.082995951417004,0
0.6,28.799999999999997,73.2,1.4,250.4,1,0,3,9,-0.14927536231884064,1
0.0,39.5,42.5,0.0,4.0,2,0,-2,-1,-0.07017543859649122,1
0.0,-8.0,-29.0,1.0,292.0,3,0,5,-8,-0.007936507936507908,1
-1.0,-9.0,37.666666666666664,-2.5,68.33333333333331,-1,0,0,-1,-0.050000000000000044,0
0.0,15.5,25.799999999999997,0.0,247.8,-1,0,0,6,-0.06000000000000005,0
0.0,11.600000000000009,40.2,4.2,481.4,-1,0,1,0,0.16925465838509313,1
0.0,-1.0,0.7999999999999972,-1.0,-73.20000000000002,0,0,2,0,-0.0007092198581560849,1
0.5,-24.0,-27.0,-2.0,-91.5,0,0,-4,-2,0.20000000000000007,1
0.4,-25.199999999999996,-27.199999999999996,-0.6,-84.19999999999999,-2,0,-1,-3,-0.06482758620689655,1
-0.4,12.600000000000001,-7.399999999999999,-1.4,-187.4,0,0,-1,-3,-0.024216524216524205,1
-0.4,-1.3999999999999986,9.0,0.6,95.4,5,15,0,-9,0.08225108225108224,0
0.0,9.200000000000003,-1.5999999999999943,0.6000000000000001,-191.4,-4,0,-3,-8,-0.03864734299516914,0
0.15000000000000002,-36.3,-51.7,-1.05,-41.45,1,0,-1,6,0.1907894736842105,1
0.0,-80.0,-86.0,0.3999999999999999,73.80000000000001,3,10,3,-1,-0.0608695652173914,1
0.0,3.200000000000003,-2.0,-0.6,9.200000000000003,-3,0,0,3,0.004524886877828149,0
0.25,-4.916666666666671,-4.666666666666671,-0.16666666666666663,25.166666666666664,1,10,-1,0,-0.050000000000000044,1
0.30000000000000004,0.14999999999999858,-12.549999999999997,-1.3,-192.85,-1,0,1,0,-0.2190611664295875,0
0.0,10.599999999999998,-16.200000000000003,-0.4,-81.39999999999999,3,0,4,-3,-0.03888888888888886,1
0.4,-3.6000000000000014,-11.0,-0.6,15.0,-2,20,-2,9,0.0,1
-0.1333333333333333,-14.733333333333327,-9.733333333333334,1.2666666666666668,111.73333333333332,-1,0,-4,5,-0.07731092436974796,1
0.0,-23.0,-36.0,0.0,-13.0,2,10,4,1,0.04571428571428571,1
0.0,-28.733333333333334,-4.400000000000006,0.4,185.8,0,0,-1,-3,0.09523809523809523,0
0.5,23.25,-7.25,-0.5,-167.25,-2,10,-4,-2,0.125,1
0.0,31.6,0.4000000000000057,-1.4,-211.6,-3,-20,-4,13,0.036206896551724044,0
0.75,13.0,2.25,-0.25,1.0,-1,0,3,5,-0.04509283819628651,1
0.4,10.200000000000003,-2.3999999999999986,0.0,29.200000000000003,3,10,4,0,-0.07239819004524883,0
0.2,-11.400000000000002,9.200000000000003,0.0,-76.8,0,0,-2,-7,0.09157509157509158,1
0.0,-43.5,-19.5,0.0,100.5,3,0,1,-1,-0.13249999999999995,1
-0.25,-14.5,-31.75,0.75,-10.75,-1,0,0,-1,0.020703933747412084,1
0.0,-35.60000000000001,-0.20000000000000284,-0.19999999999999996,198.8,1,0,-1,-8,0.2324929971988795,1
0.4,-2.6000000000000014,-18.0,-4.2,-237.60000000000002,2,0,0,-4,-0.1204481792717087,0
0.0,39.3,10.5,-3.2,-346.6,0,0,2,-1,-0.14593301435406691,0
-0.19999999999999996,-17.2,-18.4,-1.2,-36.8,2,0,-2,0,-0.08333333333333337,0
-0.4,-1.7999999999999972,2.8000000000000043,0.39999999999999997,-3.0,-1,0,1,1,0.1625874125874125,1
0.6666666666666667,-14.333333333333332,-25.833333333333336,0.0,-25.166666666666668,1,0,2,-7,0.1333333333333333,0
-0.25,9.649999999999999,1.8499999999999943,-0.15000000000000002,-92.1,1,-10,5,3,0.036437246963562764,1
0.0,-21.5,1.0,0.5,320.0,-4,0,-4,2,0.21666666666666667,0
0.0,-8.7,1.2000000000000028,0.55,114.05000000000001,-4,-16,-7,10,-0.13186813186813184,0
0.0,8.200000000000003,25.799999999999997,0.3999999999999999,129.8,3,0,2,-2,0.050000000000000044,1
0.5,37.5,37.0,0.33333333333333337,-91.66666666666666,-1,0,1,-7,0.22916666666666663,1
0.2,8.6,2.0,-1.8,-109.8,-3,0,-4,1,-0.004347826086956497,0
0.4,-8.7,-20.45,-2.25,-283.15,-1,5,-1,3,-0.13186813186813184,0
0.2,-6.800000000000001,-2.8000000000000007,0.0,13.799999999999997,-2,0,-6,4,-0.07634408602150544,0
-0.75,5.849999999999994,8.099999999999994,-0.25,-5.75,-2,0,0,11,-0.14444444444444438,0
0.0,30.75,22.0,0.5,3.25,1,20,2,6,0.21904761904761905,1
-0.2,-5.0,28.799999999999997,1.6,167.6,3,0,3,6,-0.006666666666666599,0
0.0,-17.200000000000003,-33.2,0.0,-18.0,1,0,0,3,-0.04384384384384388,1
0.8,-28.0,51.8,7.8,594.0,-1,-15,1,-1,0.261904761904762,1
-0.6000000000000001,3.3999999999999986,2.4000000000000057,0.0,4.599999999999994,-1,0,-4,-4,-0.10443349753694586,0
0.2,59.599999999999994,47.0,0.0,5.0,0,0,1,0,-0.23750000000000004,0
-0.25,-41.75,-51.5,-0.25,-24.5,3,30,4,-1,0.16078431372549018,1
0.0,-6.0,-5.399999999999999,0.3999999999999999,207.39999999999998,-2,0,-3,4,-0.08636363636363631,0
-0.4,31.800000000000004,41.0,0.0,38.0,3,10,7,-2,0.10606060606060608,1
0.0,2.200000000000003,22.799999999999997,0.7999999999999998,52.80000000000001,1,0,1,-2,0.11790878754171297,1
0.0,0.7999999999999972,-29.39999999999999,-1.2,-100.60000000000001,-4,0,-1,-2,-0.157520325203252,0
0.0,28.400000000000006,70.6,3.8,219.60000000000002,-4,0,0,0,0.20588235294117652,1
-0.2,-41.0,-50.8,0.3,-25.0,0,10,1,7,-0.05500000000000005,0
-0.4,12.200000000000003,6.799999999999997,-0.6000000000000001,-24.800000000000004,-1,0,-1,2,0.004103967168262668,0
0.0,13.000000000000004,-29.800000000000004,-0.19999999999999996,-27.80000000000001,5,31,8,-2,0.09130434782608687,1
0.6,15.0,8.400000000000006,-1.0,29.200000000000003,1,15,3,3,0.013157894736842146,1
0.0,41.6,19.799999999999997,-1.2,-157.79999999999998,3,0,1,1,-0.1070234113712375,0
0.0,-25.0,-23.400000000000006,0.0,-100.0,-1,-8,-3,-5,0.10559006211180122,0
0.2,14.799999999999997,30.599999999999994,0.6000000000000001,158.6,0,0,1,3,-0.22807017543859653,0
0.3333333333333333,10.0,-10.0,0.3333333333333333,69.0,3,0,3,-3,-0.02083333333333337,0
0.0,21.800000000000004,19.199999999999996,-4.3999999999999995,-307.0,2,0,-2,-5,-0.025287356321839094,1
-0.6,-18.13333333333333,7.133333333333333,1.8,473.73333333333335,1,0,1,2,0.1947368421052632,1
-0.25,21.65,18.85,1.15,102.55000000000001,0,0,1,5,0.12222222222222212,1
0.0,34.0,29.200000000000003,0.3999999999999999,45.8,0,0,-2,7,-0.022727272727272707,0
0.2,-86.0,-48.4,0.8,204.0,-3,-7,-3,6,-0.20138888888888884,1
1.0,-37.0,-56.0,-1.0,-59.0,-5,0,-5,2,-0.1515151515151516,0
0.3,-22.400000000000006,5.5,-0.8,160.4,1,35,-1,-3,0.32367149758454106,1
0.2,-30.85,-43.3,2.15,174.35,-2,0,-3,0,-0.06615384615384612,1
0.0,-26.6,-23.6,0.6000000000000001,115.80000000000001,-2,0,1,2,0.05982905982905984,0
0.2,-14.399999999999999,-26.799999999999997,-0.6,-48.6,-3,0,-2,1,-0.16666666666666674,0
0,0,0,0,0,1,10,1,-2,-0.18181818181818188,0
1.0,-13.400000000000002,-38.6,-3.4,-310.2,-1,-8,4,-1,0.0778985507246377,1
0.0,13.399999999999999,9.600000000000001,-0.2,-11.799999999999997,1,0,0,2,-0.002525252525252486,0
0.2,11.0,-37.8,-1.2,-256.6,1,0,3,2,-0.06413793103448273,0
0.0,36.0,14.0,0.0,-42.0,-1,-10,-1,-14,0.13461538461538458,1
-0.33333333333333337,-30.866666666666667,-33.33333333333333,-0.6666666666666667,17.26666666666665,-4,0,-1,6,0.18575851393188847,1
0.4,6.199999999999996,7.600000000000001,-2.0,-75.4,2,15,-1,1,0.08467741935483875,0
-1.8,-15.799999999999997,-7.600000000000001,-2.0,-85.39999999999998,-4,0,-8,8,-0.13333333333333341,0
-0.4,13.000000000000007,40.80000000000001,0.8,207.40000000000003,-2,0,0,-4,-0.13589743589743597,0
1.0,-28.0,-46.0,-1.0,-58.0,-1,34,4,7,0.15000000000000002,1
1.0,-9.0,-40.0,-2.0,-317.0,-3,0,-1,-2,-0.10606060606060608,0
-0.6,5.5,29.0,4.3,499.2,1,0,1,-10,0.11229946524064172,1
-0.2,155.0,166.2,0.0,-3.0,3,10,-1,3,-0.09813664596273286,1
0.4,-51.0,-95.0,-1.4,-148.8,1,10,5,2,-0.08842105263157896,1
-0.8,29.099999999999994,25.299999999999997,-0.3,-85.3,5,0,5,1,-0.30000000000000004,0
0.0,20.400000000000002,27.800000000000004,-4.6,-215.6,1,0,0,2,0.04408602150537633,0
-0.39999999999999997,30.6,25.6,-0.4,-43.199999999999996,-3,0,-2,5,-0.09195402298850575,1
0.0,-3.3999999999999986,-18.799999999999997,-3.0,-119.4,0,0,0,13,-0.18484848484848493,0
0.0,13.0,31.0,-1.4000000000000001,-76.6,3,0,1,1,0.059523809523809534,1
-0.19999999999999996,-13.399999999999999,-20.0,-0.6000000000000001,-31.799999999999997,3,0,2,1,-0.10615384615384615,1
0.39999999999999997,-13.600000000000001,-13.800000000000004,-0.4,-23.199999999999996,-1,0,-2,-4,0.15334302325581395,1
0.0,-41.7,-43.0,-2.6,-64.5,2,0,0,-3,-0.17948717948717952,1
0.0,1.2000000000000028,9.200000000000003,0.6,23.4,-4,0,-6,7,-0.20175438596491235,0
0.0,21.0,14.0,1.0,-271.0,4,0,2,6,-0.11250000000000004,0
0.0,-19.333333333333332,56.33333333333333,-1.0,-35.66666666666667,2,0,2,3,0.0904977375565611,0
0.0,41.800000000000004,53.4,-0.19999999999999996,-39.19999999999999,0,10,3,-1,0.14393939393939392,1
0.3,-32.25,-31.450000000000003,0.04999999999999999,-57.650000000000006,0,20,-1,2,-0.015086206896551713,0
-0.6,0.4000000000000057,22.39999999999999,1.0,126.60000000000001,-1,0,-3,-2,0.03660049627791562,1
-0.8,91.79999999999998,104.60000000000001,1.0,50.4,1,0,1,6,-0.029453015427769902,1
0.0,-37.199999999999996,-29.0,0.0,25.4,3,0,8,-6,-0.12383720930232556,1
0.0,-14.5,-17.5,1.0,71.5,2,-10,-4,-7,0.16666666666666663,0
0.6,8.200000000000003,6.399999999999999,-1.8,-139.2,1,-15,4,4,0.04985337243401766,0
-0.5,24.900000000000006,31.400000000000006,-2.7,78.1,1,0,0,6,-0.10685483870967738,0
-0.8,12.8,21.4,1.2,113.2,-1,0,2,9,-0.1954022988505747,0
0.0,20.0,-1.0,-2.4000000000000004,-261.0,2,0,3,6,-0.13684210526315788,0
0.3333333333333333,58.33333333333333,23.66666666666667,-1.0,4.333333333333329,4,0,3,-8,0.019130434782608674,1
-0.25,2.25,11.0,1.25,219.0,-4,0,-6,-2,-0.026960784313725505,0
0.0,-18.0,-45.400000000000006,-0.19999999999999996,-213.60000000000002,-2,0,4,-3,0.18627450980392157,0
0.9999999999999999,5.599999999999994,6.200000000000003,0.0,73.80000000000001,-3,0,0,0,-0.07352941176470584,0
0.0,15.799999999999997,-9.200000000000017,1.4,96.19999999999999,2,0,1,8,0.0018181818181817189,1
-0.6666666666666666,-1.3999999999999986,7.733333333333334,0.13333333333333341,-16.73333333333335,-1,0,2,6,-0.030000000000000027,1
0.2,34.400000000000006,37.2,0.3999999999999999,-139.20000000000002,1,0,4,9,-0.34068627450980393,0
0.6666666666666666,-17.5,-58.16666666666667,-1.5,-169.16666666666666,4,-15,5,1,-0.06746031746031744,0
0.0,-22.4,1.7999999999999972,-1.4,18.30000000000001,-1,0,-3,9,-0.12777777777777777,1
0.2,68.4,93.6,1.4,198.0,-1,0,-3,5,0.017948717948717885,0
0.4,-27.4,-41.1,-1.0,-153.3,1,0,3,3,0.04859335038363166,1
-0.3333333333333333,45.666666666666664,81.0,-0.3333333333333333,123.66666666666667,0,0,-2,5,-0.01547987616099078,1
0.5,28.5,34.0,-0.5,41.0,1,-10,0,5,0.03921568627450989,1
-0.6,-26.0,-81.6,-0.6000000000000001,-159.39999999999998,2,0,-2,-4,-0.05428571428571427,1
0.19999999999999996,3.200000000000003,0.20000000000000284,-0.2,-48.199999999999996,3,0,-1,5,0.07400379506641375,1
0.0,-68.2,-85.0,1.6,232.60000000000002,-1,-15,0,1,0.16000000000000003,1
0.0,-33.849999999999994,-80.7,-1.6,-143.05,-2,0,-5,9,-0.15591397849462374,1
-0.39999999999999997,74.4,98.4,2.0,259.6,-2,0,-2,-5,-0.1343012704174229,1
0.4,40.0,48.599999999999994,-0.40000000000000036,51.400000000000006,-2,0,-1,-7,0.19615384615384612,1
0.0,-2.200000000000003,12.600000000000001,0.6,26.0,-1,0,-2,-8,0.14901960784313728,1
0,0,0,0,0,6,15,9,-1,0.07499999999999996,0
0.3333333333333333,-28.333333333333336,-8.0,5.0,384.3333333333333,0,0,2,-7,0.19047619047619047,1
0.25,-14.5,-20.0,-0.5,-6.25,0,0,3,5,0.1428571428571429,1
0.0,9.0,8.600000000000001,0.4,-44.0,1,0,5,-1,0.1824561403508772,1
0.0,35.2,36.7,-0.8,1.5999999999999943,0,10,-1,-6,0.09696969696969693,1
-0.2,20.599999999999994,20.200000000000003,0.4,-81.8,0,-10,-4,8,-0.007499999999999951,1
0.19999999999999996,-19.200000000000003,-7.800000000000004,-0.8,-93.19999999999999,6,0,5,7,-0.14337568058076222,0
0.0,21.200000000000003,66.4,3.6,512.8,3,0,2,-1,-0.04166666666666663,0
0.6,46.0,-0.4000000000000057,-2.0,-48.0,1,0,-1,-2,-0.007692307692307665,0
0.2,27.200000000000003,9.0,-2.8,-250.40000000000003,5,-1,5,2,-0.07714285714285707,1
-0.4,30.199999999999996,73.19999999999999,2.0,284.40000000000003,-2,0,-2,-1,0.05523672883787656,1
-0.6,-43.2,-30.200000000000003,-0.2,-41.6,0,0,0,2,0.022608695652173938,0
0.2,4.800000000000004,15.200000000000003,0.7999999999999999,88.2,3,0,1,-14,0.2865497076023391,1
0.0,39.0,40.0,1.0,60.0,-2,60,-1,-1,0.20000000000000007,1
0.0,-78.0,-65.0,1.0,60.0,0,-1,1,2,0.27083333333333337,1
-0.6,-50.599999999999994,-47.99999999999999,0.6,21.799999999999997,-3,0,-3,3,0.056842105263157805,0
0.0,12.5,24.0,0.5,-38.0,-2,0,3,-1,0.0672268907563025,0
-0.8,86.2,98.3,-3.6,-192.8,2,0,-1,4,0.0625,1
0.4,-33.6,-33.800000000000004,-1.4,-94.8,1,0,0,-2,-0.059523809523809534,1
-0.20000000000000007,0.8000000000000007,-15.399999999999999,-2.0,-161.39999999999998,3,0,3,7,-0.08181818181818179,0
0.08333333333333331,-46.5,-63.25,-0.5,6.25,0,0,-1,6,0.03379953379953371,1
0.0,-13.199999999999989,-1.1999999999999886,0.6,88.39999999999999,0,1,3,3,0.09885057471264369,1
0.0,-6.200000000000003,39.60000000000001,3.6,201.0,0,0,0,5,0.10476190476190483,0
0.35,51.7,32.599999999999994,-0.6,-110.15,-2,0,-2,4,-0.30434782608695654,0
-0.39999999999999997,-4.400000000000006,-7.400000000000006,2.8,11.799999999999997,-5,0,-7,5,0.23706896551724133,1
0.0,6.799999999999997,22.200000000000003,0.19999999999999996,-20.200000000000003,-1,0,-4,-8,0.3472222222222222,1
-0.2,-1.0,-13.799999999999997,0.19999999999999996,-96.0,1,0,-5,-1,0.10144927536231885,1
-0.3,-3.299999999999997,43.8,1.6,260.25,0,0,1,10,-0.16586538461538458,0
0.0,36.2,27.0,0.6000000000000001,33.599999999999994,0,10,2,7,0.0,0
0.0,-21.0,-29.800000000000004,0.0,-46.4,1,0,-2,0,-0.029629629629629672,0
0.2666666666666666,32.93333333333333,38.6,0.3333333333333333,30.866666666666664,3,0,3,-7,0.23476702508960567,1
1.3333333333333333,15.333333333333329,-11.666666666666671,1.0,-349.0,2,0,3,4,-0.0357142857142857,0
0.0,3.066666666666663,-6.799999999999997,-2.7333333333333334,-224.6,4,0,6,12,-0.19130434782608696,0
0.0,-13.0,-19.0,0.0,171.0,2,0,1,3,-0.31999999999999995,0
0,0,0,0,0,-1,0,0,-6,0.13235294117647056,0
-0.2,-32.6,-8.200000000000003,1.6,146.8,-1,0,3,5,-0.037878787878787845,0
0.0,3.799999999999997,-13.399999999999991,-1.4,-126.00000000000001,-3,5,-4,1,0.21190476190476182,1
-0.2,12.200000000000003,8.200000000000003,2.8000000000000003,88.0,-2,-10,-2,5,0.3321678321678322,1
0.5,-4.0,-4.0,-1.0,-52.0,0,0,-3,1,0.1166666666666667,1
0.0,-28.5,-43.0,-0.5,-29.0,2,10,5,3,-0.11363636363636365,0
0.0,0.5,10.5,0.0,230.5,1,0,2,4,-0.007936507936507908,1
0.0,-16.8,12.599999999999994,0.3999999999999999,120.19999999999999,1,0,1,-4,0.11578947368421055,1
0.4,-28.866666666666664,-58.53333333333333,0.2,-54.8,-2,0,3,-1,-0.12909090909090903,1
0.0,-8.2,34.400000000000006,1.0,364.6,2,0,1,-4,-0.02412280701754388,1
0.3333333333333333,-15.666666666666668,-29.666666666666668,-0.6666666666666667,-7.666666666666664,-2,0,-4,10,-0.375,0
0.2,4.25,-34.349999999999994,-2.15,-319.35,-3,-10,-4,8,-0.24085365853658536,0
0.2,-11.8,1.6000000000000014,1.0,86.2,0,0,1,-3,0.005882352941176561,0
0.0,21.25,28.25,0.0,65.25,1,60,2,6,-0.03532608695652173,0
0.2,-24.799999999999997,-20.4,1.0,39.0,-5,0,0,0,0.033653846153846145,0
0.0,-10.999999999999996,0.20000000000000284,0.4,78.2,-1,0,-1,9,-0.02564102564102566,0
0.0,13.0,25.0,1.0,-47.0,0,0,-3,3,0.012820512820512775,1
0.4,-9.200000000000003,20.4,0.6,228.0,1,0,-1,9,-0.06944444444444442,0
0.0,15.666666666666664,1.6666666666666643,1.3333333333333335,113.33333333333334,2,0,5,6,-0.2250000000000001,1
0.4,-0.6000000000000014,-9.666666666666664,-1.1333333333333333,-89.26666666666668,1,0,2,2,-0.18260869565217397,0
0.0,20.5,36.0,1.0,129.0,-3,0,-10,-6,0.06923076923076932,1
0.0,29.0,47.0,1.0,60.0,3,0,2,-1,0.13333333333333341,1
0.0,-144.6,-103.19999999999999,0.6000000000000001,187.39999999999998,4,25,-1,-3,0.09454949944382651,1
-0.8,11.200000000000003,28.200000000000003,0.0,24.599999999999994,5,0,1,-7,0.01777777777777778,1
0.9333333333333332,-37.66666666666667,-40.8,-0.2,-25.333333333333336,-4,0,-5,-6,0.1164021164021164,1
0.4,-30.799999999999997,-41.599999999999994,-1.0,-108.6,0,-1,-1,-8,-0.025362318840579712,1
0.2,-20.599999999999998,-25.400000000000002,1.4000000000000001,-91.2,2,0,-2,-9,0.03864734299516914,0
0.6,-10.5,-9.3,0.0,25.0,0,0,3,3,-0.09333333333333338,0
0.25,-19.0,-9.25,0.0,14.25,1,0,3,-2,0.006060606060605989,1
0.0,-41.0,-34.0,-1.0,-134.0,1,-10,-1,6,-0.07575757575757569,0
0.4,2.3999999999999986,-12.200000000000003,0.3999999999999999,55.0,2,-15,5,8,-0.05769230769230771,1
0.0,37.0,50.0,1.0,49.0,1,0,1,-3,0.07189542483660127,1
-0.25,23.0,16.5,1.25,113.35,-2,0,-2,-4,0.09890109890109888,1
0.2,18.4,5.0,-0.4,8.599999999999994,0,0,4,-3,-0.18095238095238098,0
0.6,-1.7999999999999972,-17.799999999999997,1.4,113.80000000000001,-2,0,-4,6,0.04195804195804198,0
0.4,-20.199999999999996,-50.00000000000001,-2.0,-232.0,0,0,1,10,-0.03181336161187698,0
0.39999999999999997,-6.399999999999999,-51.2,0.8,31.19999999999999,4,0,3,-3,0.10559006211180122,0
-0.2,-7.800000000000004,13.599999999999994,-0.6,-3.5999999999999943,4,-4,5,1,-0.030270270270270294,1
0.6,6.0,3.799999999999997,-0.2,-83.19999999999999,-1,-10,-1,0,0.0608695652173914,0
0.0,-24.0,-11.0,0.0,-51.0,-1,0,-6,-11,0.0,0
0,0,0,0,0,-4,-10,0,0,-0.040935672514619936,0
0,0,0,0,0,3,0,2,2,-0.05299539170506917,1
0,0,0,0,0,0,0,1,-2,-0.22159090909090906,0
0,0,0,0,0,-1,0,-2,-1,-0.13333333333333341,0
-1.0,0.0,45.8,1.6,240.89999999999998,-3,0,-4,-3,0.23076923076923073,1
0.5,-0.5,1.0,1.0,338.0,3,0,8,-4,0.14736842105263148,1
-0.2,38.6,90.6,2.6,405.4,-2,0,-3,12,0.0357142857142857,0
0.6,-14.199999999999996,-21.599999999999994,-0.8,-66.4,-2,10,-2,6,0.11458333333333337,0
0.2,20.0,19.0,-0.8,31.0,-5,0,-9,1,0.03576437587657788,1
-0.2,25.4,30.60000000000001,0.6,53.2,4,10,5,8,0.06150583244962882,0
0.0,-7.399999999999999,-9.0,0.8,-19.999999999999993,-3,0,-6,5,-0.0800477897252091,0
0.2,-3.3999999999999986,2.0,1.2,220.4,-2,20,1,15,-0.05574912891986061,0
0.8,19.4,4.799999999999997,0.6000000000000001,41.0,5,0,3,0,-0.13235294117647056,0
0.0,-15.600000000000001,-32.6,-0.19999999999999996,33.8,-1,10,-1,1,-0.1026785714285714,1
0.0,-40.33333333333333,-26.66666666666667,-0.33333333333333326,-72.0,0,0,-4,-10,0.16428571428571426,1
0.2,0.5333333333333314,-2.8000000000000007,-1.6,-189.33333333333334,0,-2,-3,10,-0.13186813186813184,0
-0.2,1.7999999999999972,2.799999999999997,0.19999999999999996,-53.400000000000006,1,0,7,-4,0.08836206896551724,0
-0.5,24.75,38.0,0.25,-7.75,-2,0,-2,-1,0.08923076923076922,1
0.4,-13.0,-25.799999999999997,0.6,-70.6,0,15,-2,-7,-0.14782608695652177,0
1.5,67.5,62.5,0.0,12.5,-6,0,-5,-10,0.2142857142857143,1
0.0,-5.0,-9.0,-1.0,-45.0,-3,0,3,2,-0.22736842105263155,0
0.0,66.6,58.39999999999999,0.19999999999999996,-74.19999999999999,-2,0,1,5,-0.003968253968253954,1
0.2,29.0,32.4,-2.0,-296.59999999999997,-4,-10,0,-3,-0.08676307007786432,1
0.33333333333333337,-9.200000000000003,-9.266666666666666,-0.1333333333333333,37.46666666666666,-1,-15,-3,0,0.013157894736842146,0
0.0,-11.800000000000004,-8.399999999999991,0.6,-37.400000000000006,1,0,1,-3,0.13461538461538458,0
-0.6,-48.599999999999994,-42.666666666666664,1.6,128.9333333333333,1,0,2,-9,0.14230769230769225,1
0.0,44.5,38.5,0.0,36.5,3,10,-2,4,0.10576923076923073,1
-0.2,12.600000000000001,27.0,0.19999999999999996,-1.6000000000000014,3,0,4,-7,0.05592105263157898,0
0,0,0,0,0,-3,0,-6,5,0.08333333333333337,1
0.0,-62.0,-35.0,-1.0,209.5,0,0,2,2,0.11904761904761907,1
0.0,-13.0,44.0,0.0,104.0,-2,0,-6,3,-0.02777777777777779,1
0.0,57.5,99.0,0.0,42.0,2,0,2,-1,0.06615384615384612,1
0.2,-45.00000000000001,-41.400000000000006,-0.8,-40.6,-2,0,1,7,-0.13888888888888895,1
0.2,-2.0,-2.5999999999999943,1.4,-0.4000000000000057,-3,0,-2,-5,-0.004273504273504258,1
0.0,-9.333333333333332,-10.666666666666664,0.6666666666666667,111.66666666666666,1,0,1,3,0.1578947368421053,1
0.0,-18.799999999999997,-19.799999999999997,-0.7999999999999999,-15.0,-3,0,-1,1,-0.12121212121212122,1
0.2,-45.99999999999999,-43.0,-0.2,6.600000000000001,-2,0,-1,-2,-0.008837209302325566,1
-0.26666666666666666,-20.733333333333334,-16.933333333333334,0.4666666666666666,46.8,0,0,-2,1,-0.0888888888888888,0
0.3333333333333333,15.333333333333329,-30.666666666666657,-1.6666666666666667,-197.66666666666669,0,0,5,4,0.033333333333333326,0
0.0,9.600000000000001,18.0,0.6,79.0,-2,0,-2,-2,0.15438596491228063,0
0.2,-6.199999999999999,-74.8,-5.8,-393.6,0,0,1,3,0.013377926421404673,1
-2.0,38.6,64.0,3.6,238.0,-5,0,-1,5,0.1515151515151516,1
0.3333333333333333,10.0,-46.0,-4.333333333333333,-685.3333333333334,1,15,3,-3,-0.09333333333333327,0
-0.75,0.25,8.25,-0.5,29.0,0,0,0,1,0.010610079575596898,0
0.0,13.75,34.75,1.75,222.5,1,0,0,0,0.125,1
-0.19999999999999996,-6.799999999999997,-4.0,-0.4,-76.6,-1,0,3,9,-0.18804347826086953,0
0.3333333333333333,-51.66666666666667,-127.86666666666666,-0.5333333333333333,-252.93333333333337,1,0,5,-7,0.16047745358090182,1
0.2,11.0,2.4000000000000057,0.2,-57.6,1,0,1,4,0.10833333333333339,1
-0.4666666666666666,-29.866666666666664,-30.733333333333334,-0.2666666666666666,-28.8,-1,0,-2,2,-0.10200668896321063,0
-0.3,8.100000000000001,51.3,1.5,319.1,3,-20,1,3,-0.18181818181818177,0
0.0,-25.0,-22.5,-1.5,-172.0,2,0,0,-11,0.32843137254901955,1
-0.4,3.1999999999999993,10.2,0.0,-16.0,-1,37,2,1,0.08270676691729328,1
0.4,-7.199999999999999,-18.400000000000002,-0.7999999999999999,-72.80000000000001,6,0,-1,-10,0.11484593837535007,1
-0.09999999999999998,24.9,26.25,-1.2,-30.549999999999997,0,0,-1,7,-0.022727272727272707,1
0.0,61.2,110.8,0.7999999999999999,218.6,1,-10,-2,4,0.027692307692307683,1
0.0,11.399999999999999,22.200000000000003,2.2,176.6,0,0,1,-3,-0.1428571428571429,1
0,0,0,0,0,1,10,-2,-3,-0.1071428571428571,1
0.0,53.599999999999994,44.0,0.0,-5.6,-3,0,-6,9,0.0026833631484793896,1
-0.2,17.799999999999997,36.2,-2.6,-394.6,4,15,2,-5,-0.05306122448979589,0
0.6000000000000001,4.0,7.3999999999999915,0.7999999999999999,74.4,-2,0,-4,-3,0.13037037037037036,1
0.19999999999999996,5.199999999999999,8.0,0.0,44.4,-1,7,-9,-1,-0.21739130434782605,0
-0.6,58.6,47.0,-0.8,-163.2,-1,-15,1,0,-0.08359133126934981,0
0.2,17.000000000000004,22.6,0.0,27.0,-1,0,-1,6,-0.15567765567765568,1
-0.4666666666666666,54.0,74.46666666666667,-0.2666666666666666,5.466666666666669,-3,0,-4,1,-0.007058823529411784,0
0.0,-50.599999999999994,-36.599999999999994,1.2,155.2,1,0,1,9,-0.06149732620320858,1
-0.2,-8.0,-12.799999999999997,1.2000000000000002,50.20000000000002,-2,0,1,2,-0.06666666666666665,1
0.4,23.599999999999998,9.600000000000001,-4.3999999999999995,-305.79999999999995,0,0,0,7,-0.14015151515151514,1
0.0,14.200000000000003,38.0,-1.4000000000000004,-62.19999999999999,-2,0,0,8,0.04065040650406504,0
0.0,59.5,67.5,6.0,125.5,0,0,-1,1,0.03076923076923077,1
0.0,24.5,9.5,-0.5,-31.0,-1,0,-1,11,-0.11188811188811187,0
0.0,10.5,-7.0,0.0,13.0,-1,0,-2,-7,0.34615384615384615,1
0.0,16.599999999999998,9.799999999999997,-3.2,-67.4,4,31,8,1,0.06666666666666665,1
0.2,-2.5999999999999943,0.4000000000000057,0.0,-2.8,0,-10,0,2,-0.31746031746031744,0
0.09999999999999998,-11.600000000000001,-14.600000000000001,-1.2,-33.7,1,0,4,-10,-0.11904761904761907,0
0.8,3.5,-1.3000000000000007,-0.4,-103.4,-2,0,-1,-9,0.1648351648351648,1
0.0,-28.6,19.799999999999997,-1.0,-53.0,5,0,4,-3,0.11130434782608689,1
0.0,-20.4,-21.200000000000003,-0.6,-107.19999999999999,-3,0,-3,3,0.030360531309297834,1
0.0,4.0,0.3999999999999986,0.0,-54.800000000000004,0,0,2,4,-0.13461538461538458,0
0.5,45.5,93.5,1.0,76.0,3,0,1,0,0.02991452991452992,1
0.0,-34.333333333333336,-40.5,-0.6666666666666667,74.33333333333333,-4,10,-10,8,-0.07105263157894737,1
0.0,29.0,44.0,6.0,458.0,1,0,4,-7,0.1515151515151516,1
0.0,56.0,61.0,1.0,7.0,-5,0,-6,4,0.01388888888888884,1
-0.2666666666666666,36.8,35.733333333333334,0.0,-18.6,0,-20,1,-2,0.015086206896551713,0
-0.4,-34.8,3.799999999999997,1.2,201.99999999999997,-3,0,0,2,-0.1523809523809524,0
-0.09999999999999998,17.15,29.200000000000003,0.09999999999999998,23.299999999999997,1,0,1,-3,0.05303030303030298,1
-0.8,0.7999999999999972,3.5999999999999943,0.7999999999999999,54.800000000000004,-3,0,1,10,-0.08215010141987822,0
0.0,30.4,25.799999999999997,-0.8000000000000003,-219.60000000000002,2,0,3,6,-0.07357357357357353,1
0.2,18.4,21.199999999999996,0.0,-48.599999999999994,-4,0,-1,-2,-0.026455026455026398,0
-0.39999999999999997,33.2,34.599999999999994,-0.6000000000000001,-59.199999999999996,-1,0,-2,2,0.07352941176470584,0
-0.4,7.133333333333326,41.46666666666667,2.533333333333333,366.4,0,10,4,-9,0.23863636363636365,1
0.0,8.866666666666664,17.799999999999997,1.8666666666666665,176.73333333333332,0,15,1,5,-0.0080971659919028,1
0.30000000000000004,9.5,22.9,1.6,100.3,1,0,0,0,-0.1654411764705882,1
-0.6666666666666666,48.0,62.333333333333336,0.2,58.33333333333333,0,0,-1,-1,-0.07211538461538458,1
-0.39999999999999997,0.0,-8.200000000000003,-0.19999999999999996,-98.39999999999999,-1,0,-3,1,0.20676691729323304,1
-1.4000000000000001,16.6,-24.0,-3.6,-354.6,-3,10,-5,3,-0.07333333333333336,0
0.3333333333333333,34.06666666666667,20.733333333333327,-0.13333333333333341,-124.19999999999999,4,0,-1,4,0.06666666666666665,1
-0.6000000000000001,56.6,71.19999999999999,0.0,-8.0,2,0,0,0,-0.010869565217391353,0
0.0,-54.2,-28.0,1.6,183.4,2,0,6,-1,-0.12608695652173918,1
-0.1333333333333333,-5.199999999999999,-26.93333333333333,-1.4,-148.0,-1,0,0,4,-0.1147058823529411,0
-0.5,29.583333333333336,4.166666666666671,2.9166666666666665,381.8333333333333,-3,0,-2,0,0.007894736842105288,1
0.0,-5.100000000000001,33.900000000000006,0.0,224.0,2,0,0,-10,0.027472527472527486,1
0.0,4.399999999999999,23.799999999999997,1.6,87.8,-4,0,0,-6,0.13913043478260867,1
-0.1333333333333333,2.866666666666667,23.599999999999994,1.2,71.86666666666667,-1,0,-4,1,0.00877192982456132,1
0.0,-19.800000000000004,11.0,-0.39999999999999997,-135.4,2,0,2,-7,0.09523809523809523,1
0.0,-2.666666666666668,-18.666666666666664,-1.3333333333333333,-149.33333333333334,1,0,0,3,-0.05769230769230771,0
0.0,1.0,-5.0,2.0,-22.0,1,-10,-2,5,-0.006060606060605989,0
0.0,-17.5,-9.0,-1.0,-81.5,-1,0,2,-10,0.09090909090909094,1
0.0,58.4,58.800000000000004,0.0,-41.2,3,0,2,6,-0.1725955204216073,0
-0.39999999999999997,10.799999999999997,19.599999999999994,0.6,97.0,3,0,-1,1,0.03500000000000003,0
0.0,-25.599999999999994,-19.799999999999997,1.0,11.600000000000001,0,-5,-2,1,0.3434343434343434,1
0.0,-1.5,-4.0,0.0,119.0,4,0,1,0,0.04705882352941182,0
-1.2,36.00000000000001,42.00000000000001,0.4,44.6,2,0,0,2,0.018181818181818188,0
-0.19999999999999996,29.2,33.2,-0.40000000000000013,-51.79999999999998,-2,0,1,-1,-0.1228070175438597,0
-0.2,45.99999999999999,16.800000000000004,-0.8,-186.4,2,-13,2,6,-0.10129310344827591,0
0.5,-30.299999999999997,-80.3,-1.7000000000000002,-149.2,6,0,7,-4,-0.0641025641025641,0
0.0,23.533333333333335,24.200000000000003,0.26666666666666683,68.06666666666666,1,10,-1,-7,0.008333333333333415,0
0.2,-11.8,-11.0,1.0,103.0,3,0,-2,4,-0.1461538461538462,1
0.0,-14.0,-21.0,1.0,5.0,-1,10,2,-3,-0.0357142857142857,1
0.39999999999999997,15.200000000000003,-16.200000000000003,-0.8,-73.79999999999998,0,-15,4,2,-0.19955979457079975,0
-0.8,37.800000000000004,20.599999999999994,-0.7999999999999999,-1.5999999999999943,1,10,4,-3,0.050724637681159424,1
0.3999999999999999,31.200000000000003,64.8,2.0,207.2,-4,0,-5,1,-0.05714285714285705,0
0.2,-10.400000000000002,-6.600000000000001,-1.4,186.4,0,0,2,1,-0.09540229885057461,1
-0.25,-7.75,-12.400000000000006,-1.3,-82.15,2,0,3,2,-0.1166666666666667,0
-0.2,9.0,5.3999999999999915,-0.19999999999999973,-47.80000000000001,1,0,0,4,-0.07241379310344831,1
0.25,44.5,11.5,-2.25,-591.0,1,0,0,3,-0.13003095975232204,0
0.0,20.800000000000004,20.39999999999999,-1.2,-183.4,-1,0,-2,3,-0.007569386038687953,0
0.0,20.0,0.0,0.0,162.0,-2,0,1,4,-0.05714285714285716,1
0.0,27.0,32.0,0.0,12.5,2,0,-5,2,-0.05714285714285705,1
0.5,-6.0,-10.75,5.25,258.0,0,0,-1,-10,0.36363636363636365,1
0.0,69.0,72.99999999999999,0.7999999999999999,53.20000000000002,-2,0,2,-12,0.17521367521367515,1
0.0,-3.4000000000000057,9.799999999999997,-1.4,-105.4,1,0,-2,-7,0.11190476190476184,1
0.39999999999999997,-4.799999999999997,-2.0,-0.2,34.0,0,10,0,11,-0.07818181818181824,0
0.4,-17.599999999999998,-25.199999999999996,-0.4,-102.60000000000001,1,20,3,3,0.021671826625387025,0
0.0,-156.0,-184.4,1.2,-16.799999999999997,-2,0,-2,5,-0.044407894736842146,1
0.0,-19.0,-21.199999999999996,0.5999999999999999,-43.400000000000006,3,0,1,0,-0.11413043478260865,0
1.0,23.0,51.3,0.19999999999999996,-18.9,0,0,-2,-6,0.13095238095238093,1
0.0,-19.333333333333336,-35.666666666666664,-0.25,-59.75,3,0,3,-2,0.07272727272727275,0
0.5,-13.0,-29.0,0.0,90.5,-3,0,-1,0,0.16722408026755853,1
0.0,1.7999999999999972,-17.0,1.8,35.19999999999999,-2,0,-1,0,0.19909502262443435,1
1.0,-25.0,-49.5,1.0,206.5,1,0,2,-9,0.3157894736842105,1
0.0,3.333333333333332,25.0,0.3333333333333333,151.66666666666666,5,0,3,11,-0.380952380952381,0
0.0,-24.000000000000007,-42.2,-1.2000000000000002,111.00000000000001,-1,0,0,-4,-0.029761904761904767,0
0.0,12.200000000000003,7.599999999999994,-0.19999999999999996,-112.00000000000001,6,0,8,-12,-0.0160160160160161,1
0.09999999999999998,54.05,43.45,0.5,-37.94999999999999,0,0,-3,3,0.24247491638795993,1
0.4,18.200000000000003,16.200000000000003,-0.8,86.19999999999999,3,10,4,-3,0.016339869281045694,1
0.16666666666666663,72.66666666666667,65.16666666666667,1.6666666666666667,23.833333333333336,1,0,3,0,0.2666666666666667,1
0.6666666666666666,2.6666666666666643,10.333333333333336,0.0,-6.0,-1,-10,4,4,-0.15086206896551724,0
0.2,-15.400000000000002,-14.0,0.7999999999999999,81.20000000000002,-4,-10,-7,-5,-0.1253746253746254,1
-0.2,0.4000000000000057,10.600000000000001,-0.2,2.8000000000000043,-2,0,-1,-4,0.0636363636363636,1
-0.2,4.399999999999999,28.6,0.3999999999999999,48.400000000000006,-1,0,2,6,0.0121212121212122,0
0.0,-7.0,-8.0,-0.6,-9.600000000000001,-1,-10,-2,-3,-0.07619047619047614,0
-0.6,-3.599999999999998,2.200000000000003,0.6,71.2,-3,0,-5,15,-0.0444444444444444,1
0.0,2.0,2.200000000000003,0.2,-24.8,3,0,3,5,0.01666666666666672,1
0.25,-49.75,-48.75,-1.75,-80.75,0,-15,5,4,-0.05555555555555558,0
0.0,-32.400000000000006,-67.4,0.8,-138.8,-1,0,1,-1,0.009009009009009028,1
0.0,37.0,56.0,1.0,55.666666666666664,4,0,1,-8,0.16666666666666674,1
0.4,13.466666666666665,16.266666666666666,-0.6666666666666666,-87.66666666666667,0,-41,-5,1,-0.10829493087557607,0
-0.4,-38.39999999999999,-35.0,2.5999999999999996,108.2,-1,0,1,-3,0.2527233115468409,1
-0.25,6.850000000000001,-39.85,-1.0,-102.0,3,10,1,2,-0.06575682382133996,1
-0.6,-68.2,-75.0,-0.4,53.2,3,0,3,3,-0.08212560386473433,1
0.0,-26.200000000000003,-30.0,-0.3999999999999999,-32.8,1,0,2,-3,0.08571428571428574,0
0.0,1.0,71.0,0.0,62.0,-2,0,-5,10,-0.1133333333333334,1
0.5,4.600000000000001,6.350000000000001,-0.8999999999999999,-142.4,1,10,5,-2,0.0,0
0.8,-54.0,-36.4,4.6,341.2,-4,0,0,4,-0.15625,0
0.0,2.0,2.0,0.0,0.0,-5,0,-4,0,0.032467532467532534,1
0.2,36.400000000000006,94.19999999999999,0.6,185.6,1,0,0,-1,-0.07413127413127418,1
0.2,11.600000000000001,-15.600000000000009,1.0,132.20000000000002,-1,15,-6,-2,0.34883720930232553,1
0.4,-51.60000000000001,-62.39999999999999,1.0,35.0,-1,0,-3,-2,-0.12142857142857144,0
0.4,17.599999999999994,-28.39999999999999,-2.2,-306.2,-2,0,-4,3,-0.03532608695652173,1
-0.2,-5.800000000000001,-7.800000000000004,-4.0,-127.79999999999998,5,0,7,1,0.07634408602150544,1
0.0,-0.4000000000000057,17.60000000000001,-1.6,40.0,-5,0,-1,-2,0.06016042780748654,0
0.0,-16.0,-22.5,0.5,158.5,-1,32,1,5,0.17948717948717952,1
0.0,1.8000000000000007,10.799999999999997,-1.0,-78.0,-1,0,-3,0,-0.04166666666666663,1
-0.3333333333333333,42.46666666666667,41.53333333333334,0.6,47.06666666666666,6,-31,3,-2,-0.13175230566534923,0
0.2,14.0,25.0,0.0,59.0,-4,-10,-3,-7,0.3666666666666667,1
1.8,32.2,46.6,-1.4,4.400000000000006,1,0,-2,5,-0.010582010582010581,0
0.0,8.666666666666668,-9.333333333333329,1.0,52.666666666666664,-1,0,3,-5,0.18461538461538463,0
-1.0,38.0,50.5,0.5,88.0,-2,0,-4,-1,-0.125,0
-0.8,69.4,73.4,0.6,40.2,2,-17,6,3,0.21449275362318843,1
0.2,-20.400000000000006,-53.80000000000001,-1.6,-307.4,0,0,-1,3,0.09482758620689657,1
-1.0,18.5,30.700000000000003,-0.7,84.45,5,15,-1,-2,0.059523809523809534,1
-0.3,-8.899999999999999,-13.0,-0.09999999999999998,15.7,0,0,-1,3,-0.08684210526315783,0
0,0,0,0,0,1,0,0,-3,0.13333333333333341,1
0.6,1.0,12.800000000000011,-1.0,43.8,3,-10,0,-2,-0.10571428571428565,0
0.0,0.0,-23.75,-0.5,-148.5,2,0,3,1,0.13333333333333341,1
0.2,25.800000000000004,30.799999999999997,0.0,2.0,-2,0,-4,10,-0.08333333333333337,0
0.0,-15.75,-17.0,-0.75,-4.25,3,0,5,-1,0.018181818181818188,1
0.0,-2.5,1.5,1.5,169.5,0,10,2,-5,0.16210526315789464,1
0.4,-8.600000000000001,-4.600000000000001,-1.0,-27.4,-3,0,-1,4,-0.06038647342995174,0
0.0,-27.0,-26.5,0.5,55.0,1,0,2,6,-0.24175824175824168,1
1.2,38.6,71.39999999999999,-0.19999999999999996,59.99999999999997,-2,0,2,4,0.05428571428571427,0
0.6,31.400000000000006,23.800000000000004,-0.6000000000000001,-138.8,-2,0,-5,-7,0.062200956937799035,1
0.4,11.799999999999997,-63.999999999999986,-7.2,-148.00000000000003,1,0,2,5,-0.04578754578754585,0
-0.4,7.0,3.4000000000000057,0.39999999999999997,33.400000000000006,0,10,-1,-2,0.10087719298245612,0
0.4,17.5,22.3,0.0,26.0,1,0,4,-2,0.1282051282051282,1
0.0,14.800000000000004,41.00000000000001,-2.0,-95.39999999999998,1,-16,3,5,-0.12741312741312738,1
0.4,-17.800000000000004,-58.0,-0.7999999999999999,-215.20000000000002,3,0,7,8,-0.004137931034482789,0
0.5,11.083333333333329,37.58333333333333,-0.6666666666666666,-61.33333333333333,3,0,5,-1,0.17101449275362324,0
0.0,-54.0,-4.0,4.0,334.0,0,0,-7,-4,0.10256410256410264,0
0.0,19.333333333333332,29.0,-0.5,-47.83333333333334,-1,0,0,-4,0.17251461988304095,1
0.3333333333333333,30.66666666666667,27.0,-0.33333333333333326,-8.0,0,0,2,0,0.09597523219814241,1
0.0,-67.0,-74.0,-0.5,-45.5,-2,0,0,-5,-0.05882352941176472,0
0.6000000000000001,3.200000000000003,10.399999999999991,-0.7999999999999999,57.0,0,0,2,-7,-0.18067226890756294,1
-0.3333333333333333,-1.1666666666666643,-7.916666666666671,-0.41666666666666663,13.333333333333336,-2,0,-2,6,-0.10352941176470587,1
0,0,0,0,0,0,0,-2,3,0.09615384615384615,1
-0.8,7.200000000000003,73.6,0.3999999999999999,220.0,2,0,4,-1,-0.3913043478260869,0
-0.39999999999999997,17.6,-23.199999999999996,0.2,-167.2,1,10,-2,6,0.04285714285714293,1
0.25,24.15,32.3,-0.5,-10.299999999999997,-1,0,-3,-2,0.0009578544061301653,0
0.0,45.99999999999999,27.0,-3.5999999999999996,-260.4,1,0,3,8,-0.2074303405572755,1
1.0,16.0,72.0,-1.0,404.0,1,29,-1,1,0.32638888888888884,1
0.0,-3.0,2.4000000000000057,1.8,154.8,-1,-10,0,-2,-0.011111111111111183,0
-0.6,38.5,36.5,0.0,6.0,-6,0,-3,3,0.0888888888888888,1
0.0,-13.600000000000001,-10.600000000000001,0.2,-17.4,0,0,5,-9,-0.009090909090909038,0
0.2,-26.2,-31.6,1.7999999999999998,145.6,-2,0,-2,7,0.011904761904761973,0
0.2,-1.0,-0.3999999999999986,0.6000000000000001,239.60000000000002,0,10,0,-2,0.1026086956521739,0
-0.4,28.6,42.8,0.0,4.199999999999999,-2,0,-3,7,-0.08333333333333337,0
0.39999999999999997,9.799999999999997,11.200000000000003,-0.6,-84.19999999999999,0,0,0,-1,-0.03850931677018632,0
0,0,0,0,0,0,34,3,-1,0.050000000000000044,1
0,0,0,0,0,-3,0,1,8,-0.009615384615384581,0
0.2,1.4000000000000057,-26.800000000000004,-1.8,-177.8,0,5,-1,4,0.022774327122153215,0
0.6666666666666666,0.3333333333333339,-1.6666666666666679,-0.33333333333333337,11.0,-1,0,-2,-2,0.043636363636363695,1
-0.2,8.0,22.4,-0.2,-3.799999999999997,2,0,1,9,-0.05294117647058816,0
-0.4,59.2,63.3,0.8,127.4,3,15,4,-4,0.17101449275362324,1
0.0,25.833333333333336,71.16666666666666,1.5,136.5,-4,0,-10,-7,-0.033333333333333326,1
0.0,40.733333333333334,37.86666666666667,-1.6666666666666667,-106.06666666666666,0,0,-2,-3,0.009615384615384581,1
-0.2,-13.599999999999994,9.799999999999997,-1.4,-131.99999999999997,-2,0,0,-1,-0.1372180451127819,0
-0.6000000000000001,29.199999999999996,50.99999999999999,1.8,165.2,3,0,1,0,0.04307432432432434,1
-0.15000000000000002,2.0500000000000007,1.1000000000000014,0.6,45.4,0,3,-5,7,-0.16224814422057265,0
-0.2,22.400000000000002,5.799999999999997,0.5999999999999999,-30.200000000000003,-1,0,2,2,0.11904761904761907,1
0.19999999999999996,15.400000000000002,26.4,0.6,92.60000000000001,-1,0,-1,-4,0.2797101449275362,1
-0.39999999999999997,38.800000000000004,47.599999999999994,0.20000000000000007,6.799999999999997,-2,0,-3,2,0.08771929824561397,1
-0.09999999999999998,16.799999999999997,19.200000000000003,0.2,15.600000000000001,0,0,2,2,0.026162790697674465,1
0.0,-4.25,10.75,0.75,173.5,4,-5,9,1,-0.32499999999999996,0
0.4,12.100000000000001,13.0,-2.75,-137.05,2,0,0,6,0.023923444976076458,1
1.0,-14.0,-31.0,-1.0,5.0,-1,0,2,-10,0.33333333333333337,1
-0.2,-14.599999999999994,-4.599999999999994,0.25,-7.350000000000001,1,10,-2,-6,0.1647727272727273,1
0.0,-0.75,-6.25,-0.5,70.0,-3,20,3,2,0.1523809523809524,1
0.0,21.0,50.0,2.0,391.0,0,0,-5,-6,0.30000000000000004,1
-0.2,15.799999999999997,39.400000000000006,2.5999999999999996,264.40000000000003,-1,10,2,2,-0.04166666666666674,1
-0.6666666666666666,3.5333333333333385,16.866666666666674,1.2,80.0,3,0,2,-1,-0.021390374331550777,1
0.5,0.0,-53.25,-0.5,-121.25,1,0,2,0,0.08461538461538454,1
-0.4,-13.399999999999999,-1.5999999999999943,0.40000000000000013,114.20000000000002,-2,0,-2,-5,0.039399624765478425,1
0.2,29.666666666666664,35.599999999999994,1.1333333333333333,-16.26666666666665,0,0,1,2,0.036363636363636376,1
-0.4,-28.800000000000004,-27.999999999999993,1.0,27.6,1,0,1,2,-0.09450830140485311,0
-0.25,44.33333333333333,55.91666666666667,2.6666666666666665,110.5,3,0,2,0,0.06715063520871145,0
0.0,-16.799999999999997,-13.599999999999994,2.6,192.0,1,0,3,-7,0.07196969696969702,1
0.2,37.8,28.400000000000006,0.3999999999999999,45.79999999999998,-3,0,0,-7,0.14935064935064934,1
0.0,-14.85,-45.95,-1.4500000000000002,-122.0,-2,0,1,4,-0.012820512820512775,0
1.0,-38.0,-57.0,-1.0,-49.0,-2,0,0,-9,0.28,1
0.75,-10.0,1.0,-0.5,-39.5,2,0,6,3,-0.054919908466819156,1
0.0,6.0,8.5,0.0,-45.5,2,0,7,1,0.23750000000000004,0
0.0,-2.9999999999999964,-7.0,1.4000000000000001,34.0,0,0,-3,2,-0.022222222222222254,0
0.39999999999999997,-3.6000000000000085,-18.200000000000003,1.2,-0.19999999999999574,-3,10,-2,1,-0.015873015873015928,0
-1.0,41.2,49.0,0.6,128.0,-1,0,-3,1,-0.16935483870967738,0
0.4,-3.0,-3.6000000000000014,0.0,27.6,1,0,1,-4,-0.1071428571428571,1
-0.04999999999999999,-5.5,4.700000000000003,-0.25,-50.2,0,0,-2,6,-0.09037037037037032,1
-0.39999999999999997,52.8,62.8,0.0,-31.200000000000003,2,10,6,4,0.15333333333333332,1
0.0,2.799999999999997,0.0,-0.19999999999999996,-97.39999999999999,-1,-10,2,3,0.02898550724637683,1
0.8,5.549999999999997,-5.5,-1.35,-149.5,3,-15,-4,-5,0.1029411764705882,1
-0.2,-13.399999999999999,-12.800000000000004,1.9999999999999996,18.19999999999999,-2,-10,-2,3,-0.0913793103448276,1
-0.3333333333333333,66.16666666666667,99.58333333333333,-0.6666666666666667,72.5,3,0,0,-1,0.019607843137254832,1
-0.6,46.8,43.39999999999999,-1.2000000000000002,-104.6,-1,0,-2,5,-0.014285714285714346,1
0.4,1.0,-34.33333333333333,-0.7333333333333333,-170.53333333333333,1,0,1,7,-0.019607843137254832,0
0.0,-7.200000000000003,-9.799999999999997,-0.4,69.4,3,0,4,11,0.017786561264822143,0
0.0,12.200000000000003,43.0,2.6,358.0,0,15,-1,9,-0.11164465786314526,0
0.0,-96.0,-65.0,1.0,611.0,-2,0,4,-3,0.25187969924812026,1
0.6000000000000001,5.200000000000003,8.600000000000001,0.0,7.799999999999997,-1,0,-2,7,0.04596273291925468,0
-0.2,-6.800000000000004,6.199999999999996,0.0,48.4,0,15,2,-3,-0.025974025974025983,0
-0.5,-68.25,-168.5,-1.75,-112.25,-1,0,-3,6,0.1527777777777778,1
-0.2,13.0,12.800000000000004,-1.8,-87.0,-2,0,-1,8,-0.12412587412587406,0
0.0,-41.0,-54.5,-1.5,-1.0,0,0,-3,0,0.011111111111111183,1
0.0,-20.4,-37.599999999999994,0.2,176.2,1,0,0,3,0.2142857142857143,1
0.5,23.0,19.5,-1.0,-49.5,5,10,4,2,0.1568627450980392,1
0.2,28.799999999999997,22.0,-0.2,-83.4,4,31,9,-2,0.09999999999999998,1
1.5,25.5,-40.5,5.0,412.0,0,0,-1,3,0.03076923076923077,0
-0.19999999999999996,24.400000000000006,33.00000000000001,-0.2,-4.199999999999999,5,0,3,-5,0.16091954022988508,1
0.2,-59.80000000000001,-53.80000000000001,0.7999999999999999,72.20000000000002,-5,-10,2,3,0.09953917050691241,1
-0.3,65.1,40.599999999999994,1.0,62.7,-3,-20,-3,-4,-0.00694444444444442,0
0.0,-6.3999999999999915,-61.999999999999986,0.2,20.799999999999997,-1,-15,2,7,0.05217391304347829,0
-0.8,27.200000000000003,27.60000000000001,0.0,2.8,-5,0,-7,8,-0.19047619047619047,0
-0.39999999999999997,22.199999999999996,26.0,1.2000000000000002,-5.799999999999997,-8,0,-6,4,0.0892857142857143,0
0.4,-20.4,-7.600000000000001,0.19999999999999996,106.4,-5,0,-2,0,-0.012578616352201255,1
-0.16666666666666663,-35.66666666666667,-52.0,-0.6666666666666666,-43.66666666666667,5,15,1,-4,0.2385620915032679,1
-0.6,19.9,28.4,-0.8,10.399999999999999,0,0,-2,7,-0.24825174825174823,0
0.8,37.75,19.450000000000003,-1.75,-124.8,-1,0,1,6,-0.1293103448275862,0
0.0,34.2,37.4,-0.4,-109.00000000000001,1,0,1,12,-0.3054298642533937,0
0.0,2.6499999999999986,-0.25,1.15,209.05,-2,10,-2,6,0.02619047619047621,0
-0.04999999999999999,19.950000000000003,54.7,0.0,215.89999999999998,-3,0,2,-6,0.022546419098143256,0
-0.3333333333333333,33.733333333333334,51.26666666666666,0.9333333333333335,128.4666666666667,2,0,3,7,-0.32608695652173914,0
0.0,28.333333333333336,35.99999999999999,0.3333333333333333,83.33333333333333,1,22,0,-1,-0.07509881422924902,1
0.0,-13.600000000000001,-31.400000000000002,-2.6,-170.4,-1,0,-1,-5,0.0535714285714286,1
0.6666666666666666,6.833333333333332,60.16666666666667,-2.0,-87.33333333333334,2,-10,3,5,-0.10789473684210527,0
1.0,20.75,14.75,-3.0,-180.5,-2,-15,2,2,-0.006060606060605989,1
-0.25,21.75,4.0,0.0,-86.0,4,20,0,4,0.33333333333333337,1
0.0,-36.75,-20.0,-0.75,153.25,-1,0,-3,-4,0.15756302521008403,1
-0.1333333333333333,4.533333333333335,-13.733333333333334,-1.9333333333333336,-151.6,2,0,2,-6,0.01602564102564108,0
0.0,-17.0,-13.5,-2.0,-126.25,-2,10,0,-5,-0.05384615384615388,0
0.0,-32.4,-6.400000000000006,0.8,132.2,-3,0,-3,7,-0.2421052631578947,0
0.0,-4.0,-5.75,-0.75,-127.5,-1,10,-6,-3,0.05513784461152882,1
-0.7999999999999999,52.0,60.60000000000001,0.39999999999999997,23.199999999999996,5,0,2,-3,-0.06303030303030299,0
0.2,37.8,0.7999999999999972,0.6000000000000001,150.39999999999998,-1,0,-6,8,0.008837209302325566,0
0.8,-37.6,-113.4,0.3999999999999999,-258.0,-1,-15,1,-5,-0.011904761904761862,1
-0.75,19.25,52.25,1.75,280.5,-1,0,2,1,0.16666666666666663,1
0.25,-21.41666666666667,-17.41666666666667,-2.3333333333333335,-79.58333333333333,-1,0,-3,2,-0.15000000000000002,0
1.0,-17.5,-69.25,0.0,-104.33333333333333,-2,0,0,-6,0.011857707509881354,1
0.0,10.0,40.0,1.0,304.0,3,0,3,8,-0.01388888888888884,0
-0.09999999999999998,51.400000000000006,67.4,1.1,18.5,2,0,1,2,-0.14308426073131952,0
0.0,-6.799999999999997,-9.399999999999999,0.6000000000000001,42.13333333333333,1,0,5,-8,-0.007499999999999951,1
0.0,24.666666666666664,32.666666666666664,-0.3333333333333333,-108.66666666666667,1,0,2,-1,0.10454545454545461,1
0.4,-8.200000000000003,-40.400000000000006,-1.6,-183.6,1,0,5,5,-0.12413793103448278,0
0.25,-29.75,-10.0,-3.25,-35.25,6,0,7,0,-0.033333333333333326,1
0.25,0.8000000000000007,7.0,0.44999999999999996,-6.050000000000011,0,0,0,5,-0.020050125313283207,1
-0.8,1.0,52.7,1.1,283.5,-1,0,-4,13,-0.07915057915057921,0
-0.6,13.799999999999997,50.80000000000001,1.4,-31.19999999999999,-1,0,-2,5,0.00303030303030305,1
0.2,-60.79999999999998,-60.2,1.0,5.199999999999989,-2,0,-2,-2,0.10476190476190483,1
0.2666666666666666,-10.466666666666665,-24.46666666666666,-1.0,-161.73333333333335,1,0,1,0,-0.06666666666666665,0
0.8,5.399999999999999,-22.0,-2.4,-231.8,1,0,-3,-9,0.08791208791208782,1
0.26666666666666666,4.0,15.0,0.8,85.53333333333333,2,0,1,2,-0.15438596491228063,0
0.0,12.5,-25.0,-1.0,-124.0,0,10,-4,-7,-0.125,1
0.2,10.933333333333337,-42.93333333333333,-4.266666666666667,-367.7333333333333,5,0,2,0,0.06060606060606055,1
0.0,8.599999999999994,50.60000000000001,1.4000000000000001,269.40000000000003,2,0,3,2,-0.07254901960784321,1
-0.5,12.5,29.5,3.0,132.5,2,10,2,-12,0.01620370370370372,0
0.0,0.0,-13.333333333333329,2.6666666666666665,164.66666666666666,-1,0,-4,7,-0.18181818181818188,0
-0.2,35.8,31.6,0.0,25.0,5,19,2,0,0.06571428571428573,1
0.2,-2.0,-45.400000000000006,-3.6,-286.2,0,0,-1,3,-0.3448275862068966,0
0.0,7.799999999999997,11.0,-0.6,48.2,0,0,0,0,0.0357142857142857,0
-0.2,16.4,-0.3999999999999986,0.4,-94.19999999999999,-3,0,0,-5,0.1446153846153846,1
0.25,-8.25,-4.25,0.25,-7.666666666666666,2,0,8,0,0.09090909090909094,1
0.0,-0.3999999999999986,-11.399999999999999,-0.6,151.6,-3,0,2,7,0.14538043478260865,1
0.0,8.800000000000004,21.999999999999993,0.6000000000000001,180.2,1,0,1,1,-0.03205128205128205,0
0.0,5.166666666666668,38.0,-0.08333333333333348,22.0,1,0,-3,3,-0.15578947368421048,1
0.0,-11.0,-14.0,0.6000000000000001,226.0,4,20,3,5,-0.008064516129032251,1
0.0,-48.5,-56.0,-1.5,-104.5,2,0,1,3,-0.17543859649122806,0
-0.6,-7.700000000000003,16.5,-3.5999999999999996,-37.60000000000002,4,0,2,-2,0.03125,0
1.5,76.5,111.0,-0.75,107.5,2,0,3,-9,0.23745819397993306,1
0.0,7.0,22.666666666666664,0.0,-62.33333333333333,0,0,-2,-3,0.2757894736842105,1
0.0,17.0,66.6,3.8,470.5,-1,0,-1,-7,0.20833333333333337,1
0.0,7.400000000000006,14.599999999999994,0.40000000000000013,65.19999999999999,0,0,1,10,-0.06818181818181823,0
0.39999999999999997,-0.7999999999999972,-8.200000000000003,-1.0,-34.199999999999996,-1,-15,0,7,0.08611111111111114,0
1.0,-32.5,-48.25,-0.5,-111.25,2,-15,6,6,0.010233918128654929,1
0.0,-12.100000000000001,0.20000000000000284,-2.1,-174.6,4,0,6,3,-0.18095238095238098,0
0.2,-20.0,-51.0,-1.6,-51.599999999999994,3,0,2,4,-0.07692307692307687,0
0.0,47.0,55.0,0.0,188.5,6,0,6,-7,0.0,1
0.0,-53.75,-68.75,0.75,-32.0,3,-28,4,-6,0.23745819397993306,1
-0.3,16.5,21.299999999999997,0.6,79.0,-2,-15,2,8,-0.06666666666666676,0
0.4,22.60000000000001,22.599999999999994,0.0,0.1999999999999993,1,0,0,-4,0.1446153846153846,1
0.0,6.25,8.600000000000001,-0.8,-82.19999999999999,5,10,5,-5,0.08571428571428574,1
0.0,-11.0,-17.5,-0.5,-156.5,-2,0,-1,0,-0.03167420814479638,0
-0.19999999999999996,14.399999999999999,16.6,0.39999999999999997,-132.2,-2,0,0,9,0.025000000000000022,1
0.39999999999999997,-13.400000000000002,-26.4,-3.4000000000000004,-95.4,4,0,4,2,0.04313725490196085,1
0.2,32.199999999999996,36.8,1.2000000000000002,92.39999999999999,-1,0,1,6,0.026153846153846194,1
0.0,20.0,16.60000000000001,-0.3999999999999999,-0.5999999999999943,5,10,2,5,0.09999999999999998,1
0.0,7.600000000000001,-0.3999999999999986,-0.4,-20.799999999999997,0,0,0,6,-0.16249999999999998,0
0.0,15.0,-15.0,1.0,44.0,-1,10,1,-5,-0.05238095238095242,0
0.0,-2.200000000000003,-6.800000000000011,0.0,4.200000000000003,-2,0,-1,3,0.10833333333333339,1
0.0,39.400000000000006,14.799999999999997,-2.8,-271.2,-1,0,-1,-3,-0.2212918660287081,1
0.0,-56.400000000000006,-47.8,0.3999999999999999,-13.800000000000011,0,0,0,-3,0.3167420814479638,1
0,0,0,0,0,-1,0,2,-9,0.22009569377990423,1
0.0,-37.5,-13.0,3.5,24.5,0,0,3,-6,0.11578947368421055,0
0.0,-31.39999999999999,-18.000000000000007,0.8,199.2,-1,0,4,-1,-0.07275223061084424,1
0.4,31.799999999999997,-33.599999999999994,-2.8,-253.4,4,10,2,-5,-0.032467532467532534,0
0.3333333333333333,-27.599999999999994,-31.26666666666666,0.3333333333333333,50.2,-3,-15,-5,-2,-0.005733005733005725,1
-0.2,-2.1999999999999993,14.399999999999999,0.7999999999999999,191.20000000000002,-2,0,-4,2,0.05853658536585371,0
-0.19999999999999996,17.4,14.0,0.4,34.00000000000001,3,0,1,4,-0.0092592592592593,1
0.0,9.400000000000002,11.399999999999999,0.4,-85.6,-4,0,-4,9,0.06444906444906451,1
-0.25,-11.600000000000001,9.0,-0.25,130.75,4,0,5,-1,-0.1791666666666667,1
0.4,-11.599999999999998,-9.399999999999999,0.2,59.6,1,0,-2,-2,0.024216524216524205,1
-0.2,38.4,8.600000000000009,0.6,-147.0,-2,-3,-2,-1,0.07250000000000001,1
0.5,-1.5,-19.0,-1.0,-36.0,-2,15,0,-1,-0.015151515151515138,1
-0.5,11.5,21.66666666666667,2.1666666666666665,356.3333333333333,0,-10,-4,3,-0.018181818181818188,1
0.0,-53.0,-63.0,1.0,-101.0,-1,10,-1,-4,0.03508771929824561,0
0.0,19.75,34.58333333333333,-2.083333333333333,-135.5,0,0,0,1,0.052631578947368474,0
0.3333333333333333,-25.0,-42.66666666666667,-1.0,-55.0,-2,0,0,3,0.0,1
0.0,41.400000000000006,36.0,0.3999999999999999,-30.799999999999997,0,0,1,5,0.03320683111954459,0
0.0,-12.799999999999997,-16.599999999999994,-0.2,-20.2,0,10,-1,9,0.020989505247376306,1
0.2,-5.399999999999999,-1.3999999999999986,-0.19999999999999996,-231.0,3,0,2,5,-0.10693301997649829,0
0.0,13.399999999999999,56.400000000000006,-0.6000000000000001,-47.60000000000002,-1,0,-4,6,-0.16047745358090182,0
0.0,-0.7000000000000028,-32.0,1.3,-46.400000000000006,0,0,3,1,0.07095343680709532,1
0.0,34.599999999999994,66.0,0.3999999999999999,124.19999999999999,0,0,0,-2,0.16206896551724137,1
-0.2,-31.75,-22.75,3.25,350.3,-2,12,-3,-1,0.2857142857142857,1
0.0,-8.5,-14.5,-3.0,-286.0,0,0,2,-7,-0.07516339869281041,0
1.0,58.5,68.5,0.0,42.0,-3,-15,-3,-1,-0.044117647058823484,1
0.0,41.0,50.0,3.0,48.0,-1,0,1,-2,0.15294117647058825,1
0.2,0.8000000000000007,26.200000000000003,2.6,177.3,-1,0,3,3,-0.06153846153846154,0
0.8,3.1999999999999957,-3.799999999999997,0.0,50.6,3,0,3,4,0.11585365853658536,0
0.0,6.799999999999997,-14.599999999999994,-0.7999999999999998,-215.8,-3,0,-2,15,-0.0888888888888889,0
-0.2,-0.7999999999999972,-32.6,-1.5999999999999999,-249.40000000000003,-2,0,-3,-3,0.2914438502673796,1
-0.8,-31.199999999999996,-35.39999999999999,0.6,-47.2,0,20,2,3,-0.04842105263157903,0
0.09999999999999998,-57.45,-62.2,-0.2,-88.35,1,20,3,-1,0.07625272331154687,0
-0.09999999999999998,-8.899999999999999,-87.0,-0.09999999999999998,-15.2,0,15,2,8,-0.17647058823529405,0
0.2,3.599999999999998,7.399999999999999,-0.2,43.6,2,0,6,-7,0.10416666666666663,1
0.0,79.5,81.5,2.0,95.5,-2,0,-2,-6,0.05921052631578949,1
0.0,-17.0,-35.0,-1.0,-45.0,1,15,-1,2,-0.18627450980392157,1
0.2,15.100000000000001,21.9,0.0,5.699999999999999,1,0,-5,-3,-0.1287625418060201,0
0.0,6.5,-7.0,0.5,-163.0,-4,0,-2,-7,0.3333333333333333,0
0.6,-3.8000000000000043,-33.39999999999999,-2.0,-158.2,0,0,3,-3,-0.17044334975369457,0
0,0,0,0,0,0,15,4,0,0.028070175438596467,1
0.6,4.399999999999999,3.200000000000003,0.4,-19.8,2,0,0,2,0.04761904761904767,0
0.0,-15.049999999999997,-6.75,-0.5,-116.65,-2,0,0,5,-0.05921052631578949,1
0.3333333333333333,14.333333333333334,61.666666666666664,2.0,394.6666666666667,2,0,4,7,0.1018099547511312,1
0.0,10.0,-1.0,1.0,107.0,3,0,2,6,0.11904761904761907,1
-0.4,2.8000000000000007,36.2,-0.20000000000000018,75.4,2,0,2,-2,-0.07880434782608692,1
0.0,-62.400000000000006,-34.400000000000006,0.6000000000000001,177.99999999999997,0,0,-1,9,-0.09829059829059827,0
0.0,12.200000000000003,9.599999999999994,1.0,94.0,-3,0,-1,3,0.2171052631578947,1
-0.25,10.75,21.58333333333333,3.5,211.75,-3,0,0,-9,0.18181818181818188,1
0.5,-4.5,-20.0,-1.0,-53.0,-7,-4,-2,5,-0.19191919191919182,0
0.0,-29.666666666666664,5.333333333333329,0.33333333333333326,38.0,-2,0,-1,-6,0.08000000000000007,1
0.0,21.333333333333336,35.0,0.0,-154.66666666666666,-1,0,2,0,-0.1470588235294118,0
-0.3333333333333333,14.25,16.5,1.4166666666666667,-77.08333333333334,-6,0,-7,-4,0.04629629629629628,1
-0.2,63.0,52.599999999999994,0.0,-11.800000000000011,-1,0,-1,-1,0.19096774193548383,1
-1.6,-26.39999999999999,-28.599999999999994,-1.6,-24.60000000000001,0,10,4,4,0.033333333333333326,1
-0.04999999999999999,12.0,10.900000000000006,0.19999999999999996,27.0,-4,-15,-4,8,-0.29032258064516125,0
0.0,-36.800000000000004,-38.4,0.0,124.6,3,0,3,-4,0.10973084886128359,1
0.0,2.799999999999997,23.26666666666666,-1.6,-5.333333333333343,2,0,0,2,-0.12030075187969924,0
1.0,-100.0,-103.0,-4.0,-161.0,4,0,2,-4,0.3194444444444444,1
0.0,-13.0,-22.75,0.5,38.75,-4,0,-1,1,0.23529411764705876,1
0.2,-17.200000000000003,-20.599999999999994,0.19999999999999996,12.800000000000011,-1,0,-1,-7,0.13461538461538458,0
0.0,0.7999999999999972,-11.0,-0.6,27.200000000000003,1,0,1,-1,-0.3666666666666667,0
0.0,-20.85,-16.049999999999997,1.0,163.8,-2,-25,0,15,0.23376623376623384,1
0.0,-7.333333333333336,-1.6666666666666643,-0.6666666666666667,-165.33333333333334,1,0,0,7,0.3076923076923077,1
0.2,-2.799999999999997,-10.799999999999997,-0.4,8.599999999999994,0,0,3,6,-0.11499999999999999,1
-1.2,10.0,38.400000000000006,4.4,369.40000000000003,1,60,4,-2,0.1600877192982456,1
0.0,20.0,16.599999999999994,0.6000000000000001,-34.8,1,0,-1,8,-0.08190476190476181,0
0.2,-60.2,-116.0,0.6,112.00000000000001,0,-15,3,8,-0.022222222222222254,0
-0.8,6.899999999999999,20.799999999999997,2.75,250.75,2,0,-2,1,0.2576576576576577,0
-0.4,-3.0,22.400000000000006,0.8000000000000003,110.8,4,0,4,-2,0.048913043478260865,1
-0.8,28.799999999999997,33.2,1.4,92.0,-1,0,4,-1,0.17500000000000004,1
-0.25,-97.45,-116.7,0.7000000000000002,75.14999999999998,1,0,-1,14,-0.046558704453441235,1
-0.15000000000000002,35.05,32.3,0.6,77.5,2,0,-3,-2,0.05273833671399586,1
0,0,0,0,0,-4,0,-3,-2,0.5,1
-0.3333333333333333,-23.200000000000003,-12.799999999999997,-0.9333333333333332,9.86666666666666,-3,0,-1,2,-0.18924731182795707,0
0.6,2.799999999999997,17.53333333333334,1.2,83.2,1,0,-2,-1,-0.009230769230769265,1
0.0,10.5,13.5,0.0,33.5,1,0,3,5,-0.07357859531772581,1
-0.3,44.25,65.0,-0.3,-6.600000000000001,2,6,2,5,-0.053333333333333344,0
0.4,-22.000000000000007,-48.8,-1.0,-115.79999999999998,-4,-10,-5,-4,0.22091656874265564,1
1.0,3.3333333333333357,-26.33333333333333,-0.3333333333333333,-81.66666666666667,2,0,2,-10,0.17873303167420806,1
-0.5,-11.9,-6.0,0.95,186.4,1,0,-1,2,0.06434782608695655,1
-0.25,38.849999999999994,22.099999999999994,1.8,-51.5,-2,-20,-7,3,-0.051136363636363646,1
0.3333333333333333,-3.3333333333333357,0.3333333333333357,-1.6666666666666667,-117.33333333333334,6,0,8,9,-0.3157894736842105,0
0.3333333333333333,16.53333333333333,14.26666666666667,-0.06666666666666643,-105.46666666666668,-3,0,0,1,0.09615384615384615,0
-0.2666666666666666,3.333333333333332,8.333333333333332,0.4,31.866666666666667,0,-22,-8,11,-0.15527950310559002,0
-0.2,9.399999999999999,20.200000000000003,0.40000000000000013,174.4,0,0,1,-5,0.10207768744354107,0
-0.3333333333333333,-15.25,-15.0,2.416666666666667,84.83333333333334,2,10,4,-5,-0.0071428571428571175,1
0.0,56.0,142.0,0.0,185.0,0,0,-5,-7,0.05128205128205121,0
0.0,1.0,-9.333333333333329,-2.0,-203.0,0,0,3,-9,0.34615384615384615,1
-0.4,9.200000000000003,-0.7999999999999972,-0.8,-143.4,-1,0,1,8,-0.24637681159420288,0
0.0,-35.199999999999996,-45.99999999999999,0.8,1.2000000000000028,-2,0,0,9,-0.036363636363636265,0
0.2,-11.799999999999997,-5.3999999999999915,-0.4,38.400000000000006,-1,10,-2,-5,0.13888888888888884,1
0.8,9.600000000000001,2.200000000000003,-0.2,-77.6,0,0,2,0,0.08181818181818179,1
-0.09999999999999998,31.1,28.4,0.2,-43.2,-2,0,-3,6,-0.028837209302325584,1
0.6666666666666667,-25.0,-25.0,0.0,-37.0,4,20,5,2,0.17361111111111116,1
0.75,7.0,-10.0,-0.5,-17.25,3,0,8,5,-0.19028340080971662,1
0.0,29.8,16.599999999999994,-0.6000000000000001,-184.40000000000003,0,10,4,3,0.0,1
0.6666666666666666,-19.666666666666668,-13.333333333333336,-0.33333333333333337,164.0,-2,0,1,5,-0.3097826086956522,0
0.0,-4.399999999999999,-62.6,1.8,152.8,1,0,-4,6,0.07526881720430112,1
0.2,49.599999999999994,35.2,-0.19999999999999996,72.25,4,0,5,0,-0.04682274247491636,0
0.25,10.0,-2.75,1.75,115.75,-4,0,4,7,0.03594771241830064,0
0.0,41.0,33.6,-0.8,-118.4,1,0,0,-13,0.11111111111111105,0
0.3333333333333333,58.0,63.66666666666667,0.33333333333333326,103.33333333333334,2,-20,6,-5,-0.4,0
-0.8,71.80000000000001,107.0,3.6,329.6,0,0,-2,-4,0.09965034965034958,1
0.0,46.8,69.6,0.3999999999999999,142.20000000000002,-3,15,-2,5,-0.08767951625094483,1
0.8,31.200000000000003,14.399999999999999,-2.5999999999999996,-324.2,1,20,5,8,-0.18660287081339721,0
-0.2,-12.800000000000004,37.800000000000004,0.19999999999999996,-49.2,4,0,5,-4,0.004103967168262668,1
-0.2,3.6000000000000014,39.0,1.0,177.0,-2,-5,-2,-7,0.15579710144927528,1
0.09999999999999998,8.75,16.700000000000003,-1.85,-48.849999999999994,3,0,3,-1,-0.06730769230769229,1
0.2,-7.200000000000003,-21.200000000000003,-1.2,-60.400000000000006,1,0,2,2,-0.05253623188405798,1
-0.2,-10.799999999999997,-0.2666666666666657,0.3333333333333333,50.6,-5,-31,-5,-2,0.16666666666666674,1
-0.6666666666666666,18.799999999999997,19.333333333333336,-0.06666666666666665,71.66666666666667,1,0,-1,6,-0.019607843137254832,1
0.2,3.6000000000000014,46.599999999999994,-3.0,65.19999999999999,-2,0,-3,10,-0.35,0
0.0,13.200000000000003,16.900000000000006,-1.9,-181.10000000000002,0,0,-4,5,-0.22142857142857142,1
0.06666666666666671,-10.0,-9.333333333333336,-1.1333333333333333,-42.4,2,0,4,2,-0.09425287356321843,0
-0.4,43.39999999999999,41.99999999999999,0.2,0.7999999999999972,3,20,2,7,0.0,1
0.0,-74.0,-33.0,1.0000000000000002,254.79999999999998,0,15,-1,-5,0.30551724137931036,1
0.0,-19.999999999999996,-12.399999999999999,-0.20000000000000018,-145.8,3,35,5,9,-0.06730769230769229,0
0.0,33.6,51.4,0.0,72.19999999999999,0,-10,7,-1,-0.08750000000000002,0
0.2,20.0,44.199999999999996,2.8,252.2,-8,0,-5,-3,0.0,1
0.0,-29.5,-15.0,-1.5,-82.5,0,0,-4,2,-0.1071428571428571,1
0.0,-44.5,-29.0,4.5,279.5,-6,0,-4,-3,0.07905138339920958,0
1.0,12.0,-7.0,-1.0,-55.0,-5,0,1,-5,0.1688311688311689,1
1.0,-28.0,-50.666666666666664,-0.3333333333333333,-70.0,-3,0,-2,3,-0.13818181818181818,1
-0.8,-35.4,-27.599999999999994,0.2,-5.199999999999999,-2,0,-3,5,-0.04125000000000001,0
0.0,-5.0,-10.0,1.0,55.333333333333336,-1,0,0,-5,0.1767676767676768,1
0,0,0,0,0,0,0,3,2,0.03921568627450989,0
-0.39999999999999997,-14.400000000000002,-3.4000000000000057,0.0,27.199999999999996,2,0,3,-1,-0.040322580645161255,0
0.0,-1.5,30.0,0.25,245.5,0,0,-4,-5,0.2678571428571429,1
0.0,65.83333333333333,74.66666666666667,1.0,116.33333333333334,-3,22,-4,3,-0.11857707509881421,1
0.2,-16.6,-21.200000000000003,-0.4,76.6,-1,0,1,10,-0.04761904761904767,1
0.4,10.0,11.399999999999999,0.2,33.400000000000006,0,-15,3,-9,0.11842105263157898,1
0.6,-54.4,-83.4,0.2,3.8000000000000007,-3,10,-3,6,-0.184640522875817,0
0.0,33.5,31.099999999999994,0.10000000000000009,143.7,-1,0,-4,1,-0.06538461538461537,0
0.0,17.4,35.8,1.0,250.4,3,0,2,3,0.045454545454545414,1
0.3333333333333333,55.33333333333333,49.16666666666667,0.6666666666666666,59.5,2,10,1,-1,0.054545454545454564,0
0.0,26.0,45.0,1.0,59.0,-1,0,-6,5,-0.005952380952380931,1
0.0,-16.333333333333332,-0.3333333333333357,2.6666666666666665,119.66666666666666,5,0,0,5,-0.08333333333333337,1
0.25,4.25,3.5,-0.75,-29.5,2,0,2,0,0.2538699690402476,1
0.19999999999999996,-26.199999999999996,-28.200000000000003,-1.2,-105.0,4,0,7,1,0.07758620689655171,1
-0.20000000000000007,-3.0,-8.0,0.2,-6.799999999999997,1,-4,4,8,0.0551431601272534,0
0.8,-20.799999999999997,-74.80000000000001,-3.8,-373.8,-2,0,0,0,-0.05208333333333337,1
0.4,18.400000000000002,12.400000000000002,-0.6,-78.4,-2,0,0,-3,-0.04843304843304841,0
0.2,34.800000000000004,48.2,1.8,142.8,0,0,-1,9,-0.08999999999999997,1
0.0,9.399999999999999,-2.5333333333333385,0.0,-0.20000000000000018,-1,-25,-3,13,0.040752351097178674,1
0.2,-19.933333333333337,-64.53333333333335,-1.6666666666666665,-97.66666666666669,1,0,0,15,-0.2898550724637682,0
0.25,-10.5,-2.5,1.75,165.75,0,-10,1,-7,0.13461538461538458,1
0.0,138.5,138.5,0.0,5.0,3,0,3,4,0.296969696969697,1
0.0,2.0,-14.0,-6.0,-402.0,2,0,2,-4,-0.08571428571428574,0
0.0,26.5,13.5,-3.0,-290.5,4,0,3,3,-0.027272727272727337,0
0.2,21.1,4.5,-2.6,-228.2,1,0,1,4,0.036904761904761996,1
1.0,-19.0,-30.0,-1.0,152.0,-2,0,-2,2,0.2647058823529411,1
-0.16666666666666663,-8.333333333333336,-18.66666666666667,0.9166666666666667,35.58333333333333,-5,0,-5,-4,-0.07440476190476186,0
-0.4,-37.599999999999994,-5.0,0.8,72.4,0,-15,1,3,-0.09967320261437906,0
1.3333333333333333,26.666666666666664,-42.666666666666664,-3.6666666666666665,-516.6666666666666,-1,-15,-4,5,-0.050000000000000044,0
-0.5,2.5,33.0,0.5,88.0,1,0,1,-7,0.2692307692307693,1
-0.2,0.6000000000000014,19.400000000000006,-0.4,-49.0,0,0,0,9,-0.14081996434937605,0
0.0,-6.0,5.0,0.0,-22.0,-1,0,-2,0,-0.2666666666666667,0
0.0,0.19999999999999574,-25.599999999999994,-0.8,-223.4,3,0,4,1,0.07121212121212128,1
0.0,-5.5,-2.0,0.25,81.75,1,0,-3,-3,0.025862068965517238,0
0.2,26.950000000000003,17.0,-0.25,-63.6,-3,0,2,0,-0.021008403361344574,1
-0.4,-44.599999999999994,-43.2,0.6,-67.6,2,-15,6,2,0.06481481481481477,1
0.0,43.86666666666667,66.6,0.8666666666666667,141.06666666666666,-1,10,2,9,0.13244047619047616,1
0.0,21.666666666666668,23.0,-2.3333333333333335,-392.3333333333333,-3,32,2,-6,0.11282051282051286,1
-0.25,-28.75,-22.5,1.5,0.75,-5,0,-10,4,0.031512605042016806,0
0.0,-23.666666666666668,-24.0,-0.33333333333333337,67.66666666666667,1,0,2,2,-0.1004784688995215,1
0.8,-77.8,-86.6,-0.2,-71.6,0,3,2,4,-0.01666666666666672,1
-0.39999999999999997,18.599999999999994,39.599999999999994,0.8,116.2,2,-10,2,-6,-0.11458333333333337,0
0.2,21.799999999999997,15.200000000000003,1.0,38.400000000000006,1,15,-1,1,0.022222222222222254,1
-0.25,11.649999999999999,33.3,1.55,169.05,-2,0,-6,3,-0.058470764617691184,0
-0.4,9.2,15.200000000000003,0.4,-83.4,0,0,5,-7,0.30434782608695654,1
0.6,25.0,24.0,0.19999999999999996,132.2,0,0,-1,0,0.02644230769230771,0
0,0,0,0,0,2,0,2,0,0.1428571428571428,1
0.75,-2.5,-0.5,3.25,256.25,1,0,-3,0,-0.0012499999999999734,1
0.0,-7.799999999999997,-15.600000000000001,1.0,43.599999999999994,0,0,-1,2,-0.12217194570135748,1
0.0,-67.0,-84.0,0.0,-113.0,1,-10,6,4,0.10855263157894735,0
0.0,9.0,6.0,1.0,236.5,-5,-10,-5,-10,-0.23931623931623935,0
-0.7999999999999999,37.2,44.400000000000006,0.0,-2.1999999999999993,-1,0,-2,0,-0.017316017316017285,1
-0.2,-3.5999999999999943,-6.400000000000006,0.0,2.6000000000000014,-1,-20,0,1,-0.006211180124223614,1
0.5,-4.75,-9.0,-0.5,-83.65,4,0,1,0,-0.1461538461538462,1
0.0,2.0,9.199999999999989,0.19999999999999996,-31.799999999999983,5,0,4,0,0.07258064516129037,1
0.0,1.0,-5.0,0.0,31.0,-1,0,4,-2,0.1333333333333333,0
0.0,38.33333333333333,58.66666666666667,-0.33333333333333337,65.33333333333333,4,0,1,6,-0.11594202898550732,1
0.0,-9.666666666666668,-25.0,0.0,7.666666666666671,-2,0,0,7,-0.125,1
0.4,45.8,75.9,0.0,132.3,1,0,3,8,-0.10060060060060061,1
-0.3,16.3,56.099999999999994,0.30000000000000004,-62.69999999999999,-5,0,-7,1,0.016666666666666607,1
0.0,17.53333333333334,16.46666666666667,2.2,124.33333333333334,0,0,3,-4,-0.02922077922077926,1
-1.1,-8.7,-9.100000000000001,0.4,35.900000000000006,0,55,3,4,0.07573812580231065,1
0.2,18.4,12.0,-1.0,-87.6,1,0,3,5,-0.17374005305039786,0
0.6000000000000001,-49.400000000000006,-56.4,0.0,-63.0,1,0,1,-2,0.22058823529411764,1
0.2,-5.600000000000001,-11.599999999999994,-4.0,-206.20000000000002,-1,0,-3,10,-0.02177858439201452,0
-0.3333333333333333,29.73333333333333,34.400000000000006,-2.0666666666666664,-23.66666666666667,-1,0,4,5,-0.1312997347480106,0
0.4,14.0,-32.2,-2.1999999999999997,-152.0,-2,0,-1,1,-0.0254988913525499,1
-0.2,23.7,61.0,-0.8,32.6,-1,0,-2,-4,0.028735632183907955,0
0.25,42.0,50.5,0.0,48.75,-2,59,-1,-4,0.044871794871794934,1
0.0,-14.399999999999999,-18.0,0.6000000000000001,193.8,-1,-10,-2,11,-0.2848484848484849,0
1.2,3.6000000000000085,14.0,-0.2,34.6,1,-10,-6,-7,0.026153846153846194,1
-0.2,6.599999999999994,-0.4000000000000057,0.0,29.19999999999999,-4,0,-5,3,-0.07211538461538458,1
0.0,-57.166666666666664,-57.5,-0.16666666666666669,-64.83333333333333,2,-5,2,-3,-0.10217391304347823,1
0.0,-40.333333333333336,21.833333333333336,1.5,-15.333333333333329,2,0,3,-1,0.13333333333333341,1
0.6000000000000001,-54.2,-57.00000000000001,0.0,45.599999999999994,1,0,2,0,0.015957446808510634,1
0.6,20.400000000000002,-26.599999999999994,0.9999999999999998,35.80000000000001,2,0,0,1,0.1372180451127819,0
-0.20000000000000007,-9.800000000000004,-3.1999999999999957,0.0,113.79999999999998,-1,0,2,-4,-0.07934782608695656,1
0.19999999999999996,29.6,28.200000000000003,-0.39999999999999997,-13.0,-4,-10,4,-2,0.009009009009009028,1
-0.6000000000000001,-26.000000000000007,-17.800000000000004,0.4,89.4,-3,0,-3,-1,-0.049450549450549386,0
1.0,-16.6,-33.4,-0.2,-32.0,-1,0,-1,6,0.10482758620689658,1
0.0,11.200000000000003,1.4000000000000057,-1.8,-65.2,-2,0,-3,-1,-0.19047619047619047,0
-0.39999999999999997,20.0,23.4,0.0,17.799999999999997,1,1,2,2,0.10973084886128359,0
0.6666666666666666,-24.833333333333332,-34.0,0.0,-47.833333333333336,2,20,3,-2,0.06699346405228768,0
-0.4,-29.6,-23.0,1.0666666666666669,-73.46666666666667,0,0,3,-3,0.09615384615384615,1
0.0,-64.33333333333334,-110.66666666666667,-1.6666666666666667,-462.6666666666667,-1,0,-1,2,-0.13586956521739135,0
0.15000000000000002,3.4499999999999993,12.600000000000001,-1.55,-176.15,3,0,1,5,0.1681818181818182,1
0.75,-33.25,-86.75,0.0,-46.25,0,0,3,-7,-0.12727272727272732,0
-0.2,-12.8,6.0,1.6,293.40000000000003,-2,-20,-2,-7,0.016666666666666607,1
0.2,19.80000000000001,19.0,1.0,21.400000000000006,1,0,1,-1,-0.05222734254992312,0
0.04999999999999999,17.25,34.55,1.6,79.05,-1,0,0,2,-0.05042016806722682,0
0.09999999999999998,-31.6,-24.75,2.2,44.8,-2,0,-5,-5,0.02777777777777779,0
-0.4,12.600000000000001,4.399999999999999,0.7999999999999999,146.60000000000002,-5,0,-5,-1,-0.08666666666666667,1
-0.8,22.0,33.8,0.4,154.2,4,15,0,-8,0.06060606060606055,0
0.0,38.8,44.6,0.20000000000000007,-2.1999999999999886,-3,0,-2,2,0.16666666666666663,1
0.0,-7.200000000000003,-0.9333333333333371,1.4666666666666668,58.86666666666666,-3,0,1,4,-0.09330143540669855,0
0.3333333333333333,-2.0,-4.666666666666671,-0.33333333333333337,-1.0,1,0,2,-5,0.1499250374812593,1
0.6,29.599999999999994,68.4,-1.0,-9.399999999999999,1,15,0,4,-0.025000000000000022,1
0.5,9.0,3.666666666666668,-0.16666666666666663,-34.0,-1,0,0,-1,0.11666666666666659,1
-0.3333333333333333,9.399999999999999,-0.6666666666666643,-0.9333333333333332,14.333333333333343,2,0,3,1,0.05163043478260865,0
0.0,-40.25,-33.95,2.75,358.0,2,0,4,-10,-0.02777777777777779,1
0.0,-20.0,-20.6,0.8,88.2,2,0,-2,-1,0.038461538461538436,0
-0.2,-6.799999999999997,-6.200000000000003,0.20000000000000018,17.0,2,0,3,-5,0.08333333333333337,1
-0.25,-40.45,-64.35,1.75,226.25,3,0,3,5,-0.1692307692307693,0
-0.25,58.25,59.30000000000001,-1.6,-388.65,0,0,-3,8,-0.1836363636363636,0
-0.4,-12.799999999999997,-25.200000000000003,-0.6000000000000001,-10.599999999999966,-3,0,-6,3,0.06666666666666665,1
-0.9333333333333332,7.133333333333333,12.799999999999997,1.8,121.0,1,0,-1,8,-0.0591304347826086,0
0.5,-85.5,-77.0,-2.5,114.0,0,0,-2,4,0.05769230769230771,1
0.0,22.0,13.0,1.5,143.5,-2,0,-1,-3,0.018181818181818188,1
0.0,54.33333333333333,49.583333333333336,-1.8333333333333335,-231.91666666666669,-1,0,0,-3,-0.022556390977443552,0
0.0,-87.5,-62.5,-1.0,105.0,0,-10,-2,2,-0.030364372469635637,1
0.0,-19.25,-18.5,1.25,272.5,-1,0,-1,-5,0.12834224598930477,1
0.0,-5.5,-27.0,5.0,-168.5,-3,0,-2,0,0.0404411764705882,1
-0.4,140.6,136.0,0.0,-38.6,0,10,-2,1,-0.006349206349206327,1
-0.2,45.8,9.799999999999997,-0.7999999999999999,-152.20000000000002,3,12,3,4,0.04834905660377353,0
0.0,-35.2,-28.6,0.4,-36.400000000000006,-1,0,-3,2,0.125,1
0.25,13.75,8.25,0.5,-7.0,2,0,-3,2,-0.0357142857142857,0
0.0,17.200000000000003,15.600000000000001,-0.6,-43.99999999999999,1,-10,-3,-8,-0.026666666666666727,1
0.0,9.25,-7.850000000000001,0.6,63.55,-6,0,-7,-2,-0.20604395604395598,0
0.0,-4.0,-13.599999999999994,-0.3999999999999999,31.0,-2,-10,-5,2,0.05833333333333335,0
0.3333333333333333,60.66666666666667,95.33333333333333,-1.0,4.666666666666668,5,0,7,1,0.1393939393939394,1
0.0,36.4,62.400000000000006,-0.4666666666666666,-43.2,3,0,5,8,-0.11538461538461542,1
-0.8,19.0,21.799999999999997,1.4,108.0,2,0,5,-3,0.08333333333333337,0
-0.25,8.25,-3.25,-2.0,-152.25,1,31,5,1,-0.014285714285714346,0
1.0,-14.600000000000009,12.0,-2.2,44.80000000000001,1,0,4,1,0.06727272727272726,1
0.39999999999999997,-9.399999999999999,-23.800000000000004,-0.6000000000000001,-78.4,1,10,2,-3,-0.18484848484848493,1
0.0,-8.200000000000003,-24.4,-0.20000000000000007,-91.4,-2,0,-2,11,0.0,0
-0.2,15.599999999999994,-24.599999999999994,-1.6,-253.39999999999998,1,0,5,-3,0.1133333333333334,1
0.09999999999999998,24.299999999999997,21.700000000000003,0.0,-64.8,3,0,-1,-2,0.14173998044965785,1
0.0,-8.0,10.0,0.5,-4.0,4,35,3,1,0.1282894736842105,1
0.2,-39.599999999999994,-55.2,-2.2,-147.4,0,0,-1,-1,0.006666666666666599,0
0.3333333333333333,-5.333333333333336,29.33333333333333,1.0,273.6666666666667,2,15,2,-2,-0.06060606060606066,0
0.6,-31.666666666666664,-47.33333333333333,-0.4666666666666666,-92.4,-1,0,0,-1,-0.04761904761904767,0
0.0,18.5,21.5,0.5,-14.0,2,-15,-1,-7,0.34444444444444444,1
0.2,25.4,28.4,0.0,31.4,6,-31,1,1,-0.1485826001955035,0
0.4,4.0,-11.299999999999997,-2.3,-87.7,2,0,1,5,0.04999999999999993,1
1.0,4.0,-8.0,-1.0,11.0,-1,0,0,4,-0.04195804195804198,1
-0.3333333333333333,29.333333333333336,45.0,1.0,58.0,-1,0,-5,1,0.04066985645933008,0
0.39999999999999997,-0.20000000000000284,-21.799999999999997,-0.7999999999999999,-202.60000000000002,0,0,2,-4,-0.06071428571428572,0
0.9999999999999999,47.8,58.599999999999994,2.6,105.19999999999999,-4,0,-3,-1,0.050000000000000044,1
0.0,-63.2,-41.0,0.6000000000000001,110.0,-2,15,-5,-1,0.3168685927306617,1
0.2,23.0,-6.599999999999994,-1.4000000000000001,-283.8,4,15,2,-3,0.05027027027027031,1
0.6666666666666667,27.200000000000003,-7.533333333333331,0.0,-114.73333333333335,-2,-15,-4,6,-0.3214285714285714,0
0.4,-26.8,-26.0,0.6,116.39999999999999,1,0,0,-3,0.18890554722638675,1
0.0,13.200000000000003,31.400000000000006,-0.20000000000000018,71.6,1,0,2,-5,-0.19615384615384612,1
-0.6,-4.0,-4.399999999999999,0.3999999999999999,-71.60000000000001,1,-10,4,-4,-0.08923076923076922,0
0.0,3.0,21.0,1.0,58.0,-1,0,0,3,0.02506265664160401,1
0.2,-3.3999999999999986,-19.0,-0.4,12.799999999999997,0,15,0,9,-0.1278195488721804,1
-0.8,40.4,53.0,0.0,-22.799999999999997,2,20,2,5,0.2333333333333334,0
0.0,-19.866666666666664,-31.066666666666663,1.9333333333333336,149.6,1,0,-1,3,-0.34615384615384615,0
0.0,4.0,-36.5,-4.0,-290.0,3,0,-1,-4,-0.1842105263157895,0
0.0,6.0,10.0,4.0,167.0,-1,0,1,0,0.06428571428571428,1
0.39999999999999997,-15.800000000000004,-57.2,-3.4,-415.6,1,0,-2,2,0.1343012704174229,0
-0.6,-18.0,2.0,1.9999999999999998,299.79999999999995,-2,-15,2,-5,0.17493796526054584,0
0.0,6.599999999999994,-4.099999999999994,0.5,199.7,-3,0,-6,8,-0.17727272727272725,1
-0.2,13.799999999999997,-11.600000000000009,-0.4,-59.599999999999994,-2,0,-1,4,0.004385964912280715,1
-0.2,3.6000000000000014,6.0,0.19999999999999996,40.0,-4,-15,-6,6,0.109697933227345,1
-0.25,20.75,35.25,0.25,129.75,-1,0,5,-10,0.3041666666666667,1
0.0,-11.25,53.5,-0.25,225.5,-5,0,-2,1,-0.019230769230769273,0
0.0,41.5,35.5,0.5,76.0,-1,10,0,-1,0.07120743034055732,1
0.0,-23.0,-42.0,-1.0,-60.0,-5,0,-8,1,0.15000000000000002,1
0.0,-32.6,-40.0,-0.30000000000000004,5.800000000000001,1,0,9,5,-0.10119047619047628,1
-0.25,6.5,-4.25,0.0,-92.0,-2,0,-3,2,-0.04421052631578948,0
2.0,149.0,151.0,-1.0,-17.0,0,0,-1,-1,0.19909502262443435,1
0.0,-12.199999999999996,-7.199999999999996,1.4000000000000001,19.200000000000003,-1,0,0,-6,0.2995169082125604,0
1.0,15.799999999999997,0.20000000000000284,-0.8,-27.6,2,0,1,-3,-0.1685714285714286,1
-0.1333333333333333,-17.266666666666666,-15.533333333333331,-0.1333333333333333,42.19999999999999,-1,0,-1,-5,-0.1166666666666667,0
0.0,-30.65,-31.950000000000003,0.0,-24.95,3,-5,2,16,-0.25994694960212206,1
0.0,-22.6,-29.4,-0.6,53.599999999999994,-3,0,-4,9,0.030303030303030276,1
0.5,30.25,17.0,1.0,31.5,1,-10,-1,1,0.2416666666666667,1
-0.5,16.666666666666664,15.833333333333336,-2.0,-84.83333333333333,2,-10,0,7,-0.10758620689655174,1
0.2,33.0,42.0,0.4,64.80000000000001,1,0,0,1,0.011111111111111183,0
0.2,-14.599999999999998,-33.4,-2.4,-87.19999999999999,3,0,-2,0,-0.07692307692307698,1
-0.3333333333333333,-20.5,-33.0,4.0,66.5,-4,-20,-8,0,0.049342105263157854,0
0.6666666666666666,-4.066666666666663,-3.6000000000000014,-0.8,-62.666666666666664,-3,0,-2,1,0.12254901960784315,1
0.0,-8.0,-28.0,1.0,-37.0,2,0,5,0,-0.2894736842105263,0
-0.2,-38.4,-44.4,0.0,46.800000000000004,-2,0,-2,-6,0.022774327122153215,0
0.06666666666666671,-13.333333333333336,-30.93333333333333,-0.06666666666666665,63.8,3,0,1,3,0.04377104377104368,1
-1.0,-10.800000000000004,3.200000000000003,1.0,95.60000000000002,1,0,0,7,-0.13142857142857145,0
-0.3,71.5,67.2,-0.19999999999999996,49.5,1,0,2,0,0.02564102564102566,0
0.6,30.15,6.799999999999997,-1.4,-161.15,1,-10,-2,3,0.044334975369458074,1
0.0,-36.0,-43.0,2.6666666666666665,343.6666666666667,-2,-3,-5,2,0.3116883116883117,1
0.0,9.8,17.400000000000002,-0.19999999999999996,-106.4,-2,-10,-2,2,-0.1055718475073314,0
0.0,0.0,9.0,2.0,190.0,-1,0,-4,-9,0.049342105263157854,1
0.0,19.0,96.0,1.0,13.0,-2,-10,1,-1,0.24166666666666659,1
0.4,30.200000000000003,33.8,0.4,-9.600000000000001,-4,0,-6,8,-0.043010752688172116,1
0.0,-7.399999999999999,23.33333333333333,-1.0666666666666669,-320.3333333333333,1,-15,5,1,-0.15836101882613507,0
-0.2,-54.2,-64.6,0.6000000000000001,42.0,-1,0,0,1,0.007058823529411784,0
0.0,-33.2,-54.2,-0.6,-151.8,2,20,0,2,-0.17500000000000004,0
0.2,-2.6000000000000014,-19.0,-0.4,-38.2,-1,0,2,-3,0.04524886877828049,1
0.0,-30.066666666666666,-39.19999999999999,-0.33333333333333326,121.86666666666667,0,0,2,-5,-0.03992740471869327,0
0.0,-26.6,-96.0,-2.3,-221.8,2,0,-2,13,-0.11904761904761907,0
-0.3333333333333333,-65.2,-97.0,-1.4,-275.3333333333333,0,0,-3,11,-0.08371040723981893,0
0.16666666666666669,-0.41666666666666785,-2.083333333333332,-2.4166666666666665,-159.08333333333334,-3,0,2,1,0.04102564102564099,0
0.0,47.2,52.0,0.8,30.8,0,0,3,7,0.14675324675324686,1
0.0,-30.0,-23.0,1.0,105.0,-1,10,3,3,0.015384615384615441,1
-0.4,15.999999999999996,24.999999999999996,0.2,15.4,-1,0,-4,-11,0.035823170731707266,1
0.0,38.39999999999999,45.400000000000006,0.0,75.0,-2,-10,2,3,0.10906298003072201,1
0.0,-18.800000000000004,26.0,2.4000000000000004,224.0,0,0,-1,-5,0.17101449275362324,1
0.0,26.4,55.19999999999999,0.0,26.39999999999999,2,0,2,-1,0.07004830917874394,0
-0.6,-4.399999999999999,14.0,5.2,456.40000000000003,2,23,2,-3,0.07738095238095233,1
0.2,-39.0,-39.599999999999994,-1.0,-132.8,-3,0,-2,-4,0.034146341463414664,1
0.2,-32.599999999999994,-109.8,-6.6000000000000005,-295.8,0,0,-1,3,-0.11072261072261069,0
0.0,10.0,13.200000000000003,1.0,127.8,2,0,3,5,-0.10135135135135132,1
-0.9333333333333332,-9.600000000000001,7.133333333333329,1.2,105.19999999999999,0,30,0,8,0.08270676691729328,0
0.2,-0.3999999999999986,19.400000000000006,-1.3333333333333335,-184.66666666666669,1,0,1,11,-0.32015810276679846,0
0.4,5.799999999999997,6.600000000000001,-0.2,-33.599999999999994,-2,15,-6,2,0.17500000000000004,0
0,0,0,0,0,0,0,-4,3,-0.18888888888888888,0
0.6666666666666666,21.666666666666664,5.333333333333329,-0.33333333333333337,-3.3333333333333357,2,0,0,-1,0.007518796992481258,1
-0.25,-20.0,2.5,1.75,-26.0,1,-10,-2,-7,-0.06666666666666665,1
-0.8,13.400000000000002,20.199999999999996,-0.6,-41.00000000000001,-1,0,-3,3,-0.04313725490196085,1
0.0,0.0,-38.800000000000004,1.0,-132.39999999999998,1,0,0,-3,0.02463768115942022,1
0.2,-14.399999999999999,4.200000000000003,-1.0,64.8,-1,0,-4,-5,-0.19285714285714295,1
0.0,6.649999999999999,29.349999999999994,-0.7000000000000002,-18.55000000000001,-3,0,1,-6,0.2596153846153846,1
-0.16666666666666663,-11.0,34.666666666666664,-4.333333333333333,-313.5,5,-10,3,0,0.12335526315789469,1
0.75,-8.25,-25.5,-0.25,-118.75,-5,-15,3,-5,0.1071428571428571,1
0.09999999999999998,-49.0,-57.9,-0.5,-27.700000000000003,4,20,5,6,0.011111111111111183,0
0.0,34.0,22.799999999999997,-0.6000000000000001,-172.39999999999998,0,0,-1,-3,0.038461538461538436,0
0.0,2.0,-10.0,2.0,104.0,-3,0,0,-9,0.19318181818181823,1
0.8,21.0,36.400000000000006,3.2,197.39999999999998,5,0,8,4,0.2333333333333334,1
0.0,28.0,33.0,-1.0,-148.0,0,-10,3,-8,0.275,1
0.0,37.0,40.0,0.6666666666666666,11.0,-1,0,-1,-7,0.0874125874125875,0
0.0,-22.0,-25.333333333333336,-1.666666666666667,-101.0,0,0,1,2,0.03703703703703698,0
0.0,-58.7,-51.5,-0.6,-98.4,1,10,2,1,-0.15555555555555556,0
-0.4,27.000000000000004,71.8,2.8000000000000003,293.8,1,0,3,8,-0.06385869565217395,1
0.3333333333333333,-27.799999999999997,-70.13333333333333,-1.7333333333333334,-214.46666666666667,2,-5,0,2,0.09420289855072472,1
-0.04999999999999999,26.799999999999997,8.400000000000006,0.050000000000000044,-8.400000000000006,-1,0,-3,0,-0.04166666666666674,1
-1.0,-1.5333333333333314,-1.3999999999999986,0.0,-14.266666666666666,2,0,0,-4,0.07818181818181824,0
-0.3333333333333333,23.0,35.33333333333333,0.6666666666666667,-57.33333333333333,2,0,0,1,0.13461538461538458,1
-0.2,18.19999999999999,13.799999999999997,1.8,28.800000000000004,-3,-10,-10,-1,0.07386363636363635,1
0.0,-3.0,1.0,3.333333333333333,284.6666666666667,-2,10,0,-5,0.1576923076923077,1
-0.8,-22.200000000000003,-28.200000000000003,0.6,-51.8,4,10,5,6,0.024545454545454537,1
-0.06666666666666671,-52.46666666666667,-45.8,1.2666666666666666,174.6,-5,0,2,3,0.017429193899782147,0
0.0,19.800000000000004,23.799999999999997,0.0,51.400000000000006,-1,10,1,2,-0.08270676691729328,0
0,0,0,0,0,-2,15,2,2,0.2833333333333333,1
0,0,0,0,0,1,0,0,6,-0.09595959595959602,1
-0.39999999999999997,-21.200000000000003,-2.0,2.8,412.0,-4,0,3,-6,-0.10769230769230775,0
0,0,0,0,0,1,15,1,-4,0.13875598086124408,1
0.1333333333333333,40.866666666666674,41.73333333333333,0.1333333333333333,-1.3999999999999986,1,0,-2,-3,0.12677484787018245,0
-0.2,16.799999999999997,15.999999999999996,1.0,57.6,2,0,1,-4,0.018421052631579005,0
0.0,11.450000000000003,20.450000000000003,-1.5,-208.85,2,15,3,10,-0.04524886877828049,0
0.4,7.200000000000003,-4.799999999999997,-1.0,-56.599999999999994,3,0,2,2,0.09999999999999998,1
0.0,8.399999999999999,-2.3999999999999986,0.0,110.4,3,0,8,-4,0.08771929824561397,1
-1.0,52.5,12.0,2.5,-362.5,2,0,4,1,-0.07435897435897443,0
0.0,17.8,26.799999999999997,-0.6000000000000001,-109.19999999999999,4,0,2,-17,0.15873015873015872,1
0.6,-20.200000000000003,-23.599999999999998,-2.0,-122.0,2,0,6,7,-0.010752688172043001,1
0.0,14.100000000000001,21.200000000000003,-3.1,-78.19999999999999,-1,0,-2,3,-0.2238095238095238,0
-0.2,13.100000000000001,20.799999999999997,1.0,95.1,-4,15,-3,4,0.037267080745341685,1
1.0,-15.5,-25.5,-0.5,6.5,-1,0,1,5,-0.2040133779264215,0
0.2,-7.800000000000004,-18.799999999999997,0.5999999999999999,11.799999999999983,0,0,1,9,0.1072124756335282,1
-0.2666666666666666,20.799999999999997,17.066666666666663,0.46666666666666673,-7.466666666666669,-4,0,-1,2,0.17948717948717952,1
0.5,17.5,23.0,1.0,19.5,-1,0,-3,-3,0.05434782608695654,1
0.2,16.6,-5.0,-0.6,-144.4,-6,0,-7,4,-0.12727272727272732,1
0.0,34.5,51.0,-1.0,76.0,7,0,7,2,0.08571428571428574,0
0.0,27.5,48.0,2.0,204.0,-3,0,-1,6,0.051136363636363646,1
0.0,-91.6,-86.4,0.6,21.599999999999994,-1,0,-2,3,-0.07246376811594202,0
0.0,24.0,49.5,0.5,113.0,3,0,0,3,-0.12222222222222223,0
0.0,-71.0,-76.80000000000001,-0.6,-23.39999999999999,-1,13,-2,5,-0.15934959349593503,0
-0.4,-37.0,-32.599999999999994,0.0,54.599999999999994,1,0,5,0,0.09523809523809523,1
-0.6,-55.6,-25.799999999999997,4.2,486.6,2,0,0,4,0.07362637362637359,0
-0.2,-37.2,-35.6,-0.39999999999999997,-38.599999999999994,-2,0,-4,-4,0.12276214833759591,1
0.2,-19.599999999999994,-7.200000000000003,0.0,43.0,1,0,-1,-6,-0.06666666666666676,1
-0.04999999999999999,37.7,54.95,2.1,133.6,2,0,0,7,-0.1047058823529411,0
0.25,40.25,41.25,0.0,8.5,-1,0,1,6,-0.08461538461538454,1
0.0,-27.6,-39.599999999999994,-0.39999999999999997,34.599999999999994,-1,0,-1,-7,0.1112234580384226,1
0.0,28.799999999999997,13.200000000000003,-1.2,-118.39999999999999,-2,0,-3,-2,0.006688963210702337,0
-0.5,48.0,50.0,1.0,28.5,-2,0,-5,-1,0.16771159874608144,1
0.3333333333333333,0.0,-1.0,-0.6666666666666667,-24.000000000000014,2,0,-2,-9,0.050000000000000044,1
0.0,-23.0,-41.0,-1.0,-58.0,0,-10,-5,6,-0.25568181818181823,0
0.0,47.0,125.0,2.0,538.0,3,0,1,-1,0.11363636363636365,1
0.4,-34.39999999999999,-35.199999999999996,-0.2,-17.4,-1,0,3,7,-0.18486590038314177,0
0.0,0.0,-2.0,0.0,59.0,-2,0,-4,0,0.15454545454545454,1
0.0,-41.5,-65.0,0.5,-12.0,1,-15,-3,1,-0.030303030303030387,0
0,0,0,0,0,0,0,1,-1,0.0,0
0.8,59.73333333333334,108.93333333333332,-0.6666666666666666,-68.13333333333333,2,15,2,-3,-0.07857142857142863,0
0.0,10.600000000000001,26.0,0.0,7.399999999999999,1,0,-2,8,-0.06818181818181823,1
-0.3333333333333333,-30.0,-43.33333333333333,0.16666666666666652,-159.16666666666666,1,0,-2,8,0.02083333333333337,0
0.0,-16.86666666666667,-65.73333333333335,-0.3999999999999999,-154.73333333333332,-4,0,-4,2,0.053221288515406195,1
0.6,29.4,38.0,0.2,24.2,0,0,3,3,0.05555555555555558,0
0.0,2.0,-11.0,1.0,283.0,4,0,9,4,-0.15294117647058825,1
-0.4,4.399999999999999,-15.399999999999999,-0.7999999999999999,-47.800000000000004,5,0,3,-6,-0.03260869565217395,0
-0.25,16.0,21.41666666666667,2.3333333333333335,135.41666666666666,0,0,3,0,-0.05769230769230771,0
-0.3333333333333333,43.866666666666674,46.73333333333334,0.7333333333333332,-89.0,3,0,2,6,0.05731707317073165,1
0.0,17.4,39.6,0.7,26.400000000000006,-2,0,0,1,-0.14322250639386191,0
0.5,5.0,4.166666666666668,0.0,-11.666666666666666,-2,0,-3,1,0.13913043478260867,1
1.8,1.8000000000000007,-12.600000000000001,-0.30000000000000004,-136.0,-3,-15,-3,3,-0.037878787878787845,0
-0.2,23.1,25.6,-0.5,46.0,4,0,3,-8,0.07268170426065168,1
0.0,-3.0,-18.200000000000003,0.4,-17.200000000000003,1,-15,-1,-2,-0.09999999999999998,1
0.2,-23.799999999999997,-12.200000000000003,0.39999999999999997,45.8,-1,0,-5,-1,0.10615384615384615,1
0.0,26.599999999999994,30.400000000000006,0.6000000000000001,228.39999999999998,1,10,4,7,-0.08205128205128209,1
0.0,-3.5,-3.0,1.0,-1.0,3,10,7,-4,0.0,1
0.4,-23.200000000000003,1.0,0.40000000000000013,138.79999999999998,1,15,0,4,0.2869458128078818,1
-0.2,5.200000000000003,0.20000000000000284,0.19999999999999996,-166.0,0,0,3,9,-0.13725490196078427,0
-0.5,-11.899999999999999,-10.799999999999997,-2.9,-61.099999999999994,-1,0,1,4,-0.27873563218390796,0
0.0,-21.333333333333336,-74.66666666666667,3.0,107.0,0,0,-2,2,0.06666666666666665,1
0.15000000000000002,-30.299999999999997,-81.85,-1.05,-220.05,-2,10,1,0,-0.08111111111111113,0
0.8,50.2,38.8,-0.8,-45.0,2,0,3,9,0.15294117647058825,1
0.75,32.0,-82.0,-3.0,-496.0,4,0,4,6,0.08333333333333337,1
0.5,24.0,43.5,0.0,32.75,-1,0,2,-3,-0.06944444444444442,0
0.0,27.5,36.5,4.0,416.0,-1,0,-3,1,0.08585858585858586,0
0.0,-13.5,-18.0,-1.0,-71.5,1,-3,-1,4,-0.058441558441558406,0
-0.9999999999999999,30.0,28.400000000000006,0.6,53.2,0,0,-2,-1,-0.0357142857142857,1
-0.2,-48.6,-28.60000000000001,1.2,200.2,-2,0,-4,-3,0.05583126550868489,1
0.2,-21.800000000000004,-22.199999999999996,-0.2,29.4,-3,-1,-5,-5,0.0688405797101449,1
0.2,9.600000000000001,-76.8,-1.4,-416.40000000000003,3,0,0,1,-0.02782608695652178,1
0.6,-2.0,-18.0,-1.0,-47.0,4,0,4,-2,0.19047619047619047,1
0.0,-11.0,8.799999999999997,-1.7999999999999998,-64.4,3,0,-1,1,0.07065217391304346,0
0.19999999999999996,24.6,28.4,-1.2,-14.000000000000007,-1,-15,3,4,-0.04888888888888887,0
0.0,5.75,37.0,-2.25,-129.25,3,-10,1,12,-0.18181818181818177,0
-0.6,9.0,23.0,0.6,143.8,-1,-15,-2,2,-0.18896321070234112,0
0.0,-14.199999999999996,-3.799999999999997,0.2,111.80000000000001,-2,0,-2,-2,0.10049627791563276,1
-0.4,-4.399999999999999,8.600000000000001,1.8,101.2,-1,0,-1,0,0.14141414141414144,0
0.0,41.5,34.166666666666664,1.5,5.666666666666668,-6,0,-6,7,-0.016304347826086918,1
0.2,-0.4000000000000057,-14.400000000000006,0.6,58.800000000000004,-3,-14,1,-2,0.08666666666666667,1
-0.2,14.8,19.599999999999998,-0.8,-43.8,-1,0,-5,-8,0.07741935483870965,1
-0.09999999999999998,7.099999999999994,-4.700000000000003,-0.19999999999999996,-133.6,1,0,0,3,-0.049450549450549386,0
0.2,14.600000000000001,-13.600000000000001,0.6000000000000001,-90.80000000000001,4,0,5,-5,0.053453453453453426,0
0.4,27.200000000000003,22.0,0.6000000000000001,18.400000000000006,3,0,1,0,-0.14,1
-0.8,-9.6,-23.8,0.4,-178.8,-2,0,-5,-1,0.05653021442495121,1
0.3333333333333333,34.833333333333336,23.333333333333336,-4.0,-358.5,-1,31,6,-7,-0.033333333333333326,1
-0.2,-12.0,-7.200000000000003,-2.8,-223.8,7,0,10,-13,0.1333333333333333,1
0.4,-10.2,-19.6,0.0,64.0,2,15,-2,-5,-0.11253196930946285,0
-0.3333333333333333,17.833333333333336,20.75,0.0,-9.0,2,0,0,-4,0.09134615384615385,1
0.3333333333333333,-0.16666666666666785,-0.3333333333333357,0.3333333333333333,143.5,0,10,2,5,0.16849816849816845,1
-0.5,13.700000000000003,18.25,0.2,-4.449999999999999,2,0,1,3,-0.030303030303030276,1
0.39999999999999997,5.600000000000001,-8.800000000000004,-0.39999999999999997,-43.2,1,0,5,-1,0.015810276679841917,0
0.19999999999999996,-2.200000000000003,-6.799999999999997,-0.6,-68.2,0,0,1,4,0.024827586206896624,1
0.0,-12.999999999999996,-33.8,-1.5999999999999999,-44.0,-1,-20,2,18,0.04009034443817061,0
-0.4,10.800000000000004,23.999999999999993,-1.4,-1.7999999999999972,0,0,1,-7,-0.003529411764705892,1
-0.04999999999999999,-3.450000000000003,-42.95,-0.4,-145.2,1,0,0,3,0.12559808612440193,0
0.0,-8.666666666666668,-18.0,1.0,212.33333333333331,0,-15,-2,-7,0.05341880341880345,0
0.2,-0.6000000000000014,-1.0,0.19999999999999996,125.4,-2,0,0,8,-0.07606837606837613,1
0.0,37.5,53.5,1.0,163.0,1,0,-4,-1,-0.20000000000000007,0
0.0,6.25,35.0,2.0,384.5,-2,0,-2,-5,-0.0461538461538461,0
-0.33333333333333337,-37.16666666666667,-36.83333333333333,-1.0,-70.33333333333333,-1,0,2,-2,0.17105263157894735,1
0.0,81.5,60.5,-0.5,-58.0,6,15,7,-3,0.0,1
0.0,-25.799999999999997,-28.799999999999997,-0.6000000000000001,-152.8,-4,-15,-1,0,-0.00967741935483879,0
0.0,-51.5,5.0,0.5,83.5,2,0,2,-2,0.05555555555555558,1
1.2,-13.200000000000003,-49.0,-3.0,-358.2,4,0,6,4,0.1724137931034483,1
0.39999999999999997,-19.200000000000003,-44.400000000000006,-0.7999999999999999,-153.39999999999998,-2,10,-2,6,0.11458333333333337,0
0.2,-56.99999999999999,-95.19999999999999,0.6,77.6,2,0,-2,-6,0.15714285714285714,1
0.0,-42.4,-47.4,0.0,-31.599999999999994,2,0,0,11,-0.10963748894783376,0
-0.4666666666666666,-39.6,-17.733333333333334,1.2,82.06666666666668,-1,0,-3,4,-0.12037037037037035,1
0.06666666666666671,-39.133333333333326,-53.93333333333333,-1.0,-109.6,1,0,-1,3,-0.06312292358803984,0
0.4,0.6000000000000014,-4.399999999999999,-0.20000000000000007,30.80000000000001,1,-20,1,3,0.05384615384615388,1
0.2,-45.00000000000001,-66.0,-0.6000000000000001,-53.400000000000006,-1,0,2,2,0.01565217391304341,1
-0.2,-5.900000000000006,23.0,2.75,220.6,-1,0,-1,-3,0.23529411764705888,1
0.0,12.600000000000001,-33.599999999999994,-1.0,-215.59999999999997,1,0,-2,-7,-0.0024038461538461453,1
0.0,-6.0,-13.799999999999997,1.0,43.599999999999994,-1,0,-2,4,-0.03294117647058825,0
-0.2,-16.066666666666663,-19.46666666666666,-1.4666666666666668,-64.53333333333333,3,10,4,-9,0.16666666666666674,0
-0.5,20.0,51.5,0.5,28.0,5,0,2,-1,0.06818181818181823,1
-0.2,9.733333333333327,1.8666666666666742,-0.2,-29.400000000000006,-3,15,-3,-7,0.28093645484949836,1
0.39999999999999997,-32.4,-38.0,-0.2,-85.2,-1,-23,1,3,-0.04761904761904756,1
0.6,-26.400000000000002,-63.800000000000004,-1.2,-251.20000000000002,2,4,-1,2,-0.16451233842538193,0
0.3333333333333333,-32.0,-0.5833333333333286,1.0833333333333333,222.33333333333334,1,0,5,5,0.14661654135338342,1
0.0,8.266666666666666,9.0,-0.06666666666666665,14.0,-2,0,-1,6,0.06071428571428572,1
0.0,13.5,7.0,-0.5,44.5,-2,0,-1,-2,-0.06578947368421051,0
0.0,1.3999999999999986,8.0,2.1999999999999997,179.2,1,0,1,-1,-0.016233766233766156,1
0.0,25.200000000000003,9.800000000000004,-1.6,-219.4,4,-25,2,-9,0.023573200992555776,0
0.0,4.199999999999996,6.799999999999997,0.0,53.199999999999996,-2,0,0,6,-0.0289575289575289,0
0.0,-25.8,-39.0,1.2000000000000002,78.4,0,-10,-3,6,-0.012820512820512775,0
0.0,-96.2,-65.4,3.0,417.2,1,0,0,12,-0.10526315789473684,0
0.0,13.0,-1.0,0.0,25.0,6,10,4,5,0.06666666666666665,1
0.3,71.7,75.6,-2.4,-300.5,4,0,6,4,0.08405797101449275,1
0.0,21.333333333333332,47.666666666666664,1.3333333333333335,307.6666666666667,1,0,1,-1,-0.07777777777777783,1
-0.20000000000000007,29.799999999999997,34.199999999999996,0.6000000000000001,70.0,0,0,6,4,0.043010752688172116,1
0.0,65.80000000000001,45.2,-1.5999999999999999,-181.0,4,0,0,-2,0.07738095238095233,0
0.3333333333333333,21.0,18.333333333333336,0.0,61.333333333333336,-4,-1,-6,-1,0.037878787878787956,0
-0.5,-14.0,-4.75,-1.0,-58.0,-1,10,1,0,-0.1166666666666667,0
0.0,-56.3,-104.5,0.19999999999999996,-98.3,-3,0,-1,-6,0.01333333333333342,1
-0.6,39.6,63.400000000000006,-0.40000000000000013,-29.0,-1,-15,2,9,-0.056022408963585346,1
0.2,28.599999999999994,20.400000000000006,-0.8,96.0,7,4,3,5,0.038879359634076516,1
0.4,40.4,48.0,-1.6,-82.19999999999999,0,0,4,-2,-0.1561561561561562,1
0.75,31.25,49.0,2.5,167.0,-1,0,-2,2,0.045454545454545414,1
0.5,-11.0,-27.5,-1.0,18.5,2,0,4,0,-0.03137254901960784,1
0.0,27.5,21.5,-1.0,-22.0,2,0,4,3,0.10256410256410264,1
-0.3333333333333333,-16.333333333333336,-21.0,-0.6666666666666667,-162.0,-2,0,-6,1,-0.26388888888888884,0
-0.6,15.0,27.200000000000003,0.8,155.4,2,0,3,-3,0.06898774983881362,1
-0.4,53.400000000000006,51.199999999999996,-2.0,-234.4,1,15,4,5,-0.06396396396396398,0
0.0,22.85,15.850000000000001,-0.8,-134.15,3,0,3,2,-0.1703703703703704,0
-0.2,-20.200000000000003,5.400000000000006,-1.6,45.19999999999999,5,0,0,-2,0.09999999999999998,1
-0.6000000000000001,32.39999999999999,45.2,-0.2,-43.0,0,-10,0,-5,0.20175438596491235,0
0.2,37.0,19.200000000000003,-0.9,5.199999999999989,0,0,-6,11,-0.02777777777777779,0
-0.09999999999999998,26.5,36.3,-2.9,-55.1,2,10,-1,-5,-0.11842105263157898,1
0.5,-23.5,-11.5,-1.0,-26.5,0,20,-3,-3,0.1642156862745099,1
0.0,47.2,37.599999999999994,0.7999999999999999,-58.20000000000002,-2,0,2,-5,-0.17261904761904767,1
-0.04999999999999999,-5.700000000000003,49.95,2.8,200.55,-1,-10,3,0,-0.11153846153846159,0
0.2,7.799999999999997,-1.3999999999999986,-0.8,-6.0,-1,10,1,6,0.022727272727272707,0
0.0,5.4666666666666615,24.799999999999997,2.6,200.93333333333334,1,10,1,-1,-0.011363636363636354,1
0.4,-11.399999999999999,-17.0,-0.6000000000000001,-105.6,3,0,3,-1,0.15848527349228603,1
-0.2,-10.799999999999997,-22.200000000000003,-0.20000000000000007,-39.800000000000004,2,-15,1,7,0.012578616352201255,0
-1.0,2.5999999999999943,26.799999999999997,1.4,112.60000000000001,4,0,5,3,-0.021739130434782594,1
0.0,6.200000000000003,-7.0,-0.6,-145.79999999999998,6,5,5,-1,-0.125,0
-0.2,39.6,38.99999999999999,-2.6,-207.20000000000002,2,0,3,1,-0.20256410256410262,0
0.5,-30.0,-48.5,-0.5,-158.5,-2,0,1,4,-0.1428571428571429,1
1.0,-28.666666666666664,-46.0,-0.3333333333333333,-166.33333333333334,-4,10,1,-4,0.041871921182266014,0
-1.0,-64.0,-16.666666666666657,3.0,166.66666666666669,-2,0,-4,3,0.13076923076923075,1
0.0,-27.0,-45.5,-1.0,-60.0,-3,0,-4,-4,-0.09440559440559437,0
-0.6,23.6,26.4,0.0,17.0,1,0,-3,3,-0.11486486486486491,0
0.19999999999999996,-29.39999999999999,-29.400000000000006,0.2,-18.4,4,0,4,-5,0.032467532467532534,1
-0.5,-2.75,-7.800000000000001,0.8,13.25,-2,0,-1,-5,-0.06666666666666665,0
0.2,28.000000000000007,-1.4000000000000057,-0.3999999999999999,-160.8,0,0,-1,-2,0.005555555555555536,1
0.0,17.4,74.2,5.2,264.4,0,0,4,-2,0.08355437665782495,1
0.0,-5.799999999999997,-15.0,-0.8,8.200000000000003,2,0,1,7,-0.2092391304347826,0
0.0,43.0,18.0,-0.5,-86.0,-2,0,-3,-5,0.059523809523809534,0
-0.3,-26.3,9.400000000000006,0.6,30.599999999999994,2,-10,-2,5,-0.07211538461538458,0
0.0,57.33333333333333,62.33333333333333,0.6666666666666666,16.0,-4,0,-3,-4,0.0672268907563025,1
0.0,21.0,21.0,0.0,9.0,-4,-15,-2,3,-0.11578947368421055,1
0.4,18.6,-1.6666666666666643,-2.0,-190.93333333333334,-2,-10,-2,9,0.007936507936507908,0
0.0,73.0,161.20000000000002,3.4,572.6,1,0,2,-3,0.16692307692307684,1
-0.39999999999999997,15.0,28.799999999999997,0.6,33.599999999999994,-1,-10,-2,3,0.18484848484848493,0
-0.2,10.600000000000001,62.4,2.2,357.8,4,10,4,3,0.23252032520325205,1
1.0,13.599999999999998,-3.6000000000000014,-3.6,-243.4,-2,0,1,0,-0.04597701149425282,1
-0.6,22.000000000000004,20.4,-1.4,-111.80000000000001,2,0,2,8,-0.1444444444444445,1
0.0,-12.0,-10.599999999999994,0.0,-46.599999999999994,-4,0,-2,2,-0.0936819172113289,0
0.5,6.25,0.25,-0.75,-114.75,1,15,1,8,-0.1029411764705882,1
-0.04999999999999999,0.5,0.75,0.09999999999999998,-37.19999999999999,-1,20,-1,5,-0.18787878787878787,0
0.0,-24.0,-92.0,1.0,-284.0,-2,0,2,-5,0.17132867132867136,1
0.5,18.0,30.0,0.0,4.5,1,0,0,4,0.013574660633484226,1
0.0,-22.5,-4.5,-0.5,42.5,-1,0,0,15,-0.11229946524064172,1
0,0,0,0,0,1,10,0,4,-0.16194331983805665,0
0.0,-32.0,-24.0,1.0,22.0,3,10,6,-4,-0.08576998050682261,0
0.2,30.000000000000007,35.8,-1.4,-62.60000000000001,3,0,2,1,0.07258064516129037,1
-0.2,-11.0,-18.799999999999997,0.0,-30.799999999999997,-1,-10,-1,10,0.014778325123152691,1
0.6,24.8,28.2,0.4,46.2,1,0,0,10,-0.09569377990430628,0
0.0,-18.900000000000006,37.5,1.9,462.8,0,0,1,-5,0.1636363636363637,1
0.0,14.0,24.400000000000006,0.19999999999999996,325.6,6,0,3,-3,-0.02777777777777779,1
0.0,14.5,2.5,-0.5,185.0,-1,7,-5,-10,0.01098901098901095,1
0.0,0.0,-3.75,0.25,86.5,3,0,6,10,-0.12814645308924477,1
-0.2,-12.0,19.4,4.199999999999999,409.4,-1,-15,-2,1,0.11206896551724133,0
0.0,0.6000000000000014,0.0,-0.4,18.200000000000003,0,0,-2,3,-0.03703703703703698,1
-0.4,16.5,30.700000000000003,5.8,383.7,-3,0,0,-5,0.05208333333333337,1
-0.2,40.599999999999994,4.200000000000003,0.6,75.2,-3,15,-7,-1,0.00400962309542896,1
-0.3,1.8500000000000014,-1.9500000000000028,0.8,-10.650000000000006,-1,-10,-1,-1,0.1473429951690821,1
0.0,-3.799999999999997,6.200000000000003,0.0,-19.6,0,0,3,4,0.04705882352941182,0
-0.2,50.599999999999994,56.99999999999999,0.2,55.2,1,10,1,8,-0.1507936507936507,0
-0.8,-21.1,-12.400000000000006,0.15000000000000002,153.25,-3,0,-3,-5,-0.1636363636363637,0
0.0,-18.1,-84.3,-1.2,-353.6,-1,0,1,10,-0.01754385964912286,0
0.4,1.6000000000000014,4.599999999999994,-4.4,-15.800000000000011,-1,0,-1,7,-0.16206896551724137,0
0.2,25.799999999999997,10.0,-1.0,-59.6,-7,0,-7,12,-0.07246376811594202,1
0.3333333333333333,-19.666666666666668,-15.833333333333336,-0.5,-123.66666666666667,-3,-15,0,-3,-0.20833333333333337,0
0.3333333333333333,10.833333333333336,4.166666666666671,-1.8333333333333333,-181.16666666666666,0,0,-2,3,-0.031818181818181746,0
0.0,6.0,11.5,0.25,-128.75,1,0,0,-1,0.02898550724637683,1
0.6666666666666666,9.333333333333336,-7.333333333333336,-4.0,-348.3333333333333,6,0,5,-5,0.0267857142857143,1
0.0,-68.5,-101.5,-1.0,-188.5,-2,0,3,-5,0.21818181818181825,1
0.0,62.599999999999994,103.2,1.6,283.2,0,-10,-3,4,-0.04999999999999993,0
-0.4,-32.599999999999994,-12.600000000000009,0.2,77.6,-2,0,-1,9,0.07362637362637359,0
0.0,6.799999999999997,8.800000000000004,0.6,11.200000000000001,4,-10,2,-3,0.042328042328042326,1
0.0,-23.4,1.6000000000000014,1.6,363.4,2,-10,-2,2,-0.07246376811594202,0
-0.3333333333333333,2.333333333333332,5.666666666666668,4.0,293.0,1,0,0,-8,0.05230769230769228,1
0.25,-15.25,-29.5,-1.0,107.25,-1,0,2,7,0.1027667984189723,1
0.0,96.0,79.0,0.0,-44.0,1,0,5,-4,-0.11255411255411252,0
-0.8,-15.100000000000001,-23.700000000000003,-0.4,-20.0,3,20,2,1,0.06000000000000005,0
-0.08333333333333331,18.5,12.583333333333336,0.16666666666666669,-108.75,-3,-10,-1,-8,-0.11428571428571421,0
0.25,10.25,-67.75,-0.5,-133.0,4,0,-2,-4,-0.14814814814814814,1
-0.6,8.600000000000001,-5.199999999999996,1.6,48.8,-2,15,-4,8,0.06758720930232553,1
0.39999999999999997,-29.800000000000004,-46.800000000000004,-2.8,-197.2,1,0,-5,-5,0.08467741935483875,0
0,0,0,0,0,3,0,2,-2,0.033333333333333326,0
1.0,-3.0,-23.0,-1.0,-29.0,2,0,3,-4,0.07246376811594202,1
0.4,-3.6000000000000014,-17.799999999999997,-1.0,28.599999999999994,0,59,0,-4,0.11371237458193983,1
-0.4,-1.1999999999999957,-4.200000000000003,0.0,-175.8,-5,0,-4,14,-0.15808823529411764,0
0.4,-9.0,-34.7,-2.65,-373.35,2,0,3,14,-0.1646153846153846,0
0.09999999999999998,8.600000000000001,-12.700000000000003,-1.1,-83.69999999999999,-2,-15,-2,-4,-0.09382151029748287,1
0.4,3.3999999999999986,22.400000000000006,2.6,205.2,3,0,5,-1,0.20833333333333337,1
0.0,-2.6666666666666643,-2.3333333333333357,2.0,157.66666666666666,-1,-10,-2,6,0.08181818181818179,1
0.4,-19.6,-20.0,0.40000000000000013,149.2,3,0,2,-3,-0.041871921182266014,0
-0.6,-17.200000000000003,-4.399999999999999,-0.6,-101.39999999999999,-2,0,-2,4,-0.05147058823529416,0
0.4,-4.200000000000003,-2.0,-1.9999999999999998,-66.8,1,0,5,-5,-0.15732758620689657,1
0.6000000000000001,16.199999999999996,9.799999999999997,-1.8000000000000003,-106.20000000000002,0,0,1,-9,0.07999999999999996,0
-1.25,3.75,-11.0,0.5,-149.75,-1,0,2,0,-0.0013793103448276334,0
0.4,1.1999999999999957,-7.799999999999997,-1.0,-3.799999999999997,1,-20,1,3,0.05384615384615388,0
0.2,43.2,-9.199999999999989,-0.7999999999999999,-287.0,-4,0,-5,2,0.05882352941176472,1
0.75,16.25,6.75,-1.0,-8.5,1,-10,-2,-7,0.06461538461538463,1
0.0,18.0,45.6,0.0,185.6,-1,0,-3,3,0.033333333333333326,1
0.6,29.799999999999997,18.200000000000003,-1.0,-16.6,3,0,2,-1,-0.06818181818181823,1
0.0,-0.6000000000000014,18.6,-0.2,-83.0,2,0,0,5,-0.16666666666666663,0
0.0,14.0,26.0,0.5,-20.5,2,0,2,-10,0.021645021645021578,0
1.0,107.0,96.0,1.0,-23.5,3,0,5,-6,-0.09962406015037595,1
-0.7999999999999999,-28.4,-22.000000000000007,0.0,-8.0,-2,20,-2,6,-0.10258620689655173,1
0.39999999999999997,61.60000000000001,80.6,3.1999999999999997,329.2,-4,-10,-3,2,0.1339285714285714,1
1.2,12.200000000000003,17.400000000000006,0.8,46.19999999999999,0,-10,-4,-4,-0.033333333333333326,0
0.0,-14.200000000000003,-1.0,1.6,179.00000000000003,2,15,0,-3,0.3143544506816359,1
0.0,4.199999999999996,-34.0,-0.20000000000000007,-284.59999999999997,-2,0,-2,8,-0.033333333333333326,0
0.2,-1.2000000000000028,1.2000000000000028,1.0,-32.599999999999994,1,0,0,6,0.05714285714285705,1
0.4,-9.100000000000001,-3.0,-1.4,-117.9,0,0,-5,-2,-0.01666666666666672,0
0.4,-14.0,-20.53333333333333,-0.3999999999999999,-142.0,-2,0,-2,8,-0.15555555555555556,0
-0.4,-47.2,-39.0,0.4,91.73333333333332,1,0,-2,1,0.12432432432432439,0
0.0,-12.200000000000003,2.200000000000003,1.4,135.6,1,0,-3,3,0.0035714285714285587,1
0.0,5.0,-10.5,-1.0,71.0,1,31,6,-2,-0.2333333333333334,1
-0.06666666666666671,26.66666666666667,58.66666666666667,1.4666666666666666,26.066666666666663,-1,0,-1,2,0.16666666666666674,1
-0.3333333333333333,-27.5,-15.75,0.6666666666666667,11.5,-1,0,-2,-4,0.02777777777777779,0
0.0,38.0,57.0,1.0,55.0,1,25,-7,-4,0.13333333333333341,1
-0.6666666666666667,26.0,38.0,-0.6666666666666667,-9.333333333333336,2,0,-1,-3,0.2768878718535469,0
0.30000000000000004,-29.25,-28.25,-0.75,-44.65,-2,-5,-3,2,-0.1523809523809524,0
-1.0,4.800000000000001,22.199999999999996,1.2000000000000002,121.0,0,0,2,0,-0.1813361611876988,0
0.2,6.933333333333337,37.73333333333334,1.8,263.8,1,-10,2,-4,-0.03409090909090906,0
1.0,48.199999999999996,47.0,-0.4,-6.600000000000001,2,0,-3,3,-0.15476190476190477,1
-0.8,55.2,57.4,0.2,26.0,-1,10,0,-1,0.0,1
0.2,4.600000000000001,4.0,0.19999999999999996,-13.400000000000006,0,0,2,3,0.013736263736263687,0
-0.25,-48.45,-10.75,-0.4,18.94999999999999,-1,10,-2,13,-0.03605769230769229,1
0.0,36.0,62.0,-1.0,-32.0,-2,10,0,3,-0.1636363636363637,0
0.6666666666666666,-2.666666666666668,-30.666666666666668,-0.5,-74.83333333333333,0,0,-2,-4,-0.06190476190476191,1
-0.2,9.600000000000001,31.599999999999998,4.8,390.8,1,5,1,-6,0.08434959349593496,0
0.0,-9.600000000000001,-51.400000000000006,-0.40000000000000013,-165.39999999999998,2,0,0,-2,0.06999999999999995,0
0.0,42.1,32.0,-0.09999999999999998,5.399999999999999,2,0,0,4,-0.013636363636363669,0
-2.0,3.3999999999999986,22.200000000000003,0.8,150.7,-1,35,4,12,0.14764183185235824,0
1.0,-61.0,-74.0,-1.0,-290.0,-3,0,2,7,-0.1428571428571429,1
-0.5,50.0,52.5,-0.5,-0.8000000000000007,-2,-15,-1,14,-0.24712643678160928,0
0.0,-4.399999999999999,63.2,-2.4,169.39999999999998,1,10,1,-1,0.03663793103448276,1
0.8,-23.8,-34.8,0.0,-5.2,1,0,-2,7,-0.12413793103448278,0
0.0,18.0,13.299999999999997,-0.8,-6.200000000000003,-4,0,-2,1,0.015454545454545388,0
0.2,-7.200000000000003,-7.399999999999999,-0.4,-20.200000000000003,0,0,0,8,-0.38888888888888895,0
0.3333333333333333,-0.6666666666666643,-18.666666666666664,-0.6666666666666667,-10.333333333333336,0,0,-1,9,0.17500000000000004,1
0.0,-9.25,2.5,1.25,78.5,-1,-5,-2,-3,0.19367588932806323,1
0.39999999999999997,77.80000000000001,147.6,1.9999999999999998,424.59999999999997,2,0,5,-1,0.13032258064516122,1
0.0,-26.950000000000003,-55.7,0.04999999999999999,36.9,0,0,-1,-5,0.1204481792717087,0
0.0,-5.399999999999999,-22.400000000000006,-0.4,-43.199999999999996,-2,0,-1,-3,-0.05942275042444822,1
0.2,20.200000000000003,29.400000000000002,4.3999999999999995,194.39999999999998,0,0,3,-6,0.1586206896551724,1
0.0,3.5,12.5,1.0,31.25,-4,0,3,0,-0.009090909090909038,0
0.0,-13.833333333333332,-8.166666666666668,0.5,118.66666666666667,0,0,-2,4,-0.14901960784313728,0
-0.4,38.800000000000004,59.60000000000001,1.4,137.6,-3,0,-3,1,0.17374005305039786,1
0.0,13.5,18.5,0.09999999999999998,-9.799999999999997,1,0,4,2,0.0357142857142857,1
-0.4,14.400000000000006,16.799999999999997,-0.4,-10.399999999999999,-1,10,8,3,-0.10477453580901852,0
0.0,87.0,68.0,-1.0,-49.0,-5,-15,-7,-3,0.05882352941176472,1
0.2,-9.200000000000003,-25.200000000000003,0.5999999999999999,202.60000000000002,-3,4,0,8,-0.06787878787878787,0
0.4,-17.4,-13.000000000000007,0.0,-0.6000000000000014,5,0,2,-11,0.07352941176470584,1
-0.2,31.0,24.4,-0.6000000000000001,-81.8,3,0,3,-5,-0.06515151515151507,0
0.4,-9.2,-23.6,-0.19999999999999996,7.0,0,0,-1,3,0.074712643678161,1
-0.2,31.6,23.39999999999999,-0.8,-211.6,-1,0,2,4,-0.03589743589743599,0
1.0,27.799999999999997,36.6,-4.0,-339.8,-2,0,5,-3,-0.12222222222222212,0
0.0,-10.666666666666666,-11.000000000000002,0.0,-12.0,2,10,8,-4,0.06666666666666665,1
0.5,57.5,66.0,1.0,138.0,-3,0,-3,1,0.0034965034965034336,1
0.0,-87.8,-84.6,1.8,56.8,0,-10,-5,5,-0.14141414141414144,0
0.08333333333333331,7.75,37.75,-1.5833333333333335,-157.83333333333334,2,0,2,4,-0.2036613272311213,1
0.33333333333333337,9.0,-4.666666666666671,-0.6666666666666666,-77.33333333333333,-4,-10,-6,-2,0.2857142857142857,1
0.0,-21.5,-39.0,0.0,-29.5,-3,0,1,3,-0.03409090909090906,1
-1.2,48.8,50.8,0.4,39.6,0,0,-2,-1,-0.0357142857142857,1
0.4,55.599999999999994,51.400000000000006,0.0,105.0,4,0,4,-4,-0.04832104832104833,0
0.0,-2.1999999999999957,-21.60000000000001,-1.2,-101.8,0,0,1,-1,-0.10307692307692318,0
0.09999999999999998,-10.899999999999999,9.099999999999994,0.5,161.4,-1,0,-1,2,-0.1147058823529411,0
0.2,25.099999999999994,5.75,-1.3,-132.75,2,0,-1,6,0.08913043478260863,1
0.0,11.833333333333336,52.25,-1.1666666666666667,126.0,-2,0,1,-6,0.23755656108597278,1
0.4,19.8,2.3999999999999986,-1.6,-221.6,-1,0,-5,3,-0.051136363636363646,1
0.0,9.600000000000001,53.39999999999999,0.20000000000000018,43.400000000000034,0,0,3,-9,0.0,1
1.0,19.133333333333333,13.13333333333333,0.0,2.5999999999999996,-2,0,3,-2,0.027972027972027913,0
0.2,-11.866666666666674,-34.73333333333333,-1.2,-126.06666666666669,1,0,-4,10,-0.2857142857142857,0
0.0,-54.0,-45.0,-1.0,112.0,1,0,2,-5,0.2860411899313501,1
-0.2,-41.6,-47.39999999999999,1.7999999999999998,136.2,-2,0,-5,0,0.05685618729096986,1
0.2,-64.0,-68.4,-2.8,-142.2,-2,15,-4,-4,-0.13354037267080743,1
0.0,6.833333333333333,14.5,0.0,-28.333333333333336,-3,0,-3,5,-0.0803571428571429,1
-0.04999999999999999,-29.5,22.349999999999994,0.25,321.45,3,0,1,4,-0.10652173913043483,0
-0.5,-2.8000000000000007,0.9500000000000028,0.2,-21.7,1,0,2,-7,0.029629629629629672,1
-0.2,-34.8,-21.700000000000003,-0.30000000000000004,30.1,2,10,5,-6,0.17142857142857137,1
-0.4,15.799999999999997,18.599999999999994,1.6,54.80000000000001,-3,0,0,4,-0.022222222222222254,1
0.4,1.7999999999999972,-4.600000000000001,3.8,156.8,-1,0,4,0,0.07680250783699061,1
0.3333333333333333,38.0,42.0,0.3333333333333333,81.33333333333333,3,0,7,-4,0.21999999999999997,1
0.5,-8.399999999999999,4.700000000000003,1.6,153.5,-5,0,3,1,-0.05882352941176472,1
0.0,10.0,28.0,1.0,60.0,-4,0,-4,6,0.09722222222222221,1
1.0,36.0,20.0,0.0,-2.0,2,0,-2,3,-0.09473684210526312,1
0,0,0,0,0,2,0,2,-7,0.15833333333333333,1
0,0,0,0,0,-2,0,-1,0,-0.3041666666666667,0
-0.6,110.6,111.0,0.0,-11.0,0,10,-3,-3,0.07445887445887445,1
-0.2,-3.0,8.399999999999999,-0.2,-46.599999999999994,2,0,0,-3,0.11787439613526574,1
0.19999999999999996,-6.799999999999997,-6.0,-0.4,-21.599999999999994,0,0,2,2,0.09642857142857142,0
0.8,-1.8666666666666671,0.3999999999999986,-1.0666666666666667,-15.533333333333339,-2,-15,2,-5,0.09999999999999998,0
2.0,-59.0,-83.0,0.0,-131.0,-2,-15,-2,2,0.06578947368421051,1
0.0,14.333333333333336,9.333333333333329,-0.6666666666666667,53.33333333333333,0,0,-4,-1,-0.0430622009569378,0
-0.5,53.0,52.5,0.0,8.5,0,-19,1,-2,0.2628205128205128,1
0.1333333333333333,1.6000000000000014,1.6000000000000014,-1.3333333333333335,-186.0,2,0,-1,-3,-0.0608974358974359,0
0.0,-15.600000000000001,6.200000000000003,0.8,193.0,2,0,2,0,-0.1503759398496241,0
0.0,-9.0,-10.0,-1.0,-72.0,-1,0,2,-1,-0.08333333333333337,0
-0.6,27.599999999999994,27.200000000000003,-0.4,-63.4,1,0,0,7,-0.041806020066889604,1
0.0,2.6000000000000014,-3.799999999999997,-0.6,-78.39999999999999,-1,0,0,6,0.0854341736694677,1
-0.5,37.25,44.0,1.25,59.0,1,15,-4,1,-0.061111111111111116,1
0.0,-29.0,-33.0,-0.4,-52.8,-2,0,-4,-1,-0.012707722385141729,0
-0.2,-8.399999999999999,22.4,1.0,206.79999999999998,-2,-19,-2,3,0.14639639639639634,1
0.2,-30.0,-29.0,-0.6,-15.399999999999999,-1,-15,0,3,0.03921568627450989,1
0.0,8.950000000000003,21.900000000000006,1.35,181.9,-3,-10,1,6,-0.12051282051282053,0
0.0,54.66666666666667,49.66666666666667,1.3333333333333335,-111.0,-9,0,-3,0,0.05714285714285705,1
0.0,-21.7,-21.799999999999997,-1.0,84.89999999999998,-1,-10,-5,-2,-0.19696969696969702,0
0,0,0,0,0,-2,0,-3,-6,0.05833333333333335,1
0.0,4.0,-36.0,-1.0,-309.0,0,0,1,1,0.0,1
0.0,-34.8,-28.200000000000003,2.6,252.4,0,-15,-4,3,-0.14423076923076927,1
0.6000000000000001,-15.799999999999997,-41.8,-0.4,-105.6,-2,10,-2,6,0.11458333333333337,0
-0.4,97.60000000000001,95.2,-0.4,-32.8,1,15,2,5,-0.06325474410580789,0
0.2,14.466666666666667,-0.3999999999999986,-2.1333333333333333,-87.26666666666665,1,0,-1,-5,-0.08424908424908428,1
0.19999999999999996,-11.399999999999999,-6.0,0.39999999999999997,-21.0,2,-15,9,-13,-0.07105943152454774,1
0.06666666666666671,-40.0,-41.13333333333334,-1.0,-44.4,0,-9,-4,6,-0.16666666666666674,0
0.0,48.400000000000006,18.6,-0.8,-108.4,1,0,1,2,0.059595959595959536,1
0.2,-16.733333333333334,-18.4,-0.2666666666666666,-66.8,3,0,1,4,-0.023965141612200425,0
-0.3333333333333333,-16.83333333333333,-60.33333333333333,0.08333333333333326,-192.25,-4,0,-4,2,0.09250000000000003,1
0.0,9.399999999999999,9.799999999999997,-0.6,58.599999999999994,-4,0,-4,3,0.005115089514066473,1
0.0,13.5,-19.5,0.5,90.5,3,10,1,-13,0.11250000000000004,1
0.0,-21.200000000000003,-12.200000000000003,0.0,16.60000000000001,1,-15,3,5,0.05070993914807309,0
-0.6,-31.3,-28.8,1.0,70.2,-1,0,1,8,-0.15000000000000002,0
-0.8,15.299999999999997,19.200000000000003,0.2,-0.3000000000000007,1,10,3,1,-0.02777777777777779,1
1.0,-36.0,-56.0,-4.0,-227.0,1,-20,1,5,0.1394736842105263,1
0.0,-15.399999999999999,-23.6,-0.8,13.0,1,0,-3,12,-0.18461538461538463,0
0.0,-6.199999999999996,-8.600000000000001,-0.7999999999999999,-58.19999999999999,1,0,-1,-1,0.01098901098901095,1
0.0,-7.25,-5.0,4.25,298.0,-4,0,-2,-9,0.25806451612903225,1
-0.2,20.800000000000004,12.600000000000001,-0.2,-59.800000000000004,0,0,-2,3,-0.016830294530154277,0
-0.2,9.800000000000004,-23.599999999999994,-1.2000000000000002,-161.39999999999998,4,0,1,2,0.02463768115942022,1
0.8333333333333334,11.0,10.166666666666668,0.16666666666666669,6.5,4,0,1,-2,0.018633540372670843,1
0.0,23.0,41.0,1.0,60.0,4,0,4,-4,0.04347826086956519,0
0.0,-60.5,-98.5,0.5,195.0,-4,0,-2,-4,0.08333333333333337,0
0.0,60.2,68.2,0.0,-29.200000000000003,1,0,0,3,-0.3666666666666667,0
0.0,-106.0,-130.0,-5.0,-309.0,5,0,2,3,0.0,1
1.0,40.5,41.5,-0.5,-15.0,5,10,3,-3,-0.12857142857142856,0
0.0,0.7333333333333307,46.0,-0.26666666666666683,105.53333333333332,3,0,6,3,0.1384615384615384,1
0.0,52.5,56.5,0.5,99.0,1,0,1,-6,0.08363636363636362,1
0.4,22.4,-102.8,-0.8,-0.20000000000000284,-4,10,-5,6,-0.11988304093567248,0
0.20000000000000007,-7.9999999999999964,-22.4,-0.20000000000000007,-60.8,-1,10,3,5,0.11904761904761907,1
0.2,2.1999999999999957,37.0,2.4,273.8,1,0,2,0,0.18924731182795707,1
-0.2,9.0,11.600000000000001,-0.7999999999999999,33.2,-4,0,-4,-7,-0.023636363636363678,0
0.0,-13.799999999999997,7.0,-1.4,-107.80000000000001,5,10,4,-1,0.15000000000000002,1
0.39999999999999997,20.799999999999997,18.799999999999997,1.0,137.8,-2,0,0,6,0.028906955736224038,0
-0.8,22.1,38.5,0.8999999999999999,111.30000000000001,-2,0,2,-1,0.06490384615384615,1
-0.5,19.5,14.0,0.5,25.0,-4,-35,-1,-3,0.044117647058823484,1
-0.25,4.0,-19.0,0.25,-83.25,2,0,0,10,0.1071428571428572,1
1.3333333333333333,38.46666666666667,17.266666666666673,-0.26666666666666666,-111.26666666666667,2,0,0,-2,0.0,0
0.6,-1.3999999999999986,-20.200000000000003,-0.4,-37.2,0,0,-4,12,0.011363636363636354,1
0.0,-6.0,33.0,2.0,404.0,2,0,1,-2,0.1428571428571429,1
0,0,0,0,0,-4,0,-1,-6,0.1777777777777778,0
0.0,-2.8000000000000043,-15.200000000000003,-1.4,-7.3999999999999915,3,-15,0,0,0.08606921029281278,0
-0.4,23.0,26.6,0.4,41.4,-2,15,-4,9,-0.11842105263157898,0
0.2,15.700000000000003,49.0,0.8,311.3,0,0,1,5,-0.22941176470588232,1
0.1333333333333333,-34.33333333333333,-18.73333333333334,0.06666666666666665,214.86666666666667,1,0,-1,-4,-0.017676767676767735,0
0.0,-9.0,-16.0,1.0,211.0,-1,0,5,0,-0.1282051282051282,0
0.0,-9.0,-18.4,-0.6,42.8,3,0,1,8,-0.32173913043478264,0
0.0,18.5,19.5,-1.0,11.0,2,0,3,0,-0.05208333333333337,0
0.2,45.0,54.2,0.0,42.0,-3,0,-6,5,0.0,1
0.0,22.5,12.0,0.0,47.5,8,10,9,-6,-0.10217391304347823,1
0.39999999999999997,13.800000000000004,-2.5999999999999943,0.6,-33.0,0,0,0,-5,-0.11904761904761907,0
-0.25,19.25,23.049999999999997,0.0,15.25,1,35,2,12,-0.09121245828698554,1
-0.16666666666666663,29.5,29.0,1.75,183.91666666666666,2,0,-2,5,0.0854700854700855,1
0.5,15.75,1.25,-0.5,-28.5,6,10,4,4,0.07792207792207795,1
0.0,-52.599999999999994,-49.2,0.19999999999999996,52.8,-1,0,0,1,-0.009057971014492683,0
0.2,-0.7999999999999972,-15.600000000000001,1.2,-111.19999999999999,-3,-15,-5,-1,-0.004347826086956497,1
-0.4,34.8,22.799999999999997,3.4,330.6,1,9,0,-5,0.1696428571428571,1
0.0,26.9,42.7,0.7,40.400000000000006,1,0,1,5,-0.15934959349593503,1
0.2,20.200000000000003,22.200000000000003,2.0,193.2,1,0,4,7,-0.09722222222222221,1
-0.5,-8.0,11.25,-0.25,-46.5,-3,0,-2,-3,0.0,1
0.39999999999999997,-1.0,-4.400000000000006,0.0,6.0,-2,0,2,-9,-0.13486590038314172,1
-0.2,-24.15,-13.950000000000003,-0.25,246.55,-1,-10,-4,-4,0.14250614250614257,1
0.4,-2.799999999999997,-0.5999999999999943,0.0,2.6000000000000014,2,-7,0,2,-0.02083333333333337,0
0.6,9.399999999999999,39.400000000000006,-0.8,82.80000000000001,1,15,7,-1,0.10116279069767442,1
0.2,52.849999999999994,59.150000000000006,1.4,106.6,1,0,1,9,-0.018571428571428572,0
-0.2,45.25,54.8,-1.4,-72.7,-1,0,-4,6,0.05769230769230771,0
0,0,0,0,0,2,10,3,-1,0.1027667984189723,1
0.2,25.799999999999997,30.0,0.6,43.4,1,0,3,-2,0.10858585858585856,1
0.0,0.0,0.0,0.0,0.0,2,0,3,3,0.1071428571428571,0
0.0,5.0,6.600000000000001,-0.2,-30.0,-1,0,-4,0,0.007692307692307665,1
0.0,-18.0,-21.0,-0.5,26.0,1,0,-2,-1,0.05769230769230771,1
-0.6,16.799999999999997,59.2,4.4,587.4,-1,0,0,0,0.16129032258064513,1
-0.19999999999999996,50.99999999999999,56.60000000000001,0.4,41.8,1,0,-4,-6,0.08333333333333337,1
-0.4,64.4,96.80000000000001,1.0,44.2,2,11,3,-5,0.21478260869565224,1
0,0,0,0,0,-3,0,-4,-6,0.06060606060606066,0
0.2,16.799999999999997,17.400000000000006,0.19999999999999996,51.599999999999994,1,0,2,8,-0.10434782608695659,1
0.39999999999999997,0.8000000000000007,23.200000000000003,-0.4,187.6,2,0,0,1,0.2797101449275362,1
-0.2,-6.800000000000001,-4.199999999999996,0.2,-33.39999999999999,9,1,9,5,0.06521739130434778,0
0.2,8.0,31.400000000000006,0.3999999999999999,2.0,-1,10,1,-2,-0.014285714285714346,0
0.2,-2.6000000000000014,-10.600000000000001,-0.19999999999999996,87.4,-2,0,-1,6,-0.3529411764705882,0
0.3,8.0,-7.700000000000003,0.0,-32.9,2,20,3,-7,0.0672268907563025,0
0.0,-29.5,-35.0,0.0,36.0,1,0,-3,2,-0.12374581939799323,0
-0.2,10.0,27.266666666666666,-1.4,-97.13333333333333,0,0,3,-9,0.17873303167420806,1
-0.19999999999999996,12.800000000000004,0.0,0.4,17.6,1,10,-3,-4,0.08190476190476181,1
-0.2,11.600000000000001,38.39999999999999,-2.0,35.79999999999998,8,10,6,3,0.11585365853658536,0
0.25,-4.5,8.75,2.25,184.75,-1,0,-2,-2,0.01777777777777778,1
-0.6,-41.400000000000006,-25.60000000000001,1.4000000000000001,42.39999999999998,-3,0,-2,4,0.02102102102102099,0
-0.4,-24.799999999999997,-34.2,-0.6,-170.60000000000002,-1,10,0,3,0.05481481481481476,0
0,0,0,0,0,-1,0,-2,2,0.13984674329501912,0
-0.25,-16.65,-55.2,0.8500000000000001,204.0,-3,-10,-4,-7,0.05128205128205121,1
-0.4,61.2,64.3,2.5,93.6,-1,0,-2,-6,0.0641025641025641,1
0.0,26.0,-29.0,3.0,55.0,-1,0,-1,3,-0.12587412587412594,0
0.0,-11.8,-45.0,1.2,73.8,-4,0,-8,-3,-0.04761904761904756,0
0.3333333333333333,5.666666666666664,1.0,-0.6666666666666667,-14.0,0,-10,0,-4,-0.035573122529644285,1
0.6000000000000001,-25.200000000000003,-36.199999999999996,-0.39999999999999997,-88.80000000000001,-5,0,-3,4,-0.05303030303030298,0
0.4,50.6,52.199999999999996,-2.1999999999999997,-99.20000000000002,1,10,3,2,-0.022267206477732837,1
0.2,37.800000000000004,14.600000000000001,-1.8,-153.4,1,19,0,4,0.006119326874043818,0
0.0,-9.399999999999999,-19.799999999999997,-0.19999999999999996,38.8,0,0,-3,6,-0.17873303167420806,0
1.0,-30.0,-49.0,-1.0,-58.0,2,12,-1,-5,0.10606060606060608,1
0.3333333333333333,8.0,8.0,2.0,298.3333333333333,3,-10,3,1,-0.21739130434782605,0
0.4,-11.2,-18.6,-1.0,22.599999999999994,-1,0,-5,0,0.0,1
2.0,5.0,0.0,-2.0,-108.0,1,-41,-4,3,-0.15413533834586468,1
0.0,45.0,45.0,0.0,2.0,1,0,-1,0,0.06818181818181823,0
0.0,-70.0,-131.0,2.0,115.0,-3,0,-2,-3,-0.11188811188811187,0
-0.16666666666666669,5.166666666666664,-4.166666666666664,0.16666666666666663,-150.16666666666666,1,-10,1,-3,-0.01904761904761898,1
0.0,39.0,96.0,1.0,466.0,-1,-10,-3,-5,0.18461538461538463,1
0.0,-7.5,-3.5,1.5,196.0,-3,0,-5,1,-0.1681818181818182,0
0.0,-49.6,-24.39999999999999,0.8,254.0,-1,0,1,7,0.029644268774703497,1
0.5,-30.0,-29.0,0.0,6.0,0,5,-1,9,-0.17948717948717952,0
0.4,5.799999999999997,-18.400000000000006,-1.8,-261.0,3,0,2,5,-0.01754385964912286,1
0.0,49.0,53.0,1.0,292.0,-1,0,1,-8,0.125,1
0.0,-24.333333333333336,-17.666666666666664,-1.0,-58.0,2,20,5,8,-0.04784688995215314,0
-0.4,-21.599999999999994,-37.0,-0.39999999999999997,-126.0,3,0,0,0,0.07403055229142186,1
1.0,48.333333333333336,53.0,0.0,2.666666666666666,-1,-10,-4,-1,-0.05333333333333323,0
0,0,0,0,0,-2,0,0,6,-0.20952380952380956,0
0.0,50.0,63.0,1.0,52.0,-2,0,-4,-11,0.19047619047619047,1
0.0,-3.5,-22.25,-2.5,-6.25,2,0,2,0,0.1703703703703704,1
0.0,-49.666666666666664,-52.0,0.0,139.66666666666666,-4,0,0,-4,0.022727272727272707,1
1.0,-6.399999999999999,-5.800000000000004,0.0,4.199999999999999,3,0,8,2,0.038112522686025385,1
0.19999999999999996,27.599999999999998,19.4,-0.2,-42.2,2,0,-1,-6,0.025000000000000022,0
0.4,63.0,72.0,-0.4,1.7999999999999972,-5,0,1,-1,0.021829521829521803,0
-0.2,-37.4,-31.800000000000004,-0.6000000000000001,-11.199999999999989,4,10,1,-6,0.21666666666666667,1
-0.39999999999999997,35.2,40.8,-2.0,-78.0,0,-10,5,0,-0.004524886877828149,1
0.5,52.0,33.0,-1.0,-344.0,-1,0,-2,5,-0.12571428571428567,1
-0.6,-9.000000000000004,-11.600000000000001,0.20000000000000018,120.80000000000001,-1,0,-1,13,-0.028787878787878696,0
0.3333333333333333,40.66666666666667,26.66666666666667,-0.33333333333333337,-14.333333333333336,1,-10,0,2,-0.20853858784893264,0
0.0,-40.0,-29.0,0.0,60.0,-3,0,-1,7,0.02083333333333337,1
0.0,-16.666666666666664,-3.0,2.0,154.33333333333334,1,5,3,8,0.13186813186813184,1
0.0,8.333333333333336,-0.6666666666666643,0.0,139.0,-3,0,1,-10,-0.06666666666666665,0
-0.6,65.2,74.60000000000001,4.8,274.6,2,0,-2,-6,0.04195804195804198,1
-0.19999999999999996,17.0,9.199999999999996,0.39999999999999997,-15.0,1,-15,-3,6,0.03924528301886787,0
-0.2,6.100000000000001,48.8,-0.10000000000000009,85.9,1,0,-2,-7,0.3620689655172413,1
0.35,-19.95,-10.399999999999999,-0.75,-114.6,1,0,3,-1,0.03320683111954459,1
0.25,-12.5,-15.649999999999999,-0.55,-61.30000000000001,0,0,0,-8,0.28364389233954446,1
0.39999999999999997,8.399999999999999,40.0,0.0,99.80000000000001,3,-35,7,-2,0.05116279069767449,1
0.0,-22.0,-31.5,0.75,-25.75,1,0,1,3,-0.14423076923076927,0
0.2,3.0,18.799999999999997,0.8,64.93333333333337,-3,-10,-1,-3,0.022770398481973375,0
0.0,17.9,-4.799999999999997,-1.2,-113.80000000000001,0,10,-3,-5,0.0535714285714286,1
0.0,28.0,18.0,0.0,109.5,1,0,1,4,-0.04999999999999993,1
0.0,-36.0,-33.0,0.0,-35.0,1,0,3,7,-0.055882352941176494,1
-0.5,-12.0,-12.0,0.0,-15.0,-4,0,-6,5,0.06666666666666665,0
0.2,19.200000000000003,20.200000000000003,-0.8,4.5,2,10,8,1,0.028846153846153855,1
0.3333333333333333,-9.333333333333332,-26.666666666666664,-1.0,-27.0,-3,0,-4,12,-0.025000000000000022,1
-0.2,-13.600000000000001,-1.7999999999999972,0.6,103.39999999999999,0,0,-2,-1,0.05123339658444026,1
0.5,-11.0,-16.5,0.0,-13.0,-3,0,-3,-4,0.1725,1
0.2,-50.4,-12.199999999999989,0.0,155.0,1,0,0,7,0.0018115942028985588,1
-0.39999999999999997,11.200000000000003,14.799999999999997,0.4,3.200000000000003,-3,0,-5,8,0.01679586563307489,1
0.2,70.0,45.00000000000001,-1.9999999999999998,-272.6,-1,0,-3,-3,-0.1294736842105263,1
0.0,42.16666666666667,103.16666666666667,0.8333333333333334,267.0,-1,-10,-1,3,-0.019130434782608674,1
0.3,-44.2,-52.5,-2.0,-62.900000000000006,3,10,1,-3,0.15897435897435896,0
0.0,-9.399999999999999,-9.799999999999997,0.0,145.8,3,20,0,-7,0.08333333333333326,0
0,0,0,0,0,4,12,3,-4,0.20496894409937882,1
-0.25,-23.0,-27.0,0.0,-15.25,-3,0,-4,4,0.0892857142857143,0
1.0,57.4,94.2,0.0,36.2,-2,0,-2,1,-0.06666666666666665,1
0.0,32.46666666666667,48.93333333333332,0.33333333333333326,130.0,2,0,6,-9,0.05594405594405594,1
0.15000000000000002,-21.5,-14.200000000000003,0.55,114.6,1,0,3,11,-0.04978354978354971,1
-0.1333333333333333,-5.666666666666668,-7.133333333333336,1.0,-132.4,3,0,4,4,-0.13913043478260867,1
0.6666666666666666,-15.666666666666668,-18.666666666666664,0.8333333333333333,-100.16666666666667,1,15,-3,2,-0.03838383838383841,1
0.0,-3.5,15.5,-2.5,-240.75,1,15,3,-4,0.0,1
0.2,-10.2,-21.4,-0.4,-12.200000000000003,-1,0,-4,1,-0.06666666666666665,1
0.1333333333333333,36.53333333333333,13.93333333333333,0.7333333333333334,-201.93333333333334,-3,0,0,9,0.05909090909090908,1
0.0,-27.0,-20.0,1.5,473.0,3,-10,-2,3,-0.04040404040404044,0
-0.39999999999999997,-0.20000000000000284,-37.4,-0.4,-160.0,0,0,-2,4,-0.06666666666666665,0
-0.2,2.0,-8.600000000000009,-1.8,-110.20000000000002,-4,0,-6,5,-0.021739130434782594,0
0.2,-5.799999999999997,-20.400000000000006,0.0,31.599999999999994,2,0,6,4,-0.19940476190476186,0
0.0,-5.0,-14.799999999999997,-0.19999999999999996,16.599999999999994,-4,0,-2,7,0.04761904761904767,1
0.0,-6.333333333333336,-9.0,0.33333333333333326,14.333333333333329,-1,15,0,4,-0.2272727272727273,0
-0.2,-3.1999999999999993,-10.799999999999997,1.4,27.400000000000006,0,-20,-1,-5,-0.13124999999999998,0
0.2,26.400000000000006,9.599999999999994,-0.8,-16.799999999999997,2,0,2,-1,-0.16666666666666663,1
0.5,73.0,126.5,3.0,259.5,1,0,0,-1,0.26363636363636367,1
0.0,16.0,21.75,0.25,-65.0,0,-10,4,-1,0.17460317460317465,1
-0.2,-31.200000000000003,-38.6,-0.2,-38.599999999999994,3,0,1,-2,-0.004901960784313708,1
1.0,17.800000000000004,23.800000000000004,-0.2,-86.80000000000001,0,0,-3,-5,-0.009803921568627527,0
-0.5,-28.25,-32.75,0.0,-69.75,-1,0,-9,0,0.042735042735042694,0
0.0,-7.5,-105.5,-3.25,-651.25,1,0,1,2,-0.05458089668615984,0
0.75,-6.0,-18.25,-0.25,11.75,0,0,-1,-8,0.2222222222222222,0
0.16666666666666669,84.33333333333333,80.66666666666667,0.16666666666666669,8.0,0,-15,-2,-2,0.15294117647058825,1
0.0,-55.0,-60.0,1.0,50.5,1,0,0,7,0.022727272727272707,1
0.0,-24.0,-43.0,-1.0,-60.0,-1,0,-4,7,-0.14338235294117652,0
0,0,0,0,0,-3,0,0,-1,0.19028340080971662,0
0,0,0,0,0,-1,0,-3,0,0.2919254658385093,0
0.2,-7.600000000000001,-4.6000000000000085,0.40000000000000013,99.60000000000001,5,5,8,-3,-0.07999999999999996,1
-0.15000000000000002,15.149999999999999,6.100000000000001,-0.25,-77.6,3,0,2,-2,0.18067226890756294,0
-0.4,10.800000000000004,7.599999999999998,0.0,6.8,2,-4,-1,4,-0.014285714285714346,0
0.5,-18.2,-31.1,0.19999999999999996,-34.599999999999994,2,0,4,-3,0.024836601307189565,0
0.39999999999999997,-17.0,-93.99999999999999,-7.3999999999999995,-416.20000000000005,-3,0,-2,7,-0.1606334841628959,0
-0.2,-26.8,-41.8,-2.0,-147.0,-2,0,-1,-1,-0.07017543859649122,0
0.0,52.0,47.2,-1.8,7.099999999999994,1,0,1,4,-0.2628205128205128,0
0.0,-8.0,32.0,6.0,391.0,1,0,5,-3,-0.0803571428571429,0
0.2,28.333333333333332,44.666666666666664,-0.9333333333333336,209.8,4,0,6,4,-0.30718954248366015,0
0,0,0,0,0,3,-60,1,-4,0.022883295194507935,1
0,0,0,0,0,-2,10,-1,-8,-0.06060606060606066,1
0.2,-8.400000000000002,-29.000000000000004,-0.6000000000000001,-118.0,1,20,-1,-8,-0.07190370605004759,1
0.0,20.800000000000004,26.599999999999994,-0.7999999999999998,28.0,-2,0,-5,-3,0.11111111111111116,0
-0.4,8.700000000000003,23.0,1.1,53.8,-2,-20,1,0,-0.009090909090909038,0
0.0,-1.5,29.25,1.75,281.75,-1,10,2,4,0.1561904761904762,1
-0.2,-39.6,-68.2,-0.19999999999999996,-19.599999999999966,1,0,3,-6,0.06666666666666676,1
0.4,-15.733333333333327,-15.600000000000001,0.46666666666666673,44.93333333333334,1,-15,4,9,0.017142857142857126,1
0.2,8.799999999999997,37.599999999999994,0.3999999999999999,127.6,5,0,5,2,-0.09883720930232553,1
0.8,14.399999999999999,5.200000000000003,-0.8,-0.7999999999999972,1,0,0,-5,-0.02777777777777779,1
0.4,32.099999999999994,46.900000000000006,-1.2,-184.3,1,15,2,8,-0.04230769230769227,1
-1.0,22.333333333333336,34.666666666666664,2.0,128.66666666666666,-1,0,-2,3,0.14583333333333337,1
0.0,5.0,0.5,2.0,270.5,0,0,-1,-10,0.09510869565217395,1
0.0,-6.0,-24.0,-1.0,-57.0,0,0,-1,1,0.009615384615384581,1
-0.55,16.1,22.049999999999997,-1.05,-73.6,-1,0,2,13,-0.04315476190476186,1
0.0,12.450000000000003,24.900000000000006,0.95,-32.95,2,0,1,3,0.002580645161290418,0
0.39999999999999997,52.2,43.199999999999996,-0.6,-156.0,-4,0,-3,-1,-0.08359788359788356,1
0.4,-33.8,-33.8,-0.7999999999999999,-107.6,-1,0,0,-6,-0.028421052631579014,0
0.15000000000000002,-11.399999999999999,-11.850000000000001,0.5,-109.15,-2,0,-4,14,-0.10999999999999999,0
0,0,0,0,0,-1,10,-1,-2,-0.09210526315789469,0
0.0,14.0,-2.0,1.0,64.0,4,0,6,0,0.09696969696969693,1
0.5,10.75,-6.25,-0.75,-11.75,2,10,0,0,0.10477453580901852,0
-0.19999999999999996,40.60000000000001,44.60000000000001,-0.4,7.199999999999999,0,0,-1,2,-0.03260869565217395,1
0.6,14.600000000000001,24.799999999999997,1.2,161.6,-1,0,1,-5,-0.03843311160384333,1
-0.39999999999999997,-11.200000000000003,-7.0,0.40000000000000013,31.0,-1,26,-2,10,0.034965034965035,1
-0.25,-46.9,5.650000000000006,1.9500000000000002,108.1,-5,0,-2,0,-0.024844720496894346,1
0.2,17.6,39.95,-0.050000000000000044,27.200000000000003,4,0,6,0,-0.08465608465608465,1
-0.8,8.2,1.0,-0.3999999999999999,-25.400000000000006,-1,0,1,-1,-0.06127450980392157,1
0.0,3.0,65.0,1.0,294.0,0,15,-3,1,0.33333333333333337,1
0.2,-7.0,-24.200000000000003,-0.19999999999999996,-17.0,-4,15,-7,10,0.07254623044096731,1
0.0,-0.9333333333333371,19.06666666666667,1.1333333333333333,127.06666666666666,1,15,4,1,0.1636363636363637,0
-0.4,-9.200000000000003,-5.599999999999994,0.8,-36.0,2,25,0,-5,0.2681159420289856,1
-1.0,27.5,63.5,3.5,354.0,0,0,0,-7,0.25,1
-0.16666666666666669,23.666666666666664,20.666666666666664,0.0,-2.6666666666666665,-1,-57,-3,-2,-0.15591397849462374,1
0.0,-0.6000000000000014,5.866666666666667,0.06666666666666671,-0.20000000000000284,-2,0,-2,8,-0.006787330316742057,0
0.25,-4.25,-10.25,0.5,157.5,-3,15,2,5,0.10256410256410264,1
0.25,2.5,18.75,0.25,109.5,0,10,-2,-2,0.061576354679802936,1
0.4,-13.600000000000001,-18.4,-1.0,-87.4,1,10,3,-3,0.05555555555555558,1
-0.6,4.600000000000001,28.39999999999999,1.4,107.6,4,-15,6,3,0.028462998102466885,1
0.2,8.700000000000003,18.799999999999997,1.3,109.9,2,0,2,0,-0.056372549019607754,0
-0.6666666666666667,-60.333333333333336,-22.0,0.3333333333333333,84.0,0,-10,-2,-1,-0.0803571428571429,1
0.4,-11.299999999999997,-27.9,-1.4,-188.0,-1,0,0,2,-0.09999999999999998,0
0.0,-30.5,-23.5,-0.5,-221.5,-1,-20,-2,7,0.1228070175438597,1
0.0,-17.333333333333336,-12.666666666666671,1.333333333333333,94.66666666666669,2,10,2,-7,0.13461538461538458,1
0.2,-2.3000000000000007,-27.700000000000003,0.6,61.099999999999994,-5,0,-4,5,-0.12271062271062272,0
-0.25,-9.149999999999999,-6.549999999999997,-2.0,26.55000000000001,-3,0,-4,0,0.06140350877192979,1
0,0,0,0,0,2,0,3,3,-0.2583732057416268,0
0.0,-3.0,-48.0,0.5,-140.9,-1,0,-2,10,-0.17032967032967028,0
0.0,23.333333333333332,32.0,-1.0,-27.33333333333333,-3,-15,-3,0,0.1070234113712375,0
0.19999999999999996,-8.0,-16.200000000000003,-1.4,-171.39999999999998,4,0,1,3,0.04179728317659359,1
-0.6,-13.0,2.3999999999999986,1.8,119.39999999999999,2,0,-2,3,0.07301587301587298,1
0.4,-11.200000000000003,-32.8,-1.6,-83.4,-2,0,4,0,0.09729064039408863,1
0.0,48.5,31.75,1.25,-81.5,-2,-10,-6,3,-0.2272727272727273,0
1.2,-18.0,-34.0,-0.8,-30.4,-3,15,-3,2,-0.15413533834586468,0
0.5,-18.0,-35.5,-1.0,-38.25,-3,0,0,9,-0.33333333333333337,0
0.2,1.6000000000000014,-31.0,1.8,54.2,0,0,-1,-4,-0.31999999999999995,0
0,0,0,0,0,3,35,0,-6,0.07578947368421052,1
0.0,39.33333333333333,81.26666666666667,-0.6000000000000001,169.4666666666667,1,10,0,4,-0.09404388714733547,1
0.0,79.0,59.0,-1.0,-54.0,3,0,6,-1,-0.015384615384615441,0
0.0,18.0,-88.5,4.0,358.0,-1,10,0,-6,0.14411764705882346,1
-0.20000000000000007,66.2,138.4,4.0,544.0,1,0,2,-3,0.16692307692307684,1
0.6,-85.8,-82.80000000000001,0.6000000000000001,185.6,-5,-10,2,3,0.09953917050691241,1
0.8,27.400000000000006,38.39999999999999,1.6,82.2,0,0,-3,-7,0.03809523809523818,1
-0.39999999999999997,6.000000000000007,34.8,2.4000000000000004,92.19999999999999,-4,-10,-3,1,-0.047671840354767125,0
-0.2,37.8,63.4,1.6666666666666667,181.13333333333333,0,0,1,1,0.0346153846153846,1
0.4,15.399999999999999,21.599999999999994,-0.6,30.599999999999994,-1,0,-5,3,-0.14072693383038215,0
-0.09999999999999998,3.3999999999999986,6.899999999999999,-0.15000000000000002,50.85,0,0,3,-2,-0.0714285714285714,0
-0.6666666666666666,-11.600000000000001,-21.2,2.6666666666666665,156.0,-2,0,-1,0,-0.09615384615384615,1
0.4,-17.0,-29.2,-0.19999999999999996,46.599999999999994,4,0,2,10,-0.1890909090909091,1
0.0,-9.0,5.0,0.6000000000000001,219.2,0,41,0,-1,-0.03217503217503215,1
0.3333333333333333,1.3333333333333357,-10.666666666666664,-1.0,8.666666666666671,4,10,3,-7,0.19899665551839463,1
1.0,117.0,105.0,0.0,56.5,0,0,2,-6,0.15182186234817807,1
1.0,68.0,84.4,-0.8,-69.0,2,10,4,-3,-0.10857142857142865,0
-0.6000000000000001,25.200000000000003,28.799999999999997,1.0,31.400000000000006,-3,0,-3,1,0.10135135135135132,1
-0.2,28.2,16.800000000000004,-0.20000000000000007,-44.60000000000001,-4,0,-3,1,0.13636363636363635,1
-0.4,29.800000000000004,26.199999999999996,0.0,-19.6,-4,-28,-4,1,-0.014112903225806495,0
0.0,-25.0,-28.5,0.0,153.5,0,0,-1,-2,-0.02164502164502169,1
0.5,-11.5,-25.5,-0.5,-32.5,0,0,3,-4,0.017080745341614856,1
0.0,76.4,99.8,-0.6,-78.4,1,0,4,-3,0.1621212121212121,0
-1.0,27.0,42.2,0.8,392.2,4,0,1,-7,0.10999999999999999,0
0.0,-21.5,-21.5,0.0,7.0,0,0,3,6,0.10518934081346432,0
0,0,0,0,0,-1,0,-2,-14,0.0146520146520146,1
0.0,5.0,3.3333333333333357,-5.666666666666667,-257.66666666666663,0,0,1,6,-0.11594202898550732,0
-0.4,-79.80000000000001,-74.8,2.2,252.60000000000002,-3,4,0,-3,0.011666666666666603,1
0.8,-60.60000000000001,-79.2,0.0,-10.200000000000003,-5,0,-5,6,-0.07333333333333336,1
0.0,-2.1999999999999957,-4.800000000000011,0.6000000000000001,149.0,1,0,-1,-11,0.08597285067873306,1
-0.6,21.0,40.6,1.4000000000000001,147.0,-1,0,-2,-3,0.04980842911877392,1
0.0,-17.200000000000003,-33.599999999999994,-0.4,-182.0,-6,0,-2,11,0.0,1
0.2,-53.4,-46.199999999999996,-0.4,-8.399999999999977,-3,0,-1,5,-0.026666666666666727,0
0.0,-18.4,-10.599999999999994,-2.4,-140.2,1,0,-2,4,-0.09782608695652173,1
-0.6,27.8,27.0,-0.06666666666666671,-47.599999999999994,1,0,-2,0,-0.15608465608465605,0
0.0,48.599999999999994,49.0,-1.2,-201.2,2,10,4,8,-0.16666666666666663,0
0.0,37.599999999999994,41.2,-0.19999999999999996,6.599999999999994,3,10,5,0,0.02083333333333337,0
0.0,-18.0,15.0,0.6000000000000001,203.6,2,0,2,1,-0.15217391304347827,0
0.0,5.333333333333336,16.66666666666667,0.0,70.33333333333334,-3,0,0,3,-0.20370370370370372,1
0.0,-0.19999999999999574,0.8000000000000114,-0.8,-50.80000000000001,2,10,2,1,-0.023076923076923106,0
0.2,-37.8,-31.39999999999999,-0.7999999999999999,6.0,1,20,0,3,-0.05517241379310345,0
-0.25,-0.8999999999999986,-5.149999999999999,1.15,59.900000000000006,2,-10,-4,2,-0.13636363636363635,1
-0.8,-2.8999999999999986,-3.6000000000000014,1.8,65.5,2,10,5,5,-0.004324324324324391,1
0.0,-26.4,-37.2,-0.26666666666666666,-48.86666666666667,0,-10,4,5,-0.0625,1
-0.2,-6.200000000000003,-5.799999999999997,0.8,-8.200000000000003,5,10,6,-5,0.07843137254901955,1
0.2,17.6,85.0,6.8,374.8,1,0,1,-2,0.14102564102564108,1
1.0,26.5,-18.5,-1.75,177.0,1,10,0,0,0.15384615384615385,1
0.0,5.0,-11.5,-1.0,-11.5,2,0,3,9,0.09999999999999998,1
0,0,0,0,0,5,15,2,1,0.030303030303030276,0
0.6,30.46666666666666,41.86666666666667,1.9333333333333336,133.53333333333333,2,-10,1,2,0.0714285714285714,1
-0.6000000000000001,10.8,22.2,1.0,69.4,-3,0,1,9,0.07017543859649122,0
-0.4,11.0,10.400000000000006,0.19999999999999996,-50.0,-4,10,1,3,0.08333333333333337,1
-0.2,4.600000000000001,15.799999999999997,2.0,46.2,3,0,7,2,-0.06521739130434778,1
1.0,-35.2,-36.866666666666674,-1.0,-21.2,-4,0,-3,10,-0.2571428571428571,0
0.2,36.0,21.0,-1.0,-158.0,-3,-10,-1,11,-0.21666666666666667,1
0.04999999999999999,16.25,29.200000000000003,-0.3500000000000001,-53.349999999999994,-2,0,-5,-1,0.09891107078039918,1
-0.2,15.199999999999996,22.60000000000001,1.7999999999999998,68.20000000000002,0,0,-2,-3,0.12413793103448278,1
0.0,-43.33333333333333,-71.66666666666667,0.3333333333333333,19.0,0,0,-2,7,-0.002673796791443861,0
0.0,-17.599999999999998,-13.600000000000001,0.0,71.39999999999998,-1,0,2,7,0.027649769585253448,0
0.3,-12.5,-63.5,-2.8,-254.7,0,0,1,3,0.13043478260869557,0
-1.0,60.2,79.0,0.19999999999999996,57.19999999999999,1,10,-3,7,0.019607843137254832,0
0.4,10.600000000000001,10.0,-1.6,-99.39999999999998,-1,0,3,4,0.02109181141439198,0
-0.08333333333333331,-2.0,2.8333333333333357,0.9166666666666667,25.83333333333333,-4,-15,-4,5,-0.0019047619047618536,0
0.0,54.0,110.0,1.0,437.0,2,0,-1,5,-0.030000000000000027,1
0.0,27.0,46.0,1.0,206.0,2,0,0,-3,-0.04761904761904767,1
0.08333333333333331,-21.0,-30.916666666666664,0.08333333333333331,41.41666666666667,3,0,1,-1,0.17366946778711478,1
0.0,11.133333333333333,5.200000000000003,-0.6666666666666666,-143.33333333333334,1,0,1,-4,0.0357142857142857,1
1.0,9.0,-10.0,-1.0,-55.0,3,15,1,7,0.09411764705882353,1
0.0,70.66666666666667,55.333333333333336,-0.6666666666666666,-59.666666666666664,4,0,5,1,-0.03947368421052633,0
0.0,-11.399999999999999,-4.600000000000001,2.4,128.6,-2,0,-2,6,-0.025274725274725296,0
0.2,-1.2000000000000028,-6.4666666666666615,-0.7333333333333333,-114.6,2,0,0,0,-0.1461538461538462,0
-0.3333333333333333,-18.000000000000007,-19.333333333333336,0.3333333333333333,50.0,2,0,-3,-1,0.14323607427055696,1
-0.39999999999999997,7.600000000000001,14.400000000000002,0.19999999999999996,88.99999999999999,-1,15,3,3,0.14690382081686437,1
0.0,-46.599999999999994,-36.0,0.7999999999999999,12.600000000000009,1,0,-1,-3,0.2531969309462916,1
0.2,-14.0,-5.0,1.2,110.80000000000001,-4,-10,-4,-5,0.023593466424682408,1
0.2,1.8000000000000043,-32.39999999999999,-0.19999999999999996,-137.4,0,0,-2,2,-0.1461538461538462,0
0.0,-1.4000000000000057,3.799999999999997,-0.20000000000000007,48.400000000000006,0,0,-3,-5,0.056862745098039125,1
-0.6,-8.0,-1.2000000000000028,-0.6,103.6,-2,0,1,11,-0.13650793650793658,0
0.0,-14.200000000000003,-62.5,1.6,-45.80000000000001,-3,15,-6,-1,0.2311901504787961,0
0.0,8.5,-3.5,-0.5,-14.5,6,10,7,1,0.0892857142857143,1
0.0,48.2,65.6,1.6,105.4,1,0,-1,4,-0.012682926829268304,0
0.0,51.599999999999994,47.8,-1.0,-82.6,1,0,-2,-1,-0.0714285714285714,1
0.0,8.0,19.0,1.0,58.0,-4,-14,-1,0,0.23571428571428565,1
0.4,13.0,2.3999999999999986,-0.39999999999999997,-66.80000000000001,2,0,0,-9,-0.1523809523809524,0
0.2,48.0,49.00000000000001,-1.0,9.799999999999997,1,60,-2,2,0.13584905660377355,1
-0.15000000000000002,-22.75,-26.450000000000003,0.6,4.900000000000006,1,0,2,-4,0.041144901610017826,0
0.4,12.000000000000004,7.399999999999999,-1.4000000000000004,-209.60000000000002,2,0,6,1,0.036398467432950166,1
0.0,18.6,5.200000000000003,-0.6,-39.2,1,35,-1,6,-0.19640179910044986,1
0.0,25.53333333333334,7.06666666666667,-1.1333333333333333,-139.53333333333333,1,0,3,9,-0.11038961038961037,0
0.25,44.3,23.349999999999994,1.2,32.900000000000006,-3,-10,0,3,0.10476190476190478,1
-0.6,9.600000000000001,-14.0,-0.8,-341.4,-3,0,-2,-3,-0.09444444444444444,0
-0.2,-6.200000000000003,-15.599999999999994,-0.8,-111.6,2,10,3,-6,0.21818181818181825,0
0.2,33.400000000000006,25.0,-1.0,-7.799999999999997,3,45,5,-5,0.008928571428571397,1
-0.6,46.60000000000001,47.2,0.0,-23.2,0,15,6,4,-0.13600697471665213,0
0.2,-28.799999999999997,-33.39999999999999,-1.9999999999999998,6.799999999999983,-4,0,-4,-2,-0.1298701298701298,1
-0.6,-17.25,-21.6,0.0,-3.2,2,8,5,2,0.13571428571428568,1
-0.39999999999999997,-23.4,-23.4,0.6,64.8,-2,10,-1,2,-0.11363636363636365,0
-1.0,31.799999999999997,32.6,0.0,11.600000000000001,5,15,6,-2,-0.08333333333333326,1
-0.19999999999999996,-25.200000000000003,-19.6,-0.4,37.199999999999996,-3,0,-1,-4,0.02663706992230863,1
-0.4,-55.400000000000006,-71.80000000000001,-0.3999999999999999,-67.39999999999999,-2,9,3,0,0.051948051948051965,1
0.0,-29.799999999999997,12.799999999999997,0.7999999999999998,-63.80000000000001,-2,0,1,-1,0.13364055299539168,1
0.0,59.99999999999999,49.6,-0.2,-24.8,-1,0,-1,-2,0.017142857142857126,1
0.0,-31.666666666666668,-26.266666666666666,-1.0666666666666667,-5.599999999999994,1,-10,1,-8,0.18181818181818188,1
-0.26666666666666666,-0.26666666666666927,-8.73333333333333,0.1333333333333333,88.86666666666666,3,20,4,-5,0.02941176470588236,1
-0.2,50.2,74.6,2.4000000000000004,359.8,-1,15,3,-3,-0.07364975450081834,0
-0.2,-11.600000000000001,-12.999999999999993,-1.0,-106.20000000000002,3,0,1,9,0.008271298593879206,0
-0.2,15.800000000000004,1.2000000000000028,0.0,-47.8,2,0,2,-3,0.10437710437710435,1
0.55,-25.3,-44.7,-1.0,-126.25,3,0,5,0,-0.02202989771833197,0
0.0,-34.6,-36.800000000000004,1.0,77.80000000000001,1,15,2,7,0.09009009009009017,1
-0.2,-28.799999999999997,-19.4,0.40000000000000013,47.19999999999999,-2,0,-3,8,0.02318548387096775,0
0.0,10.100000000000001,28.299999999999997,1.2,-9.699999999999989,0,0,3,-8,0.17173913043478262,1
0.4,-19.53333333333334,-65.6,-0.1333333333333333,29.0,3,0,3,-2,-0.19480519480519476,1
0.0,-37.8,-29.200000000000003,-3.0,-11.599999999999994,-1,-10,-3,5,-0.07272727272727275,0
0.0,-35.0,-46.8,-0.4,-128.8,-1,10,-1,0,-0.022058823529411797,0
0.0,-20.0,-8.0,1.0,360.0,-1,0,-3,2,-0.0874125874125875,0
0.0,-1.25,-2.0,0.5,12.0,-5,-10,-10,-4,-0.13333333333333341,0
0.8,-0.20000000000000284,-20.200000000000003,-2.0,-109.19999999999999,4,0,7,-12,0.1053639846743295,1
0.25,-40.5,-45.95,0.4,23.299999999999997,-2,0,-2,-2,0.10476190476190483,1
0.2,-22.200000000000003,-35.2,0.0,107.60000000000002,1,0,2,-1,-0.07543859649122797,1
-0.8,-29.199999999999996,-11.600000000000001,0.7999999999999999,48.800000000000004,3,0,9,1,-0.004658385093167738,1
-0.4,-47.6,-52.0,-1.4000000000000001,-45.19999999999999,0,0,0,-3,0.022058823529411797,1
-0.6,50.4,46.3,-0.7000000000000002,-161.8,3,0,3,-4,0.2142857142857142,1
0.0,-25.5,-67.0,-0.5,-144.5,-2,0,1,7,0.22751322751322745,1
0.0,-20.333333333333336,-25.0,1.3333333333333333,85.66666666666666,-1,0,-5,-3,-0.01666666666666672,1
0.0,-71.0,-69.3,-1.0,-71.6,7,0,7,2,-0.06206896551724128,1
0.0,19.0,12.0,0.0,11.0,2,0,0,1,-0.01904761904761898,1
0.0,58.0,81.8,-1.8,-179.6,1,0,2,-10,0.15032679738562094,1
-0.4,16.999999999999996,19.200000000000003,0.8,18.19999999999999,-1,-10,-3,3,-0.05555555555555558,0
0.0,28.0,12.5,0.5,167.5,-2,10,-4,-7,0.25,1
-0.55,1.5499999999999972,-25.5,1.5,-184.95,-2,0,0,-1,-0.2797101449275362,0
0.0,-29.5,-39.5,-0.75,-8.75,5,10,5,0,-0.1791666666666667,1
0.0,2.0,1.0,3.5,369.0,3,10,3,-4,0.23461538461538456,1
0.0,-32.0,-1.0,0.0,206.0,-2,0,-1,1,0.050000000000000044,0
-0.6,-23.200000000000003,-21.6,2.0,82.4,-1,0,2,-4,-0.0121212121212122,1
0.0,35.8,47.7,-1.6,52.400000000000006,0,-14,0,10,-0.009400705052878933,1
0.2,4.200000000000003,-5.799999999999997,0.0,178.4,3,10,0,-1,-0.04166666666666663,1
0.0,6.5,9.5,-0.5,148.0,1,0,1,0,0.059523809523809534,1
0,0,0,0,0,4,0,7,4,-0.08333333333333337,0
1.0,68.0,44.66666666666667,0.33333333333333326,-155.33333333333334,0,-15,-2,4,0.14242424242424245,1
-0.8,-5.199999999999996,-1.8000000000000043,0.0,82.19999999999999,-1,0,-5,6,0.09048178613395996,0
-0.6666666666666667,-16.416666666666668,-12.166666666666668,-0.16666666666666669,161.0,2,20,0,-1,0.07777777777777783,1
0.0,-17.950000000000003,-12.799999999999997,-0.04999999999999999,5.549999999999997,-2,0,1,4,-0.1762820512820512,0
-0.2,9.2,-9.600000000000001,-0.6,-168.2,-1,12,-3,-4,0.012499999999999956,0
-0.5,74.5,81.5,1.0,141.75,-1,0,0,-3,-0.06349206349206349,1
0.1333333333333333,29.6,41.93333333333333,-2.2666666666666666,-65.73333333333333,-1,0,5,3,0.0034965034965034336,0
0.3333333333333333,-15.0,-31.666666666666668,-1.0,-33.33333333333333,5,10,4,-1,-0.10833333333333328,1
0.4,1.9333333333333371,-34.66666666666667,1.0666666666666667,-16.73333333333335,0,0,-1,-6,0.09047619047619038,1
-0.5,-15.75,22.0,1.5,240.5,0,0,1,6,-0.043010752688172116,0
0.5,39.25,55.0,0.75,107.0,-3,0,1,-10,0.07567567567567568,1
0.0,28.599999999999994,37.8,0.6,-47.8,-2,0,-3,-11,0.18487394957983194,0
-0.3333333333333333,3.6666666666666643,-21.000000000000007,-0.3333333333333333,6.0,1,10,-4,1,0.2055555555555556,1
-0.2,-4.800000000000004,1.3999999999999986,4.3999999999999995,185.2,1,0,1,-6,0.011842105263157876,0
-0.5,6.0,5.600000000000001,0.6000000000000001,198.5,-3,-15,-1,12,0.015656565656565702,1
0.0,-9.0,-0.5,0.5,75.25,1,0,-1,-9,0.019480519480519543,1
0.0,20.0,0.0,1.0,42.0,4,0,2,-6,0.008403361344537785,1
0.0,3.6000000000000014,-0.6000000000000014,-2.5,-259.4,1,-10,4,1,0.07777777777777783,0
-0.4,23.000000000000004,38.2,1.2,50.199999999999996,-1,0,-4,-5,-0.020594965675057253,1
0.4,18.6,3.799999999999997,-0.4,-6.600000000000001,1,0,1,2,-0.14,0
0.06666666666666671,6.266666666666666,-31.6,-0.5333333333333332,-197.53333333333333,-3,-10,-3,9,-0.1386554621848739,1
-0.6,-58.0,-95.6,-1.4000000000000001,-308.2,-1,0,2,0,-0.033333333333333326,0
0.2,7.699999999999999,23.299999999999997,2.2,191.0,-3,0,-4,-4,-0.02766798418972327,1
-0.25,-18.75,-100.5,-4.75,-106.5,1,0,0,0,-0.007692307692307665,0
0.5,-10.5,-8.5,-1.0,166.25,4,10,7,0,0.08750000000000002,1
0.0,0.7999999999999972,8.0,0.6,19.900000000000006,-2,0,-4,1,-0.12019230769230771,0
-0.39999999999999997,52.199999999999996,72.2,1.2,178.6,0,43,7,2,0.2155172413793104,1
0.2,-8.799999999999997,26.799999999999997,2.0,336.4,-4,0,-2,0,0.1166666666666667,1
0.0,50.666666666666664,60.0,0.6666666666666666,51.66666666666667,5,1,6,1,0.04166666666666663,0
-0.2,-16.0,6.399999999999999,0.6000000000000001,93.4,1,0,-1,0,0.1095334685598377,0
-0.2,-5.600000000000001,-9.399999999999999,-0.8,-85.80000000000001,5,30,6,-3,0.053470919324577815,1
-0.35,-32.3,-37.099999999999994,0.5,-80.1,-2,0,1,-6,-0.06110458284371334,1
0.2,-22.25,-6.150000000000006,-0.95,-29.900000000000006,-1,0,-2,6,0.15398550724637683,1
0.4,6.200000000000003,-3.6000000000000014,-1.0,-17.799999999999997,-1,0,-5,4,-0.08333333333333337,0
0.0,-38.0,-31.5,0.5,117.5,-2,0,-1,-1,-0.09210526315789469,0
0.0,-27.0,28.0,2.0,360.0,7,0,6,-1,0.06060606060606066,0
-0.08333333333333331,-2.25,-7.0,-0.41666666666666663,-203.91666666666666,0,10,5,6,-0.10615384615384615,1
0,0,0,0,0,0,0,-2,2,-0.03260869565217395,0
-0.4,-8.000000000000004,23.0,5.2,411.2,0,27,3,-7,0.09166666666666667,1
0.0,79.2,96.60000000000001,-0.5999999999999999,-38.79999999999998,-5,0,-5,3,-0.07770800627943486,0
-0.2,-16.200000000000003,-46.2,-1.5,-205.5,0,0,4,3,-0.0892857142857143,0
0.3333333333333333,-21.26666666666666,4.866666666666674,-0.06666666666666671,68.66666666666667,-2,0,-2,-7,0.05882352941176472,0
0.0,8.333333333333332,18.333333333333336,-0.6666666666666667,-90.66666666666666,4,0,3,1,-0.014705882352941124,1
0.0,36.5,29.0,0.0,173.5,0,-20,0,-5,0.0636363636363636,1
0.2,-5.599999999999994,0.20000000000000284,-0.19999999999999996,-20.599999999999994,0,0,2,-10,0.15527950310559002,1
-0.4,10.350000000000001,3.0,0.8,-16.94999999999999,-3,0,-3,6,0.05303030303030298,1
0.0,16.666666666666664,17.0,-0.8333333333333333,-150.5,2,-10,6,2,0.11904761904761907,1
0.0,-22.8,-38.400000000000006,1.0,-79.0,-1,0,1,2,0.1286549707602339,1
0.0,1.2000000000000028,28.599999999999994,2.0,288.8,2,0,2,-1,0.17598684210526316,1
0,0,0,0,0,0,0,1,0,-0.07294117647058818,1
0.7999999999999999,0.20000000000000284,17.599999999999994,-0.4,17.6,-4,0,1,-5,0.10646900269541781,1
0.2,-1.4000000000000057,-11.399999999999991,-0.3999999999999999,-38.60000000000002,1,0,2,7,0.06643356643356635,1
-0.5,-13.8,-5.899999999999999,0.2,17.5,-5,-18,0,9,0.21672077922077926,1
0.2,7.399999999999999,8.799999999999997,-0.19999999999999996,69.6,-1,10,-7,6,0.009090909090909038,1
0.2,-30.200000000000003,-39.8,-0.2,-32.400000000000006,1,0,-2,-2,-0.02488687782805421,0
0.0,2.2666666666666657,39.8,1.4666666666666668,204.60000000000002,2,0,4,16,-0.3388746803069054,1
-0.2666666666666666,14.466666666666661,6.400000000000006,2.2,31.599999999999994,2,-10,3,3,-0.04654654654654655,0
0.0,-6.0,6.200000000000003,-0.3999999999999999,-31.19999999999999,1,0,-1,6,-0.3047619047619048,0
-0.6,-12.850000000000001,-6.900000000000006,0.15000000000000002,51.8,-2,0,-2,7,-0.09883720930232553,1
0.0,7.200000000000003,21.799999999999997,0.8,44.8,-3,0,-6,-7,-0.02564102564102566,1
0.0,27.799999999999997,57.3,1.6,201.8,2,0,3,-5,0.02564102564102566,1
-0.4,8.600000000000001,-6.799999999999997,0.5999999999999999,111.2,-1,-10,-4,6,-0.003529411764705892,0
-0.35,-0.5499999999999972,-33.65,-0.35,-121.15,-2,0,-3,3,0.024137931034482807,1
0.6,-24.4,-21.799999999999997,0.2,17.2,1,10,1,4,0.12,0
-0.6666666666666666,32.666666666666664,17.66666666666667,0.0,-97.33333333333333,0,0,-4,-5,0.10317460317460314,1
0.0,27.0,15.0,-0.5,-54.0,-3,0,-1,-1,0.10113960113960108,1
0.06666666666666671,-5.0,11.200000000000003,0.8666666666666667,54.0,3,0,1,6,-0.01666666666666672,1
0.5,-38.5,-33.5,1.5,84.0,2,42,6,1,0.18924731182795707,1
0.0,19.5,62.0,1.0,-8.0,4,0,2,0,-0.036437246963562764,1
0.2,-16.4,-19.0,0.0,67.4,0,0,-3,-3,-0.14074074074074072,0
0.2,8.800000000000004,16.6,0.19999999999999996,117.2,-3,0,-3,0,0.20370370370370372,1
0.16666666666666663,17.666666666666664,31.16666666666667,1.1666666666666667,164.66666666666666,-1,0,-3,5,0.025083612040133763,1
0.0,-7.0,7.0,-1.0,-28.0,3,0,3,-5,-0.050000000000000044,0
-0.8,10.399999999999999,33.6,2.8,146.8,0,10,-2,-2,0.07407407407407407,1
0.4,-17.200000000000003,27.19999999999999,-3.0,139.60000000000002,1,0,4,1,0.06727272727272726,1
-0.39999999999999997,97.6,97.0,-1.6,-252.6,5,10,-2,-3,-0.09953917050691241,0
0.19999999999999996,18.799999999999997,1.1999999999999957,1.0,56.800000000000004,-1,0,-2,-4,0.15476190476190477,1
0.6000000000000001,-20.000000000000004,-21.199999999999996,0.2,24.0,-1,0,-3,-2,-0.06493506493506485,1
0.4,25.000000000000007,30.6,-0.40000000000000013,-30.599999999999994,1,0,0,-14,0.03913043478260869,1
1.0,-7.75,-12.350000000000001,-0.30000000000000004,-42.19999999999999,1,0,4,1,0.059288537549407105,1
0.0,-54.3,-39.25,1.8,344.75,-1,0,0,-3,0.09782608695652173,0
0.3333333333333333,9.866666666666667,14.799999999999997,-1.5333333333333337,-122.0,-1,0,-1,-1,-0.040935672514619936,0
0.2,5.600000000000001,-0.8000000000000007,0.2,28.6,-2,0,-2,2,-0.050793650793650835,1
0.0,-0.75,9.75,0.5,-78.75,8,10,5,-11,0.1636363636363637,1
-0.2666666666666666,-37.93333333333333,-42.93333333333333,1.4,48.19999999999999,3,0,1,0,0.04307432432432434,1
-0.5,-18.6,-9.5,-1.7,38.599999999999994,2,0,-2,0,-0.07307692307692315,1
-0.75,10.5,14.25,0.5,-56.25,-1,-15,-4,-2,-0.0357142857142857,1
-0.8,6.666666666666666,10.533333333333333,0.2,47.06666666666666,2,23,2,8,-0.0021645021645021467,0
0.3333333333333333,38.133333333333326,39.133333333333326,-0.8666666666666667,-35.400000000000006,2,0,1,0,0.13913043478260867,0
0.0,-28.4,-28.4,0.6,43.0,7,0,6,-7,-0.01845775225594748,0
0.0,-22.083333333333336,-49.08333333333333,-1.3333333333333335,-118.08333333333331,0,0,-2,-6,0.06999999999999995,1
-0.75,29.5,30.049999999999997,2.25,26.75,-2,0,-3,8,-0.009195402298850519,0
-0.09999999999999998,25.15,21.0,-2.25,-85.25,2,0,2,5,-0.04894327030033363,1
0.2,-5.0,-4.0,0.0,20.400000000000006,-5,0,-5,1,-0.054736842105263195,0
0,0,0,0,0,1,0,-2,7,0.053333333333333344,1
0.0,-48.5,-56.0,1.5,45.0,3,-20,2,0,0.1515151515151516,1
0.0,-1.2000000000000028,3.799999999999997,0.4,-61.0,-1,0,2,-10,0.06882591093117407,1
0.0,-23.0,5.0,2.0,168.0,-1,0,1,6,0.2628205128205128,1
-0.4,6.600000000000001,-27.599999999999994,-2.2,-362.4,-1,0,0,-9,0.16470588235294115,1
0.19999999999999996,-7.800000000000004,-9.799999999999997,0.7999999999999999,68.99999999999999,1,20,6,-4,0.002777777777777768,1
0.8,29.799999999999997,28.800000000000004,0.0,-1.4000000000000057,-2,0,0,6,0.028906955736224038,0
0.2,-46.4,-97.80000000000001,-1.4000000000000001,-250.0,1,0,6,-1,0.04181951577402787,1
0,0,0,0,0,2,0,-5,1,-0.1071428571428571,0
0.0,1.0,-3.0,-3.0,-311.75,1,15,1,8,0.013574660633484226,0
0.0,-23.2,-30.0,-0.19999999999999996,-104.0,-2,0,-1,4,-0.05675675675675684,0
0.4,-28.4,-26.4,0.3999999999999999,-56.599999999999994,0,0,2,-6,-0.18666666666666665,1
0.2,-43.800000000000004,-54.4,0.20000000000000007,-43.79999999999998,-1,15,-1,8,0.09675675675675677,1
-0.2,-9.0,-7.599999999999994,0.0,-111.0,-4,15,-6,-1,-0.08856682769726243,0
0.4,-3.8000000000000043,-19.0,-0.8,-132.2,1,-10,-2,2,0.03787375415282401,1
0.0,20.5,9.5,-0.5,39.5,3,0,3,-3,-0.1071428571428572,1
0.0,28.0,9.0,-1.0,-47.0,0,10,0,5,-0.2210526315789474,0
-0.6,7.399999999999999,23.199999999999996,4.8,280.6,2,0,1,-3,0.2503987240829345,1
0.4,60.95,82.3,1.2,74.7,2,-4,0,0,0.19666666666666666,1
-0.2,48.4,57.2,0.0,61.80000000000001,-1,0,2,-8,0.034965034965035,0
-0.4,49.6,47.2,0.6,146.8,2,0,1,-15,0.03875968992248058,0
-0.06666666666666671,-0.13333333333333286,2.2666666666666657,2.0,131.53333333333336,-2,0,3,2,0.030100334448160626,0
0.0,10.5,12.5,0.5,20.0,2,0,2,2,0.14385964912280702,1
-0.33333333333333337,1.6666666666666643,-8.333333333333336,-3.6666666666666665,-214.0,7,20,-1,-5,0.2659846547314577,1
-1.0,-28.0,-9.0,2.0,130.4,-5,-15,-1,6,0.03361344537815125,1
-0.2,14.2,11.200000000000003,0.4,-93.80000000000001,-1,-20,1,-2,0.13684210526315788,0
-0.5,-13.0,-9.5,0.0,-45.0,-1,0,-3,1,0.10119047619047616,0
0.4,-16.133333333333336,-28.666666666666664,-0.1333333333333333,-175.06666666666666,1,0,1,10,0.03921568627450989,0
0.0,43.0,44.5,0.8333333333333333,132.0,-2,0,-2,4,-0.10384615384615381,0
0.0,22.5,10.25,-0.75,-160.5,-1,0,-1,1,0.13249999999999995,0
0.6000000000000001,-69.19999999999999,-111.00000000000001,-0.39999999999999997,-133.79999999999998,-1,0,-2,1,0.04450549450549457,1
0.4,15.600000000000001,16.0,-0.2,-17.4,-3,0,-3,1,-0.10518934081346432,0
-0.6000000000000001,-15.399999999999999,-9.600000000000009,0.0,18.0,1,0,0,8,-0.003296703296703285,1
0.26666666666666666,-45.33333333333333,-47.53333333333333,-0.4666666666666666,-17.133333333333333,4,10,6,1,-0.05268292682926834,1
-0.4,46.0,62.800000000000004,-0.20000000000000018,135.59999999999997,2,15,6,-6,-0.24102564102564106,1
-1.0,30.6,52.6,4.6,272.0,-3,0,-3,3,0.02716468590831911,1
0.8,66.8,72.2,-2.4,-228.4,1,0,3,-3,0.17948717948717952,1
0.06666666666666671,30.6,38.33333333333333,-2.6,-89.26666666666665,-1,0,-1,10,-0.1255411255411255,0
-1.0,56.5,58.8,0.4,19.9,1,-2,-1,9,-0.1280788177339902,0
0.0,14.733333333333341,4.733333333333334,0.0,-128.26666666666665,5,0,4,0,0.07258064516129037,1
0.5,27.333333333333336,16.833333333333332,-1.0833333333333333,-247.58333333333331,-2,0,-1,1,0.0,1
0.0,-6.75,3.0,0.5,64.75,-1,0,-3,2,-0.004705882352941115,0
0.0,22.2,39.1,0.5,74.5,2,0,-1,7,-0.18681318681318682,1
0.0,21.799999999999997,13.600000000000009,-0.19999999999999996,-15.399999999999999,0,0,3,4,-0.15056818181818177,0
-0.2,40.6,50.599999999999994,-0.19999999999999996,-186.4,0,0,1,0,-0.07916666666666672,0
0.0,-25.0,-39.0,-1.0,-27.0,-2,-13,0,2,0.31666666666666665,1
0.6666666666666666,-60.5,-62.666666666666664,-0.5,-9.0,-2,-15,-1,9,0.1428571428571428,1
-0.2,-16.0,-30.799999999999997,0.0,5.0,-3,0,-6,2,0.007672634271099765,1
0.6,34.6,51.4,0.6,63.4,4,0,0,5,-0.08049535603715163,0
0.0,7.399999999999999,-41.599999999999994,0.40000000000000036,-479.2,0,0,-2,5,-0.2272727272727273,0
0.16666666666666663,23.666666666666664,23.166666666666664,0.0,11.5,4,1,-4,6,-0.3070652173913043,0
0.0,-2.0,4.333333333333336,-0.6666666666666667,-26.0,-1,0,-2,-6,0.11428571428571432,1
0.0,-34.0,-37.5,0.0,-30.5,1,12,1,-1,0.11904761904761907,1
0.6,2.0,-7.600000000000001,-3.0,-154.2,2,20,-1,-5,0.08333333333333337,1
0.0,35.599999999999994,40.4,0.2,9.8,2,-10,0,-6,0.19444444444444442,1
0.0,-13.666666666666668,-29.666666666666668,-1.0,-20.666666666666664,5,0,8,1,-0.11666666666666659,0
0.0,-6.200000000000003,-8.799999999999997,0.8,132.0,-2,10,0,8,-0.030303030303030276,1
0.0,48.7,46.9,-1.1,-137.1,0,10,2,-3,0.21568627450980393,1
-0.4,138.0,134.0,-1.0,-6.0,-6,-20,-4,1,0.09999999999999998,0
-0.25,40.45,37.05,1.5499999999999998,54.599999999999994,-1,0,-2,8,-0.23863636363636365,1
0.0,35.0,17.33333333333333,0.33333333333333326,-20.333333333333336,-3,-10,-6,6,0.036363636363636376,1
0.0,-3.6000000000000014,-17.0,0.19999999999999996,22.200000000000003,-7,0,-8,5,-0.2512820512820513,0
0.0,46.0,49.0,0.0,37.0,0,0,4,-4,-0.06666666666666665,1
0.4,9.399999999999999,24.200000000000003,0.3999999999999999,183.0,1,0,3,8,-0.2783783783783784,0
0.0,-19.75,-69.25,-0.5,-120.0,-1,15,-6,-3,0.13671599718111338,1
0.0,-15.666666666666668,-27.0,-0.33333333333333337,-38.33333333333333,5,40,7,1,-0.010752688172043001,0
0.0,47.2,42.599999999999994,-1.6,-180.6,3,0,3,-1,0.18125960061443924,1
0.0,91.2,99.6,-0.6,-23.200000000000003,-1,0,0,5,0.05681818181818177,1
0.0,-18.400000000000002,-9.0,0.39999999999999997,34.2,-3,15,0,-2,-0.0822222222222222,1
0.5,21.5,-21.0,-1.5,-92.0,0,0,-3,0,0.11190476190476184,0
-0.25,-7.166666666666664,-10.166666666666664,1.0,-166.41666666666669,-6,0,-4,3,-0.1029411764705882,1
0.6000000000000001,12.400000000000002,-8.199999999999996,-0.8,-116.6,0,0,-2,0,0.01591511936339518,1
0.3,-8.899999999999999,-62.7,-2.1,-103.89999999999998,5,0,4,-1,0.06777493606138107,1
0.0,-17.0,-69.0,-1.0,-101.0,-1,0,-3,0,0.19130434782608696,1
0.6000000000000001,28.800000000000004,32.60000000000001,1.8,137.0,0,0,4,5,-0.04166666666666663,0
0.8,4.600000000000001,-38.2,-2.2,-53.0,-2,10,2,-1,0.2047619047619048,1
0.26666666666666666,-14.399999999999999,-7.866666666666667,0.46666666666666673,47.6,0,-10,-5,-4,0.022624434389140302,1
0.0,-14.0,2.5,0.0,33.0,3,0,2,-4,0.1428571428571429,1
-0.4,-17.999999999999993,-17.200000000000003,-0.19999999999999996,-53.599999999999994,-1,0,0,-5,0.005172413793103403,1
0.0,8.933333333333337,3.4666666666666686,-0.4666666666666666,-13.799999999999997,0,0,0,-1,0.04166666666666663,1
-0.9999999999999999,3.200000000000003,2.8000000000000114,0.0,1.1999999999999957,-4,0,-7,-1,-0.07758620689655171,0
-0.4,28.599999999999994,22.0,-0.4,-41.2,-2,0,-5,3,0.018018018018017945,0
0.4,37.8,38.4,0.0,86.4,-1,4,-3,2,-0.08695652173913038,0
-0.4,32.46666666666667,38.46666666666667,0.3333333333333333,68.73333333333333,-3,0,-3,1,0.06837606837606836,0
0,0,0,0,0,0,14,0,-7,-0.08333333333333326,0
0.4,-10.8,2.6000000000000014,0.0,10.599999999999994,1,0,1,-3,-0.01666666666666672,1
0.0,-37.0,-56.0,-1.0,-60.0,2,-15,-3,6,0.07575757575757569,1
0,0,0,0,0,-5,0,-3,3,0.02197802197802201,1
0.0,-29.333333333333336,-40.33333333333333,-1.0,-59.333333333333336,4,10,0,-7,0.1875,1
0.0,-30.0,-3.25,0.0,-10.5,-2,0,-6,-6,0.1517857142857143,0
0.5,-21.5,-27.0,-1.0,-41.5,1,10,4,-2,0.04040404040404044,0
-0.4,14.599999999999998,36.0,1.4000000000000001,142.6,2,-15,0,-4,0.03921568627450989,0
0.0,27.0,3.0,-1.0,-202.0,-4,0,-2,10,0.15126050420168058,1
-0.4,-29.800000000000004,-41.2,-0.6000000000000001,-44.20000000000002,1,0,1,-2,0.05032258064516126,0
-1.0,20.8,18.400000000000006,1.2,56.00000000000001,0,0,-1,-3,-0.048484848484848464,1
1.1333333333333333,16.866666666666664,25.6,-0.13333333333333341,-61.46666666666666,-3,-20,-6,-12,0.09999999999999998,0
-0.4,10.399999999999999,23.5,1.0,-7.349999999999994,0,0,-2,4,0.15294117647058825,1
-0.3333333333333333,-21.666666666666668,-23.666666666666668,0.0,-15.333333333333332,-1,0,-1,-3,0.0,0
0.4,-6.200000000000003,-11.399999999999999,0.8,54.8,-2,0,-1,1,-0.1147058823529411,0
0.8,6.799999999999997,4.099999999999994,0.6000000000000001,61.900000000000006,1,-15,-1,12,-0.007575757575757569,0
0.0,16.4,9.200000000000003,-0.8,-21.6,-2,-10,-2,-2,-0.13095238095238093,0
0.6666666666666666,-20.13333333333333,-39.8,-0.6,-107.86666666666665,4,0,7,-9,0.13194444444444442,0
-0.19999999999999996,-28.0,-27.0,-0.6000000000000001,22.200000000000003,1,0,2,-1,0.07675438596491235,1
0.0,18.0,31.0,0.0,-115.0,-2,10,0,-1,0.1576923076923077,1
-0.7999999999999999,21.0,27.60000000000001,0.6,40.6,2,-10,0,-6,0.19444444444444442,0
0.0,-40.199999999999996,1.0,2.5999999999999996,119.4,-4,-10,-3,6,-0.04761904761904756,1
0.2,-4.799999999999997,-8.399999999999999,1.4,134.6,1,0,3,-1,-0.21458333333333335,0
0.0,41.599999999999994,43.599999999999994,-0.8,-40.0,4,0,3,0,0.07322654462242562,1
0.3333333333333333,-17.0,-27.25,-1.25,-178.5,-2,0,1,-3,0.1523809523809524,0
0.4,20.0,27.799999999999997,2.0,178.8,4,0,2,6,-0.023809523809523725,1
0.4,-0.3999999999999986,0.6000000000000014,-1.0,-89.9,0,0,0,7,-0.20579710144927532,0
0.0,-45.0,-29.400000000000006,0.4,10.600000000000001,-1,0,-3,-7,0.26006191950464397,0
0.0,15.200000000000003,18.599999999999994,-0.8,-54.4,-1,0,1,-10,0.18260869565217397,1
0.0,-9.3,-22.6,-1.2,-34.3,1,0,0,-2,0.013227513227513255,0
0.3333333333333333,18.866666666666674,18.066666666666677,1.9333333333333336,181.66666666666669,-1,-10,3,-2,-0.11372549019607847,0
0.0,19.5,18.5,1.5,61.5,-3,0,-4,-10,0.2222222222222222,1
0.19999999999999996,-2.5999999999999943,-2.0,0.6,27.599999999999998,2,0,3,5,-0.159464394400487,0
-0.2,-10.8,-27.0,0.0,-69.6,-1,0,-1,13,0.05400696864111498,1
0.6,-47.6,-48.0,0.0,-35.8,1,10,1,3,0.0357142857142857,0
1.0,-34.0,-53.0,-1.0,-58.0,3,40,5,-8,0.05252525252525253,0
0.4,7.800000000000001,-6.800000000000004,-2.2,-255.2,-2,0,0,6,-0.06681034482758619,1
-0.5,-5.5,-10.8,0.09999999999999998,-239.3,1,0,3,9,-0.1527777777777778,1
0.0,-19.700000000000003,4.400000000000006,1.3,191.3,0,-19,1,6,-0.03217503217503215,0
0.0,-2.0,-3.0,1.0,424.0,4,0,-1,5,0.02777777777777779,0
0.0,19.666666666666664,23.0,-0.33333333333333337,122.33333333333334,-2,-10,-5,1,-0.05627705627705637,0
0.0,-34.4,-41.8,0.8,-79.19999999999999,1,0,-1,5,0.19696969696969702,1
0.0,14.0,20.200000000000003,0.6,81.6,-2,0,-3,2,-0.17948717948717952,1
0.0,8.0,7.0,0.0,-49.0,0,0,-1,2,0.013227513227513255,0
-0.2,-14.0,18.400000000000006,2.2,444.0,1,0,-2,1,0.25,1
0.0,11.399999999999999,7.600000000000001,0.0,-72.39999999999999,0,0,5,-2,-0.10755148741418763,0
0.2,-16.8,4.0,0.7999999999999998,198.20000000000002,4,15,0,-5,0.2512315270935961,1
-0.2,3.8000000000000007,14.600000000000001,3.6,232.2,1,30,4,-10,0.07738095238095233,1
0.39999999999999997,-27.400000000000002,-43.39999999999999,0.0,-91.8,0,0,-1,-3,0.0874125874125875,0
0.0,-24.4,-20.266666666666666,-0.5333333333333332,-153.06666666666666,0,0,-4,4,0.13833333333333342,1
0.0,-8.75,-24.25,0.75,-9.5,-1,10,-5,0,-0.23076923076923073,0
0.0,18.0,16.0,0.19999999999999996,-70.0,-3,-10,-5,-7,0.18681318681318687,0
-0.3333333333333333,26.0,43.0,0.0,-8.0,-5,0,-4,-3,0.08522727272727271,1
-1.0,34.6,63.8,2.0,198.2,1,0,-1,2,0.13193403298350825,1
-0.3,23.700000000000003,26.200000000000003,0.6,47.7,2,0,4,3,-0.10389610389610393,0
-0.4,9.399999999999999,19.400000000000006,2.4,145.0,0,-20,-2,-3,-0.00347222222222221,1
2.0,-19.0,-17.0,-1.0,-28.0,-1,0,-3,7,-0.06818181818181823,1
0.2,18.53333333333334,27.0,2.2666666666666666,79.06666666666666,-3,0,-1,-2,-0.23252032520325205,0
0.0,30.199999999999996,30.0,0.19999999999999996,-26.60000000000001,1,0,-2,-2,-0.0357142857142857,1
0.5,42.25,65.5,0.5,227.75,-2,-10,4,1,-0.011824324324324342,1
0.6666666666666666,29.666666666666664,28.0,-1.0,-91.66666666666667,2,0,-1,-2,0.06261859582542695,1
0.0,-20.0,-24.5,-0.5,95.5,5,20,1,-2,-0.0430622009569378,0
0.0,23.0,38.0,1.0,23.0,-2,0,-2,2,-0.15158371040723984,0
-1.2,-21.4,-29.6,-1.6,-101.8,-1,-10,2,-8,0.1009523809523809,1
0,0,0,0,0,1,0,0,2,0.04761904761904767,1
0.0,12.0,16.0,0.5,58.5,1,0,4,4,0.21031746031746024,1
0,0,0,0,0,-2,0,-4,-2,-0.07625272331154687,1
0,0,0,0,0,1,10,0,1,-0.047008547008547064,1
-0.2,-0.7999999999999972,-1.3999999999999986,-0.20000000000000018,-68.0,-5,-5,-8,3,0.07999999999999996,0
0.4,-48.400000000000006,-67.19999999999999,0.0,4.0,-2,-15,-4,-2,0.07731092436974796,0
0.25,6.350000000000001,30.099999999999994,1.8,155.55,-1,0,1,14,-0.06725146198830412,0
-0.09999999999999998,-9.0,-28.1,0.2,-83.9,-1,0,0,5,-0.08333333333333337,0
-0.09999999999999998,-30.0,-64.5,-0.19999999999999996,-126.8,2,0,5,4,-0.018092105263157854,1
1.0,-24.0,-43.0,-1.0,-57.5,-2,0,2,-7,0.09333333333333327,0
-0.3,-33.95,-44.05,-0.6,-55.85,-6,0,-4,10,-0.013157894736842146,0
0.0,-23.4,-33.4,0.7999999999999998,30.200000000000017,1,0,1,-2,-0.2171052631578947,0
0.3333333333333333,-24.666666666666668,-31.333333333333336,-1.3333333333333335,-306.3333333333333,3,10,3,-3,0.07499999999999996,0
0.5,-13.666666666666671,7.5,0.0,92.0,0,0,-2,-6,0.08823529411764708,1
0.2,-12.600000000000001,11.799999999999997,0.8,176.60000000000002,-1,0,1,3,0.04999999999999993,1
-0.5,13.0,18.0,-0.5,-22.0,1,0,1,-8,0.24786324786324787,1
0.2,19.199999999999996,-4.3999999999999915,-1.0,-40.80000000000001,-1,0,0,-4,0.21666666666666667,1
1.0,12.600000000000001,10.0,-1.0,-75.6,1,0,4,0,0.020779220779220786,1
-0.3333333333333333,27.666666666666664,46.333333333333336,0.33333333333333337,54.333333333333336,-2,0,-1,5,0.20000000000000007,1
-0.2,5.199999999999999,8.800000000000004,-0.9999999999999999,-82.19999999999999,4,-25,2,-7,0.07029177718832891,1
-1.0,8.0,16.333333333333336,0.33333333333333337,-95.0,0,0,-3,1,-0.05238095238095242,1
0.0,40.7,64.6,3.2,83.60000000000002,-3,0,-3,1,0.0505050505050505,1
0.6,-15.799999999999997,-37.9,1.5,137.7,2,0,1,-2,-0.19941348973607032,1
0,0,0,0,0,1,-15,3,-1,0.033333333333333326,1
-0.5,-40.6,-29.0,0.6,39.099999999999994,-5,0,-5,-2,-0.08695652173913038,0
0.0,-27.0,-19.0,1.0,80.0,-3,-10,-2,3,-0.007692307692307665,1
0.0,1.5,17.0,6.0,390.0,-2,0,5,0,-0.09195402298850575,0
0.0,32.0,49.0,0.0,-210.0,0,0,-2,11,-0.13411764705882345,0
0.0,-21.666666666666668,-41.66666666666667,0.0,50.66666666666667,-1,10,-3,-3,0.04761904761904756,1
-0.2,10.400000000000006,52.60000000000001,6.3999999999999995,452.99999999999994,0,0,-2,-6,0.12055335968379444,1
-0.4,-29.400000000000002,-51.2,0.4,-131.0,1,0,1,-2,0.033333333333333326,1
-0.8,-34.33333333333333,-37.866666666666674,-0.1333333333333333,-63.06666666666667,-2,0,-3,6,-0.050000000000000044,0
0.1333333333333333,24.733333333333334,15.066666666666663,-0.7333333333333332,-31.133333333333354,-1,-15,-3,-5,0.057721139430284785,0
0.2,32.0,56.2,1.4000000000000001,170.99999999999997,-2,0,-1,5,0.1074074074074074,1
0.0,-22.5,-17.5,0.5,-100.0,-5,-31,-7,0,0.06470588235294117,0
0.2,-22.7,-15.7,0.8,95.3,4,0,2,-3,-0.2142857142857143,1
-0.4,-8.0,-14.200000000000003,1.0,20.19999999999999,0,0,0,10,0.13095238095238093,1
0.0,16.4,10.0,0.6,8.0,-2,0,-1,1,-0.00462962962962965,0
0.0,20.4,38.0,-0.1333333333333333,93.19999999999999,-1,0,-2,3,0.12422360248447206,1
0.0,-13.25,9.0,1.5,248.25,-1,0,-2,1,-0.007936507936507908,1
0,0,0,0,0,3,0,7,0,0.09999999999999998,1
0.4,113.39999999999999,122.60000000000001,-0.6,-123.00000000000001,5,20,1,-10,0.0949579831932773,1
0.2,40.4,45.2,-0.4,-76.2,2,0,0,5,0.1630434782608695,1
1.1333333333333333,28.6,21.133333333333336,-0.6,-12.933333333333337,-1,0,-1,-1,0.055652173913043446,1
0.2,10.8,-26.200000000000003,0.19999999999999996,31.0,2,0,-2,7,-0.19711538461538458,0
-0.2,32.8,5.400000000000006,-1.4,-255.8,0,0,-3,-1,-0.1703703703703704,0
-1.0,-13.600000000000001,31.200000000000003,-2.4,168.0,2,10,0,2,0.006249999999999978,0
0.0,20.333333333333336,3.0,-1.0,-44.0,0,0,3,4,-0.03529411764705892,1
0.0,13.0,-42.5,0.5,13.0,-6,0,-8,6,0.23355263157894735,1
-0.4,26.799999999999997,27.0,-0.9999999999999999,-38.400000000000006,0,-10,-1,-3,0.0,0
0.0,-23.25,-63.75,1.5,-87.5,-1,-10,-6,-8,-0.1515151515151516,1
0.2,19.6,22.8,0.6,86.0,-2,0,-5,1,-0.058441558441558406,1
-0.4,35.800000000000004,34.2,0.0,-99.19999999999999,-6,0,-4,7,-0.13265306122448983,0
-0.2,9.400000000000002,31.4,0.4,25.400000000000006,-3,-10,3,6,0.21400338791643148,0
0.0,-62.0,-88.0,-1.0,-130.5,0,0,0,4,-0.04166666666666663,1
-0.20000000000000007,-2.3999999999999986,-8.0,-0.2,-12.0,3,0,1,3,0.07357357357357353,0
0.1333333333333333,-2.799999999999997,7.4666666666666615,0.33333333333333326,3.7333333333333485,0,-15,2,-14,-0.06444906444906451,1
-0.2,6.0,14.200000000000003,1.2,68.0,-1,-25,-1,2,-0.14964216005204944,1
0.2,-17.733333333333334,-40.26666666666667,-2.3333333333333335,-248.4666666666667,0,0,3,2,-0.04999999999999993,1
0.0,-45.0,-27.799999999999997,0.6,233.79999999999998,-2,0,-1,0,-0.03678929765886285,1
0.6,2.8000000000000007,1.2000000000000028,0.2,-7.399999999999999,2,-20,1,6,-0.14241486068111453,0
0.0,6.200000000000003,33.7,1.8,147.89999999999998,3,0,5,6,-0.13394109396914444,0
0.0,-18.6,-24.0,2.0,239.8,-2,0,-8,1,-0.07777777777777783,1
0.0,-49.0,-53.0,0.0,-101.0,3,0,0,0,0.1497975708502024,1
0.0,19.0,31.0,-2.0,-194.0,4,-10,4,4,0.012987012987012991,0
0.2,-14.333333333333336,-5.0,-1.3333333333333333,-215.93333333333334,3,0,5,11,-0.08333333333333337,1
-0.4666666666666666,12.133333333333333,8.866666666666667,-2.733333333333333,-141.8,0,0,-2,13,0.002248875562218977,1
0.9999999999999999,2.400000000000002,-35.8,-2.4,-273.79999999999995,-2,0,0,6,-0.004705882352941115,1
0.25,-20.25,-19.0,-0.25,45.25,1,35,2,6,-0.09230769230769231,1
0.0,24.2,41.2,-1.2000000000000002,-60.20000000000002,-1,0,-4,-8,0.03612479474548436,1
1.0,-2.5,-4.0,-1.0,14.5,3,0,7,5,-0.03888888888888886,0
-0.3,24.349999999999994,28.150000000000006,2.2,56.849999999999994,3,0,2,0,-0.057657657657657624,1
0.0,-157.4,-154.4,-1.2,-63.80000000000001,1,0,4,-1,0.05921052631578949,1
0.2,27.0,3.1333333333333258,1.2666666666666668,-15.666666666666657,0,0,1,1,-0.11086474501108656,0
0.5,-15.5,-9.5,-0.5,-171.0,-2,0,2,1,-0.10999999999999999,0
0.0,-23.5,-16.5,1.5,70.0,3,0,1,2,0.02777777777777779,0
0.5,-24.0,-26.0,0.0,53.5,3,0,3,-4,0.21794871794871795,1
-0.39999999999999997,39.800000000000004,61.19999999999999,0.8,149.40000000000003,2,43,8,-3,0.29885057471264376,1
0.2,8.600000000000001,-17.799999999999997,0.19999999999999996,-200.39999999999998,0,0,0,-7,0.13961038961038963,1
0.6,43.6,46.2,-0.8,-89.4,0,0,1,0,-0.23168498168498164,1
0.4,-11.799999999999997,-9.399999999999999,0.3999999999999999,11.799999999999983,-1,20,1,1,-0.002272727272727315,1
0.0,22.799999999999997,27.999999999999996,-0.40000000000000013,224.40000000000003,-3,0,-3,6,-0.02622377622377614,0
-0.4,15.200000000000003,19.000000000000007,-1.2000000000000002,-97.60000000000001,1,0,3,12,-0.13623188405797104,0
0.6,0.3999999999999986,-12.399999999999999,-0.4,-30.8,-2,0,-1,2,-0.015837104072398134,1
0.0,-3.1999999999999993,-8.0,0.6000000000000001,-132.0,0,0,0,-3,0.30434782608695654,1
-0.6666666666666666,1.3999999999999986,3.0,-0.6,-131.93333333333334,-2,0,0,8,-0.014583333333333282,0
0.3,-9.3,-11.8,4.0,298.9,2,0,2,-8,0.06493506493506485,1
0.0,52.0,90.5,-1.0,169.5,-4,15,-1,-10,-0.02020202020202022,0
0.0,21.0,29.0,1.0,47.0,0,0,2,3,0.038461538461538436,1
0.0,-55.4,-54.2,0.0,2.4000000000000004,0,12,6,-2,0.15000000000000002,1
0.0,-28.0,-13.800000000000004,-0.3999999999999999,120.40000000000003,1,0,2,-1,-0.03584229390681004,0
-0.4,-10.2,-13.199999999999996,1.2,16.599999999999994,1,0,-1,12,-0.021181716833890696,1
-0.2,-2.8999999999999986,-0.3999999999999986,-2.4,34.400000000000006,4,0,1,-12,-0.07017543859649122,0
-0.4,6.399999999999999,19.799999999999997,0.4,92.0,-3,0,-1,-4,0.11782945736434114,1
1.0,16.2,3.8000000000000007,-1.2,-64.6,-3,0,0,0,0.109500805152979,1
0.5,-4.25,-17.75,0.0,-10.75,4,10,5,-6,0.01333333333333342,1
0.6,26.4,30.200000000000003,1.8,60.0,-3,-20,-1,2,0.01098901098901095,1
0.0,42.0,73.75,1.75,-0.5,-3,0,-5,-2,0.03992740471869327,1
0,0,0,0,0,-7,-20,-3,-1,0.010695187165775444,1
0.0,-18.333333333333332,-15.0,-0.33333333333333337,65.66666666666667,1,10,-3,2,-0.2055555555555556,0
-0.25,15.25,7.0,-0.75,-95.0,4,-6,6,5,-0.13749999999999996,1
-0.2,19.200000000000003,1.0,0.19999999999999996,-27.0,4,10,0,-2,0.06074074074074065,0
0.8,28.200000000000003,51.599999999999994,-0.8,-181.20000000000002,-3,15,-6,1,-0.14074074074074072,0
0.5,-12.0,-12.5,0.5,-4.0,3,10,5,-3,-0.0461538461538461,1
0.0,55.83333333333333,44.833333333333336,0.8333333333333334,65.0,-1,0,1,6,-0.04924242424242431,1
-0.4,23.733333333333334,56.2,0.19999999999999996,73.86666666666666,3,-15,7,-3,0.0011627906976744429,1
-0.25,-40.5,-40.25,1.5,74.75,0,-10,-2,-3,-0.11755485893416928,1
0.25,-34.33333333333333,-9.25,1.25,141.5,3,0,3,2,-0.196078431372549,1
-0.3333333333333333,13.933333333333334,20.4,0.3999999999999999,-16.19999999999999,-5,0,-7,10,-0.13461538461538458,0
-1.0,-5.5,-9.5,0.5,56.5,1,3,-2,-1,0.0,0
0.0,-5.5,9.0,0.0,159.0,2,10,5,-4,-0.02922077922077926,0
0.0,29.0,33.2,0.19999999999999996,-30.599999999999994,-7,0,-3,-3,0.033333333333333326,1
-0.20000000000000007,18.799999999999997,34.8,1.6,151.20000000000002,-2,0,-3,1,0.030303030303030276,1
0.0,24.200000000000003,61.199999999999996,1.5999999999999999,160.0,-1,0,0,-2,0.2897435897435898,1
-1.2,35.8,37.400000000000006,-0.4,-50.0,-2,15,3,-1,0.023457419683834857,1
-0.09999999999999998,-28.25,-40.95,-0.85,-24.299999999999997,-3,0,1,4,0.021428571428571352,0
0.5,-29.0,-29.25,0.0,67.5,3,14,2,-7,-0.10782608695652174,0
0.0,-42.849999999999994,-23.700000000000003,4.1,310.85,0,-10,2,-5,0.31196581196581197,1
-1.0,6.199999999999996,21.0,1.0,80.0,1,10,6,-3,0.16666666666666674,1
0.0,14.849999999999994,-8.299999999999997,-0.04999999999999999,-59.05,-2,-10,-2,8,-0.14652014652014644,0
-0.5,-21.450000000000003,-14.600000000000001,0.5,92.25,-3,0,-1,6,0.017316017316017285,0
0.0,13.466666666666669,14.599999999999994,-0.4,-39.13333333333333,2,0,-1,-4,0.26225490196078427,1
-0.4,41.8,46.8,-1.0,58.0,3,-20,5,-1,0.09999999999999998,0
0.6,-5.600000000000001,-21.4,-1.0,-56.0,0,0,1,0,-0.21250000000000002,1
-0.2,8.200000000000003,-1.0,-0.8,-96.6,3,0,3,-3,0.06999999999999995,1
0.19999999999999996,32.199999999999996,51.400000000000006,0.7999999999999999,145.6,1,0,3,1,0.05897435897435899,0
-0.2666666666666666,-39.53333333333333,-102.06666666666666,-1.0,-235.2,-3,0,1,12,0.03913043478260869,0
0.2,-0.6000000000000014,5.300000000000001,-0.6000000000000001,96.6,2,0,4,4,-0.16433566433566438,1
0.4,14.999999999999996,14.200000000000003,-0.7999999999999999,-137.2,-1,0,-1,4,0.011363636363636354,0
0.0,1.0,-9.666666666666664,-0.6666666666666667,46.66666666666667,-7,0,-3,4,-0.26363636363636367,1
0,0,0,0,0,-3,0,-2,1,-0.07352941176470584,0
0.0,-23.1,-37.9,0.09999999999999998,-146.8,0,0,5,1,0.14814814814814814,0
-0.2,26.599999999999998,25.0,0.0,-21.200000000000003,-2,0,-5,-10,-0.0012499999999999734,0
0.0,-47.2,-71.05,-0.65,-78.6,-4,0,-7,5,0.049342105263157854,0
0,0,0,0,0,2,-10,1,5,0.050000000000000044,1
-0.2,-30.799999999999997,-90.2,-2.4,-289.2,0,0,1,-2,0.15601023017902804,0
0.0,-2.0,-21.0,-1.0,-60.0,3,0,3,1,0.17873303167420806,1
0.0,19.39999999999999,11.200000000000003,-1.2,-169.39999999999998,-1,0,-7,8,-0.039246467817896424,1
-1.0,-32.2,-41.0,1.7999999999999998,213.2,3,0,7,-2,-0.049342105263157854,0
0.0,-25.5,-33.5,-1.0,-60.0,6,0,4,0,-0.0625,0
0.8,20.6,5.799999999999997,-0.6,16.599999999999994,1,0,3,-3,0.010084033613445342,1
-0.2,-35.599999999999994,-44.599999999999994,-0.19999999999999996,-86.0,2,10,6,-5,0.05167173252279633,1
0.0,-15.0,-29.75,0.75,57.0,-4,0,-1,5,0.08465608465608465,1
-0.5,-28.0,-36.5,-2.0,-164.5,2,10,-1,-10,0.21666666666666667,1
0.2,1.7999999999999972,-12.600000000000001,0.0,-21.200000000000003,1,20,4,6,0.0619354838709677,1
0.4,-20.0,-32.8,-1.0,86.19999999999999,0,-15,1,6,0.0034188034188034067,0
0.0,-10.5,-15.5,-5.5,-370.0,1,-10,-1,3,-0.09890109890109888,0
-0.2,4.799999999999997,8.0,0.4,111.6,1,0,-1,0,-0.03967168262653897,0
-0.3,-21.9,-20.9,-2.3,-114.6,0,35,1,8,0.08559782608695654,1
0.0,20.833333333333336,19.75,-0.4166666666666667,34.91666666666667,-6,0,-4,0,0.05545454545454542,1
0.2,-40.4,-74.00000000000001,-2.4000000000000004,-134.4,4,10,3,-1,0.047671840354767125,0
0.0,-22.199999999999996,-18.6,0.2,20.0,-3,0,0,-9,-0.0888888888888889,1
-0.6000000000000001,-21.000000000000007,-30.599999999999994,-2.6,-282.0,1,-10,-1,2,-0.10906298003072201,0
0.4,-39.6,-31.599999999999994,0.4,66.4,-4,-15,-1,10,-0.03759398496240607,0
0.0,58.85,62.3,0.09999999999999998,-56.5,4,0,4,-5,0.005115089514066473,1
0.4,-21.6,-20.6,0.0,-301.2,-3,0,-4,15,0.02049910873440286,0
-0.3333333333333333,-46.666666666666664,-76.33333333333333,-0.6666666666666666,-117.0,-2,0,0,-9,-0.008928571428571397,1
0.0,7.799999999999997,14.800000000000004,-0.4,7.0,-1,15,0,-9,-0.047826086956521685,1
-0.2,-7.0,-10.600000000000001,-0.6,-76.20000000000002,2,0,0,3,-0.09999999999999998,0
0.0,1.5,19.0,1.0,26.5,-1,0,4,-5,0.03749999999999998,1
0.5,18.5,30.0,1.5,178.0,3,0,0,9,0.14102564102564108,1
0.0,2.6666666666666643,7.0,1.0,329.3333333333333,0,10,0,-1,-0.050000000000000044,0
-0.20000000000000007,17.4,17.800000000000004,-0.39999999999999997,-47.2,-3,0,-3,-4,-0.012578616352201255,0
0.4,-55.199999999999996,-70.19999999999999,-0.4,-84.0,0,0,2,4,-0.12335526315789469,1
-1.0,18.0,13.199999999999989,0.4,30.8,-3,0,-5,8,-0.1515151515151516,0
-0.3333333333333333,16.833333333333336,-28.833333333333343,-6.333333333333333,-184.83333333333331,0,0,-4,0,-0.04578754578754585,0
0.4,-21.0,-36.4,-0.6,-8.0,2,-10,-1,12,-0.17391304347826086,1
-0.4,-27.400000000000006,-47.599999999999994,-1.6,-238.0,0,0,0,-2,-0.020370370370370372,0
1.0,1.3000000000000007,-30.799999999999997,-0.8,63.5,4,0,5,-3,0.25892857142857145,1
0.5,-29.0,-37.0,0.0,50.5,1,0,-2,3,0.2596153846153846,0
0.2,-7.200000000000003,-21.4,-0.4,-3.3999999999999986,3,15,4,8,0.03896103896103886,1
0.0,-57.0,-59.0,0.0,-54.0,4,0,3,3,0.07246376811594202,0
0.3333333333333333,-59.33333333333333,-54.0,-0.6666666666666667,50.666666666666686,-4,-20,-5,6,0.275,1
0.2,-6.399999999999999,-12.200000000000003,0.0,72.4,-6,0,-2,5,-0.07189542483660127,0
0.4,8.200000000000003,11.2,-0.6,-44.0,0,15,-5,9,0.016339869281045694,0
0.0,19.5,-12.0,0.0,76.0,3,12,6,-6,-0.16666666666666663,1
0.39999999999999997,-5.399999999999999,0.8000000000000043,0.0,50.400000000000006,1,0,5,3,0.010695187165775444,0
-0.2,-21.6,2.6000000000000014,0.0,104.2,1,0,1,14,0.1523809523809524,1
0.13333333333333341,12.866666666666667,-0.5333333333333314,-0.4666666666666666,-97.4,-8,0,-3,2,0.025000000000000022,0
0.0,-24.0,-36.0,-1.0,-55.0,1,0,-2,-2,0.05797101449275355,1
0.2,-25.0,-32.0,-1.0,-59.4,4,0,4,7,-0.0670807453416149,0
0.0,-60.8,-63.2,0.19999999999999996,-1.2000000000000028,0,-25,0,12,-0.17569786535303777,0
0.0,-6.200000000000003,32.599999999999994,1.7999999999999998,97.80000000000001,-2,0,-1,1,-0.13186813186813184,1
0.6,1.6000000000000014,-5.399999999999999,0.6000000000000001,51.0,-2,15,-1,6,-0.0903225806451613,1
0.0,9.600000000000001,14.933333333333335,0.8,58.06666666666666,-6,0,-3,7,-0.02083333333333337,1
0.0,5.200000000000003,10.299999999999997,0.6,-6.400000000000006,2,0,0,1,0.02941176470588236,1
-0.2,36.8,68.6,1.4,231.6,-3,0,0,5,-0.032224532224532254,0
0.0,-0.1999999999999993,-11.599999999999998,-0.6000000000000001,18.200000000000003,2,25,0,-3,-0.0670995670995671,1
0.2,-26.2,-25.0,1.0,207.8,3,15,-2,5,0.0809018567639258,1
0.0,-32.666666666666664,-47.0,-0.3333333333333333,-45.666666666666664,0,8,9,0,0.2028985507246377,1
0.0,-2.75,7.0,-1.0,-104.25,-1,0,2,2,-0.1708074534161491,1
0.4,-11.600000000000001,-9.799999999999997,-0.4,85.6,3,0,3,-1,0.13333333333333341,1
0,0,0,0,0,-5,0,-2,-2,0.42105263157894735,1
-0.4,-19.733333333333334,-7.799999999999997,-0.8,106.13333333333334,0,0,1,0,0.06060606060606066,1
0.4,-16.8,-31.8,0.0,-24.0,7,0,1,12,-0.13411764705882345,1
-0.2,28.800000000000004,57.39999999999999,0.6000000000000001,180.79999999999998,0,11,2,-4,0.015444015444015413,0
-0.5,-40.333333333333336,-55.833333333333336,0.6666666666666667,115.0,-1,20,-4,8,0.014285714285714346,0
0.3333333333333333,-21.333333333333332,-32.66666666666667,-1.0,-8.666666666666664,0,0,0,5,0.013071895424836666,1
0.2,62.8,59.599999999999994,-1.0,-67.6,2,0,-3,-2,0.021428571428571463,0
0.3999999999999999,-25.0,-30.199999999999996,0.0,8.8,-7,0,-9,-2,-0.15016685205784208,0
0.0,33.4,39.0,2.2,225.6,0,-20,-1,3,-0.027972027972027913,0
0.7,28.5,27.299999999999997,-0.09999999999999998,24.4,-1,-15,-3,3,0.06127450980392157,0
0.0,-16.8,-34.800000000000004,-0.2,-75.0,0,0,3,9,-0.13170731707317074,0
0.5,-17.5,-17.5,-1.0,-13.5,6,0,6,-5,-0.022058823529411797,0
-0.2,-31.8,-34.6,3.6,60.99999999999997,-1,0,-2,5,-0.13636363636363635,0
0.8,20.0,8.0,-0.4,56.599999999999994,-1,0,0,10,-0.10227272727272729,1
0.0,8.0,0.0,1.0,25.0,4,0,0,2,-0.05555555555555558,0
0.5,-23.900000000000006,-54.099999999999994,-1.75,-173.7,3,0,4,1,-0.054858934169279006,0
-1.2,-16.6,-20.5,-0.3999999999999999,-123.69999999999999,1,0,5,-4,0.2142857142857143,1
-0.3333333333333333,10.166666666666668,-10.166666666666664,0.6666666666666667,78.16666666666667,-3,0,0,-3,0.009615384615384581,0
0.0,12.0,2.5,-0.75,-35.0,1,0,-1,4,-0.016666666666666607,1
0.15000000000000002,-29.4,-25.75,0.2,11.0,0,0,5,2,-0.20713073005093385,0
0.2,-11.399999999999999,-3.200000000000003,0.19999999999999996,23.599999999999994,0,15,1,7,0.07983193277310918,0
1.2,-19.199999999999996,-15.399999999999991,1.4,52.4,-4,-10,-3,1,0.19181818181818178,1
0.0,21.800000000000004,12.800000000000004,-1.2,-133.8,0,0,2,1,0.0347394540942928,0
0.0,22.0,22.6,-0.19999999999999996,-39.8,2,31,7,-5,0.0703703703703703,0
-0.6666666666666666,-18.0,-1.0,0.0,21.666666666666664,1,10,-1,-3,-0.011111111111111072,1
0.0,-6.0,-13.75,-1.0,-85.0,3,0,2,-5,0.024844720496894346,1
0.0,4.799999999999997,1.1999999999999957,-0.6,-32.6,-2,0,-4,5,-0.18637992831541217,0
-1.0,-30.200000000000003,-14.799999999999997,6.4,172.2,0,-10,-3,-1,0.0,0
-0.2,55.8,89.7,1.3,84.3,2,-15,4,-5,0.01323175621491579,1
0.0,-16.8,-11.399999999999999,1.2000000000000002,328.4,-3,0,-5,-2,-0.07777777777777783,0
0.0,-5.799999999999997,-0.7999999999999972,0.8,2.200000000000003,0,0,3,-6,0.04524886877828049,0
0.25,6.75,20.083333333333336,1.3333333333333335,68.83333333333333,0,-10,0,2,0.0267857142857143,1
0.0,17.0,16.200000000000003,-0.4,-50.800000000000004,2,15,3,4,-0.05203619909502266,0
-0.3,-11.25,-1.9000000000000057,2.6,201.25,3,1,2,-4,-0.008333333333333415,1
0.2,17.400000000000006,17.200000000000003,-5.0,-246.8,-2,0,-1,11,-0.09523809523809523,1
-0.8,-5.600000000000001,16.950000000000003,-0.55,53.75,0,-10,-1,2,-0.09139784946236562,1
0.5,-58.0,-77.5,-0.5,-77.0,5,10,5,-3,0.1166666666666667,1
0.0,12.25,-3.5,0.75,84.75,0,0,-2,-6,0.21568627450980393,1
0.0,18.0,24.0,2.0,58.0,0,-10,-3,-4,0.09595959595959602,1
0.0,-16.0,-21.0,-0.4,-94.6,2,0,4,-12,0.026470588235294135,1
0.0,-2.200000000000003,28.799999999999997,0.6,42.400000000000006,2,10,4,4,-0.02116935483870963,0
-0.2,-53.599999999999994,-34.60000000000001,1.2000000000000002,222.4,1,0,-1,0,-0.051150895140664954,1
0.0,14.0,27.0,1.0,60.0,2,0,4,-2,0.074712643678161,0
0.0,1.2000000000000028,23.0,2.4,170.0,0,0,-1,-2,0.04166666666666663,0
0.0,-30.800000000000004,-37.4,0.39999999999999997,48.4,1,15,0,-8,0.10953177257525082,0
0.2,32.6,49.599999999999994,0.8,152.4,3,0,2,-3,0.02571428571428569,1
-0.55,7.049999999999997,12.700000000000003,-0.04999999999999999,22.349999999999994,-2,0,-2,0,-0.025862068965517238,0
0.09999999999999998,6.200000000000003,51.6,-1.4,80.19999999999999,-2,10,0,-3,0.1428571428571428,1
0.4,1.6666666666666679,-42.4,-2.3333333333333335,-178.5333333333333,2,0,3,-5,-0.0854700854700855,0
0.6,3.5,8.600000000000001,0.0,-21.3,1,0,-2,-4,0.030303030303030387,1
0.25,16.0,7.75,0.75,-57.75,-2,0,-2,-7,0.2028985507246377,1
0.0,-0.1999999999999993,7.600000000000001,1.2000000000000002,66.20000000000002,0,0,0,-5,-0.05357142857142849,1
0.0,17.5,35.5,0.0,15.0,-1,20,0,-8,0.1166666666666667,0
1.0,8.833333333333336,27.166666666666664,-1.1666666666666667,8.666666666666657,5,0,2,3,0.09482758620689657,0
0.0,8.0,7.0,0.0,2.0,-3,-20,-3,-2,-0.013636363636363669,1
0.0,-24.5,-30.0,-2.5,-384.0,-1,0,2,0,0.0,1
0.39999999999999997,-36.60000000000001,-37.8,0.2,25.999999999999996,-1,22,2,-1,0.007317073170731714,0
-0.2666666666666666,-11.799999999999997,-8.133333333333333,0.06666666666666671,46.33333333333333,-3,0,-3,1,-0.058441558441558406,1
0.0,47.4,50.0,-0.19999999999999996,-10.0,2,0,-1,5,0.020000000000000018,0
-0.4,13.0,10.200000000000003,0.0,-22.6,-5,-15,-5,-5,0.024150943396226476,1
-0.39999999999999997,-4.799999999999997,-5.200000000000003,0.4,118.39999999999998,2,0,2,-1,0.11550387596899225,1
0.0,-18.2,-26.200000000000003,-2.2,-134.79999999999998,0,0,1,6,-0.16013071895424835,0
0.4,7.599999999999994,12.799999999999997,-0.39999999999999997,-20.200000000000017,0,0,1,-7,0.03913043478260869,1
0.0,4.899999999999999,-5.0,-2.8,-208.3,0,0,0,12,-0.1505882352941177,0
0.0,13.0,14.0,0.0,-54.0,-3,10,-2,-5,0.18006993006993,1
0.0,-31.0,-48.0,-1.0,-60.0,5,8,3,2,-0.1517857142857143,1
0.0,-6.949999999999999,-6.450000000000003,0.55,111.1,1,10,-2,-1,0.024216524216524205,0
0.0,24.8,13.400000000000006,-0.8,-96.99999999999999,0,0,0,-4,-0.04166666666666674,1
0.6,21.4,38.8,0.8,35.2,0,0,-2,-2,0.0,1
-0.39999999999999997,70.4,81.19999999999999,1.6,190.6,0,43,8,1,0.3321839080459771,1
0.4,-23.000000000000007,-49.39999999999999,-4.0,-373.6,-3,0,-2,5,-0.10923076923076924,0
0.4,25.599999999999994,20.0,-1.0,7.400000000000006,0,0,1,2,-0.2525879917184265,0
0.0,-2.3999999999999986,13.799999999999997,-0.19999999999999996,96.30000000000001,-3,0,-3,0,-0.21449275362318843,0
0.19999999999999996,-34.0,-44.199999999999996,-0.6000000000000001,-86.2,2,0,0,-5,0.0,0
1.4,-4.5,-19.35,-5.75,-305.3,-4,10,-2,5,-0.36403508771929816,0
-1.0,10.100000000000001,24.5,0.8,29.0,-3,0,-5,5,-0.08467741935483875,0
0.0,19.35,17.599999999999994,3.35,128.3,0,0,-3,0,0.0053879310344827624,1
-0.4,15.200000000000001,11.600000000000001,-0.20000000000000007,178.60000000000002,-4,0,-2,11,0.20454545454545459,1
0.0,-2.5,-19.5,7.5,429.0,4,0,2,-14,0.17366946778711478,1
-1.0,1.3333333333333321,67.66666666666667,2.3333333333333335,-105.66666666666666,-5,-10,-4,3,-0.14903846153846156,0
0.0,-12.0,-4.5,1.0,56.0,4,0,5,0,0.03081232492997199,0
-0.20000000000000007,-8.0,-4.799999999999997,0.6000000000000001,-21.19999999999999,0,0,2,1,0.05833333333333335,0
0.0,8.0,-11.199999999999996,-0.19999999999999996,-100.99999999999999,10,12,9,-3,0.029891304347826053,1
0.0,-9.599999999999994,-44.0,-2.0,3.8,3,45,2,10,-0.15161290322580645,0
-0.5,-46.0,2.3499999999999943,3.6,160.55,-2,0,-1,10,0.06666666666666665,1
-0.4666666666666666,-5.200000000000003,-19.06666666666667,-0.6,-66.93333333333332,-4,0,-1,9,-0.15294117647058825,0
0.5,-4.5,-8.5,-1.0,142.5,3,0,1,0,0.12356979405034318,1
0.0,-9.5,-2.0,-0.5,-24.0,2,15,1,9,-0.1386554621848739,1
0.0,33.0,38.5,-1.0,88.0,-3,0,1,4,-0.18181818181818188,0
0.0,13.5,22.333333333333336,-0.8333333333333333,-56.33333333333334,-1,10,1,0,0.0,0
-0.5,-16.799999999999997,-10.799999999999997,0.0,-28.799999999999997,-2,0,-1,-2,0.10303030303030303,1
0.2,-13.2,-18.0,1.6,149.6,-4,-15,-7,15,0.10909090909090913,0
-0.2,-4.399999999999999,4.799999999999997,3.2,145.8,-1,0,-1,-1,0.12637362637362637,0
0.0,-6.0,44.0,4.0,529.0,-5,0,-3,2,0.004273504273504258,1
-0.20000000000000007,-66.2,-126.60000000000001,-3.6,-430.0,3,10,6,-4,0.026470588235294135,1
0.19999999999999996,-0.20000000000000284,-3.0,0.4,-51.39999999999999,4,0,6,-3,-0.016908212560386437,0
0.0,37.199999999999996,51.400000000000006,-1.2,-110.99999999999999,3,10,3,0,-0.09999999999999998,0
0.2,14.200000000000003,-2.3999999999999986,-0.8,-5.200000000000003,1,0,3,0,-0.04166666666666663,0
0.0,-20.599999999999998,-53.8,0.4,9.800000000000004,-1,-15,3,-2,0.05714285714285716,1
0.4,38.0,46.2,1.5999999999999999,-5.400000000000006,1,0,1,-2,-0.13384813384813388,1
0.4,-9.599999999999994,-40.00000000000001,-0.6000000000000001,-141.8,-3,-10,-3,0,-0.011904761904761973,0
0.5,70.5,64.0,-0.5,-16.0,0,-10,2,0,-0.04166666666666663,0
0.0,7.0,-7.599999999999994,-2.2,-370.4,2,10,-2,2,-0.04166666666666663,0
0.39999999999999997,24.599999999999994,56.8,1.8000000000000003,226.20000000000002,1,10,1,1,-0.014285714285714346,0
-0.4,16.400000000000006,23.800000000000004,1.8,100.20000000000002,0,10,3,-2,0.0684754521963824,0
0.0,31.0,19.0,2.0,-34.5,-3,-10,0,1,0.15555555555555556,0
0.8,10.049999999999997,9.950000000000003,0.0,27.4,2,0,3,-14,0.07203065134099618,1
0.8,21.4,10.200000000000003,0.3999999999999999,-28.8,-4,0,-5,-6,0.13157894736842102,1
0.0,-10.899999999999999,0.3999999999999986,-2.3,-13.599999999999994,0,0,-2,8,-0.05862068965517242,0
0.0,-21.0,-87.0,0.0,51.5,2,0,2,0,-0.12337662337662336,1
-0.6,-16.200000000000003,6.200000000000003,0.8,485.4,0,20,-1,-10,0.130718954248366,1
0.8,-27.6,-53.0,-1.2,-149.8,-2,0,6,-5,0.14074074074074072,1
0.0,18.0,17.0,0.33333333333333337,-82.0,-4,0,0,-2,-0.10822510822510822,1
1.0,46.0,98.0,-1.0,512.0,-4,-10,0,2,-0.13201663201663205,1
0.6,-4.399999999999999,-48.00000000000001,-0.7999999999999999,-213.2,-2,0,-4,-4,-0.045098039215686225,0
0.0,9.0,28.0,1.0,60.0,-3,15,-5,11,0.04166666666666663,0
0.0,-47.0,-45.0,2.0,-107.0,1,0,-1,5,-0.07034482758620686,0
-0.55,20.450000000000003,28.5,0.15000000000000002,35.3,-1,0,-1,6,0.03987240829346084,0
0.0,-20.800000000000004,-24.599999999999994,-1.0,-28.800000000000004,-4,-20,-2,3,0.021164021164021163,1
-0.6666666666666666,-21.6,-18.066666666666663,0.6666666666666667,135.46666666666667,1,0,-2,8,-0.05982905982905984,1
-0.4,-44.400000000000006,-49.4,0.5999999999999999,53.2,1,0,1,0,-0.03404255319148941,1
1.0,-31.0,-36.5,-0.25,-15.0,2,0,2,-4,0.017369727047146455,1
0.0,-30.0,-49.0,0.0,-21.0,-3,-10,-6,-4,-0.04040404040404044,1
0.0,-10.666666666666668,-18.666666666666664,0.0,24.33333333333333,1,0,-2,5,-0.17647058823529405,1
0.0,1.0,-11.0,0.0,38.0,0,0,1,7,-0.29220779220779225,1
-0.19999999999999996,7.399999999999999,6.0,0.2,-21.200000000000003,-2,0,-6,2,-0.019736842105263164,1
0.3333333333333333,-13.666666666666668,-21.666666666666664,-0.6666666666666667,17.33333333333333,1,22,-4,-3,-0.014285714285714346,0
0,0,0,0,0,-1,-10,3,3,-0.04761904761904767,1
0.6666666666666666,-18.0,-31.666666666666664,0.33333333333333326,-54.33333333333333,1,10,2,-3,-0.1026086956521739,0
0.0,-12.0,-9.5,0.0,172.0,0,0,-2,4,0.07499999999999996,0
-0.4,-22.799999999999997,-34.199999999999996,0.6000000000000001,74.60000000000001,-2,0,-3,-1,-0.055335968379446654,1
0.0,25.0,42.0,1.0,60.0,2,20,4,1,-0.13095238095238093,0
-0.7999999999999999,-17.000000000000004,-0.4000000000000057,3.1999999999999997,300.0,-3,0,-4,1,0.2811594202898551,1
-0.4,35.0,15.800000000000004,-2.4,-140.0,-1,0,0,4,0.07407407407407407,1
0.2,11.899999999999999,43.5,0.09999999999999998,106.0,1,-10,3,-3,0.2153846153846154,1
0.0,1.6666666666666679,-0.46666666666666146,0.0,24.13333333333334,1,0,2,11,0.18571428571428572,1
-0.09999999999999998,-15.100000000000001,4.5,1.4,146.6,-4,0,-1,-9,0.013062409288824406,0
0.6,17.200000000000003,37.8,0.19999999999999996,126.19999999999999,0,0,-2,9,0.07285714285714295,1
0,0,0,0,0,-4,0,0,2,0.09627329192546574,1
0.5,33.0,47.0,-0.5,123.5,2,0,1,1,-0.09210526315789469,1
0.0,51.4,72.2,1.6,-16.0,-2,0,-6,4,-0.012820512820512775,1
-1.0,18.9,47.900000000000006,2.0,144.3,0,0,-3,2,0.13193403298350825,0
0.0,24.0,43.0,1.0,60.0,-2,0,1,-3,0.007936507936507908,0
-0.6000000000000001,53.199999999999996,40.0,0.6000000000000001,-1.4000000000000057,-1,43,5,0,0.2732095490716181,1
0.4,3.799999999999997,0.5999999999999943,-0.7999999999999999,-52.999999999999986,0,10,-1,3,0.09161490683229812,0
0.2,40.400000000000006,44.0,-1.2000000000000002,-87.80000000000001,1,0,0,3,-0.03511705685618727,0
0.6,-20.799999999999997,-42.400000000000006,-4.199999999999999,-199.60000000000002,-5,25,-6,7,-0.082995951417004,0
0.0,-44.199999999999996,-52.0,-2.2,-249.59999999999997,0,0,-5,3,-0.08835904628330993,0
-0.6,26.4,36.4,1.0,68.19999999999999,-2,-10,0,4,0.020989505247376306,0
0.0,2.6000000000000014,9.399999999999999,2.4,302.4,-6,0,-4,8,0.0267857142857143,0
-0.6,-9.899999999999999,-17.0,0.8,17.5,0,0,1,8,0.02857142857142858,0
0.2,2.700000000000003,-52.6,-0.3,-166.0,-1,10,0,7,-0.2848484848484849,0
-1.0,-20.0,-24.0,-1.0,13.0,-2,0,-6,-5,0.13186813186813184,1
0.2,-11.600000000000001,-27.4,-1.0,-48.4,-3,0,0,7,-0.07931034482758614,1
0.19999999999999996,0.7000000000000028,-33.099999999999994,-0.5,-132.5,3,0,3,-3,0.022727272727272707,1
0.2,5.0,12.400000000000006,-1.2,83.6,-4,0,-9,6,-0.2333333333333334,0
-1.0,11.199999999999996,41.0,3.0,383.6,-1,15,7,-5,0.02564102564102566,0
-0.6000000000000001,11.200000000000003,10.800000000000004,-0.2,-42.800000000000004,-1,0,0,4,-0.017069701280227667,1
0.6,-13.200000000000003,-28.200000000000003,0.4,45.599999999999994,2,10,2,6,-0.0729312762973352,1
0.0,22.8,26.4,-0.6000000000000001,-37.400000000000006,-2,0,-3,6,-0.099290780141844,0
0.4,-17.2,-16.6,-0.4,34.599999999999994,-2,-15,-4,-2,0.06127450980392157,1
0.0,18.549999999999997,0.29999999999999716,-1.6,-159.1,1,0,1,2,-0.18210526315789466,0
-0.25,23.666666666666664,50.83333333333333,2.0,180.91666666666666,1,0,-1,1,0.024137931034482807,0
0.2,0.8000000000000007,5.0000000000000036,0.19999999999999996,-21.599999999999994,0,15,0,1,-0.06795131845841784,0
0.2,13.199999999999996,51.4,2.0,430.99999999999994,3,-20,0,3,-0.18125000000000002,0
0.0,-10.0,-26.5,0.0,-6.0,-3,0,-2,-1,-0.011494252873563204,1
0.0,-1.0,-21.333333333333336,0.0,-31.333333333333332,-1,0,-6,1,0.05555555555555547,0
0.0,-13.333333333333332,-18.0,0.0,107.0,-2,-15,0,13,0.0,0
0.0,65.4,77.60000000000001,0.6,74.8,3,0,0,0,0.009523809523809601,1
0.0,-62.599999999999994,-24.200000000000003,1.4000000000000001,111.0,-1,10,1,-1,0.10476190476190483,1
0.39999999999999997,15.8,12.8,1.4000000000000001,8.600000000000023,0,0,4,0,-0.11294117647058821,0
-0.2,0.6000000000000014,-1.7000000000000028,-1.0,-45.400000000000006,1,0,3,-4,0.1493212669683257,1
-0.19999999999999996,-36.8,-46.599999999999994,-0.8,-159.4,-1,0,3,4,0.07246376811594202,0
0.2,-36.4,-34.800000000000004,2.6,87.80000000000001,-1,-10,-1,-3,0.1714975845410628,0
-0.2,-4.399999999999999,7.400000000000006,0.6000000000000001,165.8,-1,-15,-1,-3,-0.022177419354838745,0
0.2,23.6,16.799999999999997,-1.0,-164.2,3,0,2,-2,0.17307692307692313,0
-0.6,19.199999999999996,47.199999999999996,-1.5999999999999999,-71.0,0,0,0,-1,0.18825910931174084,1
0.0,42.4,75.8,-0.20000000000000018,303.0,-1,0,-5,-4,0.04761904761904756,1
0.39999999999999997,21.199999999999996,16.4,-0.7999999999999999,-66.8,-4,0,-4,3,0.11085972850678727,0
0.4,-8.0,-11.799999999999997,-1.0,20.400000000000006,-2,0,3,6,-0.00836120401337792,1
-0.3,-36.2,-68.6,1.1,-53.39999999999998,-4,0,-3,2,-0.09130434782608687,0
-0.4666666666666666,46.8,49.86666666666667,0.2,-49.4,2,-26,2,9,0.047826086956521685,1
0.4,24.400000000000002,25.6,0.4,-31.0,-2,0,-3,10,-0.008130081300812941,1
-0.4666666666666666,-27.4,-37.06666666666667,-1.3333333333333333,-127.6,-3,1,-6,13,-0.3185185185185186,0
0.0,-17.4,-26.799999999999997,1.4,-58.39999999999998,-1,0,0,-5,-0.005797101449275366,0
0,0,0,0,0,-1,-10,1,1,-0.10683760683760679,0
0.0,20.5,24.75,0.25,-0.25,-1,0,-2,-9,0.14814814814814814,1
0.0,-29.4,-15.200000000000003,1.0,298.4,6,0,5,3,-0.1699604743083004,0
-0.2,-14.600000000000001,-7.399999999999999,3.1999999999999997,143.8,-1,0,0,3,0.030303030303030387,1
0.2,-10.600000000000001,-13.0,2.4,158.2,1,0,1,5,0.058441558441558406,1
0.0,-21.0,-18.0,-1.0,-60.0,1,0,-2,1,0.07432432432432434,0
0.0,51.8,75.2,1.35,79.80000000000001,-3,0,-4,9,0.017857142857142905,0
0,0,0,0,0,4,0,0,-4,-0.031746031746031744,0
-0.6,39.800000000000004,22.39999999999999,-1.0000000000000002,-160.00000000000003,-4,0,-6,3,-0.1869387755102041,0
0,0,0,0,0,3,-10,5,9,0.07692307692307687,1
0,0,0,0,0,-4,0,-6,0,-0.033653846153846145,0
0.6,24.799999999999997,6.599999999999994,-0.8,-98.80000000000001,-2,0,-3,-2,-0.033333333333333326,1
0.4,-14.399999999999999,-27.0,0.0,50.599999999999994,-2,20,-1,7,-0.16190476190476188,0
0.0,27.0,16.33333333333333,-1.0,13.666666666666671,-1,0,5,-5,-0.1517857142857143,0
0.2,22.799999999999997,20.0,-0.19999999999999996,119.80000000000001,5,15,-3,-1,-0.06304985337243396,0
-0.3333333333333333,15.333333333333336,14.533333333333331,-1.1333333333333335,-43.400000000000006,-2,0,0,8,0.06349206349206349,1
0,0,0,0,0,4,-2,11,-2,-0.23750000000000004,1
0,0,0,0,0,0,-20,-5,-1,-0.10119047619047616,0
0.0,13.666666666666668,14.333333333333336,0.6666666666666667,-118.66666666666666,4,0,3,-7,-0.0980392156862745,1
0.2,43.0,51.599999999999994,0.2,48.0,1,0,-2,-1,-0.006666666666666599,1
1.0,42.0,36.0,2.0,94.0,-2,0,0,4,0.049071618037135334,1
-0.2,36.4,68.0,5.2,344.0,0,15,-3,-5,-0.05833333333333335,0
0.4,-21.4,-34.6,-1.0,-0.20000000000000284,1,8,-4,12,-0.15744400527009217,1
1.0,-16.5,-10.5,-0.5,131.0,1,0,-3,-7,0.11794871794871786,1
0.4,27.4,0.3999999999999986,-1.6,-127.2,0,0,-4,2,-0.029761904761904767,1
0.6,-21.200000000000003,-28.1,0.0,-28.799999999999997,1,0,-1,0,0.043010752688172116,0
0.0,-36.0,-29.0,-1.0,71.0,3,10,-1,-5,0.05921052631578949,1
0.0,-17.333333333333332,-17.333333333333332,0.0,1.0,4,-20,-4,-14,-0.1923076923076923,0
0.0,-8.0,-26.33333333333333,-0.33333333333333326,-128.33333333333334,1,0,0,-7,0.1523809523809524,1
0.0,-8.0,0.0,0.0,60.0,-4,-10,-1,-5,0.07857142857142863,1
0.0,15.0,19.0,0.0,1.0,1,0,-3,0,0.125,1
0.0,31.0,80.0,0.0,70.0,4,-15,6,-7,-0.015503875968992165,1
0.0,2.200000000000003,4.0,0.0,-69.19999999999999,-1,-10,4,-5,0.06615384615384612,0
-0.6000000000000001,-24.999999999999996,-6.799999999999997,0.7999999999999999,36.6,3,0,7,-1,-0.10108695652173916,0
-0.2,-12.600000000000001,-63.199999999999996,-1.6,-158.0,-2,0,0,2,0.006968641114982632,1
0.8,-23.6,-37.8,-1.0,-58.0,-5,0,-6,2,-0.027859237536656978,0
0.0,-19.4,-8.799999999999997,1.7999999999999998,190.2,2,0,6,3,-0.11779448621553879,0
-0.4,-19.85,-14.950000000000003,1.55,175.4,-2,0,-2,13,-0.12091503267973858,0
-0.5,0.75,-33.25,0.75,158.25,-4,-10,-3,1,-0.015384615384615441,1
0.0,2.933333333333337,-42.53333333333333,-3.933333333333333,-536.5333333333333,-6,0,-8,5,0.1166666666666667,1
0.25,42.9,47.75,-1.4500000000000002,132.8,-5,0,-4,-1,0.05555555555555558,1
0.5,-24.0,-25.5,-0.5,-33.0,-1,0,-1,-3,-0.06060606060606066,0
0.0,1.0,18.0,-1.0,49.0,2,15,-1,-5,0.07142857142857151,1
0.3333333333333333,-14.333333333333332,-8.0,-1.0,-16.0,2,0,4,8,-0.06959706959706957,0
0.0,5.0,8.0,5.0,547.0,3,10,0,-2,0.050000000000000044,1
0.0,-24.8,-10.399999999999999,0.0,31.6,-4,0,1,5,-0.09777777777777774,0
0.0,3.799999999999997,6.799999999999997,-0.20000000000000007,1.3999999999999986,3,-15,2,8,0.04288164665523153,1
-0.2,15.600000000000001,28.0,1.4,157.0,-2,0,-4,-4,-0.05128205128205121,0
0.6,8.399999999999999,-5.399999999999999,-1.0,41.400000000000006,1,0,2,6,0.08809523809523812,1
0,0,0,0,0,4,10,3,-6,0.2941176470588235,1
-1.0,34.0,78.0,-1.0,278.0,-4,-10,-4,2,0.0357142857142857,1
0.3333333333333333,16.066666666666663,17.6,0.7333333333333333,-16.86666666666666,4,0,5,4,0.09558823529411764,1
0.0,-23.0,-37.0,0.0,89.19999999999999,1,0,-1,5,0.14141414141414144,0
0.0,5.0,-56.333333333333336,-6.0,-549.0,-3,0,-2,-1,-0.11904761904761907,1
0.0,1.5,-6.5,-0.5,-111.0,-4,10,2,-4,0.028787878787878696,1
0.5,-37.0,-78.25,-2.5,-155.75,0,0,1,-3,0.21568627450980393,0
-0.5,-20.0,-25.75,0.5,40.5,0,0,-3,-3,-0.04583333333333328,1
-0.6000000000000001,1.0,45.99999999999999,1.0,143.2,-4,-25,-7,6,0.17268292682926834,1
-0.2,5.399999999999999,10.400000000000006,2.4000000000000004,99.80000000000001,1,0,6,-5,-0.05555555555555558,0
0.2,-21.000000000000004,-8.200000000000003,1.4000000000000001,226.60000000000002,2,0,1,3,0.11904761904761907,0
-0.75,-20.5,-16.5,0.5,33.0,1,20,1,-1,-0.09696969696969704,1
0.06666666666666671,-56.2,-54.2,0.4,25.666666666666664,-3,0,-3,5,-0.10883620689655171,0
0.6,22.266666666666666,27.0,0.33333333333333337,72.80000000000001,0,0,-1,-5,0.13333333333333341,0
0.0,0.0,-5.0,1.0,86.0,-3,0,-2,-3,-0.010144927536231862,1
0.0,22.0,33.5,0.0,57.0,-1,0,-2,1,0.026666666666666727,0
0.3,42.6,38.5,0.5,30.4,-2,0,-3,-2,0.14920634920634923,1
-0.6,-47.0,-52.6,-1.2,-41.0,0,0,0,2,0.01547987616099078,0
1.25,13.75,-26.5,-0.5,-130.5,0,-10,5,-5,0.14583333333333337,1
-0.2,14.5,17.7,0.0,13.100000000000001,4,-3,6,-7,0.14583333333333337,0
-0.55,9.649999999999999,13.149999999999999,-0.2,-1.9499999999999993,-2,0,-1,-1,0.09080459770114946,0
0.2,-20.400000000000006,-30.200000000000003,-0.39999999999999997,-56.800000000000004,1,10,8,0,0.10389610389610393,1
0.0,-24.2,-26.199999999999996,-0.40000000000000013,-103.20000000000002,1,0,1,-7,0.03676470588235292,1
1.0,-6.5,-13.5,0.0,66.0,1,0,0,6,-0.14095238095238094,1
0.0,32.6,23.800000000000004,-0.6,-68.8,2,25,-1,-5,-0.07951987996999255,1
0.2,-27.599999999999998,-54.400000000000006,1.0,-86.60000000000002,-2,0,-3,-3,0.0926640926640927,0
0.2,-26.800000000000004,-35.599999999999994,0.0,-11.999999999999993,0,-15,-2,10,-0.12373737373737381,0
-0.8,-39.6,-44.5,0.30000000000000004,27.099999999999994,0,0,0,8,-0.044117647058823484,0
0.3333333333333333,27.0,10.0,-0.33333333333333337,-43.33333333333333,3,0,4,4,-0.12121212121212122,1
0.0,-14.25,1.75,-1.25,-249.75,3,0,-1,-1,-0.17142857142857143,0
0,0,0,0,0,-4,0,0,0,-0.08333333333333337,0
0.5,-30.5,-17.0,1.0,210.0,-2,-4,0,6,0.2333333333333334,1
0.0,-11.200000000000003,2.1000000000000014,0.8,75.6,-2,0,-3,2,-0.008522727272727293,1
-1.6,23.999999999999993,52.599999999999994,4.0,503.6,1,0,-4,0,0.2142857142857143,1
0.2,46.8,39.6,-0.4,-104.6,1,15,4,3,-0.0031796502384737746,1
-0.4666666666666666,-4.7333333333333325,-3.7333333333333307,-0.1333333333333333,4.600000000000001,-1,0,3,6,-0.15000000000000002,0
0.09999999999999998,-51.7,-76.2,-0.85,-35.95,-4,-1,-1,3,-0.07268292682926836,1
0.0,-16.799999999999997,-20.400000000000006,0.8,10.0,-1,0,-3,-2,-0.0026881720430107503,1
-0.2,37.0,28.799999999999997,0.0,-139.0,1,0,2,-8,0.0406732117812062,0
0.8,-16.2,-31.2,-0.6,8.599999999999994,-4,15,-2,4,0.03214285714285714,1
0.0,-6.0,11.0,0.0,156.0,-1,0,-4,-14,0.04629629629629628,1
0.4,38.4,50.0,-0.8000000000000003,-107.60000000000002,-2,0,-5,0,-0.08947368421052637,1
0.0,38.75,45.75,-0.5,106.75,1,0,-3,7,-0.12444444444444447,0
0.0,-22.2,-28.4,2.0,189.59999999999997,1,10,2,5,-0.06428571428571428,0
0.2,-17.0,-22.6,-0.6,-79.19999999999999,1,0,1,6,0.0843989769820972,0
-0.15000000000000002,1.7999999999999972,-0.9500000000000028,-0.9,-20.05000000000001,1,20,1,3,0.012820512820512775,1
0.8,-41.4,-37.4,-0.6000000000000001,69.4,0,0,1,5,-0.1386554621848739,1
0.39999999999999997,4.600000000000001,13.799999999999997,0.2,20.6,0,-20,0,-10,-0.04991087344028522,0
0.0,20.799999999999997,16.799999999999997,0.3999999999999999,70.19999999999999,-2,0,-5,1,0.13685152057245076,0
0.0,-6.799999999999997,4.0,0.6000000000000001,183.2,-2,0,-2,2,-0.26086956521739124,0
0.0,-1.2666666666666675,-3.0,1.6666666666666667,46.733333333333334,0,0,3,1,0.14095744680851063,1
0.0,-14.800000000000004,-32.8,-0.6000000000000001,-98.6,-1,15,0,3,0.09009009009009017,1
0.0,-19.6,-3.0,1.2000000000000002,281.2,-3,38,-5,-2,-0.009803921568627527,0
-0.2,-21.6,-12.200000000000003,1.0,22.0,-1,15,-1,-2,0.19047619047619047,1
-0.2,16.0,14.200000000000003,0.0,83.80000000000001,-2,0,-5,1,0.0714285714285714,1
0.0,30.5,44.0,-0.5,-101.0,1,20,3,4,-0.04166666666666663,1
-0.8,-13.799999999999997,-14.799999999999997,0.8,190.79999999999998,4,0,7,-3,-0.01597051597051591,1
0.2,17.6,4.799999999999997,-0.6,35.8,3,15,0,10,-0.0357142857142857,1
0.0,7.25,6.5,-0.75,-95.5,0,0,0,-13,0.2777777777777778,1
0.2,0.6000000000000014,-15.799999999999997,-1.4,-166.6,-4,25,-8,3,-0.2977392977392978,0
0.19999999999999996,18.6,20.60000000000001,1.2,7.0,-1,0,1,9,-0.006707317073170738,1
-0.2,16.2,8.600000000000001,-0.19999999999999996,4.200000000000003,0,5,1,2,-0.1280788177339902,0
-0.6,-1.0,9.200000000000003,0.6,16.4,-1,0,0,-1,0.3038277511961722,1
-0.2,14.2,21.4,-0.6000000000000001,-70.6,-2,0,0,-10,0.22115384615384615,1
2.0,-15.0,-30.0,-1.0,-56.0,1,0,-2,0,0.10769230769230775,1
-0.4,8.0,33.0,3.2,122.59999999999997,-3,0,-2,-2,0.21825396825396826,1
0.8,-34.3,-42.1,-0.85,-38.6,-1,0,0,1,0.07624633431085048,1
0.0,44.0,53.0,0.0,389.0,0,0,2,-4,0.25919732441471566,1
0.0,-6.666666666666664,-50.66666666666667,-1.6666666666666665,-314.3333333333333,-5,-20,-5,0,-0.09999999999999998,0
0.0,-1.5,-6.5,1.0,220.5,-2,0,1,5,0.019230769230769273,1
0.5,-23.66666666666667,-1.0,7.833333333333333,256.5,-2,0,-3,-5,0.15384615384615385,1
0.0,3.1999999999999957,17.199999999999996,-0.19999999999999996,10.0,-3,-15,0,10,-0.05183946488294322,1
0.0,14.200000000000003,38.80000000000001,3.8,206.20000000000002,-2,0,-2,-6,0.018761726078799223,1
0.0,-1.6666666666666714,9.0,5.333333333333334,321.0,3,10,1,-1,0.36403508771929816,1
0.0,-3.799999999999997,0.3999999999999986,0.6,38.8,1,0,2,-5,0.1743697478991596,1
0.85,4.949999999999999,0.6999999999999993,-0.35,-20.700000000000003,-2,15,-3,4,-0.008421052631578996,1
0.0,8.533333333333335,53.2,0.7999999999999998,-71.66666666666669,-4,0,-3,3,-0.20879120879120883,0
0.0,-25.4,-17.46666666666667,-2.8,-36.400000000000006,1,10,7,0,0.10919540229885061,1
0.0,-84.33333333333333,-123.66666666666666,-1.6666666666666667,-53.0,1,15,2,-1,0.008152173913043459,1
-0.2,-11.2,3.3999999999999986,-0.19999999999999996,120.4,-2,-20,-1,7,-0.0117647058823529,0
0.0,17.2,19.799999999999997,0.4,61.0,-4,0,-4,9,0.0958498023715415,1
-0.6,-13.799999999999997,-23.199999999999996,0.6000000000000001,98.60000000000001,-4,0,0,5,-0.01754385964912286,1
-0.6666666666666666,11.666666666666657,0.6666666666666714,0.6666666666666666,-191.66666666666669,1,10,1,6,0.0688405797101449,1
0.0,-27.333333333333332,-45.0,-2.666666666666667,-170.33333333333331,3,0,4,7,-0.06666666666666665,0
-0.6,80.86666666666667,79.86666666666667,-0.4,-15.466666666666665,-4,0,-6,-1,0.11648745519713266,1
-0.2,1.6000000000000014,-12.200000000000003,-1.8000000000000003,-81.8,-1,10,-1,4,-0.10749385749385743,1
-0.2,-19.199999999999996,-1.2000000000000028,-0.4,-5.800000000000004,4,10,3,-2,-0.02941176470588236,1
0.0,-35.0,-73.6,0.0,-65.0,-3,-15,-1,4,0.07391304347826089,0
-0.4666666666666666,12.466666666666665,16.0,-1.0666666666666669,-103.73333333333335,1,-10,-2,3,-0.10256410256410264,0
0.3333333333333333,36.666666666666664,49.666666666666664,2.0,247.33333333333334,-1,0,-1,-1,-0.09615384615384615,1
0.0,22.4,22.60000000000001,0.7999999999999999,105.0,3,-15,1,5,0.10458284371327853,1
0.6,56.8,83.8,0.6,103.8,2,0,-1,-12,-0.02777777777777779,1
0.5,49.0,76.5,1.75,164.25,0,0,1,0,-0.055882352941176494,1
0.5,-24.700000000000003,-34.85,-0.050000000000000044,-46.25,2,0,1,-11,-0.20833333333333337,1
0.6,39.4,68.6,0.7,157.4,-1,0,-4,1,-0.012307692307692242,1
0.19999999999999996,19.6,17.0,1.0,30.200000000000003,-3,0,-3,-4,-0.015503875968992165,1
-0.5,-24.7,-2.6000000000000014,2.55,223.60000000000002,0,0,0,1,-0.022222222222222254,1
-0.7999999999999999,50.2,87.2,1.2,163.6,-2,0,2,5,0.11594202898550732,1
-0.2,24.4,63.6,1.8,355.2,-1,-10,2,1,0.17272727272727273,0
0.0,21.599999999999994,33.599999999999994,0.0,47.39999999999999,-3,-10,-2,6,-0.05892255892255893,0
0.0,-49.0,-67.0,0.6666666666666667,54.333333333333336,0,-10,0,0,-0.04761904761904756,0
0.8,-2.6000000000000014,-15.0,-0.8,27.200000000000003,-1,35,-5,8,0.015503875968992165,1
0.0,5.950000000000003,-47.6,-2.75,-371.25,-1,0,-6,6,-0.22807017543859653,1
0.0,-6.0,-21.0,1.0,105.0,-4,0,-6,0,-0.074712643678161,1
1.0,18.9,-22.799999999999997,-0.7000000000000002,-288.7,0,10,-1,-8,0.046666666666666745,1
0.0,22.0,36.0,1.0,53.0,-1,10,-4,-4,-0.06666666666666665,0
0.0,4.5,29.5,2.5,276.0,2,0,0,0,-0.17460317460317454,1
0.0,3.0,-8.5,-0.75,-59.75,-4,0,-3,0,-0.1743589743589744,0
0.4,28.799999999999997,12.600000000000001,-3.8,-167.8,-1,0,1,-3,-0.013184584178498993,1
0.2,-21.599999999999994,-23.200000000000003,0.19999999999999996,-4.599999999999994,0,0,-3,5,0.07857142857142863,0
-1.4000000000000001,13.399999999999999,12.199999999999996,0.0,7.199999999999999,-2,-20,-1,0,0.1785714285714285,1
0.0,80.2,59.400000000000006,-0.4,-84.4,5,0,5,2,0.10973084886128359,1
0.8,-22.6,-34.8,-1.6,-181.4,0,0,2,-3,0.004807692307692291,1
-0.2,-15.199999999999996,-11.600000000000001,1.4,95.80000000000001,1,0,1,1,0.054263565891472854,1
0.0,-29.0,-32.0,-1.0,-68.0,-4,0,1,0,0.03743315508021383,1
0.2,14.2,-7.0,-0.5999999999999999,-124.6,1,-15,5,7,-0.32662835249042155,0
-0.25,-42.25,-42.0,-0.5,-3.75,-2,0,-5,6,0.080952380952381,0
0.2,17.599999999999994,18.0,-0.4,-12.000000000000004,0,0,-1,-1,0.11111111111111105,1
-0.25,-33.8,-8.200000000000003,0.4,178.9,-3,10,0,4,-0.09375,0
-1.4666666666666668,-36.6,-8.533333333333331,1.0,16.19999999999999,-1,0,-1,5,-0.05629629629629629,1
0.0,-30.700000000000003,-18.549999999999997,1.1,-1.6500000000000057,-1,-10,-1,0,-0.13285024154589375,0
-0.3333333333333333,26.5,64.16666666666667,0.0,59.666666666666664,0,0,-1,2,0.09230769230769231,1
0.3999999999999999,19.4,31.199999999999996,0.8,70.4,-3,0,0,7,0.025203252032520385,0
0.2,-27.000000000000004,-33.8,-4.0,-188.60000000000002,-1,0,-3,10,0.048872180451127845,0
0.0,-1.0,0.6000000000000014,-0.6,-13.0,4,0,1,7,-0.07189542483660127,0
0.0,30.0,74.4,0.4,178.2,-8,-19,-6,3,0.012338425381903662,1
0.4,-6.0,-22.799999999999997,-1.0,-44.8,1,0,-1,3,-0.01602564102564108,1
0.8,2.8000000000000007,1.2000000000000028,-0.8,-49.19999999999999,0,0,-1,-2,0.04166666666666663,1
0.06666666666666671,14.2,6.066666666666663,0.6,3.0666666666666664,-3,0,-4,2,0.1004784688995215,0
0.0,7.0,-11.5,-7.5,-483.0,-1,0,-1,-2,-0.1071428571428571,0
0,0,0,0,0,-3,-10,-1,-5,-0.02777777777777779,0
0.0,4.666666666666664,-22.333333333333336,0.3333333333333333,12.333333333333332,0,0,2,4,-0.007692307692307665,0
0.0,30.0,31.333333333333336,0.0,91.33333333333334,-2,-10,-2,9,-0.19499999999999995,0
0.3333333333333333,-31.333333333333336,-49.0,-0.6666666666666667,-31.333333333333332,0,0,-4,1,-0.11253196930946285,0
0.0,-17.4,-33.8,1.0,67.8,-1,0,-2,3,-0.025000000000000022,0
0.2,32.0,19.599999999999994,-0.8,-43.0,5,-12,4,2,-0.06000000000000005,1
0.0,8.199999999999996,20.60000000000001,0.6,79.4,1,0,-1,-10,0.13782051282051277,1
-0.25,-6.299999999999997,7.0,1.2000000000000002,-4.849999999999994,-6,-15,-4,3,-0.05583126550868489,0
-0.2,13.799999999999997,21.0,0.0,127.8,3,0,2,-1,0.10074074074074069,0
-0.2,-13.600000000000001,-13.200000000000003,-1.5999999999999999,-22.799999999999983,4,0,7,-3,0.026915113871635588,0
0.0,-22.200000000000003,-27.0,0.9999999999999999,120.4,0,10,0,-5,0.18487394957983194,1
0.6,-20.4,-45.0,-0.4,-73.0,1,0,2,5,-0.11875000000000002,0
-0.04999999999999999,-18.9,41.8,-0.2999999999999998,-54.05000000000001,4,0,0,4,-0.1636506687647522,0
0.2,3.0,0.3999999999999986,1.0,154.4,-1,-10,-4,0,-0.09510869565217395,0
0.0,1.0,74.0,0.0,239.0,4,20,3,1,-0.12019230769230771,0
0.0,-5.0,46.8,2.2,210.8,2,0,2,4,-0.02741935483870961,1
0.0,-38.0,-55.0,-1.0,-29.0,1,10,-2,-2,-0.0625,1
0.0,-1.5,29.0,2.0,144.5,2,0,-1,4,0.2142857142857143,1
0.6,-27.599999999999994,-62.0,0.0,-53.79999999999998,5,5,8,-3,-0.07999999999999996,0
-0.19999999999999996,-30.400000000000002,-29.200000000000003,-0.4,-52.2,1,-10,4,-1,0.1426829268292683,0
-0.19999999999999996,-3.8000000000000007,1.3999999999999986,-0.4,68.2,1,-15,-1,7,0.1027667984189723,0
0.0,-30.200000000000003,-27.799999999999997,1.2000000000000002,31.0,3,15,3,0,0.02488687782805421,0
1.4,22.6,9.0,0.0,7.0,-1,0,-3,7,-0.34848484848484845,0
-0.2666666666666666,-17.6,-16.266666666666666,0.0,6.4,-1,0,7,7,-0.16878402903811252,0
-0.39999999999999997,9.0,7.200000000000003,-0.4,-56.2,-3,0,-5,5,0.02716468590831911,1
0.75,8.833333333333336,-23.83333333333333,-1.0833333333333335,-237.08333333333331,0,0,1,-4,-0.21052631578947367,0
1.25,7.75,-0.5,0.0,-14.25,3,0,0,-2,0.1477272727272727,1
0.0,0.3999999999999986,1.2000000000000028,-1.2000000000000002,-23.799999999999997,2,-15,4,-4,-0.06102877070619006,1
0.0,67.5,86.5,1.5,14.5,-4,-10,2,2,0.12698412698412698,0
-0.09999999999999998,-15.5,-21.299999999999997,0.2,96.4,-3,0,-6,2,-0.19122257053291536,0
0,0,0,0,0,-1,-10,-3,4,-0.0714285714285714,1
0,0,0,0,0,1,20,5,5,0.12698412698412698,0
-0.09999999999999998,28.700000000000003,28.5,1.2,81.2,2,0,2,5,-0.20238095238095233,1
0.0,16.0,33.5,1.0,122.0,3,0,4,-3,-0.1708074534161491,1
0.5,1.25,12.75,1.25,11.0,-2,0,2,1,0.050000000000000044,1
0.0,3.0,3.0,-1.0,-11.0,4,0,6,-4,0.19090909090909092,1
0,0,0,0,0,6,0,7,-2,0.0,1
0,0,0,0,0,2,0,2,7,-0.09523809523809523,1
0,0,0,0,0,-3,10,-1,3,0.08181818181818179,0
0.0,-30.0,-27.0,-1.0,-109.0,0,0,0,6,0.07634408602150544,0
-0.75,-19.5,-27.75,0.25,-93.0,1,0,1,3,-0.14778325123152702,1
0.8,11.799999999999997,-11.399999999999999,-2.0,-316.79999999999995,-1,-15,-1,8,-0.10646900269541781,0
-0.04999999999999999,7.899999999999999,2.3000000000000007,-0.3,-37.3,0,0,1,8,-0.06666666666666665,1
0.0,43.4,34.4,1.2,181.6,-1,10,-2,-1,-0.026923076923076827,0
-0.09999999999999998,-20.6,-18.6,0.09999999999999998,26.799999999999997,1,0,0,3,-0.0714285714285714,1
0.8,-9.600000000000001,-20.200000000000003,-0.4,32.599999999999994,0,0,2,2,-0.21176470588235297,0
-1.0,14.600000000000001,19.4,0.6,88.0,0,0,6,9,-0.09047619047619038,0
0.3333333333333333,13.333333333333332,16.0,-0.6666666666666667,52.0,0,0,-3,3,-0.05654761904761907,0
1.0,-26.0,-44.0,-1.0,-54.0,1,0,-1,-2,0.13824884792626735,1
-0.4,5.800000000000001,17.733333333333334,-0.4666666666666668,22.400000000000006,-4,0,-3,9,0.03589743589743599,0
0.0,-56.666666666666664,-35.33333333333333,0.3333333333333333,113.0,-4,0,0,-4,0.07500000000000007,0
0.0,-39.33333333333333,-121.0,0.3333333333333333,-510.6666666666667,-1,0,-1,7,-0.287037037037037,1
0.6666666666666666,4.866666666666667,5.5333333333333385,-0.7333333333333333,3.066666666666663,-5,0,-3,1,-0.19444444444444442,0
-1.0,15.0,-35.5,0.0,13.0,1,0,6,-2,0.0625,1
-0.19999999999999996,23.800000000000004,18.6,-1.2,-29.599999999999994,0,0,0,-13,0.02777777777777779,1
-0.2,28.599999999999994,-16.599999999999994,-5.6000000000000005,-296.0,-3,0,-2,4,-0.11966604823747684,0
0.2,11.799999999999997,8.200000000000003,-1.0,111.6,-4,-10,-3,9,-0.005681818181818232,1
-0.5,11.399999999999999,24.9,1.0,81.69999999999999,1,-24,2,14,-0.06596701649175418,0
0.0,-3.0,3.0,0.0,0.0,-1,0,-1,7,-0.3333333333333333,0
0.39999999999999997,-26.999999999999996,-64.0,-5.2,-243.20000000000002,0,0,0,11,-0.07954545454545447,0
0.2,21.200000000000003,-11.400000000000006,-0.6000000000000001,-9.599999999999994,3,0,0,-1,0.06832298136645965,1
-0.4,8.400000000000002,-40.4,-1.6,-244.40000000000003,0,0,1,9,-0.05042016806722682,0
0.0,3.0,5.5,0.0,-71.0,-4,-45,-4,-2,0.06730769230769229,0
-0.6,-10.600000000000001,-9.0,0.6000000000000001,80.80000000000001,-4,0,-1,9,0.07037037037037042,0
-0.2,18.6,14.799999999999997,-0.19999999999999996,-2.0,-2,0,-4,9,-0.004830917874396157,0
0.4,17.200000000000003,32.0,-0.40000000000000013,109.4,-3,0,-4,8,-0.13262411347517733,0
0.0,2.5,27.5,1.5,132.0,3,0,-2,2,-0.0422691879866518,0
-0.06666666666666665,24.0,28.4,0.6666666666666667,23.799999999999997,-2,0,1,-1,0.12445887445887438,0
0.3,-10.25,-4.100000000000001,-0.8999999999999999,65.0,-3,0,-1,-4,0.1964912280701755,1
0.4,-6.600000000000001,-14.3,-0.8,16.9,-2,5,-5,7,-0.10144927536231885,1
0.6,-25.2,-45.4,0.0,6.200000000000003,-5,0,-6,-2,0.045341614906832306,0
0.0,3.0,9.0,0.0,-106.0,2,0,1,-1,0.12363636363636366,1
-0.2,28.4,20.599999999999994,-0.2,-41.6,1,45,1,1,-0.09867172675521829,0
0.0,-17.200000000000003,-63.400000000000006,-0.19999999999999996,-218.39999999999998,-1,0,0,-2,-0.16231884057971013,1
-0.5,-15.299999999999997,-1.25,1.0,165.95,-1,-10,-5,5,-0.08571428571428574,0
0.0,14.600000000000001,33.400000000000006,1.0,139.0,-3,0,-3,-2,0.04980842911877392,1
0.0,30.666666666666664,38.53333333333333,-0.1333333333333333,-36.46666666666667,0,0,2,-6,0.03980782429649965,1
0.4,-18.4,-36.4,-1.0,-53.2,1,-10,2,15,-0.10278745644599296,0
0.0,-11.5,-2.0,5.0,273.5,-1,0,-3,-1,-0.022222222222222143,0
-0.19999999999999996,24.4,32.6,-0.6,-37.00000000000001,0,-15,1,9,-0.1287625418060201,0
0.0,7.799999999999997,15.799999999999997,0.6000000000000001,30.400000000000006,1,0,4,3,0.06521739130434778,1
0.3333333333333333,13.666666666666668,-11.666666666666664,1.1666666666666665,-46.33333333333334,0,0,1,0,0.11956521739130432,1
-0.04999999999999999,24.85,26.200000000000003,-0.44999999999999996,-121.75,0,0,-1,-4,0.1461538461538462,0
-0.4,4.399999999999999,68.2,2.4,307.3,-2,0,-3,-1,0.09595959595959602,1
0.0,-9.85,-6.149999999999999,-0.7,-45.45,1,-20,-1,4,0.06666666666666665,0
-0.5,2.8500000000000014,7.600000000000001,1.2,-4.849999999999994,-3,0,-3,14,-0.03529411764705892,0
0.0,26.0,-44.333333333333336,-2.1666666666666665,-67.66666666666666,1,10,-3,6,0.017094017094017144,1
0.2,0.0,-8.799999999999997,-0.8,52.400000000000006,2,0,1,4,-0.1386554621848739,0
0.0,-38.0,-55.0,0.0,-10.0,1,0,1,-5,0.030303030303030276,1
-0.4,12.0,-5.0,-0.8,-270.40000000000003,-2,0,0,-7,0.2421052631578947,1
-0.4,-29.200000000000003,-55.599999999999994,-1.6,-196.2,1,0,-4,10,-0.12205128205128202,0
0.0,26.16666666666667,18.66666666666667,-3.1666666666666665,-350.0,0,10,0,-3,-0.16117216117216127,0
-0.3,28.9,35.4,-0.3,-15.299999999999997,-5,-20,0,5,-0.08333333333333337,0
0.3333333333333333,-13.000000000000002,-7.666666666666668,-0.6666666666666667,11.0,2,10,1,-12,0.2777777777777778,0
0.0,-17.0,-25.0,-1.0,47.0,-2,0,-5,-6,0.125,0
0.0,-13.799999999999997,-10.399999999999999,0.7999999999999999,93.80000000000001,1,0,4,-5,-0.10756302521008398,1
0.4,-9.400000000000002,-19.199999999999996,-3.8000000000000003,-201.4,6,35,8,-3,-0.0854166666666667,0
-0.08333333333333331,-25.583333333333336,-31.58333333333333,1.5,-71.41666666666669,2,0,3,-3,-0.11458333333333337,0
0.0,-68.0,20.0,1.0,56.0,4,10,1,1,-0.05128205128205121,1
-0.8,44.2,56.0,0.0,28.2,-3,10,0,6,-0.02777777777777779,1
0.0,-22.799999999999997,16.0,4.9,321.1,-3,10,-2,1,0.18939393939393934,1
0.04999999999999999,-24.299999999999997,-25.400000000000006,-0.4,-97.8,2,0,3,0,0.016666666666666607,0
-0.5,23.5,22.5,1.0,32.0,-2,0,-5,-12,-0.07777777777777783,1
0.2,-2.6000000000000014,-26.799999999999997,-0.3999999999999999,-95.0,1,0,2,0,0.20604395604395598,1
-0.8,-31.599999999999998,-27.4,0.8,64.39999999999999,4,0,1,12,0.04480286738351258,0
0.0,40.75,14.5,0.25,178.25,1,0,-1,-2,0.38690476190476186,1
0.15000000000000002,16.549999999999997,2.450000000000003,-0.35,-95.2,-3,0,1,-4,0.17500000000000004,1
0.0,-11.2,-12.6,0.0,-43.6,-1,0,0,1,-0.09999999999999998,0
0.0,7.800000000000001,38.8,2.0,205.8,0,-20,4,5,0.01904761904761909,1
-0.09999999999999998,-11.5,5.399999999999999,1.4,56.69999999999999,-1,-24,6,14,0.0792207792207793,1
-0.4,6.0,-5.600000000000001,1.5,40.099999999999994,0,0,4,-2,-0.022556390977443552,1
-0.4,-0.5999999999999943,-10.799999999999997,-0.9999999999999999,-33.80000000000001,-2,-15,-3,5,-0.09126984126984128,1
0.0,20.700000000000003,-9.399999999999999,-0.19999999999999996,-166.7,0,15,-2,-7,-0.1811594202898551,1
0.0,-5.400000000000002,-10.600000000000001,0.7999999999999999,145.8,0,15,1,7,0.05087440381558028,0
1.0,1.6666666666666643,-1.3333333333333357,0.33333333333333326,-171.33333333333331,2,0,1,5,0.15934065934065933,0
0.0,25.0,26.0,2.0,41.0,-3,-20,-8,1,-0.021390374331550777,1
0.2,17.8,4.799999999999997,-2.0,-210.2,2,-15,-2,6,-0.06072874493927127,0
-0.2,-59.8,-71.4,0.19999999999999996,38.000000000000014,-2,-10,-2,2,-0.005347593582887611,1
0.3,-22.6,-12.299999999999997,1.5,89.7,-3,14,0,2,0.22857142857142865,1
-0.8,-14.8,13.200000000000003,2.0,269.0,-1,-20,2,3,0.11904761904761907,1
0.0,12.866666666666667,-23.0,-3.866666666666667,-242.4,0,10,0,3,-0.06140350877192979,1
-0.2,20.800000000000004,18.000000000000007,0.7999999999999999,23.799999999999997,-4,0,-4,7,0.018018018018017945,0
0.0,17.8,24.0,-1.4,58.80000000000001,4,0,2,4,0.10924369747899154,1
0.0,7.0,45.0,10.0,406.0,0,0,-1,1,0.049071618037135334,0
-0.5333333333333332,-24.866666666666667,-0.6666666666666714,0.46666666666666673,38.733333333333334,-1,0,-2,9,-0.08333333333333337,1
0.0,-8.200000000000003,-2.0,-0.40000000000000036,34.19999999999999,1,0,3,-9,0.14860681114551078,1
-0.4,10.600000000000001,14.200000000000003,-1.0,73.4,1,0,0,-5,-0.03359683794466406,1
0.4,-60.0,-51.2,1.6,126.6,-2,0,2,-1,-0.08870967741935487,1
-0.6000000000000001,27.0,38.0,-2.2,-166.8,3,0,-1,4,0.04859335038363166,0
1.0,8.5,-8.75,-1.25,-138.0,4,0,6,4,0.1724137931034483,1
0.0,-16.950000000000003,-21.0,1.35,86.85,-4,-10,-5,1,0.08064516129032262,1
0.2,2.0,-13.600000000000001,-2.6,-289.6,-2,0,-5,9,-0.06985294117647056,0
0.0,-30.0,-49.0,-1.0,-60.0,-2,0,-7,-1,0.11904761904761907,1
-0.2,-12.600000000000001,-5.600000000000001,3.0,65.60000000000002,-2,0,-1,-1,-0.03379953379953371,0
0.2,-4.399999999999999,9.399999999999999,0.6,70.4,0,0,3,-2,0.1636363636363637,0
0.2,-10.8,-23.4,0.6000000000000001,48.2,-2,15,-2,0,0.025466893039049254,1
1.0,-6.0,-23.0,-1.0,-60.0,1,0,2,2,-0.18055555555555558,0
0.2,1.5999999999999979,-12.200000000000003,-0.19999999999999996,-97.19999999999999,0,0,0,-8,-0.08528428093645479,0
1.0,-18.0,-13.0,1.0,116.0,-4,-5,-6,6,0.06666666666666665,0
0.0,-15.149999999999999,-22.900000000000006,1.6,123.8,1,0,2,2,-0.004464285714285698,0
0.0,29.999999999999996,46.33333333333333,-1.0,87.66666666666667,-2,0,-6,-4,0.1507936507936508,1
-1.2,19.599999999999994,61.599999999999994,3.5999999999999996,484.4,0,0,0,-1,0.33333333333333337,1
0.4,-112.4,-107.4,2.2,204.39999999999998,-1,10,0,-5,-0.0800865800865801,1
-0.5,-12.25,-10.75,0.25,23.25,0,10,0,-1,0.04377104377104368,1
-0.25,2.25,22.0,4.75,341.5,6,0,3,-4,0.3319838056680161,1
0.2,-30.4,-39.66666666666667,1.8,180.73333333333335,2,0,3,2,-0.11363636363636365,0
0.0,33.0,34.2,-1.0,-102.00000000000001,-1,0,-1,-1,0.03205128205128205,1
0.0,68.4,72.0,-0.5999999999999996,-42.39999999999998,1,0,0,8,-0.02083333333333337,0
0.0,2.200000000000003,-5.200000000000003,0.0,-12.599999999999994,-2,-10,-3,-2,-0.033333333333333326,0
0.25,-4.0,24.75,0.5,174.25,-4,0,-7,-2,-0.0024154589371980784,1
0.06666666666666671,-40.06666666666667,-38.400000000000006,-0.4,1.5333333333333314,-3,-30,-3,11,-0.052727272727272734,0
0.0,-34.2,-51.2,-2.0,-93.2,-1,0,1,3,0.01413043478260867,0
1.0,-39.5,-31.0,0.5,-28.0,-1,0,-3,-7,0.23504273504273498,1
-0.8,0.5999999999999979,-1.2000000000000028,0.6000000000000001,8.999999999999972,2,0,-1,-4,0.07738095238095233,1
0,0,0,0,0,1,0,2,-2,0.07843137254901955,0
0.2,0.3999999999999986,-7.0,-1.0,-32.2,1,0,-3,4,-0.0854700854700855,1
1.0,53.0,94.0,0.0,293.0,4,0,0,3,-0.014705882352941124,1
0.0,-20.0,-24.666666666666664,-0.6666666666666667,-15.333333333333336,0,0,1,5,-0.28341384863123986,1
-0.5,9.600000000000001,27.549999999999997,-1.35,-45.2,-1,0,-5,-6,0.07986111111111116,0
0.0,-6.666666666666664,-20.333333333333336,-1.0,-32.33333333333333,1,0,0,6,-0.23529411764705888,0
0.5,35.5,25.0,-0.5,50.0,2,10,0,4,0.23304347826086946,1
-0.2,13.199999999999996,17.200000000000003,2.2,166.0,-2,-20,-1,10,-0.0854341736694677,0
-1.3333333333333333,104.66666666666666,95.33333333333334,3.0,-21.666666666666664,2,0,2,-6,0.23809523809523803,1
0.2,2.3999999999999986,-6.799999999999997,0.39999999999999997,-40.2,8,25,7,-9,0.13118440779610197,0
0.0,-12.166666666666664,-7.916666666666664,-0.25,44.75,-2,10,0,9,-0.0357142857142857,0
0.0,-5.0,6.5,1.0,100.5,3,0,6,6,-0.2913165266106442,0
0.6,13.0,-0.7999999999999972,-0.8,53.400000000000006,1,0,0,3,0.07435897435897443,0
0.4,14.600000000000001,24.200000000000003,-0.20000000000000007,8.599999999999994,-3,0,1,2,-0.019607843137254832,1
-0.19999999999999996,-15.600000000000001,-11.600000000000001,0.6000000000000001,57.0,5,0,5,-5,-0.11888111888111885,1
0.0,-17.75,-33.25,-0.3,-5.649999999999999,1,0,2,11,-0.04979674796747968,0
0.0,-48.2,-36.7,-4.0,-76.5,2,0,4,5,-0.024137931034482807,0
0.0,11.0,44.5,3.0,335.5,-1,0,3,-1,0.33333333333333337,1
-0.3999999999999999,-6.0,-10.600000000000009,1.8,33.2,-3,-10,-1,1,0.17666666666666664,0
0.0,32.60000000000001,26.999999999999986,1.6,2.0,0,0,2,-2,-0.018027571580063628,1
-0.39999999999999997,8.200000000000003,8.8,-0.7999999999999999,-58.20000000000002,5,-25,7,-1,-0.05384615384615388,0
0.13333333333333341,16.666666666666668,9.666666666666664,0.2,-1.0666666666666664,-1,0,-5,-6,0.011363636363636354,0
-0.1333333333333333,19.066666666666666,17.133333333333333,1.1333333333333333,19.66666666666667,0,10,4,-1,0.19069767441860463,0
0.0,-37.0,-60.4,0.9999999999999999,32.0,0,0,-2,-3,0.15479876160990713,0
-0.2,-25.0,-28.599999999999994,0.0,8.799999999999997,4,10,3,-6,0.11764705882352944,0
-1.0,-5.599999999999994,15.399999999999999,-0.2,-20.8,2,0,4,-2,-0.07976190476190481,0
0.0,-1.0,-5.600000000000001,-1.0,-22.0,-1,-20,2,2,-0.006787330316742057,1
-0.4,13.6,12.0,1.8000000000000003,90.6,-1,0,-3,2,0.047826086956521685,1
0.0,25.666666666666664,55.66666666666667,1.3333333333333335,29.666666666666657,0,0,3,1,-0.04761904761904767,0
0.0,11.799999999999997,11.0,-0.6,42.400000000000006,-1,-10,1,3,-0.23863636363636365,0
-0.7999999999999999,-4.400000000000006,-5.0,0.39999999999999997,-1.0,3,0,-2,4,0.027071369975389614,1
0.2,-21.6,-61.199999999999996,-0.8,-119.60000000000001,0,14,1,0,-0.022412656558998045,1
0.4,-19.6,-22.000000000000007,-0.8,-130.20000000000002,6,-15,6,-9,-0.03453453453453459,1
0.6,17.6,7.400000000000006,-0.8,-18.4,-5,0,-6,4,-0.16746411483253587,0
0.0,2.0,0.0,0.0,52.0,0,10,-2,0,0.04999999999999993,0
-0.04999999999999999,13.3,23.700000000000003,1.2,99.75,2,15,-1,-9,0.14027149321266963,1
-0.2,56.4,96.2,2.8,243.2,0,0,-6,-3,-0.006631299734747964,0
0.0,11.0,28.5,1.0,45.0,-3,0,-3,1,0.11231884057971009,1
-0.6666666666666666,-42.333333333333336,-40.666666666666664,0.33333333333333337,88.0,0,-10,-2,5,0.06666666666666676,1
0.0,-64.0,-65.66666666666666,0.3333333333333333,-119.83333333333333,-1,10,0,6,-0.15476190476190482,0
-0.25,-28.05,-36.75,1.4,61.05,-1,0,0,10,-0.030303030303030276,0
1.0,16.0,21.0,0.0,200.0,-2,0,0,-4,0.0357142857142857,1
0.6000000000000001,-10.199999999999996,-2.6000000000000014,1.0,-16.600000000000023,-3,0,-4,7,-0.005050505050505083,1
0.2,-19.799999999999997,-40.6,-3.8,-216.0,-6,0,-8,17,-0.3101851851851852,0
1.0,8.5,-14.25,-1.25,-47.5,2,17,1,-8,-0.04013377926421402,1
-0.6,-19.4,-6.799999999999997,0.8,189.0,-1,0,2,-6,0.05476190476190468,1
0.3333333333333333,-17.666666666666668,-6.0,0.6666666666666666,104.33333333333333,2,20,1,-5,-0.08333333333333337,1
0.15000000000000002,5.200000000000003,-15.100000000000001,-0.9,-147.4,-1,0,-2,4,-0.0063856960408684715,0
0.0,-16.0,-25.0,1.0,77.0,-1,0,0,-3,0.018567639257294433,0
0.3333333333333333,30.33333333333333,6.666666666666671,-3.0,-228.33333333333331,-5,0,0,4,-0.045698924731182755,1
-0.39999999999999997,-11.399999999999999,2.200000000000003,1.0,126.6,0,0,2,3,0.07526881720430112,1
0.0,-7.400000000000006,-40.199999999999996,-1.4,-168.39999999999998,1,0,2,-3,-0.08730158730158732,1
0.30000000000000004,-9.55,-11.5,-2.1,-109.05,-1,0,0,-1,-0.054621848739495826,0
-1.0,-18.5,-9.0,-1.0,106.0,0,0,1,3,-0.02777777777777779,1
-0.3,-27.6,-37.9,-1.5,-236.4,0,0,-1,9,0.09615384615384615,1
0.0,6.399999999999999,15.400000000000006,1.0,96.0,-2,-10,1,0,0.21666666666666667,1
0.0,-15.0,-10.700000000000003,2.8,211.8,-4,15,-6,8,0.12473118279569895,1
0.2,2.0,24.599999999999994,0.0,244.0,0,16,2,7,0.08333333333333337,1
0.09999999999999998,5.5,3.799999999999997,0.35,-28.049999999999997,-1,0,-2,7,0.15210084033613447,1
-0.19999999999999996,-20.0,-24.0,-0.2,-2.1999999999999957,-2,0,0,4,0.033333333333333326,1
0.2,-23.2,-25.199999999999996,0.0,65.19999999999999,-2,0,-3,2,0.039999999999999925,1
-0.3,8.5,36.0,2.6,319.4,2,0,4,3,0.15311004784688997,1
0,0,0,0,0,-1,0,-5,10,-0.07359307359307365,0
0.2,-6.799999999999997,-22.800000000000004,-0.4,-80.0,3,0,6,7,0.05777777777777782,1
-0.5,6.0,6.5,1.5,115.0,-1,10,-1,7,-0.04901960784313719,1
-0.6,-0.8000000000000007,-8.400000000000002,0.6,37.19999999999999,0,0,-5,5,0.00347222222222221,1
-0.6,6.600000000000001,25.799999999999997,0.6000000000000001,147.6,-5,10,-8,4,-0.021829521829521803,0
-0.6666666666666666,-11.0,-25.666666666666664,-2.0,-210.5,3,-10,1,-1,-0.2666666666666667,0
0.6,-75.5,-106.2,0.0,4.599999999999994,-2,0,-3,1,-0.036337209302325535,1
0.2,-41.8,-44.8,0.2,37.60000000000001,0,15,0,-2,0.06727272727272726,0
0.2,11.999999999999996,63.599999999999994,2.8,380.0,1,0,-3,-4,0.08049535603715163,1
0.3333333333333333,54.333333333333336,63.0,-1.0,-149.66666666666666,3,0,-1,-2,0.1785714285714286,1
0.0,13.399999999999999,-0.20000000000000284,-0.40000000000000013,-159.2,-1,0,-2,-3,-0.1645962732919255,1
0.0,-5.666666666666664,1.6666666666666714,1.3333333333333333,124.33333333333334,-2,0,-8,1,0.07386363636363635,0
-0.08333333333333331,-1.6666666666666679,8.916666666666664,4.0,248.0,2,0,3,7,0.0368421052631579,1
0.5,-26.200000000000003,-52.150000000000006,-0.75,-138.75,0,0,3,-8,-0.06833333333333336,1
0,0,0,0,0,1,10,2,1,-0.022727272727272707,0
0.19999999999999996,28.999999999999996,75.4,1.4,172.4,0,-10,-3,4,-0.04999999999999993,1
-0.3333333333333333,25.0,77.06666666666666,1.6,301.6,-3,30,-3,10,0.15586206896551724,1
-1.6666666666666667,-9.0,-29.66666666666667,1.3333333333333335,-15.333333333333336,0,0,-3,3,-0.13636363636363635,1
0.4,19.599999999999998,10.0,-2.4,-101.2,2,25,1,-5,-0.18238213399503722,1
0.19999999999999996,-9.399999999999999,-12.600000000000001,-0.8,-59.99999999999999,-1,10,-1,-4,0.10513739545997602,0
0.3333333333333333,-1.3333333333333357,-13.333333333333336,-0.33333333333333337,-36.66666666666667,-3,10,-2,3,0.03205128205128205,1
-1.3333333333333333,8.666666666666668,9.5,0.6666666666666667,-11.5,2,-15,-1,-3,-0.05263157894736836,0
-0.3,-54.8,-32.8,0.8,-53.0,0,0,-2,2,-0.12962962962962965,1
0,0,0,0,0,0,0,1,-2,-0.10482758620689658,0
0.0,-12.75,-54.0,-4.5,-302.75,3,0,0,5,-0.06304985337243396,0
0.0,-0.6499999999999986,16.700000000000003,0.3999999999999999,193.3,0,15,-1,-8,0.2633895818048423,1
0.44999999999999996,30.15,39.349999999999994,-0.25,50.900000000000006,-1,10,1,5,-0.21666666666666667,1
0.2,-65.0,-17.400000000000006,-1.0,-98.80000000000001,-1,-20,1,-7,0.06538461538461537,0
0.4,3.200000000000003,12.599999999999994,1.7999999999999998,-55.60000000000002,1,0,2,1,0.19714285714285706,1
0.0,-7.200000000000003,73.60000000000001,4.0,401.8,0,-10,-2,2,0.13913525498891344,1
-0.6,12.399999999999999,4.6000000000000085,-0.20000000000000007,72.80000000000001,2,15,2,2,0.07254623044096731,1
-0.75,-12.75,-2.25,1.0,0.25,-2,0,0,-6,0.11372549019607847,0
0.0,-74.0,-58.5,2.5,383.0,-5,0,0,1,-0.05217391304347829,0
0.0,-3.5,42.5,0.0,278.75,3,0,5,-8,0.07777777777777772,1
0.0,-45.6,-64.8,-0.2,-70.6,1,0,3,0,0.11538461538461542,0
0.0,-19.833333333333336,-58.5,0.3333333333333333,-23.166666666666668,-5,-10,-7,3,0.02564102564102566,0
0.0,-14.0,-20.0,-2.0,-124.0,-2,0,0,-5,0.13709677419354838,1
0.2666666666666666,10.733333333333334,3.1333333333333258,0.4666666666666666,-1.8000000000000114,0,10,-1,-4,0.23122529644268774,1
-0.2,3.6000000000000014,35.8,6.6000000000000005,460.2,-1,0,-5,-2,0.368421052631579,1
0.15000000000000002,7.950000000000003,9.399999999999999,-2.05,-71.6,2,0,2,3,-0.059684684684684686,1
0.0,9.8,-37.06666666666667,-2.866666666666667,-134.13333333333335,3,0,1,0,-0.11428571428571432,0
0.4,20.799999999999997,18.599999999999994,-1.2000000000000002,-47.6,-1,0,-5,3,0.021739130434782594,0
0.75,-31.25,-37.0,-1.0,-58.75,1,20,2,5,-0.018181818181818188,0
-0.1333333333333333,-61.6,-76.33333333333333,-0.33333333333333326,-127.93333333333334,-2,-25,3,1,0.09984639016897079,1
-0.2,3.799999999999997,23.266666666666673,-0.9333333333333333,-28.0,0,0,1,-6,-0.12260536398467436,0
-1.0,-3.700000000000003,-9.399999999999999,-0.5,-55.599999999999994,3,10,2,2,-0.10615384615384615,0
0.0,-11.8,18.599999999999994,3.0,110.4,1,-10,1,8,-0.05892857142857144,1
0.4,20.999999999999993,30.6,-0.2,-67.4,3,0,4,2,-0.0008873114463175957,0
-1.0,-25.85,-28.700000000000003,-1.25,27.94999999999999,2,0,1,3,-0.04571428571428571,0
-0.5999999999999999,1.7999999999999972,-1.7999999999999972,0.0,-11.800000000000004,2,0,2,5,0.13863636363636367,1
0.2,2.0,7.399999999999999,-1.0,53.79999999999998,-1,0,-1,8,0.1607142857142857,1
0.0,-6.199999999999996,-21.599999999999994,-1.2,-104.39999999999999,-3,-20,-1,-1,-0.05833333333333335,0
0.0,25.333333333333336,31.666666666666668,0.33333333333333337,-56.0,2,-20,-2,0,0.0,1
0.6,42.6,44.0,-0.8,11.6,-1,0,-1,-4,0.13970588235294112,1
-0.04999999999999999,-5.950000000000003,3.6000000000000014,1.8,170.1,0,0,0,6,-0.010489510489510523,1
0.2,52.599999999999994,54.0,-1.2,-69.6,0,0,-2,-2,0.01449275362318836,1
-0.16666666666666669,25.333333333333336,30.08333333333333,0.8333333333333333,50.5,1,0,-4,-2,0.050000000000000044,1
0.0,5.0,7.600000000000001,1.0,-15.799999999999997,0,0,-1,-5,0.04235880398671088,1
0.0,65.2,79.2,0.8,73.2,0,-10,1,8,-0.0800865800865801,0
0.0,9.800000000000004,11.599999999999994,1.8,109.60000000000001,2,-10,0,-4,0.1611111111111112,0
0.0,-7.700000000000003,-41.7,-0.7,-195.7,-1,-10,-4,1,-0.13636363636363635,1
0.4,44.7,63.0,2.2,77.10000000000002,-1,0,-1,4,-0.06470588235294117,1
1.0,-17.0,-36.0,0.0,-14.0,0,0,2,1,-0.05203619909502266,1
0.0,5.25,1.25,-0.5,22.5,-1,0,-1,3,-0.19696969696969702,0
0.0,-3.0,-25.60000000000001,-2.4,-111.0,0,10,2,0,0.006249999999999978,1
-1.0,15.5,22.0,0.5,41.5,-3,0,-3,3,0.10317460317460314,0
0.0,-10.0,-6.0,1.0,17.0,-1,0,6,-4,0.0357142857142857,0
0.2,15.0,19.599999999999994,0.0,126.80000000000001,0,0,-2,11,-0.1576923076923077,1
-0.2,7.399999999999999,24.199999999999996,0.0,28.0,-3,0,-4,-9,-0.05902777777777779,1
0.0,30.5,65.0,0.0,15.0,2,0,-2,0,0.0357142857142857,0
0.0,-30.0,-14.5,-3.0,-92.5,3,15,3,5,0.05434782608695654,0
0.2,14.400000000000006,17.0,0.19999999999999996,4.0,4,20,-1,-5,0.009523809523809601,1
0.4,12.4,11.599999999999998,0.2,57.400000000000006,0,15,-3,6,-0.13787878787878782,0
0.2,-9.600000000000001,-5.799999999999997,-0.20000000000000018,-73.6,-2,10,-5,6,-0.055335968379446654,1
0.0,-69.8,-59.6,2.2,161.4,-2,0,-1,4,-0.010138248847926246,1
0.0,26.200000000000003,39.93333333333333,-1.0666666666666669,180.7333333333333,-2,0,-2,-3,0.07152875175315565,1
-0.4,-19.800000000000004,-19.400000000000002,1.4,17.60000000000001,-1,0,4,-5,0.026827012025901986,0
-0.6,-11.0,12.600000000000001,2.6,263.2,1,15,1,-1,-0.005115089514066473,0
0.6666666666666666,-2.1666666666666643,-45.0,-1.5,-375.8333333333333,0,0,3,-1,-0.042105263157894646,1
0.0,-17.400000000000002,-10.799999999999997,0.7999999999999999,172.0,-3,-10,-2,3,0.08333333333333337,1
0.0,3.166666666666668,9.833333333333336,0.16666666666666663,-170.83333333333331,2,0,-1,-8,-0.17500000000000004,1
-1.5,5.5,10.0,2.0,58.0,2,-15,-1,-3,-0.05263157894736836,0
-0.5,-2.0,0.0,0.0,6.0,-4,0,-5,-2,-0.09782608695652173,0
0.0,12.0,13.0,2.0,145.0,-2,19,2,2,0.08571428571428574,1
0.0,-2.0,-4.0,1.0,-41.0,-2,10,-4,-6,0.08152173913043481,1
0.0,-20.0,-19.0,1.0,44.0,3,0,1,-8,0.20329670329670324,1
0.0,-16.75,-74.75,0.0,-236.0,-1,0,-2,4,0.018633540372670843,0
0.0,-3.166666666666666,2.083333333333334,-0.25,15.75,0,0,-4,1,0.028735632183907955,0
0,0,0,0,0,-2,0,2,3,0.2272727272727273,0
0.0,-17.5,-97.1,-6.2,-553.3,-1,0,-6,5,-0.1747368421052632,0
0,0,0,0,0,0,0,1,10,-0.1203208556149733,0
0.0,0.0,24.33333333333333,3.0,221.0,-2,0,-2,-7,-0.11923076923076925,0
0,0,0,0,0,1,0,1,2,0.09999999999999998,0
0,0,0,0,0,0,0,-3,-1,0.0,0
0,0,0,0,0,0,-10,0,-4,0.2222222222222222,1
-0.6,19.6,17.39999999999999,-0.4,-98.0,4,0,4,12,0.09181141439205964,0
0.6,-2.866666666666667,-26.0,0.13333333333333341,-7.4666666666666615,1,0,-1,-2,-0.029761904761904767,1
-0.4,-22.200000000000003,-8.200000000000003,-0.3999999999999999,-39.400000000000006,-1,0,-2,2,0.36904761904761896,1
-0.2,20.4,24.200000000000003,-1.4,-152.0,2,0,-2,3,0.0714285714285714,0
0.0,5.0,11.0,0.0,185.0,5,0,1,-1,0.21403508771929824,1
-0.5,8.0,6.5,-0.5,-140.5,0,0,-3,0,0.043010752688172116,1
0.0,8.0,21.799999999999997,-0.19999999999999996,166.0,-1,0,2,-2,-0.3472222222222222,0
0,0,0,0,0,1,0,-5,-10,0.10833333333333328,1
0.25,40.0,17.5,-1.25,-114.75,1,15,2,-8,-0.1428571428571429,0
0.0,40.0,59.0,1.0,60.0,2,10,-2,-8,0.14574898785425106,0
0.0,6.0,22.5,0.5,18.0,1,-10,0,1,0.12715517241379315,0
0.0,-28.666666666666664,-41.0,-0.6666666666666667,-19.0,-3,62,2,10,0.1923076923076923,1
0.15000000000000002,7.799999999999997,-25.5,-0.4,-133.55,1,-15,-1,8,-0.002457002457002422,1
0.0,5.0,-2.200000000000003,-0.6,61.2,1,-10,0,-2,-0.08333333333333337,0
0.2,-12.799999999999997,-44.2,-2.0,-191.8,3,0,3,4,-0.16758620689655168,0
-0.2,-8.400000000000002,-46.8,0.4,127.60000000000001,-1,0,-3,-6,0.01904761904761898,1
0.0,-7.599999999999994,-6.599999999999994,-0.40000000000000013,18.0,1,0,5,-11,0.07739938080495357,1
0.5,28.5,15.0,2.5,230.5,-2,0,-1,5,0.2519201228878648,1
0.6,8.2,9.8,-0.8,-75.4,-1,0,1,-4,-0.2569444444444444,1
0.0,6.4666666666666615,16.0,1.133333333333333,134.60000000000002,-2,-10,-4,2,-0.10389610389610393,1
0.0,-4.0,-23.0,-1.0,-60.0,-3,-59,1,12,0.04013377926421402,0
0.5,-12.0,-21.75,-0.75,-17.25,0,0,-5,5,-0.10129310344827591,0
0.0,-11.333333333333332,-15.333333333333336,0.0,-6.666666666666664,-2,-10,-3,17,-0.2142857142857143,0
1.0,1.5,-4.0,-2.0,-65.5,-1,0,0,3,-0.08333333333333326,0
0.2,-27.4,-43.6,-0.8,-43.0,0,10,-5,12,-0.20833333333333337,0
0.4,-1.2000000000000028,-13.0,1.2,64.6,-1,0,0,-2,0.044117647058823484,1
0.2,0.1999999999999993,-2.6000000000000014,-0.39999999999999997,-131.0,2,0,3,0,-0.12676767676767686,1
1.0,2.6000000000000014,1.8000000000000007,-0.2,-85.0,0,24,-3,-12,0.11379310344827587,0
0.4,9.599999999999998,-4.199999999999996,-1.9999999999999998,-145.2,-1,0,-4,6,0.02910052910052907,0
0.0,32.2,20.599999999999994,-1.3333333333333335,-219.53333333333336,-2,0,-3,5,0.022556390977443552,1
0.0,5.199999999999996,-3.1999999999999957,0.0,-67.19999999999999,3,0,1,-3,0.00303030303030305,0
0.2,6.799999999999997,17.4,0.6,48.0,-3,0,-1,4,-0.04991087344028522,0
0.0,-36.5,-33.5,2.5,9.5,4,0,3,3,0.05641025641025643,1
0.2,4.199999999999999,23.0,0.8,105.4,2,15,-2,-12,0.11888111888111885,1
0.4,2.066666666666663,-5.799999999999997,-0.4666666666666666,-182.5333333333333,-2,-10,0,0,-0.0816993464052288,0
-0.4,-16.599999999999994,2.200000000000003,1.0000000000000002,128.4,-2,-15,-1,7,-0.18393393393393398,0
-0.09999999999999998,-0.6000000000000014,4.700000000000003,0.6,118.1,2,25,4,-3,-0.18478260869565222,1
0.0,-21.0,-21.0,0.0,97.0,-1,0,0,0,0.0,0
0.6,-6.800000000000011,-55.0,-5.0,-424.8,2,0,-1,2,-0.15934065934065933,0
1.0,-67.2,-104.0,-1.0,-174.4,2,0,-2,-5,-0.11594202898550732,0
-0.2,137.0,139.60000000000002,-2.4,-192.2,1,-10,0,5,0.0800865800865801,0
0.0,-10.399999999999999,-9.799999999999997,-0.2,17.799999999999997,1,0,1,1,-0.019230769230769273,1
-0.5,-1.3000000000000007,9.899999999999999,1.4,141.2,-4,0,-3,8,-0.09716599190283404,0
-0.2,8.8,13.8,0.2,-13.399999999999999,5,0,3,1,-0.03968253968253965,1
0.6,-25.1,-27.1,0.0,-30.3,1,10,0,0,-0.19948849104859334,0
0.0,-15.0,-39.00000000000001,-2.6,-193.8,0,0,1,6,-0.13684210526315788,1
-0.4666666666666666,22.46666666666666,24.26666666666667,-0.4,18.19999999999999,1,0,4,2,0.2407407407407407,1
0.4,-25.05,-25.700000000000003,-2.15,-71.1,-2,-25,0,14,-0.012445887445887371,0
0.0,-1.0,-10.0,0.0,-90.0,-1,-10,-4,8,0.19499999999999995,0
0.2,-6.799999999999997,6.600000000000001,0.2,21.6,0,0,3,-6,-0.03125,1
-0.2,-10.8,-8.799999999999997,-4.4,-65.60000000000002,2,0,0,11,-0.054778554778554756,0
-0.6,-5.0,-7.199999999999996,0.0,-28.400000000000006,-2,0,-6,1,-0.043010752688172116,1
0.2,1.3999999999999986,-0.7999999999999972,-0.5999999999999999,-11.400000000000006,1,15,-1,5,0.09009009009009017,1
0.6,-18.75,-30.55,-0.55,-47.0,1,35,-1,4,-0.03921568627450989,1
0.19999999999999996,21.8,24.6,0.0,-13.399999999999999,-5,0,-3,2,0.09852941176470587,1
-0.2666666666666666,3.1999999999999993,8.399999999999999,0.8666666666666667,76.6,-1,0,-1,-2,0.017142857142857126,1
-1.0,-19.8,-2.3999999999999986,2.8,301.4666666666667,2,0,6,-1,-0.009469696969697017,1
0.0,-35.4,-63.8,-1.2000000000000002,-36.19999999999999,-1,0,1,4,0.06896551724137934,0
0.0,47.5,43.0,0.5,78.75,0,0,-3,-1,0.0892857142857143,1
1.0,-10.0,-11.0,-3.0,67.0,2,10,6,6,-0.033333333333333326,1
0.0,0.5,-15.0,1.0,3.5,-2,-16,6,-12,-0.06060606060606066,1
0.7,20.1,27.099999999999994,0.050000000000000044,-23.450000000000003,1,-30,-1,9,-0.10336341263330606,0
0.0,25.599999999999994,35.2,-1.0,37.400000000000006,2,0,0,1,0.11538461538461542,1
-0.1333333333333333,5.600000000000001,-28.933333333333323,-0.8,-178.2,2,0,3,7,0.1163043478260869,1
-0.6666666666666666,6.666666666666664,23.333333333333336,0.6666666666666667,20.333333333333336,-2,-20,1,-3,0.08571428571428574,1
0.0,-12.0,-8.666666666666664,2.0,256.0,-1,0,-1,3,0.01666666666666672,1
0.0,11.5,11.25,1.75,101.75,-1,0,4,-4,0.025000000000000022,0
0.4,5.0,-2.799999999999997,-1.0,-16.0,4,15,-1,1,-0.12217194570135748,0
-0.4,27.400000000000002,28.39999999999999,0.0,82.80000000000001,-2,0,-9,4,-0.21138996138996136,0
0.0,6.0,22.200000000000003,0.4,-63.2,-1,-15,0,2,0.06211180124223603,0
0.0,7.0,1.0,-0.5,128.0,1,0,-1,13,-0.19444444444444442,0
0.2,-38.86666666666666,-36.33333333333333,-1.8666666666666665,51.0,2,-10,3,-3,-0.1171428571428571,0
0.2,55.0,43.0,-2.0,-201.2,2,0,-1,8,0.010395010395010451,1
0.2,37.800000000000004,61.39999999999999,2.1999999999999997,-48.39999999999998,-1,-10,3,7,0.1777777777777778,1
0.0,25.2,41.0,0.4,46.2,-1,-19,0,6,0.1620553359683795,1
0,0,0,0,0,-1,0,0,0,-0.1208791208791209,1
0.4,-40.0,-62.400000000000006,-1.8,-167.39999999999998,0,0,2,-8,0.10000000000000009,0
2.0,-58.0,-88.0,-8.0,-395.0,1,0,4,-4,0.16475095785440608,0
0.6666666666666666,-14.0,-21.73333333333334,-0.26666666666666666,-45.133333333333326,-1,0,0,-6,-0.028421052631579014,0
0.0,-3.0,-16.0,1.0,17.0,-4,-10,2,2,0.05128205128205121,0
-0.2,-5.0,-7.399999999999999,0.09999999999999998,-94.4,0,0,1,-4,0.05820105820105825,1
0.0,-7.399999999999999,-34.4,-1.2,-243.2,1,0,1,4,-0.14423076923076927,1
0.0,4.199999999999996,3.3999999999999986,1.2000000000000002,111.8,0,0,4,6,0.12039312039312045,0
0.0,21.0,9.200000000000003,-0.8,-113.00000000000003,1,35,5,-2,-0.13913043478260867,1
0.2,-29.800000000000004,-26.19999999999999,2.4000000000000004,186.0,3,0,1,3,0.1484623541887593,0
0.0,-13.2,-50.6,-2.0,-205.73333333333335,-4,0,0,10,0.12169312169312174,0
0.0,7.200000000000003,18.200000000000003,0.8,-37.0,-3,0,-3,6,-0.40350877192982454,1
1.0,16.799999999999997,19.4,-1.0,-63.2,-1,-10,0,-1,0.02573529411764708,1
0.2,1.8000000000000007,15.8,-0.20000000000000018,171.4,-5,0,-4,4,-0.03584229390681004,1
0.26666666666666666,-32.73333333333333,-24.799999999999997,2.4,173.66666666666666,0,0,1,6,0.10606060606060608,1
0.0,-52.0,-34.0,1.0,58.0,-1,0,-3,8,-0.04761904761904767,1
0.0,-13.0,-14.0,1.5,132.5,-4,0,-2,3,0.047008547008547064,1
-0.6,3.799999999999997,21.0,0.8,44.8,-4,0,-6,-6,0.09999999999999998,1
0.2,18.8,-3.799999999999997,-1.4,-232.6,2,0,-1,-3,-0.058441558441558406,1
1.5,6.0,-4.5,-1.0,-10.25,-1,15,-2,-5,-0.08585858585858586,1
0.19999999999999996,1.6000000000000014,14.800000000000004,2.0,155.0,-7,-20,-5,10,0.1393939393939394,0
0.5,17.5,52.0,2.5,329.5,-7,0,-3,4,0.24583333333333335,1
0.0,18.200000000000003,67.39999999999999,3.4,357.4,0,0,4,-5,0.14,1
0.0,18.0,2.0,-0.5,-22.0,3,-46,11,-7,-0.04453441295546556,1
-0.2,1.0,-12.199999999999996,-1.4000000000000001,-87.0,3,15,3,0,0.05163043478260865,0
0.2,-21.8,-36.0,-0.19999999999999996,102.80000000000001,-2,15,-6,10,-0.04166666666666663,0
0.0,16.800000000000004,41.8,1.0,132.20000000000002,1,0,-2,-5,0.17931034482758623,0
0.2,3.0,15.400000000000002,0.40000000000000013,66.4,1,-15,0,1,0.040322580645161255,0
0.4,-10.399999999999999,-34.55,-2.1,-125.2,3,10,3,0,-0.0452380952380953,1
0.0,-0.4000000000000057,23.799999999999997,0.3999999999999999,-86.80000000000001,7,0,10,-3,0.020851818988465,0
0.2,19.799999999999997,33.99999999999999,-1.4,-58.599999999999994,0,10,-1,-2,0.030303030303030276,1
0.09999999999999998,-3.5,-12.9,-0.4,-111.3,-5,25,-6,9,-0.012820512820512775,1
0.6,-2.6000000000000014,-12.399999999999991,-0.6,-11.0,0,10,-2,-4,-0.1499999999999999,1
0.2,-26.2,-50.8,-1.1,-204.9,-2,0,-2,11,-0.06578947368421051,0
0.0,-35.25,-1.0,-0.5,-53.5,-1,0,0,-1,-0.07142857142857145,1
0.0,0.0,-1.5,1.0,-122.0,-6,-25,-4,3,0.10282258064516125,0
-0.2,-17.599999999999998,-4.600000000000001,-0.20000000000000007,77.8,-2,0,2,3,0.003289473684210509,0
0.0,-22.5,-2.5,1.75,366.5,1,-2,-1,-7,-0.2333333333333334,0
-0.06666666666666671,21.133333333333336,21.6,1.7333333333333334,160.6,1,0,3,-2,-0.11786786786786796,1
-0.2,53.5,76.2,-0.09999999999999998,78.3,-4,-4,-4,0,0.06260869565217397,1
0.25,-6.0,11.25,0.0,94.75,-4,-15,-7,8,-0.09615384615384615,1
0.0,1.6000000000000014,5.200000000000003,-0.6,42.400000000000006,2,0,0,10,-0.07058823529411762,1
0.0,-30.799999999999997,-37.199999999999996,1.2000000000000002,159.8,2,-15,2,-2,0.18571428571428572,1
0.41666666666666663,0.75,-51.25,-0.08333333333333337,49.83333333333333,0,15,-2,-4,0.06832298136645965,1
-0.4,13.0,14.0,0.4,28.6,-3,0,-4,-4,0.018181818181818188,1
0.0,-1.6000000000000014,-11.200000000000003,2.6,112.4,-2,25,-2,13,0.1166666666666667,1
0.0,-23.6,-5.799999999999997,2.6,217.8,-2,0,0,3,0.11520737327188935,1
0.0,-9.399999999999999,-10.0,1.0,109.80000000000001,-3,0,-3,12,0.03076923076923077,0
0,0,0,0,0,-3,0,-4,2,-0.3344651952461799,0
0.0,-27.5,-42.0,-1.0,-27.0,-3,0,4,11,-0.18452380952380953,0
0.0,-3.0,-17.416666666666668,-0.5,-85.25,-1,0,2,-1,-0.09411764705882353,1
-0.1333333333333333,23.933333333333334,28.06666666666667,-0.3999999999999999,21.26666666666665,-1,0,-1,0,0.06385869565217395,1
0.0,-34.5,-23.400000000000006,0.5,71.9,-1,-10,-3,8,-0.28364389233954446,0
0.5,29.700000000000003,28.5,-0.09999999999999998,-46.4,0,0,-3,8,0.06833333333333336,0
1.0,16.0,5.0,-1.0,-58.0,-3,0,0,1,0.11904761904761907,0
0.4,9.8,9.600000000000001,-0.4,-49.8,2,-20,0,-7,-0.05664488017429192,1
0.0,-8.799999999999997,-25.0,0.4,-96.8,-3,0,-3,-1,0.09970238095238093,1
0.2,1.1333333333333329,-3.200000000000003,-0.4666666666666666,46.13333333333334,0,0,-1,-1,-0.05882352941176472,0
0.0,16.666666666666668,64.8,0.9333333333333333,247.93333333333334,3,0,1,-2,-0.07407407407407407,1
0.3333333333333333,15.466666666666665,6.0,-3.6,-256.0,2,0,2,4,-0.033333333333333326,0
0.16666666666666663,22.0,16.166666666666664,1.5,-5.333333333333343,0,-10,0,1,-0.19047619047619047,1
0,0,0,0,0,0,0,3,-8,0.08235294117647052,1
0.5,-10.0,-34.5,-2.0,-231.5,2,10,2,-3,-0.06666666666666665,0
0.0,-39.8,7.599999999999994,-0.8,90.0,-5,-13,-12,8,-0.08551724137931038,0
0.8,12.400000000000002,-34.800000000000004,-2.0,-387.2,-4,0,2,-5,0.012820512820512775,1
0.5,15.0,6.0,0.0,118.0,1,10,-2,-4,0.2093397745571658,1
-0.7999999999999999,29.200000000000003,37.2,-0.4,-8.599999999999994,-2,15,1,1,-0.027071369975389614,1
-0.09999999999999998,-23.1,-25.4,0.0,42.7,-1,0,4,9,0.014992503748125885,0
0.0,-19.8,-31.6,-1.0,-25.400000000000006,-2,0,0,10,-0.08571428571428574,1
-0.2,-14.0,13.399999999999999,0.20000000000000018,173.79999999999998,1,0,1,-2,0.04263565891472876,1
0.5,-20.25,-20.333333333333336,-0.75,0.75,-3,0,-3,-2,0.021164021164021163,1
0.4,-17.0,-23.6,0.6000000000000001,74.80000000000001,0,0,2,-2,-0.02129402129402136,0
0.0,-5.600000000000001,9.600000000000001,1.6,94.19999999999999,2,0,2,-1,-0.15555555555555556,0
0.0,-8.0,-15.0,3.0,112.0,3,0,6,2,-0.20000000000000007,0
-0.4,17.6,11.600000000000001,0.6000000000000001,11.599999999999994,2,15,2,8,-0.014799154334038112,0
-1.0,-28.200000000000003,-40.8,2.1999999999999997,11.599999999999994,5,0,7,7,-0.010752688172043001,1
-0.2,-14.0,-71.4,-2.0,-184.20000000000002,-4,10,-5,-2,-0.053470919324577815,0
-0.4,-1.3999999999999986,13.600000000000001,3.0,197.60000000000002,-1,-25,0,5,0.03984819734345357,1
-0.35,26.5,31.2,0.75,32.85,-3,-10,-2,2,0.006613756613756627,1
1.0,0.6666666666666643,2.6666666666666643,-0.3333333333333333,-68.66666666666667,1,0,1,1,0.06349206349206349,0
0.2,6.600000000000001,6.599999999999994,1.6,83.19999999999999,-1,0,2,5,0.0461538461538461,0
0.0,22.6,14.200000000000003,-0.8,-124.19999999999999,2,0,-2,5,0.17647058823529405,0
-0.3333333333333333,-59.666666666666664,-60.833333333333336,0.0,-19.0,-3,-9,-3,9,0.22857142857142865,0
0.5,10.0,-27.0,-5.5,-499.5,-4,0,-1,5,-0.3012820512820512,0
-0.4,-31.200000000000003,-36.4,-0.6,-124.0,-2,0,-4,6,-0.07647058823529418,0
0.2,-2.3999999999999986,14.200000000000003,0.19999999999999996,260.4,0,1,3,6,0.050000000000000044,0
0.8,63.4,69.9,0.3,11.100000000000001,4,0,2,-4,0.14912280701754388,1
0.1333333333333333,-6.800000000000001,-40.4,-1.3333333333333335,-237.0,1,0,3,-2,-0.08571428571428574,0
-0.39999999999999997,-26.4,-21.999999999999996,1.0,97.6,-1,0,-1,-2,-0.015000000000000013,0
0.6,36.099999999999994,70.4,0.6000000000000001,38.099999999999994,2,10,1,2,0.08000000000000007,0
0.0,4.799999999999997,12.399999999999999,0.0,-44.8,-1,0,0,-6,-0.020380434782608647,0
1.5,-18.5,-24.0,-0.5,-120.5,-3,0,-3,-8,-0.07226107226107226,1
0.6666666666666666,-14.833333333333332,-18.666666666666668,-0.5,-66.66666666666667,-2,0,0,-3,0.05218855218855212,1
0,0,0,0,0,-3,-21,-5,-1,0.0461538461538461,0
-1.0,10.0,-7.333333333333336,-1.0,-198.66666666666666,1,0,0,3,0.02564102564102566,1
-0.4,-6.0,-4.799999999999997,0.0,149.8,1,0,3,-11,0.2816091954022989,1
0.0,-38.0,-57.0,-1.0,-60.0,0,0,-3,2,-0.125,0
0,0,0,0,0,7,0,4,0,0.11363636363636365,1
0.0,-2.0,67.66666666666666,10.333333333333334,483.0,-2,0,-1,-1,0.2583732057416268,1
0.4,19.4,3.3999999999999986,-1.0,-55.8,5,20,1,5,-0.16176470588235292,1
0.20000000000000007,-15.599999999999994,-12.199999999999996,2.4,89.60000000000001,0,0,0,13,-0.02777777777777779,0
-0.4,31.200000000000003,46.0,0.39999999999999997,26.0,0,-34,-3,3,0.015151515151515138,0
0.2,3.5333333333333385,-6.666666666666671,-4.8,-134.6,-4,-18,-6,9,-0.08796296296296291,0
0.0,4.199999999999996,17.200000000000003,-1.2,-53.0,2,0,1,-4,0.03921568627450989,1
0.08333333333333337,-13.5,-13.0,0.16666666666666669,21.166666666666668,1,0,3,-2,-0.11889400921658988,1
-0.04999999999999999,16.5,-1.8999999999999986,-0.85,-123.05,4,15,-1,-5,-0.059220779220779285,0
0.4,33.4,36.4,0.8,69.6,-4,0,-7,5,0.18137254901960775,1
0.6,11.899999999999999,17.3,0.4,16.700000000000003,1,20,-1,3,0.028735632183907955,1
0.4,-24.05,-57.2,-0.3500000000000001,-109.45,1,0,1,-1,-0.10665597433841223,0
0,0,0,0,0,-2,0,-7,-3,0.07029177718832891,1
0,0,0,0,0,-4,-35,-7,-3,-0.031620553359683834,1
0.2,11.600000000000001,-5.799999999999997,-0.6,-43.4,-1,0,3,2,-0.27052785923753664,0
0.0,18.0,8.5,0.5,7.25,2,0,2,-6,-0.02006688963210701,0
0.3333333333333333,-47.0,-79.0,0.3333333333333335,-337.66666666666663,1,0,3,-5,-0.13377192982456132,0
0.25,-10.75,-19.0,-1.0,-8.75,-3,-20,8,3,-0.20833333333333337,1
0.0,-8.399999999999999,-33.400000000000006,-1.2,-143.39999999999998,0,0,-1,1,-0.20574162679425834,1
-1.0,24.0,89.0,4.0,580.0,1,0,5,-3,0.25,1
0.5,14.75,3.25,-1.0,-44.75,-4,0,-5,2,0.05882352941176472,1
0.0,4.799999999999997,-7.799999999999997,-0.4,79.19999999999999,4,0,4,0,0.10158434296365337,1
-0.39999999999999997,4.0,16.000000000000004,-0.6,-32.800000000000004,-1,20,1,3,-0.025939177101967803,0
0.2,37.00000000000001,29.400000000000006,-1.0,-141.79999999999998,-4,0,-5,-7,0.009316770186335366,1
-1.25,-27.4,-23.6,1.6,151.35,2,20,1,12,0.061764705882352944,1
0.0,-0.20000000000000284,18.400000000000006,0.0,60.39999999999998,4,0,-2,5,0.038461538461538436,0
0.2,-18.799999999999997,-30.4,-2.8000000000000003,-230.0,3,0,5,2,-0.07466063348416285,1
0.0,-34.25,-31.75,-1.0,-110.0,-1,-10,1,4,-0.05303030303030298,1
0.6666666666666666,-9.333333333333332,19.66666666666667,-1.0,106.66666666666666,-1,0,-1,11,-0.050000000000000044,0
-0.2,4.600000000000001,-0.20000000000000284,-3.8,-218.4,5,0,3,3,-0.05428571428571427,1
0.0,-5.199999999999999,-40.400000000000006,-0.6,-140.60000000000002,3,10,0,1,-0.14313725490196083,0
0.2,16.4,25.200000000000003,1.6,153.4,-3,-15,-1,7,-0.09393939393939399,1
0.0,13.5,-9.099999999999994,-0.6,-34.099999999999994,1,0,3,14,0.05070993914807309,0
0.0,-3.25,29.25,3.5,210.75,-6,-10,-4,4,0.0672268907563025,1
0.0,16.0,26.0,0.0,7.0,2,0,3,-1,-0.07239819004524883,0
0,0,0,0,0,-1,0,-5,-4,-0.0031347962382445305,1
-0.4,-18.400000000000002,-18.199999999999996,-0.6000000000000001,60.80000000000001,2,15,1,0,-0.04658385093167705,1
0.0,43.5,113.0,0.0,331.0,2,0,2,7,-0.31884057971014496,0
0.2,11.600000000000001,5.799999999999997,0.0,34.80000000000001,3,0,5,2,0.03475935828876997,1
-0.3333333333333333,-17.066666666666663,-47.66666666666667,-0.4666666666666666,-8.466666666666669,0,-6,-1,6,-0.14352283317800563,0
0.2,-9.600000000000001,-16.200000000000003,-4.0,-282.0,3,0,4,7,0.07342657342657344,0
0.6,-5.200000000000003,-11.200000000000003,-1.6,-169.99999999999997,2,0,0,-2,0.04259094942324759,0
-0.4,7.799999999999997,-10.199999999999996,-0.6,-89.60000000000001,-4,0,-3,6,0.04761904761904767,0
-0.4,-7.800000000000001,-0.8000000000000007,0.5,55.3,-5,-3,-3,-2,0.1270903010033445,0
0.2,12.0,-3.0,0.3999999999999999,18.0,2,0,4,2,0.02083333333333337,1
0.0,26.4,25.8,1.5999999999999999,158.4,-3,0,-5,-3,-0.09027777777777779,0
0.6,-4.399999999999999,-16.6,-0.19999999999999996,-24.4,2,15,-2,1,-0.008928571428571397,1
-0.2,38.0,20.4,-2.0,-227.4,-2,0,-1,-3,0.16600790513833996,0
0,0,0,0,0,4,0,0,-1,0.16666666666666663,1
0.0,-59.0,-104.0,1.0,-7.0,-1,0,5,5,-0.02083333333333337,0
0.0,11.8,4.0,0.4,64.8,5,-5,7,-11,0.22583559168925021,0
0.2,-17.6,-22.4,-1.4,-93.6,1,0,7,-7,-0.045955882352941124,1
0.2,-6.599999999999994,7.599999999999994,-0.6000000000000001,61.0,4,0,6,-6,0.0930930930930931,1
0.0,11.916666666666664,4.916666666666664,1.75,-20.58333333333333,-2,0,-1,-4,-0.10350877192982455,1
-0.75,0.8500000000000014,50.05,4.4,115.85,2,0,1,2,-0.03809523809523807,0
0.0,-6.25,-49.25,0.75,16.75,-1,-10,4,-7,0.22811059907834097,1
0.6666666666666666,-9.999999999999996,-22.0,-5.0,-361.0,0,0,-4,-2,-0.15063520871143377,0
-0.5,16.25,12.25,-1.5,-171.0,1,0,-2,0,0.11352657004830913,1
0.0,-6.799999999999997,-11.399999999999999,-0.6,64.6,0,0,-1,1,-0.08173076923076927,1
0.0,-38.75,-39.25,0.75,177.25,-1,0,-1,5,0.011666666666666603,0
0.0,-9.0,52.0,-1.0,-13.0,0,10,-2,5,-0.04761904761904767,1
0.0,-14.600000000000001,-11.199999999999989,0.7999999999999999,63.2,-4,-20,1,5,-0.009523809523809601,0
0.2,-18.75,-23.549999999999997,5.2,293.25,1,0,-1,-3,0.16722408026755853,1
-0.2,-9.400000000000002,-19.599999999999998,-0.6,-83.8,0,0,0,2,0.0018518518518518823,1
0.33333333333333337,10.333333333333334,-9.333333333333336,0.0,-14.0,2,0,-6,-4,0.18947368421052635,1
-0.8,-13.599999999999998,-13.799999999999997,0.8,46.0,2,15,-1,3,0.026397515527950333,0
0.0,19.0,6.400000000000006,0.0,-22.4,-1,0,-1,6,0.03987240829346084,1
0.0,22.46666666666667,46.733333333333334,2.7333333333333334,267.6666666666667,1,0,6,-4,0.02083333333333337,1
0.4,2.0,-14.100000000000001,-3.0,-334.4,0,0,2,9,-0.03135888501742157,0
0.2,-5.200000000000003,-17.0,-0.4,-14.399999999999999,3,0,5,6,0.1777777777777778,0
0.0,-48.0,-72.0,-2.0,139.0,0,0,-2,-4,0.2952380952380953,1
0.5,-3.5,-2.0,0.5,93.0,2,0,6,-9,0.10833333333333339,1
0.25,-19.0,-22.0,-0.5,33.25,3,-10,1,1,-0.261904761904762,0
0.2,34.6,24.999999999999993,-0.20000000000000018,-50.599999999999994,3,0,3,-8,-0.09340659340659341,1
0.0,55.0,54.0,-2.25,-21.25,-1,0,-2,-2,0.09913793103448276,1
0.2,-7.800000000000004,-9.0,1.4000000000000001,252.00000000000003,-2,0,-2,-4,0.07976190476190481,1
2.8,-22.6,-40.2,-2.4,-151.8,-2,0,0,2,-0.14619883040935677,0
-0.2,1.3999999999999986,5.200000000000003,-0.8,-104.0,-1,0,3,-10,0.09595959595959602,0
-0.3333333333333333,12.333333333333336,28.166666666666664,0.5,98.16666666666667,-3,-15,0,2,0.06951871657754016,1
0.0,18.133333333333333,15.266666666666667,-1.7333333333333334,-159.93333333333334,1,0,-5,4,0.04166666666666663,1
0.0,-1.3999999999999986,27.0,0.5999999999999999,266.59999999999997,1,0,0,5,-0.04864864864864871,1
-0.5,12.299999999999997,27.9,2.2,171.6,3,0,4,11,0.0,0
0.0,17.6,-20.266666666666673,0.33333333333333337,212.66666666666666,0,0,-1,2,0.007936507936507908,0
0.5,-33.0,-34.5,0.0,42.5,0,30,1,0,0.055335968379446654,1
0.0,15.5,33.5,2.5,254.5,0,0,1,-6,0.13030303030303036,0
-0.19999999999999996,-31.000000000000007,13.399999999999991,1.2000000000000002,204.4,0,2,3,2,0.10000000000000009,1
0.0,77.39999999999999,58.400000000000006,-1.8000000000000003,-93.39999999999999,5,0,3,4,0.12775842044134722,1
-0.6,-45.2,-18.799999999999997,2.0,451.79999999999995,2,0,-2,7,0.04487179487179482,1
-0.2,0.0,21.200000000000003,2.2,226.00000000000003,-5,-10,-3,11,-0.10130718954248363,1
0.2,29.15,38.599999999999994,-0.8,-179.2,0,0,-1,-8,0.014285714285714346,0
-0.8,-12.600000000000001,-9.200000000000003,0.3999999999999999,-3.3999999999999773,0,0,-3,5,0.07857142857142863,0
0.2,-28.9,-40.85,-0.95,-3.5,1,0,1,7,0.0636363636363636,0
0.0,-0.5,-19.0,-1.0,-60.0,5,45,2,-8,-0.1208791208791209,1
-1.0,-29.4,-28.133333333333326,0.2,-34.06666666666667,4,0,5,-3,0.18888888888888888,1
0.0,30.6,29.6,-0.4,11.200000000000003,-4,-10,-4,5,0.2142857142857143,0
0.25,-21.75,-74.58333333333333,-4.333333333333333,-343.25,1,10,1,1,-0.13383838383838387,0
1.0,45.5,117.5,-1.0,221.0,4,0,6,9,-0.014285714285714346,0
0.4,29.599999999999994,37.099999999999994,0.35,-56.45,-1,0,5,3,0.21753246753246747,1
0.8,17.6,11.599999999999994,-0.19999999999999996,-107.8,0,-15,-2,-6,-0.037878787878787956,1
-0.4,32.2,30.200000000000003,0.6,72.8,2,-48,5,2,-0.08750000000000002,1
-0.4,14.0,23.4,0.8,40.8,-4,0,-3,0,0.04705882352941182,1
0.0,0.8000000000000007,2.0,0.6,8.0,0,0,1,6,-0.08238636363636365,0
-0.7333333333333333,-36.266666666666666,-39.53333333333333,0.0,-39.333333333333336,-1,0,0,6,0.03754940711462451,0
-0.4,-6.800000000000001,-7.800000000000004,1.6,161.8,-1,0,3,5,0.109697933227345,1
0.0,13.200000000000003,54.900000000000006,-0.7999999999999998,79.80000000000001,-2,0,-5,5,-0.01504629629629628,0
0.25,40.75,55.75,2.25,236.0,-4,0,0,3,-0.027272727272727337,1
0.0,-0.6666666666666679,19.0,0.8333333333333333,185.16666666666666,5,0,7,6,-0.08361204013377921,0
0.0,-8.0,-3.3999999999999986,-0.19999999999999996,120.4,-1,0,-1,0,-0.07102272727272729,1
0.0,32.199999999999996,68.4,0.4,99.8,2,30,0,-4,-0.08750000000000002,1
0.0,5.0,0.0,1.0,83.0,-6,0,-6,4,0.14814814814814814,1
0.2,20.6,52.4,1.0,218.59999999999997,-1,0,1,-1,0.203030303030303,1
0.0,13.299999999999997,-3.700000000000003,0.7999999999999998,151.3,2,10,3,-6,0.10117302052785915,1
-0.8,-26.8,-23.799999999999997,1.2000000000000002,143.60000000000002,1,0,-1,11,-0.02777777777777779,0
0.6,-1.7999999999999972,2.6000000000000014,-0.5,117.0,-2,0,-1,3,-0.15740740740740733,0
-0.4,12.0,38.8,-1.2000000000000002,-9.199999999999989,7,-2,7,-12,0.16888888888888887,1
0.5,-32.0,-50.5,0.0,-41.5,1,0,5,12,-0.31746031746031744,0
-0.8,-19.200000000000003,-33.99999999999999,-0.20000000000000007,-50.8,1,0,1,-2,-0.24909090909090903,0
0.0,-13.199999999999996,-70.80000000000001,-1.2000000000000002,79.99999999999997,2,10,2,-5,0.025274725274725296,0
0.0,13.700000000000003,19.700000000000003,0.0,215.5,1,10,6,-6,0.08333333333333337,1
0.0,-2.25,30.25,0.25,108.25,-3,-25,-3,-2,0.0434782608695653,1
0.25,-16.75,-57.5,-2.5,-313.0,3,20,2,0,-0.01666666666666672,1
0.4,5.399999999999999,-5.100000000000001,-1.6,-172.0,2,35,6,-6,0.09943181818181823,1
0.0,33.333333333333336,-1.6666666666666714,-2.666666666666667,-302.33333333333337,0,0,-1,4,-0.25,0
-0.8,42.199999999999996,106.19999999999999,1.6,364.4,-3,30,-6,5,0.0942857142857143,1
0.0,-1.0,-0.3999999999999986,1.2000000000000002,25.80000000000001,0,0,2,1,-0.20833333333333337,0
0.0,-27.0,-44.0,0.0,47.0,0,0,-5,-1,-0.06666666666666665,1
-0.2,9.800000000000004,-12.799999999999997,-0.19999999999999996,-108.8,-2,0,-5,-3,-0.07120743034055732,1
-0.2,22.4,33.5,0.8999999999999999,120.4,0,0,-2,3,0.0522243713733076,0
0.0,4.400000000000002,-9.600000000000001,1.6,96.39999999999999,-1,0,2,-2,0.1428571428571429,1
-0.4,-20.25,35.849999999999994,3.1,386.7,-1,-15,0,4,0.03444444444444439,1
1.0,25.5,30.0,-2.25,-158.75,2,0,6,-5,0.19696969696969702,1
0.0,-6.600000000000001,-3.3999999999999986,2.4,137.39999999999998,0,0,-2,3,-0.1367647058823529,1
0.0,23.666666666666668,57.333333333333336,4.333333333333333,535.3333333333334,-4,0,1,0,0.1333333333333333,1
0.0,30.5,17.5,3.0,60.0,-4,-10,-3,4,0.01806451612903226,0
0.5,-74.5,-42.5,-1.0,2.5,0,-10,0,0,0.09782608695652173,1
2.0,16.0,11.0,0.0,-8.0,0,0,3,0,-0.29166666666666663,0
0.2,-35.2,-68.80000000000001,-4.0,-308.8,-2,0,0,9,0.0022883295194507935,1
-1.0,-30.4,-29.200000000000003,0.4,34.599999999999994,-1,0,-1,-7,0.05166666666666664,1
-0.04999999999999999,-1.0500000000000007,2.8999999999999986,0.44999999999999996,-65.0,-2,0,-2,14,-0.03544494720965308,0
0.16666666666666669,14.333333333333334,16.5,0.8333333333333333,-36.0,-2,0,-2,-6,0.21571906354515047,1
0.5,-18.65,-27.0,-2.4,-187.8,-1,0,0,-10,0.06190476190476191,1
0.0,-25.200000000000003,-34.0,-0.19999999999999996,-99.0,-1,0,-1,-10,-0.13076923076923075,0
-0.04999999999999999,-0.3999999999999986,-4.600000000000001,-0.85,-181.8,-3,-18,-3,3,-0.04629629629629628,0
0.0,4.0,13.0,0.19999999999999996,72.60000000000001,3,0,-1,0,0.12857142857142856,1
-0.5,8.0,26.0,2.0,117.0,-3,0,-2,-6,-0.018939393939393923,1
-0.8,15.599999999999998,16.799999999999997,0.2,91.60000000000001,-2,-15,1,-1,-0.130718954248366,1
0.0,-26.0,-35.0,-1.0,-36.0,-1,10,-2,12,-0.02777777777777779,1
0.0,-56.6,-80.39999999999999,-0.6,-152.60000000000002,3,0,3,14,-0.02741935483870961,0
0.6,-8.600000000000001,2.6000000000000014,0.39999999999999997,88.39999999999999,-2,-25,0,4,0.11014948859166018,1
-0.4,6.0,-0.3999999999999986,0.0,-190.4,1,0,3,3,-0.1350877192982457,1
0.2,-2.8000000000000007,-4.0,-1.1999999999999997,-278.2,1,-10,4,8,0.01971326164874554,0
0.0,13.0,27.60000000000001,-0.4,52.199999999999996,-1,0,-4,-6,0.11764705882352944,0
0.0,-4.199999999999996,14.800000000000004,0.7999999999999999,232.99999999999997,-3,0,1,-4,-0.012941176470588234,1
0.2,31.200000000000003,25.0,-1.2,-50.79999999999998,0,0,-7,14,0.06444906444906451,0
0.2,-10.399999999999999,-20.0,-0.19999999999999996,105.0,6,15,2,4,-0.014285714285714346,1
0.0,-18.6,-10.799999999999997,2.8,223.20000000000002,0,0,2,3,-0.020000000000000018,0
0.2,-1.1999999999999957,9.600000000000001,2.1999999999999997,97.6,-4,0,-5,-1,0.23030303030303034,1
0.2,-17.4,-28.6,-4.6,-637.8,-4,0,2,8,-0.25,0
0.0,4.75,19.5,0.0,153.5,0,0,0,9,-0.10526315789473684,0
-0.20000000000000007,-25.200000000000003,-19.799999999999997,0.0,12.200000000000003,-3,0,-1,1,0.07692307692307687,1
0.0,-7.0,-7.5,-0.5,20.0,0,0,-2,-3,-0.16842105263157903,0
0.0,-17.799999999999997,-32.8,-1.4,-92.19999999999999,0,20,5,-2,-0.061002178649237404,0
0.0,-5.0,-5.5,0.0,44.5,-1,0,0,-4,-0.22499999999999998,0
0.0,13.400000000000002,6.399999999999999,0.2,26.4,6,0,8,-6,0.2306397306397307,1
0.5,12.833333333333332,-8.166666666666664,-2.1666666666666665,-354.1666666666667,1,3,4,8,0.06306306306306309,1
0.25,-26.200000000000003,-61.19999999999999,-1.4500000000000002,-73.05000000000001,-2,0,-1,-7,0.057388809182209455,0
-0.8,9.600000000000001,21.4,0.8,58.400000000000006,3,0,4,5,0.05555555555555558,1
0.0,-35.0,-52.0,-1.0,-50.0,-3,-5,-5,7,0.0980392156862745,1
0.0,-27.0,-42.0,1.0,60.0,0,0,3,-4,0.03703703703703698,1
0.0,8.5,-9.5,-0.5,-36.0,0,0,2,-3,0.017316017316017285,1
0.0,2.8000000000000007,3.1999999999999993,-0.19999999999999996,5.799999999999997,-3,5,0,-3,-0.012682926829268304,1
-0.8,13.799999999999997,23.39999999999999,2.2,215.2,0,0,-2,-5,-0.08041958041958042,1
0.2,-23.0,-37.2,-0.6,46.599999999999994,2,0,1,0,-0.16032608695652173,0
0.0,26.8,34.0,-0.40000000000000013,36.0,0,0,-3,-3,0.22305764411027562,1
0.2,-18.0,-20.4,1.0,223.8,0,10,-2,8,0.14574898785425106,1
0.0,17.4,-26.6,0.4,33.0,0,0,1,-2,0.07246376811594202,1
-0.2,-6.799999999999997,20.999999999999993,2.4,271.2,1,0,1,5,-0.09318181818181825,0
0.0,-14.73333333333333,-2.4000000000000057,2.466666666666667,112.4666666666667,-3,0,0,-2,0.2360248447204969,0
0.0,0.5,-22.0,-0.5,-146.0,1,0,3,-5,0.1527777777777778,1
1.4,26.4,27.0,-0.2,-16.4,-2,-20,-3,-5,0.030303030303030387,0
0.0,-68.0,-81.0,0.0,-114.0,-2,0,1,-6,-0.1312997347480106,1
-0.04999999999999999,27.5,25.15,0.4,-22.950000000000003,-1,0,-2,3,0.015151515151515138,0
-0.2,27.599999999999998,26.8,0.0,-52.8,1,0,0,9,0.036805555555555536,1
-0.4,3.0,4.400000000000006,1.4,257.2,1,0,-2,2,0.10457516339869277,1
-0.1333333333333333,-7.399999999999999,1.7999999999999972,1.0,46.8,3,20,-1,5,0.11904761904761907,1
1.2,-2.799999999999997,-8.0,0.0,-6.3999999999999915,1,0,1,-6,0.08333333333333337,1
0.25,-20.666666666666664,-38.08333333333333,-0.9166666666666667,32.83333333333334,4,0,6,-2,-0.08684546615581101,0
0.0,14.0,32.95,2.9000000000000004,196.95,-6,0,-6,4,-0.08080808080808077,1
0.0,29.200000000000003,46.0,0.46666666666666634,56.60000000000002,-2,-25,-2,7,-0.2512315270935961,0
0.0,39.4,29.6,-1.2,-96.4,3,25,-2,-5,0.1307300509337861,1
0.2,46.599999999999994,52.0,1.4000000000000001,28.400000000000006,2,0,-2,-5,0.16727941176470584,1
-0.25,8.049999999999997,8.0,1.15,117.1,-1,10,-6,1,-0.026153846153846194,0
0.0,48.66666666666667,84.33333333333334,0.33333333333333337,28.0,1,10,1,-9,0.1785714285714285,0
0.2,-31.6,-37.2,1.0,56.8,-7,0,-6,4,-0.07004830917874394,0
0.2,-6.200000000000003,-12.0,-0.4,78.19999999999999,1,0,5,6,-0.12413793103448278,0
0.2,-13.2,-24.200000000000003,-0.19999999999999996,100.80000000000001,4,55,2,5,-0.125,0
-0.1333333333333333,-1.8666666666666671,3.4000000000000057,1.8,112.06666666666668,-2,0,-2,-6,0.10473457675753228,1
0.0,20.0,-9.0,-3.5,-146.0,-1,-60,-4,4,-0.125,0
0.2,-85.0,-103.0,1.2,166.0,3,-10,4,1,0.11363636363636365,1
0.0,10.0,-17.5,-1.5,-345.5,4,10,5,-5,-0.10571428571428565,1
0.25,19.5,40.0,0.5,116.75,-5,-10,-4,0,0.1855072463768116,1
0.0,71.0,78.5,-1.0,-112.5,-1,0,-4,-1,0.026666666666666616,0
-0.5,-2.5,-24.0,0.0,29.0,0,0,-1,6,-0.05681818181818177,0
0.0,20.0,-9.666666666666671,0.6666666666666665,-87.75,-1,-10,-3,1,0.1824561403508772,1
0.7999999999999999,-21.0,-51.2,0.20000000000000007,-15.400000000000006,2,-15,-1,1,0.0061683599419447566,0
-0.04999999999999999,12.7,17.6,0.2,58.45,-1,-10,-6,7,-0.2637931034482759,0
0.2,-2.933333333333337,-15.799999999999997,-0.26666666666666683,-27.133333333333326,0,0,2,4,-0.21666666666666667,0
0.0,-12.600000000000001,-10.999999999999996,0.4,42.99999999999999,-2,0,-1,7,0.0010893246187363426,0
0.0,15.600000000000001,-15.200000000000003,-1.0,-304.4,-2,-10,-5,7,-0.09649122807017552,1
-0.4,-0.3999999999999986,8.399999999999999,-0.19999999999999996,-16.400000000000006,0,0,3,-2,-0.011904761904761973,0
0.0,7.0,-1.3333333333333357,-0.6666666666666667,95.0,1,0,-3,-1,-0.26315789473684215,0
-0.5,-57.0,-88.5,-1.5,-28.0,1,0,-1,3,0.016666666666666607,1
0.6,-27.8,-31.0,-1.0,12.0,1,48,3,6,0.03532608695652173,1
0,0,0,0,0,-1,0,-1,1,0.16666666666666674,1
0.0,-4.0,-29.0,0.0,-86.0,5,0,5,-1,-0.08522727272727271,1
0.0,28.599999999999998,18.599999999999994,1.0,42.0,2,-10,1,-14,0.24444444444444446,1
0.2,3.0,-12.799999999999997,0.8,78.4,1,0,0,8,-0.13030303030303036,1
0.0,20.6,21.200000000000003,2.0,181.0,-3,0,-2,-1,-0.006949806949806958,0
-0.2,-25.599999999999998,-33.60000000000001,-1.0,-76.19999999999999,0,0,-3,9,-0.05183946488294322,0
0,0,0,0,0,3,0,3,0,-0.1497975708502024,0
0.0,49.4,74.4,2.0,225.2,0,0,1,3,-0.09999999999999998,0
0.3333333333333333,-7.666666666666666,-18.25,-0.8333333333333333,-95.33333333333334,-1,0,3,13,0.06493506493506496,1
-0.25,-24.1,-30.6,0.0,167.65,0,15,2,-1,0.054919908466819156,1
0.0,-3.5,-5.5,0.0,-36.5,2,-10,0,0,-0.011111111111111183,0
0.6,-38.0,-36.0,0.0,6.6,1,0,-1,6,-0.006211180124223614,1
-1.0,-47.0,-93.0,0.0,-168.0,-4,0,-3,-2,-0.07499999999999996,0
0.0,1.0,53.0,0.0,-40.0,2,6,0,3,0.05769230769230771,0
0.0,15.8,24.0,0.39999999999999997,95.4,1,0,3,-1,-0.0357142857142857,1
-1.0,43.6,65.2,3.8,212.4,0,0,3,6,0.19047619047619047,0
0.0,63.2,80.0,0.6000000000000001,111.8,3,0,0,4,0.007608695652173925,1
-0.15000000000000002,-46.8,-14.850000000000001,0.55,72.15,4,0,6,5,0.1505016722408027,1
0.2,31.8,25.199999999999996,-0.7999999999999998,-131.59999999999997,5,0,5,2,-0.06837606837606836,0
0.0,20.800000000000004,16.80000000000001,1.1999999999999997,194.39999999999998,-6,15,-11,4,0.018394648829431426,0
0.0,13.600000000000001,-2.6000000000000014,1.7999999999999998,251.8,2,0,5,3,0.032327586206896575,1
-0.4,5.800000000000001,1.7999999999999972,-2.8,-172.39999999999998,3,0,2,12,-0.05574912891986061,0
0.6,-17.8,-28.4,-0.19999999999999996,-41.8,2,0,-2,4,0.04749999999999999,0
-0.6000000000000001,-4.399999999999999,19.4,1.8000000000000003,350.20000000000005,-3,0,1,-4,-0.012941176470588234,0
0.2,0.20000000000000284,20.200000000000003,-1.4,195.0,1,0,3,-8,0.0347394540942928,0
-0.5,11.0,28.75,0.5,43.25,-2,0,-3,-4,0.34615384615384615,0
0.0,12.600000000000001,7.0,-0.4,-73.80000000000001,0,0,-1,-1,0.11984392419175027,1
-1.0,-20.9,-29.700000000000003,0.2,-34.2,2,0,2,10,0.07196969696969702,1
0.0,22.5,16.0,-1.0,71.0,0,0,0,-2,0.1072124756335282,0
0.2,-25.8,-44.8,-0.4,-37.0,6,-10,6,-3,0.013392857142857095,0
0.04999999999999999,56.55,22.400000000000006,-3.3,-336.4,1,15,0,-1,-0.17272727272727273,0
0.4,-23.8,-35.0,0.0,43.0,-1,0,-1,2,-0.023809523809523725,0
-0.3333333333333333,0.0,-44.33333333333333,-2.0,-289.3333333333333,-3,-10,1,-2,0.06000000000000005,1
0.2,1.3999999999999986,-11.0,-1.0,-34.0,0,0,-2,6,-0.06393861892583119,1
0.2,8.2,0.3999999999999986,0.0,-119.4,0,0,0,-1,-0.05625000000000002,1
-0.3333333333333333,-10.0,-23.333333333333332,-2.6666666666666665,-107.66666666666667,-1,0,-1,-7,0.1777777777777778,1
0.0,23.0,50.0,1.0,43.0,1,0,2,-4,-0.11904761904761907,0
0.0,14.399999999999999,-3.3999999999999915,0.4,61.0,1,0,-3,-4,0.06554621848739495,1
0.8,10.0,6.399999999999999,0.20000000000000007,20.199999999999996,1,-15,-2,-2,0.10146750524109016,1
-0.6,54.13333333333333,70.46666666666667,0.2,53.733333333333334,-2,0,0,8,-0.11818181818181828,1
-0.15000000000000002,-20.0,-27.5,0.95,107.75,2,0,3,12,0.07258064516129037,0
0.6,-10.8,-26.4,-0.19999999999999996,-0.20000000000000284,1,0,-1,-1,0.07807308970099658,0
0.4,5.4666666666666615,1.6000000000000014,-2.3333333333333335,-14.266666666666666,0,0,0,-5,0.10670731707317072,0
0.0,18.6,42.400000000000006,2.0,273.20000000000005,1,0,0,-1,0.036337209302325535,1
0.2,38.8,36.400000000000006,-0.19999999999999996,44.2,6,0,5,10,-0.2952380952380953,0
0.2,14.399999999999999,13.600000000000001,-0.19999999999999996,-13.0,-2,0,-4,3,-0.008403361344537785,0
-0.6,35.599999999999994,42.2,0.0,-34.2,-1,0,-3,7,0.03508771929824561,0
0.25,-1.8500000000000014,-3.0,-1.75,32.099999999999994,3,0,-2,1,-0.1071428571428571,0
0.0,-13.800000000000004,-50.199999999999996,1.4000000000000001,-12.399999999999977,-1,0,-1,5,0.010582010582010581,0
0.2,-16.333333333333336,-23.866666666666664,-0.1333333333333333,28.200000000000003,0,25,3,-4,-0.006968641114982632,1
0.1333333333333333,-15.799999999999997,-19.533333333333335,-1.6,-194.2,-1,-10,7,-6,0.22499999999999998,1
-0.6,17.0,28.799999999999997,3.0,200.6,2,0,5,-6,0.082995951417004,1
0.2,7.200000000000003,-4.600000000000001,-0.8,-56.0,2,45,-2,1,-0.2016129032258065,1
0.0,32.0,32.0,2.0,111.0,-2,10,-5,-1,0.1657754010695187,1
0.0,-16.666666666666668,-24.666666666666664,-0.33333333333333337,77.66666666666666,1,0,0,1,0.15740740740740733,1
0.0,-25.0,-35.0,0.0,-2.0,-2,0,-8,-6,0.13984674329501912,0
-0.2,3.0,48.400000000000006,4.6,340.2,-2,0,-1,-7,0.050000000000000044,1
0.0,0.3333333333333357,-1.3333333333333357,-0.6666666666666667,109.33333333333334,-2,0,-5,4,-0.09259259259259267,0
0.5,-34.0,-41.5,-0.5,12.0,1,0,0,4,0.005952380952380931,0
0.0,-40.0,-58.0,-1.0,-60.0,-3,20,-7,-4,0.0641025641025641,0
0.0,-13.5,10.5,0.25,314.5,0,-10,-2,10,-0.023809523809523725,1
0.0,15.200000000000003,-30.400000000000006,0.0,63.0,-4,0,0,0,0.27142857142857146,1
-0.2,9.399999999999999,-8.599999999999994,-0.8,-36.0,0,-10,1,3,0.0505050505050505,1
0.19999999999999996,-50.39999999999999,-77.4,-0.39999999999999997,-67.6,-2,0,-3,-1,0.0008361204013377366,0
-0.5,38.0,40.0,0.0,6.0,2,20,-2,-9,-0.033333333333333326,0
0.2,-14.8,-40.4,0.8,96.60000000000002,0,0,-2,4,0.02796052631578949,1
-0.5,-11.5,-3.75,0.75,35.25,2,0,2,-4,0.16319444444444442,1
0.0,-6.199999999999999,-146.4,0.6000000000000001,-306.8,-1,10,0,6,-0.1681818181818182,0
0.6666666666666666,-5.333333333333336,-23.0,-0.6666666666666667,-36.66666666666667,0,10,1,3,0.0800477897252091,1
0.0,29.333333333333332,19.166666666666664,-1.3333333333333335,-153.16666666666666,4,-15,1,-1,-0.07407407407407407,1
0.0,-6.25,-3.0,1.0,83.5,3,0,0,-2,-0.12698412698412698,0
0.0,19.333333333333332,54.666666666666664,-0.6666666666666666,-52.0,-4,-20,-4,2,0.080952380952381,0
-1.0,47.0,123.0,-1.0,301.0,2,0,-1,6,-0.27536231884057977,0
0.19999999999999996,40.800000000000004,30.60000000000001,-0.20000000000000007,-54.60000000000001,-1,0,-4,-6,0.03125,1
0.0,15.600000000000001,-0.10000000000000142,0.6,10.299999999999997,0,15,3,-8,-0.06666666666666676,0
0.0,10.2,10.0,-1.2000000000000002,-7.599999999999994,1,-15,3,7,-0.09027777777777779,0
0.0,4.0,-15.0,0.0,-57.0,1,10,-2,-1,-0.12096774193548387,0
0.0,-26.0,-1.0,-1.0,-60.0,-2,0,-3,1,0.015151515151515138,0
0.0,56.66666666666667,71.33333333333333,-1.0,74.66666666666667,2,0,2,2,-0.012307692307692242,0
-0.2,6.400000000000002,10.200000000000003,0.3999999999999999,-5.0,-2,0,-5,9,0.11605723370429244,1
0.8,-23.299999999999997,-20.0,-0.09999999999999998,-48.099999999999994,-1,0,-5,0,-0.08045977011494254,1
0.6,39.8,55.400000000000006,1.2,243.4,-3,0,4,-1,-0.24603174603174593,0
0.3333333333333333,-6.0,-17.000000000000004,-0.6666666666666666,63.66666666666667,0,0,-1,2,-0.08333333333333337,1
0.2,-20.8,-11.100000000000001,-0.3,97.9,2,10,4,2,-0.15135135135135136,0
0.0,-9.000000000000004,-33.666666666666664,-0.6666666666666666,-31.333333333333343,4,-10,6,-11,0.12091503267973858,1
0.0,-27.666666666666664,-19.0,-0.6666666666666667,32.66666666666667,0,0,-4,-3,-0.25000000000000006,0
-0.2,-14.399999999999999,-10.599999999999994,2.2,118.80000000000001,0,0,-1,-7,0.12445887445887438,1
0.4,-37.2,-38.2,0.0,-10.0,-2,10,-2,0,0.17845117845117842,1
0.25,24.0,41.75,4.5,382.5,-3,-10,-4,-1,0.28260869565217395,1
0.0,-4.0,-35.8,0.3999999999999999,82.0,0,0,1,8,-0.043243243243243246,0
0.2,-1.8666666666666671,-63.6,-4.666666666666667,-364.0,-1,15,-4,-4,-0.1878260869565217,0
0.2,-39.2,-46.2,1.4,159.0,1,0,0,4,-0.008333333333333415,1
0.0,-68.8,-74.0,1.4,74.0,0,15,1,3,-0.08683473389355745,1
0.75,-25.25,-26.75,-1.0,24.75,2,48,5,2,-0.0267857142857143,0
0.04999999999999999,4.100000000000001,-11.850000000000001,-2.2,-125.25,2,0,4,3,0.08292682926829276,1
0.0,-63.5,-61.0,1.0,211.0,-3,-22,5,-13,-0.06060606060606066,1
0.0,-15.999999999999996,-27.599999999999998,-3.1999999999999997,-311.2,-1,10,-1,6,-0.02083333333333337,1
0.0,-1.6000000000000014,8.200000000000003,0.6000000000000001,157.8,1,0,1,10,0.13076923076923075,0
0.0,22.799999999999997,44.0,1.2000000000000002,234.39999999999998,2,0,-3,-1,0.2543103448275862,1
-0.25,24.6,16.549999999999997,0.75,-3.3499999999999943,-2,0,-1,6,-0.16319444444444442,0
0.0,-9.0,8.333333333333329,0.33333333333333326,209.0,-4,4,-3,3,-0.030000000000000027,0
-1.3333333333333333,-16.666666666666664,-8.333333333333336,0.0,172.33333333333334,2,10,-4,5,-0.12394957983193278,1
0.2,-24.8,1.2000000000000028,0.19999999999999996,164.0,5,0,6,7,0.03987240829346084,0
0.4,1.4000000000000057,-4.3999999999999915,-1.1999999999999997,-161.79999999999998,0,0,-2,-5,0.1607142857142857,1
-0.5,15.799999999999997,31.9,1.4,106.30000000000001,1,15,6,-4,-0.0854700854700855,1
0.0,5.0,28.0,0.0,88.0,0,0,5,7,0.22499999999999998,0
0.0,73.0,55.0,-1.0,-60.0,0,-35,3,-5,-0.07239819004524883,1
0.0,6.199999999999999,11.399999999999999,0.0,80.39999999999999,-3,50,1,0,0.07536764705882348,1
0.0,37.0,16.5,-1.25,-92.5,3,0,-1,12,-0.11764705882352944,1
0,0,0,0,0,2,0,2,-3,0.07655502392344493,1
0,0,0,0,0,1,-15,-4,5,-0.13157894736842102,0
-1.2,-26.5,-23.900000000000006,2.5,153.1,0,0,-5,4,0.04285714285714293,0
-0.4,-33.6,-31.4,0.39999999999999997,18.799999999999997,-3,0,-1,1,0.07692307692307687,0
0.2,32.93333333333332,5.0,0.2,5.200000000000003,3,0,1,-2,0.14652014652014644,1
-0.19999999999999996,-4.600000000000001,-7.800000000000004,0.0,56.400000000000006,2,0,5,-7,-0.05555555555555558,0
0.2,-3.0,3.3999999999999986,-0.3999999999999999,108.6,-1,0,-2,2,0.05128205128205121,0
-0.2,20.999999999999993,59.99999999999999,2.6,173.0,-3,-20,-3,5,0.09313725490196079,1
0.0,-15.399999999999999,8.000000000000007,6.2,358.40000000000003,0,0,-3,-2,0.43181818181818177,1
-0.39999999999999997,31.199999999999996,29.799999999999997,2.4,107.4,0,0,3,-1,0.08235294117647052,0
0.25,-52.5,-82.0,-1.5,-53.75,0,0,3,-3,-0.17044334975369457,1
-0.4,-12.799999999999997,-9.599999999999994,0.19999999999999996,41.400000000000006,-1,-15,1,0,0.06140350877192979,1
0.0,-14.399999999999999,18.0,2.2,198.6,-3,0,-2,4,-0.09999999999999998,1
0.0,-3.6000000000000014,7.0,1.8000000000000003,218.0,-3,0,-6,0,-0.049641478212906875,0
0.0,-11.600000000000001,-22.200000000000003,-0.4,8.0,1,15,1,11,-0.06212121212121213,1
0.0,3.6000000000000014,-4.800000000000004,-0.6000000000000001,-9.200000000000017,-2,-10,-3,7,-0.05167173252279633,1
0,0,0,0,0,-2,-10,-1,3,0.06349206349206349,1
-0.85,-29.6,-36.5,0.050000000000000044,122.9,1,0,2,-5,-0.14242424242424234,1
0.0,-23.0,-50.5,0.5,-326.5,-1,10,2,-13,0.22344322344322343,1
0.0,14.399999999999999,55.0,1.8000000000000003,66.80000000000001,0,0,-5,-1,0.09627329192546574,1
0.3333333333333333,-18.25,-7.916666666666664,0.16666666666666663,89.08333333333333,2,-10,4,1,-0.14857142857142858,0
0.0,22.0,26.5,2.0,230.5,1,0,-3,0,-0.04166666666666663,0
0.0,0.5,9.0,0.0,-21.0,1,0,1,5,-0.161904761904762,0
0.09999999999999998,3.6000000000000014,7.399999999999999,0.0,29.7,-2,0,-2,4,0.010695187165775444,1
1.5,64.5,72.0,0.0,19.0,-1,0,2,-5,-0.2523809523809524,1
0.0,4.5,51.5,3.0,317.5,-3,0,1,4,0.21717171717171713,1
0.19999999999999996,59.4,58.400000000000006,0.0,20.8,2,0,1,-9,0.08837970540098206,1
0.4,-25.999999999999996,-51.6,-1.4,-251.59999999999997,-2,0,-2,8,-0.22499999999999998,0
0.4,7.0,10.799999999999997,-0.39999999999999997,-28.400000000000006,2,0,1,-3,-0.13913043478260867,0
0.0,0.20000000000000284,-24.800000000000004,-0.2,-37.6,11,18,10,-6,0.013687600644122333,1
0.1333333333333333,10.933333333333337,50.0,0.3333333333333335,184.33333333333331,1,10,0,-5,0.11253196930946285,1
0.0,5.200000000000003,10.399999999999999,1.0,126.39999999999999,-3,0,-3,2,-0.1367521367521367,0
0.0,37.0,56.0,-1.0,136.0,3,0,-1,5,0.05500000000000005,0
-0.19999999999999996,-17.4,-0.20000000000000284,0.4,145.0,3,0,1,0,-0.032467532467532534,1
0.0,-20.0,-33.0,-1.0,-12.0,-2,0,-2,3,0.10416666666666663,0
-3.0,2.0,-13.0,0.0,-55.0,3,0,3,4,0.05594405594405594,0
-0.2,15.000000000000002,23.400000000000002,0.19999999999999996,50.2,2,0,3,2,-0.036756756756756825,1
0.0,29.0,21.800000000000004,-0.20000000000000007,-9.800000000000004,0,0,1,-6,0.12794117647058822,1
-0.2,54.4,63.2,-1.0,-49.19999999999999,-1,-15,-4,2,0.17112299465240643,0
0.0,0.7999999999999972,-16.0,0.3999999999999999,45.400000000000006,-1,0,0,6,-0.07196969696969702,0
0.2,14.600000000000001,19.0,1.2000000000000002,307.8,2,10,-2,2,-0.06490384615384615,0
0.0,41.0,38.0,-1.0,31.0,0,0,0,-11,0.0368421052631579,1
-0.2,11.8,23.000000000000004,0.20000000000000018,75.6,-3,10,-5,6,0.11742777260018644,0
-0.75,17.5,29.0,0.0,16.5,-2,-15,-1,2,0.14906832298136652,1
0.6,-29.299999999999997,-17.299999999999997,1.8,56.0,0,0,0,2,0.058441558441558406,0
0.4,1.8000000000000007,-10.200000000000003,-0.6,-119.6,-4,0,-2,7,-0.08869395711500971,1
1.0,11.0,12.5,0.5,38.0,1,0,0,6,0.06666666666666665,0
0.0,2.0,-5.0,-2.0,-25.0,-1,-20,-11,3,0.008333333333333415,0
0.0,36.0,37.0,-1.0,1.0,0,0,1,6,-0.08333333333333337,0
1.0,-14.0,-29.0,-1.0,-48.0,1,10,3,-3,0.35748792270531393,1
0.4,34.2,15.399999999999999,-0.3999999999999999,-49.199999999999996,-3,0,-2,-3,0.21175030599755196,1
0.0,23.4,39.6,2.4,202.2,-4,-1,-9,3,-0.0017921146953404632,1
0.0,12.600000000000001,19.4,0.7999999999999999,67.8,-2,15,0,6,0.01762632197414815,1
0.8,12.2,18.4,0.2,-56.2,1,20,3,2,0.0,0
0.0,-18.0,-40.0,-0.2,-46.0,-4,0,2,-1,0.01754385964912286,1
-0.2,-9.2,-19.000000000000004,-2.6,-130.0,4,0,4,-5,-0.15698924731182795,0
0.0,-14.333333333333336,-26.066666666666663,-0.6000000000000001,-209.0666666666667,1,0,0,6,-0.08571428571428574,1
0.2,-37.4,-71.2,-0.8000000000000003,-210.2,0,0,2,3,0.03823178016726403,1
-0.8,-29.8,-36.6,0.8,-0.5999999999999943,0,0,-1,9,-0.15476190476190477,1
-0.08333333333333331,-8.166666666666664,9.75,1.6666666666666667,149.0,1,0,4,7,0.07072368421052633,1
0.0,14.666666666666668,26.166666666666664,1.3333333333333333,142.83333333333334,0,0,2,-4,0.02751322751322749,1
0.0,-9.0,-2.0,3.0,303.5,5,0,6,-5,-0.18333333333333335,0
1.0,-25.200000000000003,-21.400000000000006,0.4,93.6,-1,0,-1,-3,0.18181818181818177,0
0.2,6.600000000000001,-13.0,-0.9999999999999999,-143.2,-1,0,2,0,-0.09806034482758619,0
0.0,27.799999999999997,27.0,0.3999999999999999,119.4,-2,-15,0,8,-0.043010752688172116,1
-0.4,-38.8,-44.8,0.0,-62.0,1,0,2,6,-0.09375,1
0.2,3.8000000000000007,26.5,0.7000000000000002,187.0,0,-15,0,4,-0.16551724137931034,0
-0.2,-33.0,-37.199999999999996,-0.20000000000000018,100.0,3,0,1,-2,0.26363636363636367,1
-0.2,10.73333333333333,9.666666666666664,-1.4,-201.66666666666666,0,10,4,-2,-0.013285024154589431,1
0.0,-51.5,-78.0,-2.0,-137.5,2,0,1,4,0.005747126436781658,0
0.0,-43.0,-85.8,2.4,42.0,2,0,10,-8,0.0,1
0.0,5.0,7.0,1.0,146.5,-2,0,-4,-4,-0.1071428571428571,1
0.0,20.0,16.5,1.5,25.0,-3,0,-5,5,-0.15740740740740733,0
0.0,-8.75,-16.0,-0.75,-23.0,-3,0,-5,2,0.08238636363636365,0
0.19999999999999996,17.400000000000002,66.8,0.9999999999999999,186.4,0,-25,0,-2,0.08787878787878789,1
0.0,25.6,35.400000000000006,0.20000000000000007,38.39999999999999,-2,-24,-2,5,0.0072727272727273196,1
-1.0,38.0,56.0,1.0,45.0,-1,0,-1,14,-0.5,0
-0.1333333333333333,-12.799999999999997,-11.200000000000003,0.6000000000000001,61.8,2,0,-1,10,-0.060559006211180044,0
-0.55,-34.65,-54.849999999999994,-0.3999999999999999,-92.19999999999999,-5,-10,-3,-6,-0.04585365853658541,1
0.0,-15.199999999999996,-15.400000000000006,0.0,-52.8,1,-10,2,-3,-0.07013574660633493,0
-0.4,12.2,-0.19999999999999574,0.39999999999999997,9.600000000000009,0,0,1,0,-0.13286713286713292,1
0.2,6.0,19.200000000000003,1.6,237.60000000000002,-5,-10,-1,2,-0.012987012987012991,1
0.0,-17.6,-20.4,0.0,60.400000000000006,-6,0,-4,2,-0.036337209302325535,1
0.0,-27.39999999999999,-32.800000000000004,-0.2,-29.0,0,-15,1,0,-0.01449275362318836,1
0.15000000000000002,-27.8,-38.05,0.0,-99.5,0,-10,-1,-2,-0.22774659182036894,0
0.4,22.849999999999994,21.150000000000006,0.55,-37.599999999999994,3,0,1,-4,-0.03269230769230769,1
-0.4,19.6,40.8,2.8,187.0,4,-25,1,-1,0.16758241758241754,1
-0.25,12.25,19.75,0.25,61.75,-3,0,-5,-1,0.09398496240601495,1
0,0,0,0,0,2,-15,4,-8,0.002272727272727315,1
0.0,-39.86666666666666,-34.46666666666667,-1.4666666666666666,90.93333333333334,1,0,1,-3,-0.09166666666666667,1
0.0,-7.0,-18.0,0.0,59.0,4,10,3,8,-0.16666666666666663,1
0.6666666666666666,15.666666666666664,13.25,-1.0833333333333335,-28.5,-1,0,4,-9,0.15578947368421048,1
0.0,-2.0,-4.0,-1.0,105.0,-2,0,5,-3,0.1477272727272727,0
1.0,-19.5,-21.75,-0.75,25.25,2,15,-2,0,0.07189542483660127,0
0.2,2.3999999999999986,7.600000000000001,2.4,73.19999999999999,-1,0,1,-1,0.08791208791208782,1
-0.2,-52.800000000000004,-15.600000000000009,2.4,575.5999999999999,-1,0,-3,7,0.022296544035674493,1
-0.2,11.2,20.0,-1.4,-108.4,0,0,-2,2,-0.06007509386733412,1
0.0,-2.9166666666666643,75.0,1.6666666666666667,221.16666666666666,-2,-10,1,-5,0.14871794871794874,1
0.2,1.0,-1.3999999999999986,0.0,-28.400000000000006,2,0,0,-1,-0.030303030303030276,0
0.2,-16.6,-27.2,-0.6,-127.0,3,0,-2,-5,0.004201680672268893,1
-1.0,-14.0,120.0,4.0,618.0,0,0,0,-2,0.1573426573426573,0
0.0,-24.333333333333336,-2.6666666666666714,-1.3333333333333335,183.33333333333334,1,0,-2,7,0.03421052631578947,0
0.0,1.75,0.5,0.0,83.25,0,0,-6,-3,-0.10000000000000009,0
0.0,40.7,27.9,0.8,82.9,0,15,-1,1,0.05882352941176461,1
0,0,0,0,0,0,-10,2,-10,0.25,1
-0.8,22.4,30.400000000000006,0.4,11.8,3,15,2,3,-0.15714285714285714,0
0.6000000000000001,-15.600000000000001,-29.8,-0.4,-42.0,0,0,2,-5,0.0,1
0.0,31.400000000000006,51.00000000000001,0.3999999999999999,129.60000000000002,-4,15,-2,-1,-0.0006738544474392816,0
0.8,7.0,-10.0,-0.8,-44.4,5,0,6,6,0.013636363636363669,0
0.8,-6.600000000000001,-16.200000000000003,-0.4,21.200000000000003,2,0,3,4,0.08105263157894738,1
1.05,-18.15,-28.650000000000006,0.4,-142.3,1,0,-4,-8,0.01041666666666663,1
0.0,1.6000000000000014,-6.866666666666674,0.33333333333333337,-241.33333333333331,1,0,2,-2,0.11538461538461542,1
0.0,-27.5,-36.5,-1.0,194.0,-1,0,-4,7,-0.09126984126984128,1
0.0,-3.0833333333333357,22.41666666666667,0.5833333333333334,200.33333333333334,-3,-10,-4,2,-0.021739130434782594,0
-0.4,17.4,45.0,2.4,145.4,4,0,8,-1,-0.07608695652173914,0
0.2,-23.8,8.599999999999994,2.0,345.0,0,0,-4,-3,0.1477272727272727,1
0.0,-25.0,-31.0,0.0,23.0,3,0,-5,9,0.20197044334975367,0
0.04999999999999999,-1.25,9.799999999999997,0.55,62.7,1,0,-2,-4,0.19444444444444442,1
0.39999999999999997,32.0,58.800000000000004,2.2,220.0,-1,10,-7,-2,-0.012820512820512775,1
0.2,-15.2,-28.4,-0.4,-87.99999999999999,-1,0,3,5,0.10810810810810811,1
0.19999999999999996,11.599999999999998,2.3999999999999986,-1.0,-147.20000000000002,0,-35,-2,-2,-0.006249999999999978,1
0.0,-9.0,1.7999999999999972,-0.19999999999999996,187.4,4,0,6,12,-0.1777777777777778,1
0.0,-6.0,-10.333333333333336,-0.6666666666666667,29.66666666666667,7,10,7,-2,-0.04524886877828049,1
-0.6666666666666666,56.2,58.46666666666666,-1.5333333333333334,-96.86666666666667,1,0,1,4,0.012925969447708519,1
0.0,-25.0,-2.6666666666666714,2.3333333333333335,311.0,0,-6,-1,-5,-0.015444015444015413,0
1.0,-2.0,-18.0,0.0,-32.0,-3,0,4,-10,0.014285714285714346,1
1.5,47.5,44.0,0.0,9.0,-3,-10,0,-1,0.01680672268907568,1
0.6,37.4,19.200000000000003,-2.8,-385.8,1,0,1,-5,-0.08413926499032887,1
0,0,0,0,0,0,45,-2,-1,-0.1208791208791209,0
-0.20000000000000007,64.80000000000001,65.8,-0.19999999999999996,-2.3999999999999915,2,0,0,0,-0.07859531772575246,0
0.0,-56.5,-85.25,3.0,226.5,2,10,1,-7,0.06643356643356635,0
-0.2,33.8,44.599999999999994,1.0,72.2,3,0,4,4,-0.09613526570048314,0
-0.2,-4.400000000000002,-36.39999999999999,-1.7999999999999998,-201.4,0,0,2,8,-0.1280193236714975,0
-0.16666666666666669,4.166666666666666,4.5,-1.1666666666666667,31.0,2,0,3,-10,-0.0444444444444444,1
0.0,-10.0,-13.600000000000001,-0.6,7.400000000000006,2,0,0,-12,0.10380034032898466,1
-0.4,-15.399999999999999,-33.800000000000004,-0.20000000000000007,-44.39999999999999,-3,-15,-5,0,-0.11752136752136755,0
0.0,37.2,49.2,1.6,225.4,4,19,1,0,-0.17500000000000004,1
0.0,-13.2,-1.0,3.4000000000000004,246.39999999999998,2,0,1,1,-0.08080808080808077,1
0.0,-26.0,-16.5,3.5,386.0,-2,0,-5,-3,0.2857142857142857,0
0.0,1.0,-28.0,2.0,35.0,1,0,1,-7,0.1410658307210032,0
0.25,21.5,-5.0,-2.0,-197.25,3,10,3,7,-0.18484848484848493,0
0.0,1.8500000000000014,-23.1,-0.35,-63.35,2,10,2,-4,-0.10175438596491226,1
0.5,-9.5,-16.0,-1.0,-21.0,5,45,10,-6,0.22499999999999998,1
0.0,-25.333333333333336,-26.33333333333333,-2.1666666666666665,38.16666666666666,0,0,0,7,0.13888888888888895,1
-0.4,21.65,47.4,2.25,241.85,-1,0,-3,4,0.050000000000000044,0
-0.2,45.599999999999994,98.8,3.0,329.79999999999995,3,0,-2,3,0.023106546854942178,1
-0.5,3.5,45.75,4.75,411.0,-3,15,2,-3,0.13411764705882345,1
0.2,-12.600000000000001,-15.600000000000001,2.4,223.2,-3,15,-2,8,0.09393939393939399,1
-0.3,-1.1999999999999993,-22.2,1.6,111.75,1,0,5,0,0.004201680672268893,1
0.3333333333333333,3.333333333333332,10.333333333333336,1.0,160.0,-1,0,0,6,0.012499999999999956,0
0.0,-35.0,-26.0,0.0,228.0,0,-10,0,-11,-0.08333333333333337,1
0.19999999999999996,-39.800000000000004,-49.0,-0.6,-41.8,6,0,3,-1,0.03452380952380951,0
0.2,-0.3999999999999986,0.20000000000000284,-0.6,0.20000000000000284,2,15,5,8,0.07112375533428172,1
0.09999999999999998,-3.0500000000000007,-16.4,-0.55,-134.25,-3,0,-5,7,-0.1470588235294117,1
0.09999999999999998,-25.9,-31.299999999999997,-0.09999999999999998,-56.599999999999994,2,-7,6,5,0.07551707551707554,0
0.0,3.8000000000000007,-14.0,-1.6,-85.8,2,0,3,4,-0.08522727272727271,0
-0.8,37.6,46.099999999999994,1.6,223.60000000000002,4,10,3,-3,-0.012820512820512775,1
0.0,23.0,90.33333333333334,0.0,220.66666666666669,-4,0,-1,5,-0.05434782608695654,0
-0.4,30.8,47.6,1.0,39.2,-1,0,-2,0,0.019607843137254832,0
0.0,28.5,43.0,-1.0,-188.0,4,10,-2,7,-0.2142857142857143,1
0.0,43.833333333333336,46.833333333333336,-0.8333333333333335,-9.833333333333343,-1,0,-4,7,0.015789473684210464,1
0.0,-26.2,-18.200000000000003,1.2000000000000002,162.0,-1,0,-2,3,-0.014285714285714346,1
0.0,24.0,43.0,1.0,60.0,-4,20,-2,0,-0.02766798418972327,0
-0.2,17.200000000000003,43.199999999999996,0.19999999999999996,174.60000000000002,-2,0,-4,2,-0.15476190476190477,0
-0.6000000000000001,1.1999999999999993,15.400000000000002,0.8,125.39999999999999,5,0,9,-3,0.14351851851851855,0
-0.2,13.0,51.199999999999996,1.6,303.4,-3,50,-5,-4,0.12444444444444447,1
0.0,-17.4,-61.8,-2.0,-269.2,1,0,2,-5,0.0854341736694677,1
0.39999999999999997,40.99999999999999,94.2,3.0,391.40000000000003,-5,-15,-2,0,0.10352941176470587,1
0.0,-9.666666666666664,-10.333333333333329,-0.6666666666666667,-37.333333333333314,0,10,-1,7,0.03007518796992481,0
-0.4,33.800000000000004,38.2,2.8,201.4,0,0,-2,8,0.01488833746898266,0
0.6,70.6,88.0,-0.6000000000000001,106.60000000000001,1,0,1,-4,0.04576659038901609,1
0.0,-11.333333333333334,-10.666666666666668,0.33333333333333326,-140.0,2,0,2,-10,0.13186813186813184,1
0.2,5.0,-0.8000000000000043,-0.3999999999999999,-56.0,0,15,1,3,0.06818181818181823,0
-0.6000000000000001,9.799999999999997,35.0,0.8,205.6,0,-20,0,-1,0.20833333333333337,1
-0.2,-24.8,-26.200000000000003,0.39999999999999997,-28.80000000000001,1,0,1,-5,-0.04761904761904767,1
0.2,27.266666666666666,5.200000000000003,-5.333333333333333,-293.9333333333333,2,0,2,1,-0.020703933747412084,1
0,0,0,0,0,0,-20,-2,2,-0.031818181818181746,1
0,0,0,0,0,2,0,2,1,0.5480769230769231,1
0.2,-3.3999999999999986,-10.600000000000001,-0.4,-8.600000000000001,-2,0,-3,2,-0.26262626262626265,0
1.0,0.40000000000000036,-22.6,-1.8,-156.6,3,0,0,-7,0.050000000000000044,1
0.0,29.0,-24.0,0.0,-194.0,-3,0,-1,-3,-0.10000000000000009,1
0.0,0.6000000000000014,-16.4,-0.8,-262.2,3,10,1,3,-0.1394736842105263,1
-2.0,-15.399999999999999,-31.799999999999997,-2.8,-283.2,0,0,0,9,-0.029230769230769282,0
0,0,0,0,0,1,0,-5,-4,0.4166666666666667,0
0.0,-17.2,-11.899999999999999,0.19999999999999996,45.19999999999999,-3,-20,2,3,-0.014285714285714235,1
0.0,-6.199999999999996,-3.4000000000000057,-0.6000000000000001,10.199999999999989,2,0,-4,-2,0.04102564102564099,0
0.5,32.0,29.5,0.25,-79.5,1,0,2,-1,-0.021428571428571352,1
0.4,9.066666666666663,13.666666666666664,-0.3999999999999999,54.133333333333354,-1,15,1,0,-0.17551020408163276,0
0.39999999999999997,6.599999999999998,8.399999999999999,0.8,3.799999999999997,-3,3,-6,9,-0.09620596205962051,0
0.4,-1.7999999999999972,-14.0,-0.8,-11.600000000000001,1,0,1,7,-0.11925287356321834,1
0.3333333333333333,-7.399999999999999,-26.26666666666667,-0.6,-116.4,0,0,0,-3,0.07440476190476186,1
-1.0,-21.7,-20.6,0.0,35.7,0,0,-3,7,-0.2700348432055749,0
0.6,61.8,64.2,0.0,15.2,-5,0,-1,0,-0.02083333333333337,1
0.6666666666666666,-30.333333333333336,-56.33333333333333,-2.6666666666666665,-143.66666666666666,3,0,0,-2,-0.19696969696969702,1
0.25,-7.75,28.75,2.0,347.0,1,0,5,0,-0.01449275362318836,0
0.2,20.8,23.200000000000003,0.3999999999999999,33.133333333333354,0,0,1,-9,-0.19924812030075179,1
0.0,-2.0,-2.0,1.75,152.75,2,15,0,4,-0.10282258064516125,1
0.0,-28.5,-70.0,1.0,-32.0,1,-10,4,-4,-0.1507936507936508,1
-1.0,16.0,27.0,0.0,114.5,-1,15,1,-1,0.05714285714285716,1
-1.2,25.0,30.799999999999997,0.6,17.400000000000006,0,0,1,-6,0.17224080267558528,0
-0.4,-7.199999999999996,-51.8,-0.6,-177.8,2,-15,-2,-3,0.002774694783573728,1
0.09999999999999998,-39.7,-62.3,0.0,-123.7,-2,0,-2,2,0.20329670329670324,1
0.2,35.4,60.6,2.8,282.2,-1,0,-2,-2,-0.018382352941176516,1
-0.08333333333333331,8.5,-33.5,-0.6666666666666667,-211.58333333333331,1,-10,3,2,-0.10857142857142865,0
0.3333333333333333,-3.9333333333333336,-6.0,0.6666666666666665,66.4,2,0,-1,0,-0.019230769230769273,1
0.0,-12.0,5.0,2.0,91.5,2,0,2,6,-0.008333333333333304,1
0.0,-20.0,-50.99999999999999,0.6000000000000001,136.99999999999997,3,0,-1,3,-0.06315789473684219,0
0.25,-7.166666666666664,3.25,1.4166666666666667,235.33333333333334,1,-10,4,2,-0.053333333333333344,0
-0.4,24.95,50.65,2.25,287.75,-1,0,0,-2,0.1950464396284829,1
0.0,6.666666666666664,34.66666666666667,1.3333333333333333,120.66666666666669,-3,0,-1,0,-0.12173913043478257,1
0.0,-24.5,6.0,1.5,309.25,-4,0,3,-1,-0.11616161616161613,1
-0.09999999999999998,15.899999999999999,21.4,1.9,235.3,-1,0,-1,5,-0.0357142857142857,1
0.0,-44.2,-35.2,0.6,106.6,2,0,2,-5,-0.04195804195804198,0
-0.2,38.0,57.95,3.6,131.95,2,0,1,-6,0.09627329192546574,1
0.0,17.6,15.399999999999999,-0.7999999999999999,-88.20000000000002,3,10,-2,-9,0.05714285714285716,1
-0.19999999999999996,-29.4,-53.4,-1.6,-209.4,2,0,3,8,-0.09187620889748549,1
0.8,-17.0,-17.200000000000003,0.19999999999999996,34.60000000000001,-1,0,1,-3,0.08999999999999997,1
0.1333333333333333,-0.06666666666666643,-8.066666666666666,-1.6666666666666667,-173.6,1,0,-1,-10,0.12857142857142856,1
-0.2,-6.600000000000001,-8.799999999999997,1.4,256.2,-5,0,-4,-2,0.04444444444444451,1
-0.2,-4.399999999999999,-10.799999999999997,-0.20000000000000018,-13.100000000000023,4,0,5,8,-0.02545068928950156,0
0.0,-4.200000000000003,9.400000000000006,-0.4,11.399999999999991,3,0,0,4,0.07291666666666663,0
-0.2666666666666666,26.4,17.799999999999997,1.6,6.666666666666657,-2,0,3,0,0.005555555555555536,1
1.0,-36.0,-55.0,-1.0,-47.0,-1,0,-1,2,-0.0368421052631579,0
0.2,-20.8,-28.6,0.2,121.8,-1,0,5,5,-0.0714285714285714,0
1.0,-9.0,-37.0,0.0,-75.0,0,0,1,4,-0.059259259259259234,1
-0.8333333333333333,8.416666666666664,8.0,-1.3333333333333333,-26.833333333333332,-1,10,5,0,0.14814814814814814,0
0.19999999999999996,-1.6000000000000014,-1.3999999999999986,-0.19999999999999996,-124.0,-3,-10,-1,-1,0.20736434108527124,0
0.19999999999999996,-1.0,-8.133333333333326,-1.4666666666666668,-83.93333333333334,1,0,-1,-2,0.017080745341614856,0
0.2,8.299999999999997,-12.899999999999999,0.35,4.200000000000003,1,0,-2,-7,-0.05723370429252783,1
0.0,18.799999999999997,56.2,1.0,166.0,0,0,2,2,-0.07692307692307687,0
-0.2,-4.600000000000001,-12.800000000000004,1.0,-34.400000000000006,-1,15,2,4,-0.1027667984189723,0
0.2,-36.6,-41.199999999999996,1.4000000000000001,132.4,0,10,0,6,0.10728744939271262,1
0.4,-24.0,-39.0,0.3999999999999999,-3.799999999999997,-2,10,-2,4,-0.01449275362318836,1
0.3333333333333333,-5.333333333333336,-14.0,-0.33333333333333337,41.33333333333333,0,45,9,-4,-0.2919254658385093,1
0.2,-28.133333333333336,-30.799999999999997,-1.3333333333333333,-112.33333333333334,-2,15,0,-1,0.027272727272727337,1
0.0,3.3500000000000014,17.950000000000003,1.2,209.35,-1,10,3,-5,0.13333333333333341,0
0.0,-39.0,-58.0,-1.0,-58.0,0,45,4,8,-0.04166666666666663,0
0.0,3.4000000000000057,-34.80000000000001,-0.8,-155.2,0,-9,-3,5,-0.07272727272727275,0
-0.8,9.799999999999999,24.800000000000004,1.6,279.4,1,0,-2,-2,0.07222222222222219,1
-0.25,-11.25,-0.25,1.0,27.5,-1,10,2,-3,0.32480818414322243,1
0.6,-48.6,-71.8,-3.0,-264.6,-2,0,-3,8,-0.07830551989730417,1
-0.08333333333333331,-39.75,-60.66666666666667,0.5833333333333334,116.08333333333333,-1,0,0,-2,0.05217391304347829,0
0.0,-16.4,32.8,1.0,457.80000000000007,1,0,-3,4,0.14017094017094023,1
0.19999999999999996,8.2,11.200000000000003,-0.2,-32.2,2,20,2,-5,0.01851851851851849,1
-0.2,11.999999999999996,28.400000000000002,0.8,150.4,-1,15,-5,9,0.10458284371327853,1
0.0,19.4,26.0,-0.09999999999999998,-13.3,-5,0,-4,-3,0.06532258064516128,1
0.2,-13.200000000000003,-36.60000000000001,-5.4,-340.40000000000003,0,0,-1,4,0.10873440285204994,1
0.2,-12.2,-28.6,0.3999999999999999,53.8,0,0,-3,11,-0.13333333333333341,0
0.0,16.0,14.333333333333336,-0.33333333333333326,1.0,3,0,4,2,-0.028490028490028574,1
0.0,14.200000000000003,19.0,0.2,55.19999999999999,1,25,3,-1,0.12591431556948807,1
0.4,-15.999999999999996,-12.600000000000001,-0.2,13.799999999999997,-7,-1,-2,9,-0.10448807854137443,0
0.8,20.4,12.599999999999998,-0.8,-88.4,0,0,1,-3,0.05818181818181822,0
0.0,-13.333333333333332,-21.0,-1.0,19.0,6,20,2,0,0.06666666666666665,1
0.4,-24.9,-47.5,-1.5,-194.65,2,0,2,-12,0.0009380863039399889,1
0.0,10.0,19.0,-1.0,-385.0,-3,0,0,-5,0.07692307692307698,1
0.2,-0.1999999999999993,-25.049999999999997,0.25,-178.0,-2,0,3,1,0.05714285714285705,1
0.0,-41.25,-37.0,0.5,-35.75,4,0,7,0,0.05263157894736836,1
0.2,-1.6000000000000014,6.400000000000006,-0.4,110.80000000000001,5,10,3,1,-0.09333333333333338,0
0.25,-15.5,-10.25,-0.25,195.0,0,0,0,-5,0.11250000000000004,0
-0.2,5.399999999999999,-6.200000000000003,-0.19999999999999996,27.19999999999999,0,0,-1,-11,0.3232758620689655,1
0.5,18.0,22.5,-2.5,-48.25,1,0,-5,-2,0.1428571428571428,1
-0.6666666666666666,-8.333333333333334,-14.333333333333334,0.6666666666666666,27.333333333333336,2,0,-1,-2,0.14619883040935677,1
-0.2,63.4,70.60000000000001,1.6,207.0,1,43,4,-4,0.3655172413793104,1
-0.04999999999999999,7.450000000000003,8.650000000000006,1.5499999999999998,55.19999999999999,-1,-10,2,1,0.17272727272727273,1
0.0,-6.600000000000001,14.400000000000006,-0.4,-12.600000000000001,-1,0,-3,-1,0.0743034055727555,0
0.39999999999999997,-5.199999999999996,-18.60000000000001,-2.6,-119.79999999999998,0,0,-4,-8,0.050000000000000044,1
-0.2,15.733333333333334,29.53333333333333,-0.33333333333333326,-51.0,0,0,-3,-2,0.10210210210210213,1
0.2,16.733333333333334,-1.4666666666666686,0.0,-77.8,-1,0,1,-12,0.03260869565217395,1
-0.5,-13.0,-35.0,-2.0,-186.0,3,0,0,1,0.08361204013377921,1
0.0,-3.666666666666668,-17.5,1.3333333333333333,-268.3333333333333,-4,0,-2,-5,0.0714285714285714,1
-0.25,-8.75,10.75,4.0,383.5,-3,0,1,-4,0.02777777777777779,0
0.6666666666666666,-26.333333333333336,-44.333333333333336,-1.0,-58.666666666666664,2,5,8,5,-0.23478260869565226,1
0.4666666666666666,-26.4,-28.4,-1.0,-96.6,-1,48,-2,1,0.0404411764705882,1
0.4,2.8000000000000043,26.4,-1.8,-99.39999999999998,0,-15,-6,6,0.007692307692307665,0
0.2,6.400000000000002,18.0,0.7999999999999999,22.799999999999997,2,0,1,0,0.08201058201058198,1
-0.3333333333333333,-35.666666666666664,-54.33333333333333,2.3333333333333335,59.0,4,10,5,-3,0.029644268774703497,1
0.2,-8.0,-6.399999999999999,5.4,316.2,0,0,0,-1,0.23529411764705888,1
0.2,27.6,6.799999999999997,-2.6,-275.8,0,-10,1,1,-0.11128526645768033,1
0.0,11.799999999999997,-11.800000000000004,-0.3999999999999999,23.600000000000023,-3,-15,-3,-2,0.03589743589743599,0
0.0,8.649999999999999,15.799999999999997,-0.95,11.099999999999994,-2,0,-3,5,0.03167420814479638,0
-0.6,61.599999999999994,91.39999999999999,1.6,154.2,-1,0,2,2,-0.15337837837837842,0
0.0,21.0,8.0,-6.0,-328.0,5,0,7,1,-0.2592592592592593,0
0.6000000000000001,16.6,3.200000000000003,-2.2,-133.2,-2,0,-1,-3,0.04705882352941182,1
0.5,-4.1,-6.899999999999999,-1.2,-181.9,-2,0,0,-2,-0.01904761904761909,0
-0.4,30.2,25.6,-1.4,-55.8,-1,-15,0,1,-0.06349206349206349,1
-0.19999999999999996,-39.400000000000006,-45.8,-0.4,-14.999999999999996,0,27,1,3,0.03584905660377358,0
-0.2,6.600000000000001,2.6000000000000014,-0.8,-14.599999999999994,1,18,3,-6,0.10017421602787457,1
1.0,-15.0,-19.0,-1.0,-59.0,0,-15,3,5,0.05833333333333335,1
0.0,-16.0,0.5,1.0,231.5,0,19,-1,0,0.020270270270270285,1
0.0,-9.666666666666668,-7.600000000000001,-0.1333333333333333,62.266666666666666,-2,0,-4,4,-0.04207317073170724,0
0.0,-6.5,-13.5,-1.0,-54.5,4,10,-2,3,-0.0672268907563025,1
-0.25,46.25,55.75,2.75,81.25,-1,-35,-1,0,0.018750000000000044,0
0.0,-25.166666666666668,-27.833333333333332,-0.3333333333333333,-3.5,-1,0,2,3,0.03125,0
0.4,-14.399999999999999,-27.4,0.3999999999999999,18.200000000000003,0,0,3,-2,0.18181818181818188,1
0.0,26.0,43.0,0.0,-102.0,3,0,-1,-2,0.2321428571428571,0
-0.35,-6.0,3.1999999999999993,1.5,132.15,-3,0,-3,5,-0.08585858585858586,0
0.0,-30.0,-49.0,-1.0,-60.0,-1,-62,3,1,-0.02564102564102566,1
0,0,0,0,0,0,15,-2,-1,-0.06428571428571428,0
0.4,25.6,37.0,0.19999999999999996,46.60000000000001,-5,1,-7,5,-0.13920817369093236,1
0.6,-16.400000000000002,-29.799999999999997,-1.6,-52.599999999999994,-6,15,-9,9,0.09881422924901184,0
-0.5,-8.5,4.0,-0.25,50.75,1,15,1,-5,-0.05238095238095242,1
0.0,19.75,21.75,-1.0,-115.25,-2,0,-9,13,0.07720588235294112,1
0.2,37.2,64.4,1.0,122.4,3,-20,3,0,-0.21714285714285708,0
0.0,-19.5,-11.5,0.0,14.5,4,10,2,-2,-0.21333333333333337,1
-0.4,-8.299999999999997,35.7,2.8,284.0,-5,0,-4,-6,-0.04166666666666674,0
0.25,-7.25,-6.5,-1.0833333333333333,-104.41666666666666,4,10,7,-4,-0.018018018018017945,1
0.3333333333333333,31.666666666666664,3.0,-3.0,-193.33333333333334,8,0,-3,4,-0.3165266106442577,1
-0.16666666666666663,20.25,45.416666666666664,0.9166666666666667,218.25,1,0,-2,-4,-0.1171428571428571,0
0.2,-19.3,-12.549999999999997,-0.4,-68.85,-2,-15,-2,2,-0.20915032679738554,1
0.3333333333333333,-15.666666666666668,-33.0,0.0,-1.3333333333333357,1,0,6,1,0.20326678765880224,1
1.0,-21.6,-37.400000000000006,0.0,14.200000000000003,-3,-15,-2,-3,0.15714285714285714,0
0.1333333333333333,11.600000000000001,-19.400000000000006,-0.13333333333333341,-248.53333333333333,2,0,4,5,0.015151515151515138,0
-0.2,43.800000000000004,51.400000000000006,0.4,48.2,5,0,3,-3,-0.10545905707196035,0
-0.4,53.599999999999994,83.2,3.4,222.8,3,0,5,-6,0.11184210526315785,1
0.4,-14.399999999999999,-40.4,-3.2,-277.0,3,10,3,0,-0.0452380952380953,1
0.4166666666666667,2.916666666666668,-13.0,0.4166666666666667,-23.833333333333336,3,0,1,-1,-0.0625,0
0.2,-24.15,-55.85,-2.2,-262.4,-1,0,0,-3,-0.0032467532467531646,0
0.0,-31.999999999999996,-17.0,-1.3333333333333335,-123.66666666666667,1,0,4,4,-0.11229946524064172,1
-0.2,22.0,57.199999999999996,0.8000000000000003,114.80000000000001,-1,0,-1,1,-0.15631929046563198,1
0.2,19.4,14.400000000000002,0.20000000000000007,-30.60000000000001,2,15,1,2,0.037878787878787956,1
0.3,-4.100000000000001,10.2,3.4,303.5,3,0,1,-3,0.11842105263157898,1
-2.0,-27.0,18.0,2.0,269.0,6,10,5,2,0.11631016042780751,0
0.2,-34.8,-30.999999999999993,0.0,-6.200000000000001,1,0,2,4,-0.013675213675213738,0
-0.2,-4.199999999999999,21.4,0.0,25.200000000000017,1,0,-2,-4,0.1182432432432432,1
0.5,-11.75,-43.75,-1.5,-102.5,4,15,0,-7,0.027272727272727337,1
0.2,-11.400000000000002,-26.2,-0.7999999999999999,-157.8,2,0,2,-3,-0.02991452991452992,0
-0.16666666666666669,18.333333333333332,42.666666666666664,0.16666666666666663,51.83333333333333,-3,0,-6,1,0.038461538461538436,0
0.0,-7.0,-9.0,-0.5,-165.0,0,0,-1,7,0.003529411764705892,1
1.0,10.0,23.000000000000004,-1.0,34.0,5,0,3,-1,0.09027777777777779,1
0.0,4.199999999999999,-16.200000000000003,-0.19999999999999996,-132.8,-1,0,-1,-13,0.21331521739130432,1
0.0,2.0,-39.0,-0.5,-2.0,0,-15,-1,0,-0.15294117647058825,0
-0.2,20.400000000000002,27.999999999999996,-1.4,193.4,3,0,-3,0,-0.064039408866995,0
0.5,-12.5,-10.5,-0.25,28.5,-3,-18,0,1,-0.17129629629629628,1
0.0,-5.0,-18.0,2.0,134.0,3,0,3,0,0.021390374331550777,1
0,0,0,0,0,-4,0,4,-4,0.08571428571428574,1
-0.04999999999999999,30.15,27.1,-1.6,-197.0,2,-15,-3,5,0.03218645948945609,1
0.4,6.0,7.0,-0.40000000000000013,-70.80000000000001,2,15,1,-6,0.0625,1
1.5,16.5,0.0,1.0,-18.5,2,0,0,-8,-0.08333333333333337,1
0.6,12.549999999999997,2.700000000000003,-0.5,-148.0,-1,10,-3,-8,-0.11211129296235678,1
-0.2,41.0,50.599999999999994,-0.6,-3.6000000000000085,2,0,5,-4,-0.0726628267611874,1
0.0,5.299999999999997,-4.399999999999999,-0.8,-81.5,2,15,2,1,0.05675675675675684,1
0.25,-21.0,-12.25,2.25,100.0,-4,-15,-4,4,-0.09126984126984128,0
0.2,11.8,0.6000000000000014,0.2,64.2,-2,0,-5,5,0.025000000000000022,0
0.0,-35.0,-54.0,-1.0,-56.0,4,20,7,-6,-0.054166666666666696,1
1.0,12.0,19.0,1.0,137.0,0,0,0,-11,0.13636363636363646,0
0.0,28.0,17.333333333333336,-1.0,-183.66666666666666,-2,0,1,10,0.02941176470588236,0
0.0,7.0,71.0,0.0,172.5,-3,-10,-2,2,0.02898550724637683,1
0.0,28.75,39.75,2.0,247.0,2,25,0,1,-0.0892857142857143,0
-1.2,42.0,73.80000000000001,5.0,331.0,-3,15,-6,0,0.038461538461538436,0
0.6,4.0,-26.199999999999996,-0.8,-220.40000000000003,-2,-2,-2,10,-0.16666666666666663,1
0.15000000000000002,0.75,1.1000000000000014,0.8,55.2,2,0,6,-3,-0.03157894736842104,1
0.0,15.0,5.0,-2.4000000000000004,-110.40000000000003,0,0,1,-1,0.06349206349206349,1
0.0,-16.0,3.0,2.0,115.0,-1,20,0,3,-0.011363636363636354,1
-0.4,-54.00000000000001,-43.8,0.6000000000000001,-22.000000000000007,2,0,0,12,-0.008130081300812941,1
-0.2,12.200000000000003,13.799999999999997,1.2,118.2,0,15,2,2,0.045454545454545414,1
0.0,-18.6,-33.6,-0.8,37.2,2,19,4,-5,-0.09268292682926838,1
0.0,-23.049999999999997,-11.75,0.10000000000000009,214.7,-3,10,-3,-1,0.03472222222222221,0
0.0,18.0,18.33333333333333,-0.33333333333333326,-253.0,1,0,0,7,0.012820512820512775,0
0,0,0,0,0,0,0,0,-7,0.16666666666666669,1
-0.3333333333333333,-38.0,-34.333333333333336,-0.3333333333333333,279.3333333333333,-3,-10,-6,2,-0.2199248120300752,0
0.8,-18.8,-53.199999999999996,-3.6,-332.40000000000003,0,0,4,-1,-0.0357142857142857,1
-0.26666666666666666,39.4,62.46666666666667,0.0,163.2,-1,-15,0,4,0.0781044317683195,0
-0.09999999999999998,-23.9,-4.100000000000001,1.2,105.1,5,0,3,9,-0.04365079365079361,0
-0.5,-64.0,-82.5,1.0,-29.5,0,-15,-1,-7,0.24615384615384617,0
1.3,65.4,82.2,-0.30000000000000004,162.5,1,0,-1,-1,0.021739130434782594,1
0.0,13.75,41.0,3.0,301.0,0,0,-4,-4,-0.043269230769230727,0
-0.25,21.700000000000003,15.399999999999999,2.15,47.0,1,0,0,-1,0.05714285714285705,1
0.0,25.999999999999996,45.00000000000001,-1.0,67.20000000000005,1,0,0,-3,0.006734006734006703,0
-0.3333333333333333,16.916666666666664,46.5,0.25,114.33333333333333,-3,15,-1,3,0.002450980392156854,0
0.2,19.6,17.0,-0.3,36.099999999999994,0,0,3,-2,-0.02777777777777779,1
0.6666666666666666,-26.0,-43.333333333333336,-1.0,-52.666666666666664,1,0,-2,1,-0.04843304843304841,0
0.0,-19.5,-47.0,-3.0,-206.0,3,10,3,1,-0.1404174573055028,0
0.0,-23.25,-37.0,-0.25,136.5,3,15,4,-4,0.0022883295194507935,1
0.6,52.13333333333333,43.33333333333333,-4.133333333333333,-80.93333333333331,-2,0,-1,-1,-0.07453416149068315,0
0.4,-15.5,-18.299999999999997,-1.5,-120.9,1,0,3,-3,-0.12268907563025211,0
0.0,13.6,18.4,0.2,24.2,3,-10,-3,-4,0.014117647058823457,1
0.2,-4.400000000000002,-10.800000000000004,-0.39999999999999997,-135.20000000000002,-1,-15,-1,-6,-0.20120120120120122,0
0.2,17.199999999999996,45.6,1.2,243.99999999999997,-3,0,-2,3,0.0478991596638656,1
0.6,-14.8,-34.2,-0.6000000000000001,-97.79999999999998,-1,-20,-3,-1,-0.010259917920656614,0
0.0,-13.666666666666668,5.333333333333329,2.0,264.3333333333333,-3,0,1,-2,0.11250000000000004,1
0.4,9.0,8.599999999999994,0.6000000000000001,46.2,2,10,4,2,-0.12222222222222223,0
0.04999999999999999,26.35,31.95,-1.75,39.7,3,0,-2,1,0.09627329192546574,1
-0.3,-43.9,-71.35,0.6,-126.25,-3,25,-1,1,0.0,1
0.0,-7.333333333333336,-14.666666666666664,3.0,245.33333333333331,2,0,-1,1,0.020979020979020935,1
1.0,-28.0,-47.0,-1.0,-57.0,-2,0,-2,-1,-0.040322580645161255,1
0.0,-2.3333333333333357,11.666666666666671,0.6666666666666667,205.33333333333331,1,20,3,6,0.016483516483516425,1
-0.19999999999999996,43.599999999999994,-5.200000000000003,0.0,12.400000000000006,-3,0,-1,2,-0.04347826086956519,1
-0.2,50.0,90.0,1.6,179.60000000000002,1,0,3,-3,0.21379310344827596,1
-0.6,4.0,5.599999999999994,-0.2,-12.399999999999999,0,0,-1,5,-0.06818181818181823,0
-0.3,-3.3999999999999986,-4.5,1.7000000000000002,26.900000000000006,-1,-10,-5,4,-0.09523809523809523,0
-0.09999999999999998,8.7,1.6000000000000014,1.6,28.0,-3,0,0,2,-0.09782608695652173,1
1.0,-5.199999999999999,-94.6,-1.0,-358.3,2,0,3,-9,0.12531328320802004,1
0.4,-10.600000000000001,-22.6,-0.4,12.400000000000006,2,0,4,10,0.02083333333333337,0
0.0,17.0,6.0,1.0,-103.0,0,0,0,-3,0.025252525252525193,1
0.0,43.6,56.6,1.0,157.4,1,0,-1,5,0.04883720930232549,0
0.7,18.5,21.299999999999997,0.2,24.1,-1,0,-1,-1,-0.011904761904761862,1
0.0,10.0,-26.5,-3.0,-481.0,1,0,-2,3,-0.06571428571428573,0
0.0,-7.666666666666668,1.3333333333333321,1.1666666666666667,329.6666666666667,3,0,0,0,0.03238866396761142,1
0.0,-9.799999999999997,11.799999999999997,2.2,217.60000000000002,-5,15,-3,-1,-0.02618405852907202,1
0.20000000000000007,31.4,24.0,0.2,-112.8,0,-27,-3,-4,-0.0121212121212122,0
0.6,33.0,0.8000000000000043,0.6000000000000001,-12.799999999999997,-2,-15,-3,-1,-0.060389610389610326,0
0.0,-3.5,44.5,0.5,173.0,1,0,-1,0,-0.137123745819398,0
-0.2,12.2,25.8,-0.19999999999999996,30.0,0,10,1,-1,-0.0435663627152989,1
0.39999999999999997,15.600000000000001,21.2,1.2000000000000002,79.4,2,0,2,-4,0.005698005698005715,0
0.0,78.0,87.33333333333334,-0.6666666666666667,45.66666666666667,0,10,0,3,-0.048484848484848464,0
0.6666666666666666,0.6666666666666679,6.0,-1.0666666666666667,-153.93333333333334,-1,0,3,-2,0.02786377708978327,0
0.0,15.399999999999999,67.0,3.4,235.00000000000003,-1,-10,-3,-5,0.08465608465608465,1
-0.3,-9.100000000000001,-23.4,-1.3,-165.4,4,0,2,2,-0.15625,0
-0.6666666666666666,-9.0,-8.333333333333336,6.0,134.66666666666666,-2,0,2,4,0.05428571428571427,1
0.0,-25.0,-43.0,0.0,-209.0,-1,0,-6,9,0.00952380952380949,0
0,0,0,0,0,2,7,9,7,0.18333333333333335,1
-0.4,18.6,17.0,0.3999999999999999,25.19999999999999,-2,-20,-4,2,-0.023809523809523836,0
0.19999999999999996,22.0,32.0,1.8,143.8,-1,0,1,0,-0.06060606060606066,0
-0.39999999999999997,-26.4,-27.199999999999996,-0.6000000000000001,159.8,1,0,-1,-2,0.0,0
0.0,4.600000000000001,45.0,1.7999999999999998,341.8,2,0,0,11,-0.04205128205128206,1
-0.39999999999999997,22.800000000000004,25.6,-0.39999999999999997,-50.19999999999999,2,0,-2,-5,0.1880952380952381,1
0.4,-38.86666666666666,-63.06666666666667,-1.8,-189.33333333333331,0,0,1,1,0.11086956521739133,1
0.5,24.0,33.0,0.5,231.0,-6,0,-4,-4,0.05217391304347829,1
0.3333333333333333,7.666666666666668,-46.666666666666664,-1.3333333333333333,-151.66666666666663,0,15,0,-3,-0.12055335968379444,1
0.0,-22.6,-27.299999999999997,-1.7999999999999998,-163.64999999999998,3,-15,-2,12,0.027692307692307683,1
0.2,21.0,21.200000000000003,0.0,-42.4,2,0,1,3,-0.09027777777777779,0
0.19999999999999996,38.400000000000006,40.8,0.0,-19.0,-2,0,-7,2,0.01449275362318836,0
0.0,72.8,74.0,0.8999999999999999,48.2,-1,-15,0,5,-0.18790218790218793,1
-0.6,41.00000000000001,90.6,0.7999999999999998,219.2,0,-10,2,4,-0.10613810741687979,1
0,0,0,0,0,-1,0,-5,-1,-0.35389610389610393,0
-0.2,2.3999999999999986,-16.0,-0.6,-63.2,0,-15,-1,-2,-0.07112375533428172,0
0.0,-28.8,-33.199999999999996,-0.6000000000000001,-53.0,0,0,1,-3,-0.030303030303030276,0
0.0,-15.666666666666668,-10.666666666666664,1.6666666666666665,247.66666666666669,-3,0,-2,14,-0.03404255319148941,1
0,0,0,0,0,4,-10,5,-2,-0.045454545454545414,1
0.4,-4.0,-3.3999999999999986,0.6,81.4,3,12,7,4,-0.1428571428571429,1
-0.2,38.4,34.39999999999999,1.7999999999999998,7.399999999999977,5,0,3,-3,0.11519607843137247,1
1.0,32.0,27.5,1.0,66.0,1,10,2,-1,-0.01666666666666672,0
0,0,0,0,0,-3,0,-1,-4,0.06034482758620685,1
0.0,-46.5,-155.5,-1.6666666666666665,-459.1666666666667,1,10,0,2,0.06643356643356635,1
-0.2,-8.400000000000002,-34.2,-1.2,-191.6,-5,-15,-4,4,-0.0641025641025641,0
0.0,7.5,-20.0,-1.5,-284.5,2,15,-2,-6,0.16194331983805665,1
-0.6,36.86666666666666,69.66666666666667,2.6666666666666665,239.4666666666667,-1,-20,-1,-4,0.17543859649122806,0
0.39999999999999997,6.600000000000001,-22.799999999999997,-0.3999999999999999,-79.80000000000001,7,0,3,-1,0.011351351351351346,1
0.25,-4.75,2.25,-0.25,-39.75,0,15,1,-5,0.07777777777777783,0
-0.3333333333333333,0.3333333333333357,-9.666666666666664,3.0,168.66666666666669,3,0,2,-9,0.044642857142857095,0
-0.3333333333333333,16.666666666666664,64.66666666666666,3.3333333333333335,479.0,0,10,0,-11,0.15040650406504064,1
0.5,-11.5,-36.0,0.25,-153.0,1,0,4,2,0.06071428571428572,1
0,0,0,0,0,3,0,5,-9,0.010489510489510523,1
0.0,24.0,-5.0,0.0,-108.5,-1,10,-4,-7,0.19028340080971662,1
0.0,13.5,32.5,1.5,-86.0,1,0,-4,-10,-0.05555555555555558,1
-0.2,-11.799999999999997,-7.799999999999997,0.6000000000000001,-21.0,-2,0,-4,1,0.10111662531017362,1
0.6,5.600000000000001,49.599999999999994,-3.8,-23.0,1,0,-3,8,0.20329670329670324,1
-1.0,-0.3999999999999986,13.799999999999997,1.8,176.0,-2,0,-2,7,-0.22857142857142865,0
0.8,-11.8,-28.200000000000003,-1.4,-223.0,2,0,3,-5,0.14782608695652177,1
0.5,6.5,22.0,0.5,69.0,-5,-45,-5,4,0.24728260869565222,1
1.25,33.0,36.75,1.25,318.5,-2,0,-2,5,0.02564102564102566,0
0.6666666666666666,17.0,16.666666666666668,0.3333333333333333,34.333333333333336,-1,0,2,0,-0.17532467532467533,1
0.0,1.0,-43.0,0.0,42.0,-5,-10,-5,0,0.18000000000000005,1
-1.0,-2.0,39.5,-1.5,96.0,2,0,-1,-12,-0.26666666666666666,0
0.0,7.5,-11.0,1.0,-187.5,-4,20,-5,5,-0.015873015873015817,0
0.0,-38.0,-57.0,-1.0,-60.0,-1,15,4,0,0.016103059581320522,1
0.0,3.799999999999997,21.799999999999997,1.6,77.60000000000001,6,-15,9,4,-0.003506311360448766,1
0.0,-13.199999999999996,-13.200000000000003,0.4,127.0,-2,-25,-1,-1,0.009740259740259716,1
-0.1333333333333333,-49.93333333333334,-78.86666666666667,-0.1333333333333333,-108.66666666666669,1,-10,3,2,0.014662756598240456,0
0,0,0,0,0,2,0,4,1,-0.13095238095238093,1
0,0,0,0,0,3,0,-1,-1,-0.2012987012987013,0
0.4,13.600000000000001,42.2,-1.6,-59.20000000000002,0,0,-1,-1,-0.06923076923076932,0
0.09999999999999998,-26.3,-27.4,1.6,87.4,2,0,-5,3,-0.10086956521739132,1
0.0,-37.0,-109.0,-10.0,-586.0,-1,0,-2,-1,-0.12037037037037035,0
-0.2,-4.800000000000001,-18.299999999999997,-1.9,-146.7,1,0,1,-7,0.16319444444444442,1
0.0,6.0,20.0,-2.25,-147.25,-3,10,-3,2,-0.03678678678678682,0
0,0,0,0,0,-6,15,-5,-2,0.15000000000000002,0
0,0,0,0,0,0,0,-2,-7,0.19393939393939397,0
-0.25,59.75,44.0,-2.0,-282.75,6,-15,6,-4,-0.1166666666666667,0
0.4,-37.1,-21.4,0.8999999999999999,69.7,-1,0,-3,-6,0.17532467532467533,0
-0.08333333333333331,-4.583333333333329,-7.583333333333329,-1.0,-97.58333333333334,-1,0,-3,-4,0.19047619047619047,1
0.19999999999999996,17.2,27.200000000000003,0.6,51.2,-6,1,-10,5,-0.13142174432497017,1
-0.19999999999999996,-10.2,-12.200000000000003,0.19999999999999996,-17.199999999999996,0,0,6,6,-0.1293103448275862,0
0.0,7.800000000000004,-37.39999999999999,-1.6,-372.0,9,0,9,-2,-0.06038647342995174,0
-0.3333333333333333,4.666666666666668,16.33333333333333,1.0,239.33333333333334,1,15,2,-11,0.056862745098039125,1
0.2,3.1999999999999993,-10.200000000000003,-0.8,-161.99999999999997,1,0,1,7,-0.02083333333333337,1
0.0,-47.8,-55.199999999999996,-0.8,-48.4,0,-25,-1,13,0.05161290322580647,0
-0.3333333333333333,-12.0,5.0,0.33333333333333326,-12.0,0,0,2,2,-0.009852216748768461,0
0.0,20.333333333333332,19.0,0.3333333333333333,16.666666666666668,-4,0,1,13,0.12184873949579822,1
0.6666666666666666,43.666666666666664,84.66666666666667,1.6666666666666667,250.0,1,0,4,-5,-0.1071428571428571,1
0.3333333333333333,-15.666666666666668,3.3333333333333357,-1.0,92.66666666666666,-1,0,2,-1,-0.05714285714285705,1
1.5,4.0,0.5,-0.5,-58.0,0,0,-3,1,0.11111111111111105,1
0.4,5.4,4.400000000000002,0.0,4.0,1,0,0,-7,-0.030851063829787195,1
0.2,-17.8,-30.199999999999996,-3.8000000000000003,-255.79999999999998,0,0,0,1,0.19747899159663862,1
-0.6666666666666667,48.333333333333336,47.833333333333336,-0.5,-15.333333333333334,-1,10,1,-5,0.14814814814814814,1
0.0,-34.666666666666664,-64.13333333333333,0.46666666666666634,123.73333333333332,2,15,5,-1,-0.1029411764705882,1
-1.0,-44.0,-43.0,1.3333333333333335,151.66666666666666,1,15,1,-2,-0.19941348973607032,0
0.0,-2.799999999999997,-9.799999999999997,-3.05,-228.95,-2,0,-4,9,-0.0603715170278637,0
-0.4,-2.1999999999999993,3.799999999999997,0.40000000000000013,67.4,2,0,1,0,0.04995374653098983,0
0.0,-20.000000000000004,-12.0,-0.33333333333333304,155.33333333333331,1,0,1,6,0.0267857142857143,0
0.2,5.800000000000001,-0.8000000000000043,0.19999999999999973,158.0,0,10,0,3,-0.1166666666666667,0
0.08333333333333331,26.333333333333336,15.25,-1.25,-226.83333333333334,1,0,2,1,-0.11363636363636365,0
1.0,-14.0,-6.0,-0.5,-42.0,0,0,4,-2,-0.049523809523809526,1
-1.0,4.666666666666668,8.333333333333332,0.6666666666666666,9.333333333333334,2,0,-3,3,-0.15476190476190477,0
0,0,0,0,0,0,10,-1,2,-0.06000000000000005,0
0.0,-29.5,-8.25,-0.25,58.0,1,-10,1,3,0.20329670329670324,0
0.0,6.666666666666664,1.6666666666666643,-1.9333333333333336,24.866666666666646,0,0,-3,-8,0.09310344827586214,1
0.0,16.0,24.0,6.0,189.0,-1,-15,0,8,0.017391304347826098,0
-0.16666666666666663,31.0,57.41666666666667,0.08333333333333337,-61.66666666666667,-2,0,-3,8,-0.06366047745358094,1
0.5,-20.0,-27.0,0.0,-110.5,-1,0,-3,-3,0.02309782608695654,1
0.0,8.5,19.0,1.5,266.0,-4,0,-5,2,0.027272727272727337,1
1.5,-8.833333333333336,-44.0,-0.6666666666666666,-105.16666666666666,2,0,-2,1,-0.022222222222222254,0
-1.0,9.399999999999999,22.0,2.4,136.2,-2,-15,2,4,0.00952380952380949,0
-0.3333333333333333,10.666666666666668,34.599999999999994,-0.8666666666666667,49.133333333333354,1,0,2,-1,-0.07046070460704612,1
0.0,-11.0,-49.0,0.0,-163.0,-1,0,-3,-3,0.0430622009569378,0
-0.2,-13.199999999999996,2.4000000000000057,0.19999999999999996,213.79999999999998,-6,30,-7,8,0.1876923076923077,1
0.0,-0.8000000000000043,22.0,3.0,212.60000000000002,2,0,-1,-4,0.11772486772486768,1
-0.09999999999999998,-38.2,-22.799999999999997,0.7,65.2,-3,18,-3,2,-0.22962962962962963,0
-0.3,-3.5,-10.25,-1.8,-144.55,0,0,0,1,0.06349206349206349,1
0.0,27.0,16.25,-1.5,-181.75,0,-10,-3,3,-0.10728744939271262,0
-0.3333333333333333,1.0,2.0,1.5,60.0,-1,-10,-4,-2,0.1291291291291291,1
-0.5,9.5,12.5,0.0,20.25,1,0,0,10,-0.10984848484848486,0
0.25,-19.5,-33.5,-2.0,-88.5,0,-15,2,9,-0.2087604846225536,1
-0.5,-39.0,-74.0,1.0,-120.5,2,10,1,-7,0.1524064171122994,1
0.0,0.5,-3.0,0.0,61.0,-3,-15,-1,15,-0.033653846153846145,0
0.0,-16.400000000000006,-12.599999999999994,-0.4,-22.6,-3,0,-5,12,-0.1026086956521739,0
0.0,-12.899999999999999,-64.6,-2.1,-267.0,0,20,2,5,-0.006968641114982632,1
-0.09999999999999998,-4.899999999999999,-3.3000000000000007,-0.2,22.8,3,-13,5,-1,0.20284237726098187,1
-0.2,-0.6000000000000014,30.400000000000006,0.20000000000000007,134.4,2,0,-3,-1,0.2543103448275862,0
0.4,3.4000000000000057,5.399999999999999,0.4,-3.1999999999999886,-2,0,-3,-5,0.16666666666666663,1
0.0,15.600000000000001,3.8000000000000043,0.0,-26.599999999999994,-6,0,-3,-2,0.1205357142857143,1
0.0,1.8999999999999986,5.699999999999999,-1.2000000000000002,34.45,1,0,2,6,0.08333333333333337,0
0.0,13.0,17.0,-0.5,35.0,0,20,-2,10,0.054621848739495826,0
0.0,-4.0,12.0,0.6666666666666667,1.0,-1,0,2,4,0.0941558441558441,1
0.6666666666666666,3.0,1.0,0.0,64.33333333333333,-1,0,-3,5,-0.013157894736842146,1
0.0,-16.0,2.75,-3.0,-121.75,-3,0,-9,3,0.06944444444444453,0
0.0,-9.0,-18.0,0.0,-11.0,-4,0,1,1,0.10256410256410264,1
-1.0,24.799999999999997,54.400000000000006,4.6000000000000005,344.4,0,-10,0,-2,0.2529411764705882,1
0.19999999999999996,11.200000000000001,17.2,0.0,59.60000000000001,0,-24,-2,0,-0.034482758620689724,1
0.39999999999999997,-13.0,-17.0,0.0,-82.0,1,0,-1,-4,0.04658385093167705,1
0.0,-31.5,-42.66666666666667,-3.0,-163.83333333333334,-1,0,-1,6,-0.011842105263157876,0
0.0,36.0,150.5,1.0,478.5,1,0,2,-16,0.11538461538461542,1
0.26666666666666666,-16.066666666666663,-15.866666666666667,-0.1333333333333333,-75.53333333333333,-3,0,-1,0,-0.18357487922705307,1
-0.20000000000000007,-22.400000000000002,-24.0,0.19999999999999996,4.600000000000001,5,0,3,9,-0.16388888888888886,0
0.2,17.650000000000006,43.0,0.6000000000000001,156.35000000000002,-6,-20,-5,-3,0.018761726078799223,0
0.3333333333333333,20.166666666666664,13.0,3.3333333333333335,37.33333333333334,2,0,3,-6,-0.07407407407407407,0
0.0,-24.4,-37.5,0.8,44.8,-2,15,-5,1,0.08494783904619974,1
0,0,0,0,0,0,0,0,-3,-0.17500000000000004,1
0.0,29.800000000000004,15.399999999999999,-1.6,-109.39999999999999,1,0,-5,-2,0.00547112462006083,1
-0.2,27.200000000000003,70.0,1.8,112.80000000000001,3,0,6,-3,-0.004658385093167738,1
0.0,1.6000000000000014,37.8,0.0,53.400000000000006,1,0,3,0,0.0401069518716578,1
0.0,21.53333333333334,7.93333333333333,0.5333333333333332,-31.46666666666667,1,0,1,-8,0.007949125596184325,0
-0.6666666666666667,31.666666666666664,45.333333333333336,2.3333333333333335,176.33333333333334,-2,0,0,-4,-0.0625,1
0.0,-59.0,-66.0,-1.0,-16.0,0,10,-1,-8,0.0756302521008404,0
0.0,24.200000000000003,23.799999999999997,-0.19999999999999996,71.0,-2,0,-3,5,-0.0892857142857143,0
-0.2,-1.8000000000000007,-5.400000000000006,-0.40000000000000013,-24.599999999999994,-1,0,-5,9,0.0023041474654377225,0
0.6,-9.899999999999999,-20.799999999999997,0.0,-6.0,-2,48,-2,7,-0.044207317073170715,0
-0.3333333333333333,-7.333333333333336,9.333333333333336,-0.6666666666666667,1.1666666666666572,0,0,-1,4,0.08333333333333337,1
-0.25,-37.75,-72.0,-1.5,-215.5,1,0,-2,-1,-0.11250000000000004,1
0,0,0,0,0,2,0,2,-3,0.0,1
0.0,20.400000000000002,29.799999999999997,0.3999999999999999,15.0,-1,0,-4,4,0.18571428571428572,1
0.8,24.599999999999998,14.799999999999997,-0.8,-222.20000000000002,0,0,1,3,-0.1984848484848485,0
-0.09999999999999998,-4.399999999999999,20.4,2.2,250.64999999999998,-1,0,2,2,0.0716911764705882,1
0.0,8.2,50.599999999999994,0.3999999999999999,362.6,-1,0,-2,-1,0.02777777777777779,1
0.0,8.0,25.5,1.0,178.5,-2,0,-3,8,-0.1372180451127819,0
0.0,-29.0,-35.0,2.6666666666666665,328.3333333333333,-1,10,-3,-3,-0.02777777777777779,1
0.4,-5.399999999999999,-18.4,-0.19999999999999996,17.200000000000003,1,0,1,3,0.020689655172413834,1
-0.2,-13.800000000000004,-6.0,0.0,-28.999999999999993,1,0,2,-4,-0.00519750519750517,1
-1.0,21.9,60.8,2.4,296.0,-3,0,-7,-1,0.0721247563352827,1
-1.0,3.5,17.5,-1.0,63.0,1,0,-3,9,-0.055882352941176494,1
0.0,-17.5,-26.0,0.5,38.5,-4,-20,-3,0,-0.012499999999999956,0
0.0,15.5,19.0,0.5,357.0,1,0,1,-4,0.05147058823529416,1
0.0,-31.0,-50.0,-1.0,-60.0,0,0,0,-4,-0.06842105263157894,0
0.2,-59.66666666666667,-57.66666666666667,1.2666666666666668,-45.19999999999999,2,0,2,-4,0.2100840336134453,1
0.39999999999999997,-6.0,-5.0,0.4,48.800000000000004,-1,0,1,-5,-0.03843311160384333,1
0,0,0,0,0,6,10,8,-9,-0.03947368421052633,1
0,0,0,0,0,2,0,-4,2,-0.14141414141414144,1
-0.2,9.600000000000001,7.399999999999999,0.0,-63.4,8,25,7,-12,-0.055335968379446654,1
0.4,9.0,-11.600000000000001,-1.4,-124.0,0,-1,1,-2,-0.20191158900836315,1
0.0,8.5,36.5,5.0,422.0,1,0,0,-6,0.06832298136645965,1
0.0,-20.200000000000003,-16.0,1.4,348.8,-2,0,-8,10,0.04403567447045709,1
0.3333333333333333,-21.13333333333333,-41.133333333333326,-3.6,-295.0,-1,0,-2,0,0.04334365325077394,0
0.5,-17.0,-48.16666666666667,-2.5,-113.5,-2,15,-2,-10,-0.029644268774703497,1
0.4,-6.066666666666666,-4.266666666666666,-0.6000000000000001,-122.2,2,0,2,3,0.0935672514619883,1
-0.6,-29.1,6.0,-0.8,-57.7,-1,-20,0,7,0.05882352941176472,1
0.8,3.3999999999999986,7.600000000000001,-1.0,-58.6,0,0,-1,-3,0.11111111111111105,0
0.20000000000000007,50.8,55.2,0.19999999999999996,91.0,0,-10,-3,1,-0.008088978766430666,1
0.0,-33.6,-16.599999999999994,1.2,205.53333333333333,0,10,-1,0,0.08974358974358976,1
-0.09999999999999998,-8.799999999999997,-19.299999999999997,-0.5,-100.3,0,0,5,-2,-0.10755148741418763,1
-0.2,-31.599999999999998,-39.199999999999996,0.8,43.599999999999994,3,0,1,-6,-0.07792207792207795,1
0.0,36.8,25.39999999999999,-0.5999999999999999,-175.79999999999998,3,25,2,-2,-0.0766129032258065,0
-0.2,-12.2,-16.599999999999998,-1.2000000000000002,-174.20000000000002,-1,0,0,-4,0.03703703703703698,1
0.2,18.0,41.2,1.2,205.60000000000002,-4,0,-3,-1,0.12142857142857144,0
0.6,17.0,-21.599999999999994,-2.1999999999999997,-229.2,-1,0,1,0,-0.09999999999999998,0
0.4,-32.0,-35.8,1.8,-41.8,-6,-15,-1,1,-0.1138996138996139,0
0.4,-19.2,-18.200000000000003,1.0,69.0,0,0,5,-2,-0.20000000000000007,0
0.0,18.33333333333333,35.66666666666667,0.6666666666666666,-255.66666666666666,5,0,8,0,-0.125,0
0.0,-23.0,-31.333333333333332,0.6666666666666667,150.0,2,35,1,4,0.17255434782608692,1
-0.2,40.400000000000006,27.799999999999997,-1.8,-284.20000000000005,0,0,-3,2,0.012474012474012475,1
0.6,-44.0,-49.599999999999994,-0.6000000000000001,-72.8,-2,0,-1,-3,-0.11111111111111105,0
1.0,-37.333333333333336,-50.33333333333333,-1.6666666666666667,-302.0,1,0,0,-8,-0.03221288515406162,1
0.0,20.0,21.0,0.0,117.0,-1,0,-2,2,0.18000000000000005,1
0.5,-7.5,-48.5,-1.5,-44.0,2,0,1,-2,-0.014285714285714346,1
0.0,-15.0,-27.66666666666667,-1.6666666666666667,58.0,0,0,0,-1,-0.045955882352941124,1
0.3333333333333333,-11.600000000000001,-9.200000000000003,2.0,351.3333333333333,4,0,3,-6,0.3386243386243386,1
0.0,-29.5,-78.0,-1.25,-319.25,-5,25,4,5,-0.07948717948717943,1
0.0,7.0,-9.0,-1.0,-56.0,-2,0,-2,0,-0.031620553359683834,1
0.0,18.5,22.5,2.5,266.0,-1,0,0,3,0.14619883040935677,1
0.4,-0.3999999999999986,-15.200000000000003,-0.6,-46.8,0,0,3,4,-0.3214285714285714,0
0.3333333333333333,-8.333333333333332,0.6666666666666643,0.0,58.0,-3,-3,-6,-3,0.07870370370370372,1
-0.55,-8.15,-0.5,0.2,2.1500000000000004,0,4,1,6,-0.1293103448275862,1
0.1333333333333333,13.933333333333337,6.066666666666663,1.0666666666666669,144.66666666666666,-1,-15,-5,6,0.006974716652136004,0
0.0,-1.5,0.5,0.0,-5.0,2,0,1,-4,0.1524064171122994,1
0.2,5.599999999999998,-7.800000000000004,-1.0,-52.0,0,0,-1,-1,-0.0444444444444444,0
-0.5,22.5,-6.75,3.25,145.0,-1,0,6,-4,0.049450549450549386,1
-0.16666666666666669,32.166666666666664,38.166666666666664,0.0,13.666666666666668,-4,0,-3,8,0.01602564102564108,1
0.2,6.000000000000002,-6.599999999999994,0.19999999999999996,-108.60000000000002,-1,0,-4,-5,-0.0040760869565217295,1
0.2,46.4,-48.8,0.19999999999999996,9.800000000000011,-6,-20,-5,-3,0.2055749128919861,1
0.0,-20.4,-45.4,0.3999999999999999,-185.0,-1,0,0,-2,0.015789473684210464,1
0.0,-23.66666666666667,51.666666666666664,-0.33333333333333326,229.66666666666663,0,-15,1,11,-0.0702614379084967,0
0.5,-14.3,0.0,-2.2,-55.0,-3,0,-1,1,-0.013392857142857095,1
0.4,-10.2,5.400000000000006,-0.6,32.8,1,0,2,-1,-0.0854700854700855,0
-0.6000000000000001,-34.2,-39.8,0.0,-97.19999999999999,-3,0,-4,-2,0.02006688963210701,0
0,0,0,0,0,2,0,7,-5,0.17333333333333334,1
0,0,0,0,0,-1,0,-4,0,0.34285714285714286,1
0.2,51.2,63.2,0.19999999999999996,19.799999999999983,-2,-15,-4,1,0.05402930402930406,1
0.0,-3.0,-21.0,-1.0,-56.0,-2,0,3,3,-0.030645161290322576,0
-0.1333333333333333,32.266666666666666,23.333333333333336,1.6666666666666667,118.73333333333335,-3,0,0,3,-0.06666666666666665,1
0.6,3.5,1.7999999999999972,-0.09999999999999998,-68.5,2,0,6,-1,-0.004524886877828149,1
0.0,25.5,70.66666666666667,3.0,316.1666666666667,-1,0,-2,-7,-0.18993135011441642,0
0.4,-10.600000000000001,6.0,0.8,52.19999999999999,-2,0,-1,0,0.036363636363636376,0
0.0,7.666666666666664,19.33333333333333,0.0,90.33333333333334,-1,0,-6,8,0.06547619047619047,1
-1.0,-4.0,-6.5,0.5,3.5,-2,0,-5,0,0.09064327485380119,0
0.0,2.6000000000000014,0.0,1.2000000000000002,22.60000000000001,-3,-10,-8,3,-0.0031055900621117516,0
0.2,40.8,48.39999999999999,-0.7999999999999999,22.60000000000001,-1,0,-2,7,-0.17391304347826086,1
0.39999999999999997,4.399999999999999,14.399999999999991,1.8,32.400000000000006,-3,0,-5,0,0.07051282051282048,0
-1.0,2.2666666666666693,3.666666666666668,0.19999999999999996,131.33333333333334,-3,0,-2,-3,0.07250000000000001,1
0.0,-33.7,-8.200000000000003,2.2,226.8,-1,-10,-2,13,-0.1737891737891737,0
-0.39999999999999997,8.800000000000004,11.0,0.0,-24.0,-2,0,0,3,-0.08222222222222231,1
-0.4666666666666666,-8.399999999999999,9.200000000000003,-3.0666666666666664,-73.93333333333334,4,0,5,8,0.0,0
-0.2,-0.3999999999999986,-32.3,1.4,37.5,6,0,3,-4,0.16087516087516085,0
1.0,17.0,-2.0,1.0,-5.0,0,0,-4,-11,0.0,1
0.0,-12.666666666666664,-7.666666666666671,0.33333333333333337,-143.66666666666666,-5,-10,-4,12,-0.10212201591511938,0
0.3333333333333333,6.666666666666668,14.666666666666668,0.0,-51.33333333333333,-2,0,-4,5,-0.05921052631578949,0
-0.4,-15.2,-26.2,-1.8,-68.0,1,0,1,-1,0.02777777777777779,0
0.4666666666666666,-1.6666666666666679,-5.0,0.3333333333333333,-3.1999999999999993,1,0,1,0,0.025000000000000022,0
-0.3333333333333333,-6.833333333333332,-23.833333333333336,1.3333333333333333,52.33333333333334,2,0,3,-7,0.02083333333333337,1
0.5,-22.25,-39.75,-1.0,-38.75,3,0,4,-3,-0.19047619047619047,1
0.0,3.0,8.5,-3.75,12.75,0,10,1,5,-0.08924949290060846,1
0.0,-24.0,-41.5,0.5,80.0,-1,0,7,-4,-0.130718954248366,1
0.0,-13.75,-17.5,0.75,102.0,-1,-15,3,2,-0.016483516483516425,1
0,0,0,0,0,5,30,-1,-5,-0.1071428571428571,0
0.5,0.0,-18.5,1.5,201.0,1,-10,-2,4,0.018255578093306246,0
0.3333333333333333,6.666666666666664,-41.666666666666664,-4.0,-367.0,1,0,-2,-4,0.15320910973084878,1
0.0,29.1,72.8,-0.3999999999999999,93.80000000000001,-1,0,1,-1,-0.08948685857321648,0
0.0,-11.5,-3.75,0.5,264.25,1,0,6,-4,-0.04166666666666663,1
1.0,-2.5,-1.0,0.0,98.5,-2,0,-5,6,-0.07565789473684215,1
1.0,-35.0,-55.0,-1.0,-97.0,0,0,2,-2,0.042735042735042694,1
-0.25,-1.75,3.0,0.25,17.5,-2,0,-1,-5,0.028708133971291905,1
0.0,18.0,10.0,0.0,121.0,2,0,-1,6,-0.06956521739130428,0
0.0,-12.5,-37.5,-2.0,-82.0,4,0,0,-5,-0.06043956043956045,0
0.0,5.0,47.0,0.0,74.0,5,0,6,0,0.1777777777777778,1
0.0,14.0,24.75,1.25,90.0,1,0,0,1,-0.02777777777777779,0
0.0,73.5,79.5,1.5,86.5,-4,10,2,-3,0.06222222222222218,1
0.19999999999999996,-1.8000000000000043,35.400000000000006,2.1999999999999997,308.2,-3,9,0,-5,0.09625668449197855,0
0.0,7.333333333333336,7.0,1.0,77.66666666666667,0,-10,4,2,-0.09523809523809534,0
0.0,15.400000000000002,17.4,-0.4,-72.8,-3,0,-3,-12,0.02927120669056149,1
0.0,4.5,8.0,-1.5,40.5,2,0,2,-6,0.14141414141414144,1
0.0,-11.0,-42.0,1.0,-224.0,-2,0,-4,-4,0.12276214833759591,1
0.5,29.2,38.9,2.2,79.69999999999999,-2,10,-2,-2,0.018939393939393923,1
0.4,8.350000000000001,42.150000000000006,0.4,26.55000000000001,1,0,1,2,0.04883720930232549,1
0.0,24.0,28.0,-1.0,-10.0,-2,0,-6,-8,0.1473214285714286,0
-0.5,11.0,13.5,0.0,-54.0,-1,0,-2,8,0.0267857142857143,0
0.0,-8.333333333333336,-12.333333333333336,-2.6666666666666665,-93.33333333333334,0,0,-2,3,0.023809523809523836,0
-0.5,-42.0,-35.5,-2.0,-105.5,-3,10,-2,5,-0.02777777777777779,1
0.39999999999999997,6.199999999999999,20.200000000000003,0.4,72.60000000000001,1,0,0,-11,-0.06320400500625778,0
0.19999999999999996,10.999999999999998,13.400000000000002,0.4,49.199999999999996,1,0,-4,-3,0.029966703662597016,1
0.7999999999999999,17.0,21.599999999999998,0.4,96.0,-1,0,-3,-2,0.09782608695652173,1
0.0,14.399999999999999,41.6,0.6000000000000001,97.6,-1,-10,1,7,-0.011904761904761862,0
0.0,58.0,58.0,-1.0,-26.0,-2,0,-4,-1,0.053333333333333344,0
0.39999999999999997,-9.399999999999999,-18.799999999999997,0.8,-111.0,-2,-10,-3,7,0.02777777777777779,1
0.4,-6.300000000000001,1.8999999999999986,0.09999999999999998,-41.849999999999994,-3,0,-4,1,-0.0036133694670279493,1
-0.3333333333333333,9.600000000000001,27.0,-0.8,150.0,0,-15,0,7,-0.03864734299516914,0
0.0,12.5,47.5,2.0,212.0,0,0,-1,3,0.17500000000000004,1
0.2,7.200000000000003,2.6000000000000014,-0.4,-38.8,0,0,2,-2,0.044642857142857095,1
2.0,18.0,21.0,-2.0,-110.0,-4,-45,-9,4,0.2681159420289856,0
0.0,5.0,1.0,3.0,72.0,0,0,0,2,-0.1071428571428571,1
0.0,15.000000000000007,64.80000000000001,-0.6,-16.4,5,0,5,-1,0.09038901601830662,1
0.2,17.8,58.4,2.6000000000000005,206.60000000000002,-2,-10,-6,5,-0.05167173252279633,0
0.25,1.75,3.5,0.0,-198.75,-1,-15,-6,6,-0.05614973262032086,0
-0.6,-0.5,19.5,2.1,-60.0,0,0,2,1,-0.0608974358974359,1
0.2,-19.6,-14.0,0.0,-13.200000000000017,-2,15,0,8,-0.0363466915191053,1
0.0,-32.0,-51.0,-1.0,-60.0,-2,-15,-5,9,-0.039018952062430334,0
0.2,-2.6000000000000014,-0.3999999999999986,0.6,-116.4,-4,-10,2,4,-0.07526881720430112,0
0.0,-13.75,-34.35,-2.85,-142.15,1,0,2,0,0.04496578690127073,1
0,0,0,0,0,0,0,-1,-2,-0.08571428571428574,0
0.6,-2.5,-85.0,-2.0,-547.4,4,0,2,3,0.09893048128342252,0
0.0,-20.5,-7.5,0.0,325.0,-1,0,-4,7,-0.05714285714285705,1
0.0,-30.0,-42.0,-1.0,-60.0,-4,-15,-4,9,-0.11578947368421055,0
0.39999999999999997,-31.199999999999996,-53.8,-0.9999999999999999,-230.2,3,-30,6,-5,-0.0942857142857143,0
-0.20000000000000007,23.599999999999998,32.599999999999994,2.6,190.6,2,0,4,-7,0.016666666666666607,1
0.0,-13.600000000000001,-10.399999999999999,0.4,65.19999999999999,5,0,5,2,0.012578616352201255,1
0.0,9.2,-4.200000000000003,0.0,-55.8,3,15,2,-3,0.13379310344827589,0
0.6,8.199999999999996,-9.399999999999999,0.4,-57.599999999999994,-2,0,-1,0,0.047008547008547064,1
1.2,18.5,-1.5,-3.7,-281.7,-1,10,2,-1,-0.0672268907563025,1
0.39999999999999997,-24.799999999999997,21.0,-0.19999999999999996,164.79999999999998,4,0,4,-1,0.2097902097902098,1
0.0,-3.200000000000003,-4.800000000000004,-1.2000000000000002,-139.2,0,0,2,-2,-0.07931034482758614,0
0.2,3.0,-44.5,-2.7,-319.6,1,0,2,13,-0.11419068736141902,0
0,0,0,0,0,0,15,1,-8,0.14733542319749215,1
0.0,14.583333333333332,7.083333333333336,3.3333333333333335,234.25,3,0,2,-8,0.0,1
-0.2,52.0,82.0,1.2000000000000002,168.0,0,0,1,-2,-0.0843989769820972,1
0.0,13.599999999999998,19.999999999999996,0.0,-7.0,3,0,3,-6,0.1527777777777778,1
-0.4,-40.6,-31.000000000000004,0.6,91.19999999999999,-6,0,-6,10,-0.06470588235294117,1
0.8,7.200000000000003,-36.3,-2.55,-208.15,0,0,-3,2,-0.023913043478260843,0
-3.0,-63.0,-64.33333333333334,-1.0,-241.33333333333334,0,0,3,-3,-0.11336032388663964,1
0.0,11.5,40.0,1.0,304.0,0,0,0,3,-0.21568627450980393,0
1.0,-14.75,-43.0,-0.75,-146.75,-2,0,-2,1,-0.023809523809523725,0
0.0,-10.0,42.33333333333333,-2.0,202.0,0,0,-4,-6,0.07986111111111116,0
0.0,24.666666666666668,27.833333333333336,0.0,-67.5,-2,0,-4,1,0.02472527472527475,1
0.0,18.0,-45.0,-2.5,-526.0,-3,10,-3,5,-0.24444444444444446,1
-0.5,25.0,26.0,0.5,5.0,-2,0,2,-3,0.05128205128205121,0
0.0,-2.0,-76.0,0.0,-219.0,1,0,5,3,0.23809523809523808,0
-0.6000000000000001,18.599999999999994,8.200000000000003,0.0,-60.400000000000006,6,-25,8,-8,0.3185185185185186,1
-0.8,-13.0,-8.0,0.0,70.00000000000001,1,0,1,3,-0.11363636363636365,0
-0.4666666666666666,-52.733333333333334,-85.0,0.6,-144.0,2,0,1,11,-0.05384615384615388,0
-0.3333333333333333,4.0,42.5,2.5,323.5,-4,15,-3,-7,0.011111111111111072,0
0.0,-29.7,-30.299999999999997,2.4,138.2,-1,-10,-2,7,0.09494109494109493,0
0.2,-18.2,-31.6,0.0,28.400000000000006,3,0,7,9,-0.13068181818181823,1
-0.3333333333333333,12.333333333333332,12.333333333333336,0.5,14.666666666666666,-2,0,-5,9,0.11764705882352933,0
0.0,65.0,83.0,-2.0,-104.0,2,10,-5,-7,-0.1102564102564102,1
0.25,-22.416666666666664,-34.333333333333336,1.1666666666666667,-84.91666666666666,0,15,-2,10,0.07294117647058818,0
0.0,-16.0,-50.0,-4.0,-147.0,-1,0,-2,13,0.05555555555555558,1
0.0,-6.333333333333334,-42.33333333333333,0.6666666666666666,-123.0,4,0,4,10,-0.16666666666666663,0
0.0,18.333333333333336,8.0,3.333333333333333,156.66666666666666,0,0,0,2,-0.023809523809523725,0
-0.3,29.700000000000003,36.599999999999994,2.6,142.55,-1,0,3,4,0.025000000000000022,1
0.0,-38.599999999999994,-52.8,0.2,-23.0,0,0,-2,2,0.07863145258103232,1
-0.2,16.0,7.0,-1.6,-146.6,-1,0,-1,4,0.11538461538461542,1
0.2,18.0,1.6000000000000014,-1.0,-56.0,-4,0,-3,2,-0.033333333333333326,1
0.2,-82.2,-65.6,1.2,236.0,0,-10,-2,12,-0.16965352449223414,0
0.0,33.0,59.00000000000001,-0.4,125.4,-1,-15,5,2,-0.04484088717454193,1
0.0,-107.25,-95.5,0.25,106.25,1,0,2,1,-0.16193181818181823,1
-1.0,-10.0,-42.5,2.0,92.5,-2,-15,-1,3,0.16470588235294115,1
0.0,-21.0,-51.0,-1.5,-204.5,0,0,1,-1,-0.0982142857142857,1
-0.5,20.0,61.25,3.0,349.5,3,0,4,-5,0.015151515151515138,1
0.0,-100.0,-98.0,0.0,1.0,0,0,1,6,-0.40476190476190477,0
0.0,39.0,24.0,0.0,-48.0,2,0,-1,2,-0.2490118577075099,1
-0.09999999999999998,15.5,16.65,0.2,15.450000000000003,-2,0,-3,6,0.022727272727272707,0
0.25,-27.200000000000003,-24.450000000000003,1.75,277.15,-1,0,-3,7,0.07357357357357353,1
-0.19999999999999996,-20.999999999999993,-15.200000000000003,0.39999999999999997,-14.799999999999997,-3,-10,1,8,-0.0896103896103897,0
0.0,-53.0,-119.0,-2.0,-158.0,0,0,0,10,-0.03205128205128205,0
-0.2,11.2,9.800000000000004,-0.3999999999999999,-59.400000000000006,-2,0,-1,6,-0.10000000000000009,0
0.2,-32.95,-59.9,-3.25,-310.1,1,0,4,-3,0.0117647058823529,1
-0.25,-14.75,-3.0,3.5,152.5,0,-25,3,-4,0.18845500848896435,0
0.2,5.0,-32.8,-2.5,-336.8,0,-10,-2,6,-0.17708333333333337,0
-0.4,8.200000000000003,27.599999999999994,0.5,153.0,-2,0,-2,3,0.04833333333333334,0
0.2,-19.999999999999996,-47.800000000000004,-1.8000000000000003,-150.0,-2,0,-7,0,-0.11904761904761907,1
0.5,14.0,46.0,1.0,205.5,2,0,4,4,-0.02083333333333337,0
0.2,-18.799999999999997,-49.0,0.2,-109.60000000000001,0,12,3,-5,-0.15372670807453426,0
0.25,20.0,20.75,0.75,66.0,-1,0,1,3,0.01413043478260867,1
0.0,8.0,47.0,-2.0,-202.0,-1,0,2,-5,0.03076923076923077,1
0.0,69.0,88.0,1.0,278.0,-1,0,-2,6,0.03294117647058825,0
0.0,5.0,12.399999999999999,0.8,27.400000000000006,1,0,1,10,-0.19747899159663862,0
0,0,0,0,0,-1,-15,3,-4,0.06578947368421051,1
0.0,-17.666666666666668,-32.66666666666667,0.6666666666666667,48.66666666666667,1,15,-1,5,0.004347826086956497,1
0.0,24.75,24.25,0.25,-95.5,-4,-10,-1,-9,-0.03125,0
0.5,6.833333333333332,19.0,-0.6666666666666667,9.833333333333329,-5,-13,-2,-2,0.07870370370370372,0
0,0,0,0,0,3,0,6,-1,0.06666666666666665,0
0.0,-37.0,-56.0,-1.0,-60.0,0,0,-1,1,-0.03693181818181823,0
0,0,0,0,0,-3,-10,4,-5,0.24,1
0.39999999999999997,1.0000000000000036,-14.399999999999999,1.2000000000000002,-52.599999999999994,-2,0,-5,-3,0.06832298136645965,1
-0.8,1.2000000000000028,26.60000000000001,0.7999999999999999,139.0,1,15,4,3,0.0064102564102564985,0
0.2,-1.0,-4.799999999999997,0.6499999999999999,86.30000000000001,3,15,2,-2,0.043269230769230727,1
0.0,22.0,18.0,0.0,113.0,3,0,0,0,0.037151702786377694,1
-0.2,0.8000000000000007,0.19999999999999574,0.6,129.6,-1,10,-1,5,-0.05897435897435899,1
0.46666666666666673,24.533333333333335,28.26666666666667,0.46666666666666673,122.80000000000001,0,0,-2,-4,0.019230769230769273,1
0.0,-19.25,-124.0,2.25,217.0,1,0,-1,-1,-0.04565217391304344,1
0.2,-8.2,-4.399999999999999,0.30000000000000004,-5.299999999999997,-6,0,-4,5,-0.055882352941176494,0
0,0,0,0,0,0,-30,-1,4,-0.0357142857142857,0
0.0,-18.0,-22.0,0.0,0.0,3,-15,6,4,-0.18181818181818188,1
-0.04999999999999999,-36.8,-16.700000000000003,-1.35,8.699999999999989,0,0,-2,6,-0.10558069381598789,1
0.2,-1.4000000000000004,-8.399999999999999,-1.0,-99.20000000000002,2,0,1,-7,0.07142857142857151,1
0.0,10.333333333333332,28.666666666666668,0.0,-59.33333333333334,0,-15,2,9,-0.019130434782608674,1
0.0,7.333333333333334,6.0,0.33333333333333326,33.66666666666666,1,0,0,-8,0.24450549450549453,1
0.0,-14.5,-22.0,0.5,160.0,-1,0,-5,2,0.06261859582542695,1
0.2,-35.8,-29.133333333333336,-2.8,-139.0,-4,0,-1,3,0.008534850640113834,1
-0.3,5.199999999999999,15.200000000000003,-0.9,75.7,-1,15,-1,5,0.08028616852146264,1
0.0,39.83333333333333,34.0,-1.3333333333333333,-191.0,4,0,8,-3,0.0,1
0.0,-11.666666666666668,-11.0,1.6666666666666667,50.0,1,0,2,3,0.11806797853309481,0
0.0,22.0,33.5,0.0,-3.0,2,0,1,-3,-0.004524886877828149,1
0.0,19.0,56.0,0.0,0.0,-2,0,-2,10,0.19318181818181823,0
0,0,0,0,0,1,0,4,-3,0.2333333333333334,0
-0.19999999999999996,-20.6,-25.800000000000004,0.0,-80.8,2,-15,2,-3,0.05282112845138065,0
-0.5,0.0,56.0,5.0,265.0,-5,0,-2,0,-0.04761904761904756,0
-0.2,22.400000000000006,41.400000000000006,2.6,256.4,-3,15,-6,-2,0.11452991452991457,1
0.0,-22.000000000000004,-41.599999999999994,-0.2,-215.20000000000002,-4,-2,-7,4,-0.101010101010101,0
-1.0,-27.4,-14.200000000000003,0.6,31.4,-1,-10,0,6,-0.047272727272727244,0
0.6,-22.6,-27.199999999999996,-0.4,-100.0,-1,0,-1,0,-0.06944444444444442,1
-0.5,32.5,68.0,3.0,208.0,-2,0,6,-5,0.1148325358851674,1
0.55,11.8,8.649999999999999,0.9500000000000002,-89.15,-2,0,0,4,-0.12380952380952381,0
0.0,12.25,71.75,1.25,435.5,1,0,6,-4,0.02777777777777779,1
0.0,47.5,50.5,0.75,-81.75,1,0,1,-4,0.22705314009661837,0
0.0,-3.5,40.5,-0.5,33.0,1,0,-4,2,-0.13032581453634084,0
0.0,-19.5,-30.5,0.0,-116.0,-2,0,-2,-10,0.16666666666666674,0
0.25,-18.75,-47.5,0.0,-209.25,1,-10,-2,-5,0.1428571428571428,1
0.0,15.666666666666664,4.0,0.33333333333333326,87.33333333333334,-1,0,-2,-7,-0.06643356643356635,0
0.2,-0.6000000000000014,-7.199999999999999,0.19999999999999996,-90.8,-1,0,-2,-8,0.06677018633540377,1
-0.5,-13.0,-63.5,-2.5,-384.0,0,0,0,7,0.06547619047619047,1
0.2,-3.8000000000000007,-7.399999999999999,-2.2,-189.8,1,15,5,-1,0.0005750431282346424,1
0.0,6.199999999999999,-10.0,-1.2000000000000002,-200.40000000000003,1,15,-5,0,0.043749999999999956,0
0.0,-14.333333333333332,-18.666666666666668,-0.6666666666666666,-105.33333333333333,3,0,3,-11,-0.125,0
0.0,-10.299999999999997,-16.5,2.0,233.3,0,0,0,-5,-0.006153846153846176,0
0.0,4.666666666666666,-3.166666666666666,0.6666666666666666,63.5,1,13,4,-7,0.06025824964131987,1
0.0,-41.5,-39.75,-3.75,33.25,2,15,0,-1,0.006756756756756799,0
0,0,0,0,0,0,0,1,2,0.05555555555555558,1
0.6,16.2,21.6,-0.4,16.799999999999997,1,0,3,0,-0.007786429365962189,0
-0.20000000000000007,-5.600000000000001,-8.0,-0.6,-35.6,1,0,2,0,0.06339712918660279,0
0.4,-27.4,-22.2,1.0,164.2,-1,0,3,1,-0.02801120448179273,0
-0.08333333333333331,3.833333333333334,5.916666666666668,3.1666666666666665,32.91666666666667,-2,0,1,-4,0.1003861003861003,0
0.4,-46.8,-43.8,-4.0,-242.6,3,0,5,0,0.12777777777777777,0
1.0,-16.5,-15.5,-1.0,-81.5,-1,-15,-3,5,-0.030555555555555558,1
0.0,-9.75,4.75,1.5,176.0,-5,-20,-6,-14,0.10473457675753228,0
0.0,64.0,67.66666666666667,1.6666666666666667,110.66666666666667,-5,0,-1,-2,0.05769230769230771,0
0.0,30.5,12.0,-0.5,173.5,-2,0,-1,-1,0.07407407407407407,0
-0.6666666666666666,3.666666666666668,-6.0,-1.6666666666666667,-119.0,-3,0,-3,2,0.18151260504201683,1
0.0,60.0,64.5,1.0,238.0,-4,0,4,9,0.0607843137254902,1
-1.3,21.299999999999997,39.7,0.5,109.9,-5,0,-4,2,0.08669354838709675,1
0.39999999999999997,12.0,1.3999999999999915,-0.2,-32.2,-2,10,-4,-7,0.11517857142857146,1
0.2,29.13333333333333,58.733333333333334,1.7333333333333334,8.400000000000006,5,0,9,-6,-0.04608695652173911,1
0.0,14.0,-77.0,-4.0,-613.0,1,0,1,11,-0.004524886877828149,1
0.3333333333333333,-26.0,-21.666666666666664,1.333333333333333,-34.0,-3,0,-10,11,0.1743589743589744,0
0.0,-43.0,-74.5,1.0,-142.0,-3,10,-5,-12,-0.02777777777777779,1
0.4,31.6,36.0,-1.0,-132.8,2,0,2,5,-0.027272727272727337,1
-1.0,-24.666666666666664,-64.66666666666666,-0.33333333333333326,-129.33333333333334,2,0,1,1,0.051136363636363646,1
-0.2,-30.666666666666668,-76.8,0.3999999999999999,21.73333333333335,-3,0,-2,3,0.08571428571428574,1
1.0,-5.0,60.0,-1.0,244.0,0,15,-2,2,-0.041353383458646586,1
0.8,-64.8,-122.0,-0.8,-117.80000000000001,1,15,1,8,0.033333333333333326,0
0.6000000000000001,-10.399999999999999,-10.800000000000004,-0.6,-34.20000000000002,0,-15,3,9,0.053349875930521096,1
-0.8,-20.6,-9.600000000000001,0.7999999999999999,60.0,0,0,1,3,-0.030303030303030276,0
-0.19999999999999996,2.3999999999999986,2.200000000000003,1.5999999999999999,195.59999999999997,1,0,4,0,0.13910969793322736,1
0.35,-36.15,-48.3,0.0,-10.049999999999997,3,0,3,-6,0.11566707466340265,0
0.0,12.583333333333332,13.0,-0.8333333333333335,-56.166666666666686,0,0,-1,-6,-0.01754385964912286,1
-0.25,14.399999999999999,18.25,-1.55,-169.2,0,20,0,4,-0.09084302325581395,0
-1.4,11.400000000000006,41.599999999999994,1.2,105.0,2,-10,-3,6,-0.05277777777777781,0
0.2,-27.4,-4.200000000000003,0.8,146.0,-1,0,4,0,0.0461538461538461,1
0.0,-26.4,-41.6,-2.6,-180.8,0,0,-9,-2,-0.019886363636363646,0
0.3333333333333333,-38.5,-41.33333333333333,0.0,26.0,-1,20,-2,7,-0.04761904761904767,1
0.0,39.199999999999996,32.0,0.6000000000000001,-109.2,3,0,1,-3,-0.09340659340659341,0
0.2,-22.0,-33.1,0.2,-28.55,-3,0,-2,15,-0.19414893617021278,0
-0.2,7.599999999999994,-10.399999999999999,-0.5999999999999996,-178.8,0,0,5,-1,-0.011904761904761862,0
0.0,1.0,-10.400000000000002,-0.9999999999999999,-101.19999999999999,0,0,1,4,0.01449275362318836,0
-1.3333333333333333,26.75,39.25,0.9166666666666667,265.0833333333333,1,0,2,5,-0.09595959595959602,0
0.0,-3.6000000000000014,13.0,0.19999999999999996,184.4,-1,0,0,0,-0.08333333333333337,1
0.2,-7.399999999999999,30.0,0.3999999999999999,383.4,-2,0,-3,-1,-0.05384615384615388,0
-0.41666666666666663,-3.916666666666668,9.166666666666664,-1.6666666666666667,-114.5,4,0,6,-11,-0.12543554006968638,1
0.3333333333333333,-17.333333333333332,-26.666666666666664,0.6666666666666667,45.33333333333333,0,0,4,-1,0.18660287081339721,1
0.0,-13.0,21.0,1.0,236.0,-2,0,1,-5,0.1331269349845201,1
0.0,-14.0,-13.0,0.0,129.0,4,10,8,-7,-0.0357142857142857,1
0.0,21.5,16.0,-0.5,-93.0,-3,0,-5,6,-0.11494252873563215,1
0.75,-36.55,-96.05000000000001,-0.3500000000000001,-173.05,3,10,4,-9,0.10924369747899154,1
0.6000000000000001,5.599999999999994,-13.399999999999999,-0.6,-72.6,4,-15,3,0,-0.09494826536822887,1
0.25,-3.25,-8.0,0.25,43.75,-2,15,4,-1,-0.01567398119122254,1
0.0,25.799999999999997,23.4,-0.3999999999999999,65.0,1,0,-1,-3,0.090975788701394,0
-0.2,-34.400000000000006,-41.0,1.8,60.099999999999994,3,0,1,0,0.1428571428571429,1
0.2,4.799999999999997,42.199999999999996,2.6,244.20000000000002,-4,0,0,3,-0.10135135135135132,0
0.0,14.5,78.5,2.0,301.5,1,0,1,-3,-0.08125000000000004,0
0.5,18.0,35.5,1.5,251.5,2,0,0,-5,0.2919254658385093,1
1.0,-27.0,-39.0,-1.0,-48.0,-1,0,-1,0,0.0714285714285714,1
0.0,0.5,0.5,2.0,-39.0,0,0,-1,3,0.0,1
-0.5,-60.0,-95.0,0.0,-206.5,4,0,-5,-3,-0.11538461538461542,0
-1.0,21.0,34.0,0.0,96.0,1,-10,1,5,-0.11428571428571421,0
-0.04999999999999999,42.150000000000006,24.400000000000006,0.30000000000000004,-86.65,5,13,12,-8,0.08551724137931038,1
0.6,8.999999999999996,-5.799999999999997,-2.0,-201.60000000000002,3,10,0,5,-0.13027852650494165,1
-0.2,26.800000000000004,31.0,-1.2000000000000002,-38.19999999999999,1,0,0,-8,-0.011784511784511786,1
0.6666666666666666,16.75,28.33333333333333,0.5,117.83333333333334,1,0,0,-6,0.20833333333333337,1
0.39999999999999997,-10.200000000000003,8.0,-0.8000000000000003,-47.80000000000001,-1,15,-1,2,0.13636363636363635,0
0.2,-19.6,-23.4,1.6,154.39999999999998,-2,0,1,5,-0.109500805152979,0
0.4,-4.200000000000003,-20.0,-0.6,-50.0,-4,0,6,6,-0.16666666666666663,0
0.2,-19.8,-25.0,0.0,34.599999999999994,1,75,-2,0,0.03703703703703709,1
0.0,12.999999999999993,23.0,0.6,42.199999999999996,3,0,-1,-1,0.07575757575757569,1
0.5,-15.0,-17.0,0.5,62.5,-1,15,4,-4,0.04444444444444451,1
0.0,-28.0,6.0,2.0,595.0,3,0,1,-13,0.13725490196078427,0
-0.2,-11.799999999999997,-34.99999999999999,-2.0,-252.99999999999997,-1,0,-2,5,0.09615384615384615,1
0.2,23.8,17.0,-0.19999999999999996,-51.2,1,10,5,-3,0.0848153214774281,1
0.0,-18.666666666666664,-24.333333333333336,0.666666666666667,240.33333333333331,0,-20,3,-10,0.09926470588235292,0
-0.16666666666666669,10.5,41.33333333333333,2.0,248.16666666666669,2,0,3,-2,-0.09659090909090906,0
0.2,-31.0,-31.5,-0.6,-5.299999999999997,-1,0,0,5,0.011904761904761973,1
0.25,-22.5,-35.5,-0.75,15.5,-1,0,4,6,0.025000000000000022,1
1.0,-15.600000000000001,-32.4,-0.4,-151.8,1,48,1,-6,0.004573170731707266,1
0.0,-31.666666666666664,-36.33333333333333,1.0,195.66666666666666,-2,-10,-3,7,-0.007407407407407418,0
0.2,-3.6000000000000014,-17.66666666666667,-2.0666666666666664,-123.86666666666667,2,-10,2,0,-0.08578637510513043,0
0.0,25.5,39.5,2.0,115.0,-3,10,-2,6,-0.0935672514619883,1
-0.4,-36.4,-50.400000000000006,-0.8,-29.799999999999997,-2,15,0,-5,0.1495238095238095,0
0.0,-19.0,44.0,-1.0,60.0,-2,-45,-1,9,0.14066496163682873,1
0.6000000000000001,-2.6000000000000014,-7.999999999999993,-0.8,-51.4,0,-2,-3,-2,-0.10000000000000009,1
0.6,-37.8,-54.2,0.6000000000000001,14.799999999999997,-4,0,-6,1,0.024489795918367308,1
0.6000000000000001,6.800000000000001,14.399999999999999,0.0,174.8,-7,0,-4,8,-0.005270092226613898,1
0.2,0.0,1.6000000000000014,0.8,31.000000000000004,-1,-23,-6,-1,-0.09873949579831942,0
0.0,24.0,77.0,5.0,427.0,-2,0,-2,-1,0.020703933747412084,0
0.0,-17.4,-23.0,-0.4,2.3999999999999986,-2,0,-6,3,0.09919028340080971,1
0.0,-6.6,-15.0,0.8,1.7999999999999972,-2,15,-7,1,0.09274004683840753,0
0.2,-16.200000000000003,-27.4,2.2,-54.5,0,0,1,4,0.005087209302325535,0
0.0,-18.0,-9.0,2.0,329.0,-3,-30,0,4,0.2823529411764706,0
0.0,15.5,33.5,3.0,188.5,-3,0,-3,-8,0.08571428571428574,1
0.0,30.25,43.75,0.25,7.5,-3,0,-7,2,-0.058441558441558406,1
0.0,39.0,58.0,1.0,39.0,3,0,0,0,-0.08333333333333337,0
0,0,0,0,0,-4,-10,-2,5,0.032467532467532534,1
0.2,5.799999999999997,0.0,0.19999999999999996,38.599999999999994,-1,0,-3,3,-0.18262411347517726,0
-0.46666666666666673,7.199999999999999,7.399999999999999,-1.8,-59.0,2,0,-2,3,-0.051948051948051965,0
0.25,14.0,19.0,0.0,33.0,0,0,-3,2,0.03532608695652173,0
0,0,0,0,0,1,0,4,2,0.13043478260869568,1
0,0,0,0,0,0,0,-4,-2,0.0064102564102564985,1
0,0,0,0,0,0,10,0,-9,-0.07179487179487176,0
0,0,0,0,0,4,10,3,2,0.0,1
0,0,0,0,0,0,0,-5,-6,0.10217391304347823,1
0,0,0,0,0,-1,0,1,-9,0.2272727272727273,1
0,0,0,0,0,0,0,5,4,-0.02941176470588236,0
-0.39999999999999997,-7.799999999999997,12.800000000000011,3.0,137.4,-2,15,-5,-1,0.04013377926421402,0
0.4,-55.3,-43.4,0.19999999999999996,49.2,1,10,-1,-5,-0.027450980392156765,1
0.4,4.200000000000003,-10.800000000000004,-1.4,-189.2,2,10,1,1,0.053333333333333344,1
0.6666666666666666,-8.0,-18.0,-2.5,-171.0,-2,0,2,-5,0.125,1
-0.2,-1.3999999999999986,-3.799999999999997,-1.2000000000000002,-89.0,3,15,6,-1,0.05052878965922447,1
-0.6000000000000001,-7.0,13.200000000000003,1.7999999999999998,265.6,-2,0,-3,2,0.1497584541062802,1
0.0,-14.0,-33.0,0.0,-118.0,-3,0,-3,5,-0.0980392156862745,0
0.0,-16.0,-31.0,1.0,-41.0,4,20,10,-2,-0.08133971291866038,1
0.0,41.0,27.5,0.5,120.0,-1,0,0,-1,0.11538461538461542,1
0.0,26.333333333333336,3.8333333333333286,-2.0,-348.5,-4,-10,-1,-6,0.03260869565217395,1
0.5,-39.0,-42.0,-1.0,-106.5,1,10,-2,5,0.01754385964912286,0
-0.39999999999999997,24.6,39.400000000000006,2.1999999999999997,186.6,-2,-10,-2,2,-0.005347593582887611,1
-0.55,22.05,29.45,1.0,103.65,-1,0,-4,0,0.028421052631579014,0
0.0,20.6,14.799999999999997,0.8,-151.8,0,10,2,7,-0.06730769230769229,0
0.0,26.666666666666664,102.0,0.6666666666666667,527.6666666666666,0,25,-5,-9,-0.0014430014430014682,0
0.6,-14.350000000000001,-59.9,-2.1,-336.2,-1,0,0,4,0.07407407407407407,1
0.0,-24.799999999999997,-68.86666666666667,1.2666666666666668,210.66666666666669,2,0,-2,-5,-0.08026755852842804,1
0.0,7.0,-8.0,-1.0,-55.0,2,-23,9,-4,0.18333333333333335,1
0.5,57.25,58.5,0.5,28.5,3,0,8,-5,0.03743315508021383,0
0.5,-11.5,-45.5,-2.0,-237.5,9,0,10,-3,-0.014619883040935644,1
0.2,2.0,4.799999999999997,-1.6,33.0,-1,0,2,7,-0.020220588235294157,0
0,0,0,0,0,0,0,0,-3,0.170940170940171,1
0.0,-27.0,-46.0,-1.0,-60.0,-1,0,-1,2,-0.06666666666666676,0
-0.6000000000000001,12.0,7.799999999999997,0.0,-19.0,6,-34,5,-3,0.24579124579124584,1
0.15000000000000002,-21.75,-38.7,-0.25,-62.2,0,-15,0,6,-0.003506311360448766,0
-0.8,-37.599999999999994,-47.39999999999999,-2.2,-118.20000000000002,2,-10,5,4,0.06043956043956045,1
0.0,36.0,52.0,0.0,-14.0,4,15,4,3,0.14102564102564108,1
0.0,-12.0,-26.5,0.0,-2.5,-1,0,-2,3,0.1072124756335282,0
0,0,0,0,0,3,10,2,0,0.02777777777777779,1
0,0,0,0,0,-2,0,-2,1,0.0758928571428571,1
-0.5,-1.5,13.0,0.0,13.5,-3,-10,0,-4,-0.011312217194570207,1
0,0,0,0,0,-2,10,2,-4,0.23888888888888882,1
0,0,0,0,0,2,0,1,-1,0.11111111111111105,1
0,0,0,0,0,0,-10,-1,6,-0.10504201680672276,1
0.8,14.800000000000004,34.8,0.19999999999999996,139.0,-2,0,-4,2,0.05853658536585371,0
0.0,-6.0,18.0,2.0,442.0,-1,15,-1,-10,-0.0561594202898551,1
0.0,-4.0,55.0,2.0,262.0,-3,0,-3,9,-0.007936507936507908,1
0.0,-35.0,-54.0,-1.0,-60.0,6,15,6,-9,-0.16433566433566438,1
0.0,-22.0,-21.0,0.0,310.0,0,-10,1,3,0.031746031746031744,1
0,0,0,0,0,3,0,0,-4,0.44871794871794873,1
0.25,-24.5,-14.75,-0.25,-0.5,-2,0,-2,-6,0.1692307692307693,1
0.0,29.0,20.6,1.0,36.69999999999999,-1,0,2,-4,0.06552706552706555,1
0.0,25.0,9.0,1.0,-347.0,2,10,1,-8,0.12250712250712248,1
0.0,6.0,-46.0,-2.0,-231.0,1,0,-3,1,-0.10606060606060608,0
0.1333333333333333,-53.266666666666666,-59.2,-0.8,-20.333333333333336,2,0,2,-5,-0.04195804195804198,1
0.6,-32.4,-31.400000000000006,-0.9999999999999999,-113.8,-2,0,-1,3,-0.11111111111111105,0
-0.15000000000000002,2.549999999999997,-0.7000000000000028,-0.6,-100.9,-2,-20,-4,-4,0.1029411764705882,1
-1.0,6.1,36.0,1.4,204.2,-1,15,4,6,0.249597423510467,1
0.0,36.33333333333333,101.33333333333334,3.0,495.66666666666663,1,15,0,-12,-0.04444444444444451,1
0.2,5.800000000000001,6.800000000000001,0.8,79.6,0,0,6,14,-0.036363636363636376,1
0.3333333333333333,-64.33333333333333,-67.0,1.3333333333333333,49.33333333333333,-1,0,-1,7,0.07294117647058818,0
0.0,-52.5,-50.5,1.5,-63.5,-3,-10,1,8,0.06043956043956045,0
-0.6666666666666666,-31.5,-24.333333333333336,0.5,2.0,1,0,3,-1,-0.16666666666666663,0
0.0,-5.5,-24.5,-0.5,-59.5,2,0,4,-4,0.013071895424836666,0
-0.2,-29.9,-21.1,-0.09999999999999998,39.7,3,0,-2,-1,0.32608695652173914,0
-0.6000000000000001,28.0,35.6,-0.6000000000000001,92.0,1,-10,4,-1,-0.020703933747412084,1
0.6,17.999999999999996,25.6,0.6000000000000001,53.000000000000014,0,0,-3,5,-0.023809523809523836,0
0.0,22.200000000000003,-9.400000000000006,-0.8,-299.4,-2,0,6,7,-0.056862745098039125,1
-0.55,-2.6999999999999993,20.25,1.6,227.25,-2,0,-1,4,-0.15631929046563198,1
0.16666666666666669,1.333333333333334,2.333333333333332,-0.16666666666666663,-19.333333333333336,-1,0,2,4,-0.03589743589743599,0
-0.2,44.0,4.599999999999994,0.10000000000000009,-24.69999999999999,-4,0,-5,-4,0.07608695652173914,0
0.5,10.833333333333334,17.5,2.1666666666666665,347.5,3,0,7,-2,0.10416666666666663,1
0.0,6.399999999999999,-25.733333333333327,-2.933333333333333,-189.8,1,10,1,3,-0.14141414141414144,0
0.2,-11.100000000000001,-0.5,-0.8,63.30000000000001,-3,-10,-1,2,-0.03281853281853275,0
0.0,4.0,-3.0,1.0,163.0,0,15,0,4,0.08467741935483875,1
0.0,-13.0,-6.600000000000001,0.6000000000000001,-147.7,-2,-15,-2,11,-0.13043478260869557,0
-3.0,-55.400000000000006,-88.4,0.19999999999999996,-272.8,2,0,6,-3,0.13043478260869568,1
0.2,24.8,-8.600000000000001,-1.4000000000000001,-177.20000000000002,-3,0,-2,2,0.0368421052631579,1
-0.5,51.5,45.0,0.0,-99.5,2,15,2,-1,0.13970588235294112,1
0.0,54.5,60.0,0.5,-175.0,4,0,6,-1,-0.04024767801857587,1
0.0,-13.0,47.0,2.0,426.0,1,0,3,7,0.0032467532467531646,1
0.25,-13.5,-16.25,0.0,55.0,-2,0,-4,4,0.08088235294117652,1
0.6000000000000001,-11.599999999999998,-16.799999999999997,0.6,19.8,-5,0,-3,-5,0.07142857142857151,1
0.0,-4.0,-71.0,2.0,-80.0,-2,0,1,-3,0.05592105263157898,1
0.0,-30.0,-30.0,1.0,160.0,0,0,1,-1,0.010869565217391353,0
1.0,-30.0,-39.0,-1.0,53.0,3,0,1,-7,0.1071428571428571,0
1.0,-21.0,-31.0,-0.5,7.5,-5,0,-3,-2,0.12587412587412594,1
0.0,26.5,31.0,1.0,-39.5,-2,0,-7,-7,-0.17543859649122806,0
-0.8,-23.4,-32.05,-0.55,-40.30000000000001,2,0,1,-4,0.0814285714285714,0
-0.4,-39.099999999999994,-43.55,0.5,34.5,-3,-10,-1,9,-0.10476190476190483,0
0.0,-28.666666666666664,-46.333333333333336,0.0,-12.333333333333336,-4,25,-5,1,-0.07115384615384612,0
0.0,-24.0,-59.0,-1.0,-97.5,6,0,3,-2,0.09340659340659341,0
0.0,-29.333333333333336,-25.333333333333336,0.0,116.66666666666666,2,0,4,6,-0.040935672514619936,1
0.0,9.0,22.666666666666664,0.6666666666666667,190.66666666666669,-3,15,1,-2,0.016339869281045694,1
0.0,17.6,52.8,0.0,148.2,-3,0,1,7,0.0401069518716578,1
0.0,-18.0,-26.0,1.5,-66.0,2,0,4,-5,0.0,1
0.0,-2.333333333333334,-36.166666666666664,0.16666666666666663,60.16666666666666,1,0,-8,6,-0.10434782608695659,0
0.0,-10.5,-15.0,1.5,95.5,-1,0,4,1,0.13636363636363646,1
0.0,-6.0,-36.5,2.0,-169.0,0,10,-2,-8,-0.0641025641025641,1
0.2,31.0,45.0,3.6000000000000005,219.39999999999998,0,0,2,-5,0.21999999999999997,1
0.8,-12.8,-30.0,-0.4,-10.399999999999999,4,0,4,1,-0.14932614555256074,1
0.13333333333333341,16.533333333333335,11.866666666666667,-0.8666666666666667,-9.733333333333348,0,0,-2,-1,-0.0357142857142857,0
-0.16666666666666669,1.0833333333333357,9.833333333333336,0.5833333333333335,236.41666666666669,-1,0,1,-2,0.02777777777777779,0
0.0,23.0,87.5,-0.5,222.0,-2,10,-1,6,-0.1071428571428571,1
-0.2,3.799999999999997,21.299999999999997,5.2,159.3,1,0,-1,-2,0.2008928571428571,1
0.0,-0.2666666666666657,22.93333333333333,1.6666666666666667,185.4666666666667,-3,0,1,2,-0.08367983367983367,1
-0.8,-7.799999999999997,16.6,-0.20000000000000007,30.19999999999999,-1,0,0,3,0.022624434389140302,0
0.2,2.799999999999997,15.0,1.2000000000000002,-44.19999999999999,-5,0,-1,-3,-0.09048178613395996,0
0.0,5.666666666666664,23.5,-1.5,-75.0,2,-15,-4,8,-0.02564102564102566,0
-0.5,16.7,33.6,1.4,146.6,-5,0,-4,6,-0.04705882352941182,1
-0.20000000000000007,30.400000000000002,62.4,1.0,173.79999999999998,-2,2,-1,2,-0.1296296296296297,1
0.0,-35.2,-37.8,2.1999999999999997,149.8,3,-10,3,-10,0.09523809523809523,1
0.0,-35.599999999999994,-37.400000000000006,1.4,63.599999999999994,0,0,0,5,0.15454545454545454,1
0.0,-15.333333333333332,-4.333333333333336,0.6666666666666667,195.66666666666666,5,0,-4,0,-0.23809523809523814,1
0.0,-62.5,-142.5,-4.5,-537.0,-2,0,-2,7,0.07714285714285707,1
0.0,38.5,68.0,0.5,105.5,-2,0,-4,-3,0.2596153846153846,1
0.2,14.600000000000001,15.0,-0.8,90.80000000000001,3,10,6,-6,-0.10087719298245612,0
0.0,-2.8999999999999986,6.600000000000001,-0.10000000000000009,85.69999999999999,0,0,-1,5,0.09782608695652173,1
1.0,70.0,71.66666666666667,0.3333333333333333,11.0,5,0,8,0,0.01666666666666672,1
0.0,-12.0,-20.0,-0.3333333333333335,138.33333333333331,-4,0,-6,-3,0.1523809523809524,0
0.3333333333333333,-4.333333333333336,34.33333333333333,1.0,315.3333333333333,1,0,1,2,-0.06571428571428573,0
0.2,23.799999999999997,9.200000000000003,1.4,6.799999999999997,-4,-10,-4,7,-0.04864864864864871,1
0.39999999999999997,1.6000000000000014,-3.6000000000000014,-0.2,-42.800000000000004,1,24,5,0,0.026696329254727535,0
0.0,-26.666666666666664,-39.2,-1.0,6.466666666666669,1,0,0,4,-0.0478723404255319,1
-0.4,-9.200000000000003,-16.200000000000003,0.5,-70.9,3,0,4,6,0.020000000000000018,1
1.0,-15.0,-27.0,-1.0,-29.0,2,0,4,-3,0.03141025641025641,1
0.4,-14.7,-27.4,-0.7,-174.8,2,0,1,6,0.12560386473429952,1
0.0,54.0,47.33333333333333,0.6666666666666667,108.33333333333334,-6,-20,-7,3,-0.19918699186991873,1
0.2,5.0,18.200000000000003,0.2,62.400000000000006,0,0,4,1,-0.13397129186602874,1
0.0,-44.5,52.0,-1.5,383.5,1,0,4,1,0.026960784313725505,0
0.2,-28.6,-34.8,1.0,25.400000000000006,0,15,-2,7,-0.012474012474012475,1
0.0,-49.5,-40.05,0.8,29.700000000000003,1,0,0,6,0.0,0
-0.6,-25.799999999999997,1.6000000000000014,1.0,123.80000000000001,-4,0,-4,-1,0.08235294117647052,1
0.3333333333333333,-27.333333333333332,-27.999999999999996,1.0,167.66666666666666,-1,0,-4,6,-0.1527777777777778,1
0.6,15.45,24.299999999999997,-1.15,61.05000000000001,0,0,2,1,-0.023727844482561378,0
0.2,0.40000000000000036,-1.6999999999999993,-1.0,-91.5,0,5,3,7,-0.001434720229555153,1
-0.2,16.599999999999998,4.0,-0.3999999999999999,-53.39999999999998,-3,-15,-4,3,-0.09440559440559437,1
0.2,-8.733333333333334,-11.733333333333334,-3.733333333333333,-307.4,-1,0,0,8,0.043269230769230727,1
0.2,-1.3999999999999986,2.3999999999999986,0.7999999999999999,67.6,3,0,-1,-7,0.07575757575757569,1
0.4,-18.200000000000003,10.599999999999994,1.2,252.8,-2,0,2,4,0.05135135135135127,1
1.0,-21.0,-40.0,-1.0,-56.0,0,0,0,1,0.04761904761904756,1
0.0,8.5,5.5,-0.5,-76.0,-2,0,-2,-4,-0.2272727272727273,0
0.8,27.400000000000006,21.0,0.3999999999999999,124.0,0,0,2,1,0.06260869565217397,1
-0.2,5.800000000000001,-11.399999999999999,-1.8000000000000003,-296.6,2,15,5,-5,0.07307307307307309,1
0.0,38.0,42.0,-0.5,141.0,-2,0,-5,-3,0.07013574660633493,1
0.6,20.0,51.8,1.6,193.2,2,0,1,-3,-0.13076923076923075,0
0.3333333333333333,-27.333333333333336,-46.333333333333336,-1.0,-50.666666666666664,-1,0,4,1,-0.08976157082748948,1
-0.3333333333333333,6.583333333333332,-4.333333333333336,-2.3333333333333335,-188.41666666666666,-2,-15,-5,-2,0.03125,0
0.0,-6.0,-1.0,0.0,-12.0,-3,-13,-1,2,0.022058823529411797,0
0,0,0,0,0,2,0,1,-1,0.03076923076923077,1
0.0,12.0,27.19999999999999,1.0,224.0,1,0,0,1,0.12113232389730089,0
-0.2666666666666666,-9.8,5.5333333333333385,-0.33333333333333326,-19.066666666666677,0,0,1,14,-0.062393647192285795,0
-0.2,3.0,4.800000000000004,-1.0,-71.4,2,20,0,0,-0.08108108108108114,0
0.6,27.799999999999997,14.799999999999997,-1.0,-53.4,0,10,-4,2,0.10476190476190483,1
0.0,-40.0,-59.0,-1.0,-44.0,3,0,3,-2,-0.02777777777777779,1
0.0,7.0,-0.5,-3.0,-263.5,2,0,3,-3,0.13030303030303036,1
-0.8,-1.3999999999999986,22.700000000000003,-2.2,-1.0999999999999943,6,0,8,0,-0.04037267080745344,1
0.5,-9.0,-12.5,-1.0,-325.0,-2,-15,-1,0,0.02753623188405807,1
0.0,11.0,102.0,0.0,53.0,-1,0,1,-2,-0.044117647058823484,0
0.2,-14.399999999999999,-20.200000000000003,-1.0,-23.200000000000003,5,15,8,4,-0.06373626373626373,1
0.0,-12.0,13.0,2.5,354.5,-2,-10,-3,6,-0.036363636363636265,1
-0.3333333333333333,16.533333333333335,37.53333333333334,0.33333333333333337,81.6,4,0,5,-7,0.019230769230769273,1
0.20000000000000007,9.2,-21.39999999999999,-1.0,-257.0,-5,0,-2,-1,-0.11538461538461542,1
0.0,-30.0,-22.0,3.0,150.0,4,-15,2,-3,0.05208333333333337,1
0,0,0,0,0,-3,0,-5,7,-0.1777777777777777,1
0.0,13.0,30.0,0.0,223.0,-2,0,0,0,0.09065934065934067,1
0,0,0,0,0,5,0,7,3,0.15934065934065933,1
0.2,-17.4,-15.799999999999997,0.8,84.6,-1,10,0,6,-0.13492063492063489,0
0.0,-27.0,-44.0,-1.0,-28.0,1,0,-3,-3,-0.10606060606060608,0
0.0,32.0,-25.0,-5.0,-772.0,-2,-10,-3,-5,-0.46666666666666673,0
0.0,27.0,10.0,-1.0,65.0,3,0,-4,3,-0.1470588235294118,0
0.2,11.8,36.3,1.25,198.14999999999998,-1,0,-6,0,0.22142857142857142,1
0.0,2.0,2.4000000000000057,0.0,15.800000000000004,1,0,1,5,0.09444444444444444,0
0.2,-30.2,-28.799999999999997,-0.7999999999999999,-36.19999999999999,-1,0,0,6,-0.018716577540106916,1
0.2,-4.0,-7.0,-0.4,56.2,3,0,2,0,-0.12009803921568629,0
0.2,11.8,0.1999999999999993,-0.6,-8.400000000000006,-8,5,6,-3,-0.04629629629629628,1
-0.8,-21.400000000000002,-17.799999999999997,0.7999999999999999,30.39999999999999,-1,0,-1,2,0.05769230769230771,1
0.0,-21.5,-31.75,-4.25,-100.5,1,0,3,-2,0.027649769585253448,1
0.0,-29.5,-16.0,0.0,54.0,1,10,-1,3,-0.011441647597253968,1
0.25,11.0,-0.5,-1.0,42.25,-1,0,-2,4,0.006787330316742057,1
0,0,0,0,0,0,-10,3,-8,-0.07857142857142863,0
0.19999999999999996,10.799999999999997,4.800000000000011,-1.0,-8.400000000000006,-1,0,-1,-1,0.07439613526570055,1
0.2,-10.400000000000002,1.2000000000000028,1.0,162.39999999999998,0,0,3,-8,0.08874458874458868,1
-0.6000000000000001,-31.599999999999998,-41.599999999999994,-1.7999999999999998,-67.6,1,0,4,5,-0.02051282051282055,0
0.16666666666666669,-23.833333333333336,-22.166666666666664,1.1666666666666667,135.16666666666666,0,0,0,8,0.049677419354838714,0
0.6,-10.649999999999999,-36.05,-1.8,-208.35,-3,-15,-2,-1,-0.030219780219780223,0
0.2,13.600000000000001,16.1,-0.10000000000000009,-10.5,2,0,3,-2,0.05882352941176472,0
-0.4,-23.0,-49.0,-0.6,2.799999999999997,-2,0,-6,-1,0.12260869565217392,0
0.0,17.0,85.0,0.0,7.0,3,-10,2,5,-0.09523809523809523,0
0,0,0,0,0,1,10,1,4,-0.06427015250544654,0
0,0,0,0,0,1,0,-2,-2,0.004608294930875556,0
0,0,0,0,0,-1,0,0,5,-0.11904761904761896,0
0.2,10.0,38.0,0.2,90.4,2,0,1,-3,-0.20170940170940166,0
0.3,12.399999999999999,0.7000000000000028,-0.3999999999999999,3.3000000000000114,2,10,10,-1,0.11904761904761907,1
0.0,5.833333333333332,-1.6666666666666679,-1.1666666666666667,-56.33333333333334,-1,-35,-3,-4,-0.02124999999999999,1
0.2,-19.5,-32.95,0.050000000000000044,35.25,1,10,4,6,-0.08119658119658113,0
0.0,46.5,31.75,1.75,123.25,3,0,4,-5,0.08477011494252873,1
0.0,-31.0,-48.5,0.0,10.5,0,45,1,5,-0.033653846153846145,1
0.0,32.0,38.0,-0.75,-51.25,0,0,-1,4,-0.09533468559837732,1
0,0,0,0,0,-2,-15,6,-4,-0.023809523809523836,1
0.0,-41.5,-23.666666666666664,-0.16666666666666663,125.0,-1,0,-6,-2,0.09565217391304348,0
0.0,7.666666666666668,-2.0,0.3333333333333333,1.6666666666666643,0,0,-3,11,-0.1163227016885553,0
0.0,16.5,-0.5,0.0,-111.0,6,0,5,-4,0.1696428571428571,1
0.6,4.599999999999998,11.0,0.5999999999999999,17.39999999999999,5,0,2,0,0.012578616352201255,1
0.6,-50.800000000000004,-68.0,-1.6,-133.60000000000002,1,0,5,-5,-0.03508771929824561,1
0.8,6.200000000000003,5.200000000000003,1.2,155.8,-1,15,1,5,-0.08613445378151252,1
-0.1333333333333333,-6.066666666666663,-7.333333333333336,1.4,4.599999999999994,-2,0,-2,3,-0.05592105263157898,0
1.2,-4.899999999999999,-5.5,-5.6,-255.8,-2,10,2,-4,0.13214285714285712,1
-0.33333333333333337,0.33333333333333215,2.0,0.0,7.0,0,-10,1,0,0.17942583732057416,1
0.0,-13.800000000000004,-36.800000000000004,0.40000000000000013,6.0,-2,0,-1,0,0.1056364315042927,1
0.0,9.5,35.5,1.0,-77.0,2,0,7,-4,-0.21323529411764708,0
1.0,-1.75,-83.0,-3.0,-444.75,-1,-10,-4,7,-0.16666666666666674,0
0.0,-14.0,-32.0,-1.0,-13.0,0,20,-3,-6,-0.2171052631578947,1
0,0,0,0,0,2,0,-6,0,-0.050724637681159424,1
0.2,33.800000000000004,24.200000000000003,1.2000000000000002,46.80000000000001,-3,-20,-2,-3,0.14313725490196083,1
0,0,0,0,0,-2,0,10,-3,0.19838056680161942,1
0,0,0,0,0,2,-15,-1,-6,-0.012820512820512775,0
0.0,-18.0,-33.0,0.0,48.0,0,55,10,1,0.07095343680709532,1
0.0,-1.3333333333333357,-27.5,1.3333333333333335,57.5,2,0,1,-4,-0.01620370370370372,0
0.0,6.5,-2.5,-0.5,-208.5,1,-15,-7,7,-0.05594405594405594,0
0.0,-5.0,15.0,-1.0,-38.0,0,0,0,-3,0.14187643020594964,0
0.0,-25.5,-33.5,-0.5,62.0,1,10,3,7,0.023423423423423517,1
0,0,0,0,0,-5,-20,-10,-4,0.05494505494505497,1
0,0,0,0,0,-2,0,-2,2,-0.23809523809523808,1
0,0,0,0,0,3,0,0,4,0.16666666666666663,0
0.19999999999999996,3.3999999999999986,12.2,1.4,130.39999999999998,1,0,4,-6,-0.08333333333333337,1
0.3333333333333333,-28.666666666666668,-48.66666666666667,1.3333333333333335,-63.33333333333334,1,0,-2,-3,0.2008928571428571,1
-0.16666666666666669,31.5,50.0,1.3333333333333333,127.66666666666666,-2,-20,3,0,-0.04597701149425282,1
0.25,15.75,-19.25,0.25,-238.5,-3,0,1,1,-0.15217391304347827,0
0.0,-12.199999999999996,-1.6000000000000085,1.6,119.0,-4,-10,-6,9,0.17753623188405798,1
0.0,-6.449999999999999,-0.9500000000000028,-2.4,-72.0,-4,-15,-4,-2,0.09375,1
0.0,40.6,31.0,-1.0,-259.0,5,0,6,1,-0.23370429252782188,0
0.2,-2.3999999999999986,4.600000000000001,0.0,125.6,5,0,1,6,-0.17396313364055305,0
0.0,-37.0,-56.0,-1.0,-60.0,2,0,5,5,0.0854700854700855,1
0.0,-26.0,5.0,-1.0,133.0,-1,0,8,4,-0.08441558441558439,0
0.6000000000000001,11.0,11.199999999999996,-0.3999999999999999,-59.8,-1,-10,-1,3,0.0984848484848484,1
0.3333333333333333,6.166666666666664,3.3333333333333357,0.16666666666666674,-120.5,-3,15,-4,-5,-0.04480286738351258,1
0.3,-18.049999999999997,-47.0,0.15000000000000002,7.199999999999989,0,15,2,1,-0.07326007326007322,1
0.2,-2.6999999999999993,-37.6,-1.8,-219.2,0,-10,2,2,-0.0788177339901478,1
1.0,49.0,59.33333333333333,0.0,106.33333333333334,-1,20,0,1,-0.1029411764705882,1
0,0,0,0,0,-1,-15,1,3,0.23949579831932766,1
0.3333333333333333,-22.666666666666668,-14.333333333333336,2.0,252.66666666666669,3,0,-3,-2,-0.09440559440559437,0
0.75,24.5,30.75,-2.75,4.75,0,0,0,4,-0.02941176470588236,0
0.0,-14.0,22.5,1.0,259.0,-3,0,-5,8,0.10389610389610393,1
0.0,-28.0,-38.0,4.0,299.0,-4,10,-6,-10,0.15700483091787443,1
0,0,0,0,0,-3,-20,4,3,0.15422077922077926,1
0.2,20.799999999999997,41.00000000000001,-0.19999999999999996,2.4000000000000057,2,0,1,-2,-0.008148148148148127,0
0.0,-16.75,-52.5,-0.25,-260.25,2,0,6,9,0.03703703703703698,0
0.0,14.0,45.8,1.0000000000000002,174.0,1,-10,-1,6,-0.02236770321876702,0
0.75,-0.25,-4.25,-1.75,-143.0,-1,15,-1,-1,0.08333333333333337,1
0,0,0,0,0,4,25,4,-6,-0.08484848484848495,1
0.0,-38.0,-40.0,-1.0,-60.0,2,0,0,7,0.04761904761904767,1
0.0,8.0,-17.0,0.0,76.0,-1,0,-4,-10,0.09999999999999998,0
0.0,0.6000000000000014,14.400000000000006,1.2000000000000002,129.8,8,15,11,4,-0.05335968379446643,1
0,0,0,0,0,7,20,6,-4,-0.10135135135135132,1
0.3333333333333333,19.666666666666664,5.0,1.3333333333333333,-5.0,2,25,2,-2,-0.10545905707196035,1
-0.2666666666666666,30.26666666666666,42.26666666666666,1.4666666666666663,44.33333333333334,-1,0,1,-1,0.18571428571428572,1
-1.0,36.45,24.950000000000003,0.6499999999999999,37.25,3,0,2,-7,0.09531772575250841,1
-0.3,9.2,37.2,1.4,260.3,1,0,0,-3,0.18984962406015038,1
0.2,6.800000000000001,-4.600000000000001,-1.8,-194.8,-1,-5,-1,4,-0.08045977011494254,1
-0.8,-13.399999999999999,-27.6,-0.06666666666666671,-210.73333333333335,2,0,7,-2,-0.19166666666666665,1
0.3333333333333333,10.333333333333332,18.333333333333332,0.3333333333333333,43.66666666666667,-1,15,2,-1,-0.09499999999999997,0
0,0,0,0,0,1,-20,3,3,0.0714285714285714,1
0.2,-23.200000000000003,-23.799999999999997,-0.4,111.2,1,0,-2,5,-0.039049235993208864,1
0.0,14.0,28.0,1.0,53.0,2,0,4,-1,-0.003968253968254065,0
0.4,-10.600000000000001,-3.6000000000000014,1.0,98.19999999999999,4,0,4,7,-0.1428571428571428,0
0,0,0,0,0,-2,0,2,4,0.01666666666666672,1
-0.1333333333333333,46.6,72.06666666666668,-0.2666666666666666,225.5333333333333,1,15,-3,3,-0.08294930875576034,1
-0.39999999999999997,8.199999999999996,4.200000000000003,-0.19999999999999996,-3.3999999999999986,2,15,3,3,0.148989898989899,1
0.95,7.25,-3.3500000000000014,-0.15000000000000002,-40.95,-3,10,0,0,-0.08371040723981893,1
0.2,41.5,49.900000000000006,1.15,0.44999999999998863,0,15,-3,-3,-0.12471655328798192,1
0.2,-18.4,-38.9,-2.3,-50.0,0,0,2,11,-0.09375,0
0.6,2.3000000000000007,-19.799999999999997,-0.3500000000000001,-77.65,0,0,0,-5,0.03913043478260869,0
0.0,-59.0,-40.0,-0.8333333333333334,113.66666666666666,3,20,2,12,-0.12635869565217395,0
-0.3333333333333333,-3.6666666666666643,-34.33333333333333,0.0,-129.66666666666669,1,0,2,9,-0.1840277777777778,0
0.0,1.0,6.0,-4.6,-320.6,-1,10,-1,3,-0.16858237547892718,1
0.0,11.5,21.0,-1.0,141.0,0,0,4,2,0.03508771929824561,1
0.0,-32.0,-51.0,-1.0,-60.0,-1,20,7,3,-0.13903743315508021,1
0.2,-34.00000000000001,-57.0,0.8,2.200000000000003,3,35,5,-2,0.12352941176470589,1
0,0,0,0,0,-1,0,-2,11,0.018382352941176516,0
0,0,0,0,0,1,0,3,2,0.15734989648033126,0
0.0,-21.4,-8.200000000000003,2.2,253.39999999999998,-2,15,-2,7,0.012066365007541435,1
-0.6000000000000001,-26.799999999999997,-39.99999999999999,-0.39999999999999997,-20.400000000000006,-1,0,2,2,-0.02564102564102566,0
0.0,5.25,-20.0,0.75,-87.5,-2,0,1,4,-0.3181818181818181,0
0.5,37.0,39.0,0.5,209.0,3,10,3,-3,-0.02083333333333337,1
0.0,-19.6,-10.399999999999999,-0.19999999999999996,-36.599999999999994,0,0,3,1,-0.1428571428571429,0
0.0,3.0,-66.0,-4.0,-620.0,4,0,6,2,0.08333333333333337,1
0,0,0,0,0,-1,15,0,3,0.16666666666666674,1
0,0,0,0,0,-1,68,6,-1,0.051136363636363646,1
0.0,-7.0,-18.0,-1.0,-60.0,-4,0,-5,1,-0.08333333333333337,1
0.0,-27.6,-20.4,2.6,198.5,-2,0,-5,7,-0.17500000000000004,0
-0.2,-16.199999999999996,-19.4,-1.0,16.400000000000034,1,20,2,2,0.021829521829521803,0
0.6666666666666666,45.66666666666667,44.66666666666667,-0.33333333333333337,-125.33333333333333,5,0,1,3,-0.040849673202614456,0
0.0,-23.0,-5.0,3.0,485.0,-4,0,0,7,-0.05238095238095242,0
0.0,-21.0,-8.0,1.0,-124.0,-2,0,-4,4,0.08567931456548339,1
0.0,-9.5,-62.5,-1.0,-167.0,4,0,2,7,-0.06315789473684219,1
0.0,18.0,39.0,-0.8,-87.4,-3,-10,-5,-2,-0.2592592592592593,0
0.0,-17.666666666666668,-25.666666666666664,0.0,213.0,0,0,2,2,-0.09166666666666667,1
0.25,0.0,45.75,0.0,353.75,0,0,-2,-6,0.0,0
0,0,0,0,0,0,-2,-1,-4,-0.21904761904761905,0
0.0,14.0,17.39999999999999,-1.0,-77.4,0,10,3,-1,0.008088978766430666,0
-0.06666666666666671,18.133333333333333,17.733333333333327,0.6,154.06666666666666,0,50,-2,-9,0.1991489361702128,1
-0.09999999999999998,30.15,34.35,-0.75,-38.150000000000006,2,0,3,3,-0.021739130434782594,1
-0.8,25.799999999999997,44.4,1.8000000000000003,252.6,-1,0,-1,-2,0.04513888888888884,1
0.4,-17.6,-6.600000000000001,1.9,72.30000000000001,-6,-15,-2,2,-0.1005067567567568,0
-0.15000000000000002,-16.55,-22.1,0.25,-44.44999999999999,4,0,5,-9,-0.025987525987526072,1
0.2,9.600000000000001,-38.2,-2.4,-481.0,3,25,10,-3,-0.04729729729729726,1
0.0,-8.75,-17.0,-0.25,-201.5,5,10,3,-2,0.29166666666666663,1
0.25,34.16666666666667,0.4166666666666643,0.5,-60.75,0,0,-3,-2,-0.02083333333333337,0
0.2,36.2,23.0,-3.6,-311.1,3,0,3,2,-0.16541353383458646,0
0.0,-15.399999999999999,-28.2,-0.4,-0.3999999999999986,-1,10,-4,3,-0.053708439897698246,1
0,0,0,0,0,-3,-15,-2,0,0.1071428571428571,0
0.4,17.6,33.2,0.7999999999999999,69.0,0,0,1,3,-0.10079365079365088,1
0.0,-10.8,-9.0,0.0,-2.2666666666666657,0,15,1,7,-0.02777777777777779,1
-0.19999999999999996,-18.400000000000002,-5.0,-0.2,39.4,2,15,-1,-3,0.08441558441558439,0
-0.5,-4.0,-1.75,1.75,122.5,1,0,5,-3,0.013913043478260834,1
0.0,-19.333333333333332,-4.0,1.0,236.0,2,18,6,1,0.16775599128540297,1
0.0,-39.6,-23.0,1.0,-17.0,-6,-10,-4,10,0.026153846153846194,1
-0.8,-16.0,-15.399999999999991,-0.19999999999999996,-120.60000000000001,1,20,0,2,-0.0720930232558139,1
1.0,20.0,64.0,1.0,232.0,-2,0,-4,-3,0.1527777777777778,1
1.0,13.0,47.0,2.0,544.0,-1,-50,-2,1,0.03125,0
0.6,8.5,9.5,0.2,25.4,0,0,-2,-6,-0.08292682926829276,0
-0.2,-14.0,-49.400000000000006,-0.3999999999999999,-23.600000000000023,-3,-10,-1,3,-0.11428571428571432,0
0.0,27.25,34.75,1.75,75.25,-2,0,1,7,0.09824561403508769,1
0.0,-24.0,22.0,-1.0,184.0,-2,0,-4,11,-0.051515151515151514,0
-0.19999999999999996,28.39999999999999,23.6,-0.6000000000000001,34.400000000000006,2,43,8,-8,0.1798029556650247,1
-0.6,23.599999999999998,10.0,0.6000000000000001,-93.8,0,0,1,0,0.023809523809523836,0
0.09999999999999998,-28.0,-43.0,-0.6,-92.9,3,0,3,-3,0.10962566844919786,1
-0.5,16.1,21.1,1.0,101.6,-2,0,-4,4,0.01449275362318836,1
0.8,9.200000000000003,5.200000000000003,-1.0,-32.4,0,10,-5,-1,0.0957528957528958,1
0.35,-33.35,-112.6,-3.35,-191.7,-3,0,-1,2,0.14920634920634923,1
0.2,-8.299999999999997,-26.200000000000003,0.2,4.599999999999994,-1,0,0,0,0.018633540372670843,1
0.0,58.0,117.0,0.0,-106.0,6,0,9,-3,-0.2720588235294118,0
0.2,30.799999999999997,21.199999999999996,1.7999999999999998,151.40000000000003,-1,0,1,2,-0.07407407407407407,1
0,0,0,0,0,-1,-10,-4,-4,0.09523809523809523,1
-0.2,25.6,32.0,0.39999999999999997,57.2,-2,-24,-2,5,0.0072727272727273196,1
0.0,-8.833333333333336,-26.0,0.6666666666666667,27.0,0,10,-1,-2,0.016666666666666607,1
-0.4,-1.2000000000000028,9.600000000000001,1.4,95.0,2,0,-2,3,0.04766633565044687,1
-0.6666666666666666,21.933333333333337,23.666666666666664,1.8,115.19999999999999,1,0,1,-10,-0.08585858585858586,0
0.0,11.2,12.600000000000001,-3.4,-139.20000000000002,-2,15,0,4,-0.34693877551020413,0
0.2,21.6,19.800000000000004,0.19999999999999996,-44.19999999999999,-6,0,-5,-2,0.017027863777089758,1
0.0,-4.916666666666664,-20.666666666666664,0.5833333333333335,81.66666666666666,-1,15,2,-1,0.07658569500674772,1
0.0,-11.5,-5.0,-0.5,61.0,-2,-10,-2,6,-0.1127819548872181,0
0.0,-15.0,3.6666666666666643,0.0,179.66666666666666,-1,0,-1,-6,-0.008547008547008517,1
1.0,-13.5,-32.0,-1.0,-6.5,0,0,4,-4,-0.061678463094034464,1
0.0,5.0,22.5,2.0,322.5,1,-10,2,5,-0.01851851851851849,1
0,0,0,0,0,-3,0,-2,-6,-0.09893048128342252,1
0,0,0,0,0,-5,5,10,-4,-0.04268292682926833,1
-0.5,27.1,32.599999999999994,0.0,-42.099999999999994,2,0,1,0,0.019230769230769273,0
-0.2,16.2,28.0,-1.2000000000000002,-51.60000000000001,-2,0,-1,0,-0.011029411764705843,1
0,0,0,0,0,0,-15,-4,4,-0.07287449392712542,0
0,0,0,0,0,1,15,1,3,0.07720588235294112,1
0.6,18.066666666666666,23.666666666666664,0.13333333333333341,114.86666666666666,1,10,4,-7,0.08333333333333337,1
0.0,11.0,20.5,1.6,151.0,-1,0,0,-2,0.03409090909090906,0
0.0,47.0,72.0,-1.0,12.0,-4,0,0,-3,0.22994652406417115,1
0.75,-5.75,-4.25,-0.75,241.25,0,0,-1,2,0.13782051282051277,1
0.2,23.333333333333336,52.8,1.0,109.06666666666668,6,0,1,8,-0.25,1
0.0,-8.2,3.3999999999999986,2.0,315.8,-3,10,4,5,0.03921568627450989,1
0,0,0,0,0,2,0,1,-4,0.18181818181818177,1
0,0,0,0,0,2,0,4,-1,0.04285714285714293,1
0.3333333333333333,-20.333333333333332,-33.0,-0.33333333333333337,31.0,0,0,-4,-1,0.013574660633484226,1
-0.19999999999999996,1.1999999999999993,14.600000000000001,0.2,70.4,3,-23,4,0,0.16161616161616155,0
0.0,-8.399999999999999,-20.799999999999997,-1.0,22.0,0,10,1,-3,-0.13262411347517733,1
-0.3333333333333333,-29.2,-13.200000000000003,-3.0,-149.0666666666667,-6,0,-2,0,-0.17488076311605716,0
-0.8,12.2,35.2,2.6,153.6,1,0,3,1,-0.16666666666666674,1
-1.0,-16.0,16.0,-1.0,-33.0,2,18,1,-4,0.07407407407407407,1
0.0,-51.4,-46.1,1.7999999999999998,188.89999999999998,-2,0,3,0,0.15675675675675682,1
0,0,0,0,0,1,0,-2,-2,-0.012499999999999956,0
-1.0,-43.333333333333336,-22.733333333333327,0.33333333333333326,20.26666666666671,-4,0,-4,-1,0.08235294117647052,0
0.0,9.399999999999999,30.400000000000006,1.6,193.8,2,20,2,-11,-0.02231447846393353,0
0.6666666666666666,-13.799999999999997,-22.200000000000003,-1.6,-74.19999999999999,-1,0,2,-2,-0.034798534798534786,0
0.0,-41.666666666666664,-35.0,-2.0,-153.66666666666666,1,0,5,6,-0.07310344827586213,0
-0.5,39.099999999999994,69.8,0.09999999999999998,36.599999999999994,-2,-25,-1,5,0.12808349146110065,1
0.0,-8.5,-5.0,0.0,170.0,-3,15,-6,7,0.048484848484848464,1
-0.2,1.3000000000000007,-21.950000000000003,-0.15000000000000002,-38.7,-4,0,3,3,0.022222222222222143,1
0.0,31.25,67.5,3.0,413.75,-1,-20,-1,-4,0.10606060606060608,0
0.0,-39.06666666666666,-37.6,0.9333333333333332,45.400000000000006,0,-10,1,-3,0.18637992831541217,1
1.0,14.25,-1.5,0.5,8.5,0,0,-5,-3,-0.05769230769230771,0
0.0,-9.0,10.0,1.0,159.0,-2,0,6,7,-0.002564102564102555,0
0.0,-21.25,-7.5,-0.75,37.25,-2,0,4,-3,-0.16194331983805665,1
-0.2666666666666666,8.0,21.933333333333337,2.8666666666666667,116.26666666666667,-2,15,-5,-1,0.04013377926421402,1
-0.4,35.06666666666667,66.8,0.0,-39.866666666666674,5,0,1,-2,-0.03511705685618727,0
-0.04999999999999999,23.25,14.399999999999999,-1.05,-122.85,0,25,-1,7,-0.10497835497835495,0
-0.75,22.15,50.650000000000006,0.7,238.85000000000002,3,-15,1,-1,0.002272727272727315,0
-0.5,-1.5,-22.0,0.0,-45.0,0,0,3,9,-0.13170731707317074,1
-0.09999999999999998,-17.9,-6.899999999999999,-0.20000000000000018,19.19999999999999,0,15,0,-7,-0.0011520737327189723,1
0.0,-28.0,-28.5,0.0,218.5,6,20,5,3,-0.018761726078799223,0
0.2,15.049999999999997,-3.1500000000000057,-1.4500000000000002,34.80000000000001,-3,10,-5,1,-0.13186813186813184,1
-1.0,63.0,65.33333333333333,0.0,19.0,1,0,2,0,-0.04761904761904767,0
0.3333333333333333,-13.333333333333332,-18.0,-0.33333333333333337,174.0,-2,0,1,-6,-0.14583333333333337,0
0.0,12.666666666666664,14.0,-0.33333333333333326,-69.66666666666666,2,0,4,6,0.012499999999999956,0
0.0,-15.5,7.0,-0.5,268.5,2,0,-1,8,-0.06871345029239773,0
0.2,7.199999999999999,10.600000000000001,0.6,21.400000000000006,-2,0,0,-2,-0.15555555555555556,0
0.26666666666666666,21.333333333333336,33.666666666666664,0.6000000000000001,-32.4,4,0,0,-7,-0.04682274247491636,1
0.6,5.800000000000004,2.0,0.2,-2.799999999999997,1,0,2,-3,-0.07181818181818178,1
0.4,0.3999999999999986,1.2000000000000028,0.8,91.19999999999999,2,10,4,1,0.0893015030946066,1
-1.0,11.5,9.5,0.5,127.5,-1,-15,-1,-1,-0.01777777777777778,1
0.4,27.200000000000003,41.4,0.0,83.6,8,-25,8,9,0.0013262599469495706,0
1.0,36.0,21.5,0.0,-17.5,5,15,8,-5,0.03137254901960784,1
0.0,-5.5,-6.5,-0.5,148.5,2,0,5,-7,-0.130718954248366,0
0.0,-19.0,69.0,0.0,377.0,-1,0,8,6,0.05672268907563027,1
0.0,-14.0,-31.0,0.33333333333333337,-24.333333333333336,1,0,2,1,-0.019607843137254832,0
0.0,-27.4,-54.19999999999999,0.6000000000000001,136.2,1,0,1,6,-0.04858299595141702,1
0,0,0,0,0,1,15,-2,4,0.050480769230769273,0
0.39999999999999997,-9.600000000000001,-14.2,-0.4,-97.8,3,5,7,6,0.002178649237472796,1
0.0,15.399999999999999,42.2,1.4,264.4,5,0,9,-1,0.06791406791406795,1
0.5,-2.0,15.5,0.5,272.0,2,10,4,-6,0.027692307692307683,0
-0.2,71.6,26.400000000000006,-0.6000000000000001,-57.199999999999996,0,10,4,-1,0.034113060428849984,0
0,0,0,0,0,-1,0,0,6,-0.030303030303030276,0
0,0,0,0,0,-1,-10,1,0,0.1594202898550725,0
0.0,15.5,15.5,1.5,98.0,1,0,0,-7,0.1729323308270676,1
0.0,26.5,33.5,0.5,283.0,-3,30,-4,1,0.2917647058823529,1
0.0,35.4,16.6,-1.4,-94.20000000000002,-1,0,4,-12,0.10813823857302118,1
0.19999999999999996,5.799999999999999,17.0,-1.0,-42.800000000000004,1,0,-1,13,0.018536585365853675,1
0.25,17.083333333333336,8.25,-0.6666666666666667,-132.5,0,15,-2,-7,0.09615384615384615,0
0.0,-18.0,22.0,0.5,210.0,0,10,2,2,0.07932692307692313,1
0.2,-0.3999999999999986,-7.200000000000003,0.19999999999999996,74.4,-1,0,1,4,0.07017543859649122,1
0,0,0,0,0,3,-10,0,2,-0.18627450980392157,0
0.0,-2.0,-31.0,4.0,-91.0,0,0,0,1,0.0267857142857143,1
-0.25,4.300000000000001,19.299999999999997,0.8,97.19999999999999,-2,-15,0,6,-0.047272727272727244,0
0,0,0,0,0,0,-10,1,2,0.20833333333333337,1
0.4,-61.4,-61.2,0.2,0.20000000000000018,-1,0,-2,7,-0.125,1
0.5,-3.3999999999999986,-21.299999999999997,-1.3,-226.10000000000002,-2,-20,-6,2,0.04654654654654655,1
0.0,-27.0,-43.4,-0.6,-9.0,2,0,5,1,0.0452380952380953,1
1.0,0.0,-9.0,-1.0,-87.0,-1,0,0,2,0.0377777777777778,0
-0.3333333333333333,-12.266666666666666,-84.2,-1.0666666666666669,-506.1333333333334,2,10,5,0,0.16595744680851066,1
-0.5,32.5,36.5,0.3333333333333333,-55.16666666666667,-1,0,0,8,-0.003289473684210509,0
0.0,-23.333333333333336,-40.666666666666664,-1.3333333333333335,-375.0,-2,0,-2,0,-0.20320855614973254,1
0.4,-17.0,-7.399999999999999,-0.19999999999999996,96.6,-1,15,0,7,0.12039312039312045,1
0.0,-7.800000000000001,-35.8,-3.6,-313.8,5,10,6,5,0.08080808080808077,1
0.0,11.399999999999999,18.4,0.0,90.6,0,-10,2,-5,0.04285714285714293,1
0.0,-15.0,-16.333333333333336,1.6666666666666665,119.33333333333334,3,15,5,9,-0.16193181818181823,1
0,0,0,0,0,-1,-20,0,6,0.05934065934065935,0
0.2,7.399999999999999,-14.400000000000006,-1.0,-186.8,0,10,3,-8,0.02982810920121326,1
0.15000000000000002,29.549999999999997,26.450000000000003,0.75,104.1,-1,-10,-1,-4,0.04761904761904756,1
-1.0,-16.6,-10.533333333333339,1.0666666666666667,-70.26666666666665,-1,-1,-1,1,-0.09143155694879834,0
0.19999999999999996,11.899999999999999,17.299999999999997,-1.6,-100.4,-1,10,2,-5,0.06071428571428572,0
0.15000000000000002,-4.649999999999999,-3.049999999999997,0.6000000000000001,-7.0,0,0,1,-1,0.0040760869565217295,0
-0.8,29.799999999999997,28.4,-1.0,-49.2,-3,0,-6,-2,-0.1228070175438597,0
0.0,5.200000000000003,12.0,0.0,40.400000000000006,-3,0,-3,4,-0.044137931034482714,1
-0.3333333333333333,-26.333333333333336,-11.0,2.2,97.19999999999999,-1,0,-1,1,0.06043956043956045,1
0.0,17.666666666666664,1.3333333333333357,1.0,15.0,1,-15,-7,5,-0.02564102564102566,1
1.0,6.5,2.0,-0.5,104.0,-1,20,-1,5,-0.0672268907563025,1
0,0,0,0,0,3,15,3,-5,-0.1699604743083004,0
0.0,-5.666666666666664,11.0,1.0,96.0,4,0,9,-5,-0.13561076604554867,1
-0.8,34.8,49.599999999999994,0.8,185.39999999999998,-1,15,-1,-5,0.06451612903225801,1
-0.2,46.199999999999996,61.599999999999994,0.6000000000000001,79.6,2,-2,4,-3,0.19285714285714295,1
0.4,15.600000000000001,5.0,0.19999999999999996,-134.4,3,0,1,-1,-0.07751147373788891,1
0.0,4.800000000000001,26.599999999999994,0.0,151.00000000000003,1,-10,0,2,0.1239837398373983,0
0.0,-28.200000000000003,-18.799999999999997,-1.8,79.0,4,20,4,5,-0.19927536231884058,1
0.2,6.199999999999996,-5.199999999999996,-0.6,-157.2,0,0,1,-5,-0.04516129032258065,1
0.0,24.666666666666668,47.166666666666664,0.5,224.16666666666669,-3,-20,-5,-4,0.05208333333333337,0
-1.0,-28.666666666666664,-33.0,0.0,-37.666666666666664,3,0,2,-4,0.011904761904761973,0
0.2,21.4,17.26666666666667,-0.8666666666666667,-43.0,-2,0,2,-4,-0.023809523809523725,1
0,0,0,0,0,-1,0,-1,8,0.04166666666666674,1
2.0,-27.0,-79.0,0.0,-135.0,2,45,0,9,-0.16648992576882293,0
-0.6,-25.6,-35.8,-0.2,-44.8,4,0,4,-5,0.005050505050505083,1
0.0,-17.200000000000003,-20.799999999999997,-1.6,-88.1,-2,-15,-2,1,0.11363636363636365,0
0.2,-19.0,-17.199999999999996,1.0,163.4,0,0,-3,-2,0.09839816933638446,1
0.5,10.0,-6.5,-2.0,-210.0,-1,0,-4,7,0.00347222222222221,1
0.3333333333333333,-24.333333333333332,-63.0,-3.0,-262.3333333333333,1,0,1,4,0.027065527065527006,1
0.0,27.35,40.0,-0.35,21.900000000000006,5,0,6,2,0.0040760869565217295,1
0.0,0.0,19.799999999999997,1.4000000000000001,132.6,1,0,5,-5,-0.04285714285714293,1
0.0,27.0,-1.0,-1.0,-147.0,-3,0,-3,8,-0.11684782608695654,0
0.0,87.0,112.0,1.0,200.0,1,0,6,0,0.19999999999999996,1
0.0,-13.0,-15.0,2.0,321.0,-4,-10,-3,5,-0.01098901098901095,0
0.0,-7.0,-14.0,0.0,-3.0,-2,0,0,-2,0.0368421052631579,1
0.0,-32.2,-10.799999999999997,0.6000000000000001,239.0,0,0,-2,8,-0.062962962962963,0
-1.5,-4.0,14.5,0.5,53.0,-5,0,-7,-1,0.04565217391304344,1
0,0,0,0,0,-2,0,-1,11,0.12959381044487428,1
0,0,0,0,0,-1,0,2,1,0.03578947368421048,1
0.0,-23.0,16.0,3.0,406.5,4,0,4,-2,0.008333333333333304,1
0.6,33.0,17.200000000000003,-1.0,-44.2,-5,10,0,-1,0.04802431610942248,1
0.0,31.0,50.0,1.0,60.0,-7,-10,-3,3,-0.06818181818181823,1
0,0,0,0,0,-4,0,-2,-8,-0.033333333333333326,1
0,0,0,0,0,0,0,2,-5,0.17532467532467533,1
0.0,-24.5,-38.5,-1.0,-26.5,1,10,4,-2,0.17032967032967028,1
0,0,0,0,0,0,0,-1,3,0.03203661327231122,0
-0.6,3.0,10.8,1.8,152.0,0,0,1,-9,-0.0888888888888889,1
0.0,-16.0,-13.0,-2.0,-71.0,1,0,1,-1,0.19047619047619047,1
0.6,10.0,13.600000000000001,-0.8,-30.799999999999997,-3,-5,-1,5,0.09395348837209305,0
0.0,18.700000000000003,12.100000000000001,-1.2,-7.200000000000003,-2,0,0,-5,0.05797101449275355,1
0.0,17.599999999999998,6.399999999999999,-1.4,21.0,2,10,8,-2,0.08333333333333337,1
0.2,-22.9,-6.200000000000003,-1.6,-122.8,-1,0,-6,4,0.04597701149425282,0
-1.0,-15.600000000000001,4.399999999999999,2.0,155.8,0,0,-2,3,0.13394584139264987,0
0.0,22.6,44.2,-2.4000000000000004,-96.6,1,10,3,2,0.07647058823529418,0
-0.5,18.6,31.0,1.6,145.8,-4,0,-1,1,-0.10135135135135132,1
0.0,-11.5,-37.0,0.0,72.5,-1,0,1,-12,0.15625,1
0.75,23.25,22.75,0.25,31.75,-2,0,2,-4,0.1208791208791209,1
-0.6000000000000001,48.0,73.2,4.2,190.8,-1,0,1,-2,0.12222222222222223,1
-0.8,24.6,46.6,1.6,227.8,-3,0,-3,12,-0.04865424430641818,1
0.6000000000000001,-22.0,-84.0,-3.4,-240.8,-2,0,-2,-1,0.06832298136645965,1
-0.2,-24.599999999999998,-65.2,-0.6,-87.6,2,0,1,-4,0.0,1
-0.5,40.400000000000006,32.8,-4.5,-422.0,-2,0,1,-1,-0.20190779014308424,0
-0.6000000000000001,-4.600000000000001,17.0,3.4,388.8,-2,0,-4,7,-0.0019493177387913674,0
0.5,0.3333333333333357,-29.83333333333333,-1.1666666666666667,-12.0,-2,0,-1,-3,0.06350877192982463,1
0.0,9.600000000000001,2.3999999999999986,0.19999999999999996,114.4,1,10,2,1,-0.15873015873015872,0
0.0,45.6,39.39999999999999,0.0,-5.400000000000006,-3,0,-2,3,0.009615384615384581,1
0.3333333333333333,4.333333333333336,16.833333333333336,-1.5,31.33333333333333,-1,0,2,-1,-0.01449275362318836,1
0.0,-29.0,-22.0,-0.33333333333333337,104.66666666666666,1,0,0,7,-0.017857142857142905,0
0.09999999999999998,19.9,32.3,0.6,113.1,-6,1,-10,5,-0.13142174432497017,0
0.0,3.0,12.399999999999991,1.0,145.8,-1,20,1,0,0.018536585365853675,1
0.2,4.999999999999998,13.399999999999999,-0.19999999999999996,21.599999999999994,-1,0,-1,-11,0.22142857142857142,1
0.4,-11.0,-51.6,-2.5,-358.5,-5,-30,-7,-2,-0.28148148148148144,0
-1.5,-46.0,-51.0,1.0,-79.0,-1,-20,-3,7,0.07294117647058818,0
0.0,-12.0,14.0,1.0,233.0,0,0,5,2,-0.09533468559837732,0
0.4,-22.800000000000004,2.0,1.6,269.4,1,0,-1,0,0.10361842105263153,1
0.0,34.9,32.900000000000006,-0.5,-37.0,-1,0,1,8,0.008547008547008517,0
0,0,0,0,0,-1,0,3,9,0.0267857142857143,0
0,0,0,0,0,-4,0,-8,2,0.08235294117647052,0
0,0,0,0,0,1,-15,-3,-2,-0.18095238095238098,0
0.6000000000000001,-36.2,-55.4,1.6,55.2,-3,-15,-6,6,0.021428571428571463,0
0,0,0,0,0,-1,20,0,-12,0.5175438596491229,1
0,0,0,0,0,3,0,0,-2,0.31999999999999995,1
0,0,0,0,0,-2,0,4,-7,-0.125,1
0,0,0,0,0,0,-10,2,6,-0.07190635451505023,0
0.0,11.5,2.0,0.0,21.5,0,0,-3,1,0.06666666666666665,1
0.0,-23.0,19.200000000000003,1.2000000000000002,270.6,-3,-10,-2,-2,-0.033333333333333326,0
0,0,0,0,0,-3,15,-2,-3,0.21256038647343,1
0.0,15.5,-2.0,-1.0,-54.5,2,15,4,1,0.015503875968992165,1
0,0,0,0,0,-1,0,-4,5,0.13194444444444442,1
-0.4,57.2,107.60000000000001,3.5999999999999996,508.0,2,0,7,2,0.2362637362637363,1
0.0,23.000000000000004,-20.799999999999997,-1.2000000000000002,-105.60000000000002,-1,0,2,-2,0.04461279461279466,1
-0.5,36.5,43.0,1.5,141.3,1,0,2,-7,0.17391304347826086,0
-0.5,-15.5,-22.4,1.2,62.599999999999994,1,0,-1,5,-0.12362637362637363,0
-1.6666666666666667,39.0,134.0,1.333333333333333,77.33333333333331,3,0,1,-1,-0.08571428571428574,0
0.2,-53.199999999999996,-59.4,-0.40000000000000013,-45.60000000000001,3,0,3,-2,0.012578616352201255,1
0.0,7.800000000000001,15.600000000000001,-1.0000000000000002,-113.4,0,20,-1,1,-0.12884978001257075,0
-0.2,-8.799999999999997,9.200000000000003,-0.19999999999999996,172.4,3,0,2,4,0.060559006211180044,0
0.09999999999999998,-9.0,-10.700000000000003,1.05,-8.300000000000011,1,0,-1,-5,0.09627329192546574,1
0.0,-35.666666666666664,-48.0,-0.6666666666666667,18.33333333333333,-1,-15,4,-1,0.011111111111111072,1
0.0,-1.0,-5.0,-0.5,36.5,3,0,1,7,-0.08260869565217399,0
0.5,-13.5,-10.5,0.5,-6.5,0,-25,-2,4,0.06699751861042191,0
0.4,-26.599999999999998,-38.4,-1.2,-120.8,1,0,0,-7,-0.030851063829787195,1
0.5,-0.5,-5.5,-0.5,-62.0,4,0,5,-3,-0.005952380952380931,1
-0.2,-1.0,-17.4,-0.4,-145.8,1,0,0,-1,-0.05134788189987172,1
-2.0,3.6000000000000014,12.200000000000003,0.8,95.2,-3,0,0,4,-0.02083333333333337,0
0.0,3.0,2.0,-5.0,-520.0,-1,0,-1,-3,-0.04852941176470582,0
0.0,-4.733333333333331,-16.666666666666664,-2.6666666666666665,-158.13333333333333,-2,-10,2,2,0.08333333333333326,0
0.0,-8.666666666666664,26.666666666666664,-0.3333333333333333,44.66666666666667,-1,0,6,-1,0.03203661327231122,0
1.0,28.0,32.0,0.0,237.0,-2,-15,-4,0,-0.0854700854700855,0
0.0,-18.133333333333336,5.200000000000003,-0.7333333333333334,55.13333333333334,-1,-10,0,-2,0.11842105263157898,1
-0.25,-1.0,6.75,0.0,-65.0,2,0,0,3,0.1138996138996139,1
0.0,-21.0,-34.0,0.0,-27.0,0,0,4,6,0.13720538720538722,0
-0.8,5.799999999999997,14.799999999999997,-0.6000000000000001,52.80000000000001,-1,0,-3,3,0.050000000000000044,1
0.0,-17.0,-93.0,1.5,-142.5,0,-10,-2,0,-0.006249999999999978,0
-1.0,23.666666666666664,70.66666666666667,3.3333333333333335,538.0,1,0,2,-11,0.0505050505050505,0
0.0,29.0,57.0,0.0,259.5,3,15,1,2,-0.18406593406593397,0
0.16666666666666669,11.333333333333334,42.83333333333333,2.166666666666667,256.0,-1,-15,-4,0,-0.09440559440559437,0
0.0,-42.0,-41.0,0.0,151.0,-4,-15,-2,0,-0.09675675675675677,1
-0.35,-0.6499999999999986,32.8,0.30000000000000004,144.0,5,0,2,0,-0.07539682539682546,0
0.2,22.200000000000003,20.6,2.1999999999999997,185.2,-5,10,-4,1,0.009401709401709368,1
0.0,-40.0,-66.0,2.0,-135.0,-1,0,-2,-4,0.15476190476190477,1
0.0,16.6,18.6,0.0,8.600000000000001,3,15,3,0,-0.10135135135135132,0
0.6,36.2,40.8,0.2,42.8,-1,0,-2,11,0.0040760869565217295,0
-0.2,15.2,14.0,1.6,79.5,0,0,5,-6,0.08567774936061379,0
0.0,1.0,17.0,3.0,382.0,-1,0,8,-3,0.31875,1
0.2,-10.599999999999998,-32.2,-2.4,-247.6,1,0,3,0,0.050000000000000044,1
0.19999999999999996,13.8,21.199999999999996,0.8,30.39999999999999,-1,0,-2,-1,-0.08444444444444443,0
-0.5,1.8333333333333357,-24.166666666666664,1.1666666666666667,-244.5,0,0,6,1,-0.05253623188405798,1
0.0,19.0,-28.5,4.0,-55.5,0,0,-3,-2,0.12643678160919547,1
0.4,-21.0,-37.2,-1.0,-49.8,0,15,-3,5,-0.0888888888888889,0
-0.75,-36.25,-45.75,1.0,32.25,1,-10,-2,7,-0.12794117647058822,0
0.0,2.0,-15.0,0.0,-120.5,1,0,-1,0,-0.08333333333333337,1
-0.25,77.25,33.0,0.25,-127.25,5,15,1,-2,0.07239819004524883,1
0.0,24.0,101.0,0.0,342.0,2,20,7,14,0.08807588075880757,0
0.3,-21.299999999999997,39.3,1.1,516.7,-5,0,-4,-5,-0.05625000000000002,0
0.0,16.666666666666664,62.66666666666667,5.0,318.3333333333333,0,0,2,-4,0.007936507936507908,1
-1.0,21.666666666666664,30.0,-0.33333333333333326,112.66666666666666,1,-15,3,0,-0.1029411764705882,1
-0.19999999999999996,-18.200000000000003,5.0,2.0,188.2,-3,2,0,2,0.12352941176470589,1
-0.6,43.8,80.2,0.0,392.8,-1,-28,-1,-3,0.26888888888888884,1
0.0,-0.3999999999999986,0.0,-0.19999999999999996,-120.80000000000001,-1,-25,1,-1,0.028787878787878696,1
-0.04999999999999999,-20.75,-26.95,0.5,-86.1,2,-18,1,5,-0.09656084656084662,1
1.0,4.25,-9.5,-0.25,-13.0,-3,10,-1,3,-0.07516339869281041,1
0.4,15.399999999999999,14.399999999999999,-0.6000000000000001,-103.60000000000001,-2,0,-2,2,-0.03619909502262442,1
-0.6666666666666666,-10.666666666666668,-26.666666666666664,0.5333333333333333,-3.0,3,0,3,-1,-0.12457912457912457,0
0,0,0,0,0,-1,10,0,1,0.24125874125874136,0
0.2,-13.8,-19.799999999999997,1.0,117.2,0,0,1,5,0.07575757575757569,0
0.4,-29.8,-44.8,-4.8,-186.0,-3,0,-1,-2,-0.235,0
0.25,22.0,4.25,-1.75,-184.75,1,15,6,-3,0.03603603603603611,1
0.5,-7.5,-23.0,0.0,42.0,-1,0,-4,6,-0.06029106029106024,0
0.0,-22.6,-30.0,-0.4,55.599999999999994,5,10,11,3,-0.3532608695652174,0
0.0,-38.4,-53.2,2.0,92.80000000000001,1,0,0,2,-0.05705128205128207,0
0.0,-13.2,-54.99999999999999,-1.4,-261.59999999999997,-2,0,-2,-3,-0.16758241758241754,0
0.2,-7.600000000000001,10.599999999999994,-1.4000000000000001,18.80000000000001,1,0,-2,-6,0.16000000000000003,1
0.2,15.0,0.7999999999999972,0.0,-78.20000000000002,0,20,0,1,0.12808349146110065,1
-0.2,-7.399999999999999,-22.800000000000004,-1.4,-286.8,0,0,0,0,-0.00462962962962965,1
-0.2,6.800000000000001,1.8000000000000043,-0.40000000000000013,-77.4,-1,0,-1,4,-0.04576659038901609,1
0.0,-11.5,-11.5,1.5,73.5,1,15,1,-2,-0.07904411764705888,0
0.0,11.75,-19.5,0.25,-38.25,-1,-15,-2,-4,0.053879310344827624,1
0.0,-21.799999999999997,-49.599999999999994,-0.8999999999999999,-137.0,2,0,3,1,0.017674418604651132,0
0,0,0,0,0,-1,0,2,-3,0.08947368421052637,1
-0.19999999999999996,15.200000000000003,13.800000000000004,0.0,162.39999999999998,-1,43,5,0,0.2732095490716181,1
-0.3,15.100000000000001,27.700000000000003,1.5,145.95,-1,10,1,-3,0.19069767441860463,1
-0.6,7.399999999999999,30.999999999999996,1.8,215.8,1,-20,-4,-5,-0.03921568627450989,1
0.6000000000000001,11.400000000000002,14.200000000000003,-0.7999999999999999,-113.80000000000001,-4,-20,-5,2,0.04654654654654655,0
-0.5,6.75,37.5,-3.5,-95.25,2,0,2,5,-0.4035087719298246,0
-0.3333333333333333,3.666666666666668,-17.833333333333336,-0.6666666666666667,-130.0,2,10,3,2,-0.12202380952380953,0
0.0,-13.0,-17.799999999999997,-0.6,-33.2,2,20,-1,3,-0.02129402129402136,0
0.6666666666666667,1.6666666666666643,12.666666666666664,-0.6666666666666666,-73.0,-2,0,-5,7,0.012820512820512775,0
0.5,0.0,-0.5,0.5,60.0,-2,0,-6,5,-0.07983193277310918,1
-0.3,15.299999999999997,-3.6000000000000014,-1.0,-348.6,1,0,-3,2,0.0,1
0.0,-10.0,-23.0,2.0,221.0,-4,15,-3,4,0.23030303030303034,1
0.25,-27.0,-21.25,2.05,13.349999999999994,-1,-10,-2,5,0.059523809523809534,0
0,0,0,0,0,3,-17,-5,7,-0.01620370370370372,0
0.09999999999999998,33.0,42.2,1.45,88.5,0,0,2,4,-0.0357142857142857,1
0.0,17.6,42.0,0.6000000000000001,126.80000000000001,1,-15,3,-2,0.016908212560386437,0
0.6,38.9,35.0,-1.4,-161.9,-1,0,-2,1,0.03584229390681004,1
0.25,-19.25,-23.0,-0.25,93.75,0,15,-1,9,0.006756756756756799,0
0.4,43.0,69.8,1.6,81.19999999999999,-2,0,8,1,0.004347826086956497,1
0.0,-24.0,-33.5,-1.0,-59.0,5,0,4,6,-0.037815126050420145,0
0.0,-3.25,-6.75,-0.5,77.0,-4,-10,-1,-4,-0.1071428571428571,0
0.5,-14.5,-31.0,-1.0,-58.5,3,10,3,-2,0.18506493506493504,1
0.0,-26.0,-37.0,-1.0,-38.0,0,15,-4,0,-0.11250000000000004,0
0.0,-12.333333333333332,-23.0,1.0,212.66666666666669,3,15,-4,-1,-0.14295485636114902,0
0.0,36.0,35.0,3.0,162.0,2,0,-1,-4,0.0,0
-0.09999999999999998,61.099999999999994,69.3,0.7000000000000002,204.14999999999998,-1,15,-2,4,0.06831119544592024,0
0.2,-16.4,-18.200000000000003,0.3999999999999999,102.4,0,14,1,-2,-0.1932638331996792,0
0.6,-8.000000000000002,-22.400000000000002,-1.6,-221.20000000000002,-1,-10,-4,-4,0.14927536231884064,1
0.0,-13.0,-10.600000000000001,0.7999999999999999,40.39999999999998,1,35,0,-4,0.054030874785591765,1
0.3333333333333333,-16.066666666666666,-6.133333333333333,-0.8,-142.66666666666666,1,15,-1,1,-0.022727272727272707,0
0.4,-3.8000000000000007,-6.400000000000006,1.8000000000000003,38.80000000000001,-2,0,0,-1,-0.0458776595744681,0
-0.5,-22.0,-79.0,-2.5,-103.0,-4,0,-3,2,0.03809523809523807,0
-1.0,20.0,95.33333333333334,1.6666666666666667,271.3333333333333,-2,0,-8,-2,0.19615384615384612,0
0.0,11.5,27.0,-3.5,139.5,-3,-10,-7,2,0.07500000000000007,1
0.0,-19.0,-32.0,0.0,287.0,1,60,4,15,0.08310749774164405,1
0.0,21.0,27.0,1.0,188.0,0,0,3,5,0.02083333333333337,0
0.2,43.2,61.8,0.4,0.0,-2,0,-4,0,-0.0368421052631579,0
0.19999999999999996,17.6,54.199999999999996,-0.8,-78.4,2,0,3,-2,-0.04508856682769724,1
0.0,13.599999999999994,7.0,-1.0,-92.8,5,-15,3,1,0.02618405852907202,0
-1.0,7.0,51.0,2.0,289.0,1,15,2,-9,-0.022580645161290325,1
-1.5,22.799999999999997,38.3,0.7,71.8,-1,-15,2,6,-0.1283783783783784,1
-0.2666666666666666,26.066666666666666,42.599999999999994,1.4,148.39999999999998,-1,0,1,6,-0.08288043478260865,1
0.2,19.6,-29.799999999999997,1.6,-263.0,-2,0,-1,-4,-0.1004784688995215,1
1.0,-6.0,-1.3333333333333357,-1.6666666666666667,-156.66666666666666,2,0,5,-1,0.005714285714285672,1
0.25,-10.75,-7.0,1.25,139.0,-4,-15,-4,2,-0.044642857142857095,0
0.2,-12.649999999999999,-2.950000000000003,-0.3999999999999999,34.55000000000001,-1,0,-2,-1,-0.03627267041901194,1
0.25,19.25,24.5,0.25,-16.75,5,15,0,-3,-0.0854700854700855,0
-0.5,27.5,37.5,0.5,2.5,1,35,-1,-3,0.08894230769230771,1
-0.5,-7.0,-24.0,0.0,-86.0,1,0,-2,1,0.01449275362318836,0
0.4,9.0,-54.999999999999986,-0.3999999999999999,-227.0,0,0,3,-4,-0.0005543237250553723,0
0.09999999999999998,18.4,26.5,-0.5,85.5,-2,10,1,2,-0.007878787878787818,0
0.2,23.200000000000003,10.199999999999996,-0.19999999999999996,-18.0,-3,0,-4,1,-0.016908212560386437,1
-0.19999999999999996,25.400000000000002,23.800000000000004,0.7999999999999999,80.19999999999999,0,0,1,-6,-0.08075880758807596,1
-0.2,25.2,40.6,0.3999999999999999,-31.80000000000001,5,15,7,-1,-0.027958993476234872,0
-0.39999999999999997,-16.199999999999996,-16.8,0.2,-15.599999999999994,0,0,-2,2,0.06818181818181812,0
-0.19999999999999996,11.600000000000001,19.6,0.40000000000000013,47.8,-3,0,-2,13,-0.16849816849816845,0
0.4,-49.599999999999994,-50.0,0.0,-12.2,-2,0,5,3,0.014285714285714235,1
0.0,-0.75,18.700000000000003,2.4,239.8,-5,0,0,12,0.0984126984126984,0
0.3,7.199999999999999,19.15,0.19999999999999996,111.95,0,0,-5,-2,0.0444444444444444,1
-0.2,-28.999999999999996,-26.200000000000003,1.8000000000000003,104.99999999999999,-8,-10,-6,3,-0.05625000000000002,1
1.0,-28.0,-26.0,1.0,17.0,0,0,-6,2,0.015384615384615441,0
0.2,-13.8,5.400000000000006,2.0,227.8,-4,0,-1,-1,-0.12222222222222223,0
0.16666666666666669,21.333333333333336,4.666666666666671,-0.41666666666666674,72.58333333333334,0,-10,-2,1,0.08190476190476181,1
0.4,-19.2,-29.4,-1.8000000000000003,-122.99999999999999,-1,-20,-5,6,-0.059523809523809534,0
2.0,2.0,-13.0,-1.0,-8.0,-1,-20,2,-1,-0.04761904761904756,1
-0.3,-49.5,-51.6,1.8,-51.599999999999994,0,0,5,1,0.10291060291060294,1
1.0,29.66666666666667,23.0,-1.0,-11.333333333333336,-2,10,-2,-8,-0.06590909090909092,1
0.0,8.9,8.55,0.0,-53.05,0,0,0,-12,0.008695652173913104,0
0.0,33.0,44.0,1.0,59.0,3,0,0,1,0.2589285714285714,1
0.0,-38.0,-64.0,-2.0,-176.0,-3,0,-8,5,0.02608695652173909,1
0.0,49.666666666666664,91.66666666666667,2.0,142.66666666666666,0,0,-3,-4,0.02454780361757103,1
0.0,-25.25,-20.0,-1.75,-177.25,0,-10,-2,-3,-0.050000000000000044,1
0.0,-40.0,-59.0,-1.0,-60.0,4,0,-6,-4,0.11923076923076925,0
0.0,19.0,30.0,-2.0,-85.0,-2,0,0,-2,0.1446153846153846,1
-0.3,56.400000000000006,92.5,1.6,111.80000000000001,-3,0,0,-2,0.1692307692307693,1
-0.8,26.0,34.400000000000006,1.8,147.2,3,0,5,-4,0.15217391304347827,1
0.0,-74.0,-137.0,-4.0,-327.0,-1,0,0,-3,0.05842391304347827,1
0.0,-36.0,-37.0,-1.0,-8.0,5,10,4,7,0.01585365853658538,1
0.0,-43.0,-62.0,-5.0,-345.0,2,0,1,-3,0.0576923076923076,0
-0.4666666666666666,-18.266666666666666,-12.93333333333333,2.8,348.7333333333333,-5,-15,-4,5,-0.03037037037037038,1
0.0,17.4,56.6,1.0,127.60000000000001,-1,0,-1,3,-0.0036363636363636598,0
0.26666666666666666,-6.600000000000001,-15.200000000000003,-0.9333333333333332,-108.86666666666666,1,0,1,9,0.013392857142857095,0
0.2,-26.2,-28.4,-0.19999999999999996,7.0,-2,20,2,1,0.027906976744186074,1
0,0,0,0,0,-4,0,-2,3,-0.11494252873563215,0
0.0,-2.3000000000000007,26.9,-1.0,31.19999999999999,0,0,-1,2,0.05023923444976075,0
0.25,13.75,25.0,0.0,31.75,-1,-10,-3,-5,-0.11079545454545459,0
0.8,-5.800000000000001,-16.4,-2.4,-219.0,0,0,-1,9,0.0888888888888889,0
0.2,51.0,47.8,1.5999999999999999,37.599999999999994,-4,-20,-6,8,-0.08948685857321648,1
0,0,0,0,0,-5,0,-5,2,-0.050000000000000044,1
-0.2,-4.199999999999996,-17.6,-0.8,-21.400000000000006,0,0,-3,3,0.08235294117647052,1
0.19999999999999996,-28.200000000000003,-62.2,0.4,-60.4,2,0,0,-4,0.005347593582887611,1
-0.1333333333333333,-3.5333333333333314,-3.8666666666666742,0.06666666666666671,-131.2,-2,15,-3,6,-0.02564102564102566,0
-1.0,9.0,-42.0,4.0,-95.0,0,0,-3,1,0.07310344827586213,1
-0.25,-17.3,-17.4,0.44999999999999996,26.75,-2,0,-1,5,-0.1785714285714286,1
0.6,9.8,-30.0,-1.6,-287.59999999999997,3,0,4,-4,-0.04842105263157903,1
0.4,-13.600000000000001,-13.799999999999997,-0.6,51.2,7,0,6,1,-0.11176470588235288,0
0.2,2.799999999999997,-0.8666666666666742,1.0,184.2,-4,0,-4,-1,-0.050287356321839005,1
-0.6,0.4000000000000057,5.399999999999999,0.40000000000000013,72.60000000000002,1,20,1,-9,0.022852639873916503,1
0.35,-22.0,-23.95,-1.35,-30.049999999999997,-4,23,-7,6,-0.18888888888888888,0
0.6,-8.0,-12.799999999999997,-0.4,49.30000000000001,1,0,-1,-2,0.1087398373983739,1
0,0,0,0,0,3,0,-1,-7,-0.06597222222222221,1
0.8,-25.133333333333336,-31.8,-0.6666666666666666,-142.2,-1,-25,-1,5,-0.1703703703703704,0
-1.0,30.6,68.4,1.8,239.2,3,0,-2,3,0.044230769230769296,1
0.2,6.200000000000003,3.0,0.0,70.6,-5,-15,-3,2,-0.1317567567567568,0
0.2,35.733333333333334,50.2,0.06666666666666671,67.93333333333332,2,0,2,8,-0.050000000000000044,1
-0.16666666666666669,-7.25,-2.9166666666666643,0.75,-114.33333333333334,2,0,2,1,0.0,1
0.0,-9.25,-16.5,-1.0,-122.25,1,0,4,-2,-0.03977272727272729,1
0.2,14.399999999999999,16.700000000000003,0.30000000000000004,27.799999999999997,-2,0,-6,8,0.12342215988779803,1
0.6000000000000001,-20.599999999999998,3.6000000000000014,-0.2,66.00000000000001,-1,9,0,1,0.045454545454545414,0
0,0,0,0,0,-1,15,0,-11,0.030000000000000027,0
0.2,-2.6000000000000014,14.599999999999994,-0.19999999999999996,114.80000000000001,1,0,0,-2,0.128421052631579,1
0.25,-1.75,-11.75,0.5,-107.0,4,15,1,-3,-0.09920634920634919,1
1.0,-2.0,-18.0,-1.0,57.0,-1,0,4,2,-0.10227272727272729,1
0.0,-13.0,-63.0,-0.5,-92.0,0,0,7,3,-0.02564102564102566,1
0.0,21.75,-28.25,-0.25,17.25,-1,10,0,0,0.21832358674463936,1
0.0,-6.0,31.0,-0.6666666666666666,19.5,-1,10,0,1,0.041353383458646586,0
0.0,-16.0,-20.0,1.0,25.0,5,30,6,3,-0.11298076923076927,1
0.0,26.5,-8.0,-1.0,-168.0,0,0,4,1,-0.051948051948051965,1
0.0,9.8,0.3999999999999986,1.0,138.4,1,0,-2,-2,-0.0034965034965034336,1
0,0,0,0,0,-1,-20,1,1,0.1166666666666667,1
0.13333333333333341,27.666666666666664,48.33333333333333,2.6,212.4,-3,-24,-5,-3,0.21062618595825422,1
0.20000000000000007,44.400000000000006,32.99999999999999,-0.20000000000000007,-103.0,6,-27,5,-10,0.2185185185185185,1
0.2666666666666666,19.200000000000003,8.333333333333329,1.4666666666666666,70.4,0,20,1,2,0.14571428571428569,1
0.6000000000000001,-19.6,-26.000000000000007,0.8,-49.19999999999999,-1,0,-2,5,-0.1576923076923077,0
0.6,0.0,-17.4,-0.8,-50.6,3,0,3,-1,0.08833619210977695,1
0.39999999999999997,-14.999999999999998,-14.799999999999997,-1.0,-44.8,3,0,3,9,-0.020034843205574915,1
-0.25,-19.0,15.25,2.5,303.5,-5,0,-3,5,-0.11758241758241761,1
-1.0,-68.0,-1.0,7.0,723.0,0,-30,-2,3,-0.11363636363636365,0
-0.33333333333333337,-29.666666666666668,-56.0,0.0,29.333333333333343,2,0,0,-5,0.34782608695652173,1
0.5,-76.5,-76.0,0.0,-115.5,1,0,6,7,-0.027972027972027913,1
-0.2,-20.86666666666667,-59.33333333333333,-0.13333333333333341,-44.46666666666668,-6,0,-2,1,0.23351648351648358,0
0.2,-10.399999999999999,-7.200000000000003,0.8,94.19999999999999,-1,10,2,-4,0.011904761904761973,1
0.6,-26.8,-39.8,-1.0,-40.8,-3,0,-3,7,-0.07727272727272727,1
0.0,-12.200000000000003,-4.799999999999997,1.0,-26.599999999999994,-1,0,-3,7,0.07357357357357353,1
0.4,-55.199999999999996,-53.400000000000006,0.8,48.80000000000001,-2,15,0,-3,-0.013605442176870763,1
0.4,5.799999999999997,13.400000000000006,2.4,176.4,1,15,8,4,0.0,1
0.0,-11.399999999999999,15.400000000000006,1.4,308.8,0,10,1,0,0.0788177339901478,0
0.3333333333333333,-4.0,-21.0,-3.3333333333333335,-167.0,-1,15,0,3,0.09009009009009017,1
0.2,-6.799999999999997,6.200000000000003,1.6,42.30000000000001,-1,0,-3,0,-0.025145067698259194,1
0.0,-26.0,-39.0,0.6000000000000001,39.599999999999994,5,0,7,0,-0.20000000000000007,1
0.0,-9.75,0.5,0.75,147.25,4,10,4,0,0.08010335917312661,1
0.25,42.75,79.25,0.5,116.0,2,0,6,-2,-0.04575163398692805,1
0.0,82.5,82.0,-1.0,-101.0,-3,10,-2,0,0.04772727272727273,1
0.0,-39.4,-63.8,-1.4,-171.2,2,0,3,-4,0.0619354838709677,1
0.0,-1.0,-1.0,0.0,0.0,2,0,2,-4,0.24825174825174823,1
0.6,22.4,-89.60000000000001,-2.0,-371.6,3,43,11,-10,0.3064263322884013,1
0.0,32.2,49.0,1.4000000000000001,24.599999999999994,-1,0,0,5,0.07692307692307698,1
0.2,-10.2,-8.600000000000001,0.0,-51.400000000000006,-4,23,-9,-1,-0.11861861861861855,1
0.0,14.133333333333333,27.73333333333333,1.6,170.93333333333334,-1,0,4,0,0.20082815734989645,1
0.2,22.4,25.6,0.8,91.8,-4,0,-1,0,0.07017543859649122,0
0.0,-27.0,-40.0,4.0,37.0,-2,0,-2,1,0.20496894409937882,1
0,0,0,0,0,0,25,-4,-2,-0.05161290322580647,0
0,0,0,0,0,1,0,-3,9,0.12171052631578949,1
-1.5,-34.33333333333333,-39.0,0.16666666666666652,-96.0,-2,0,-3,-1,0.08235294117647052,1
0.2,47.4,42.0,0.20000000000000007,-16.799999999999997,-2,-10,-4,8,-0.0347394540942928,0
0.0,5.0,20.0,-0.5,-14.0,0,-10,0,-1,-0.043055555555555514,1
0.4,36.0,55.2,2.6,366.4,0,25,-3,-1,0.04086021505376347,1
0.2,-20.6,-28.2,0.3999999999999999,99.4,4,29,7,0,-0.2593103448275862,0
0.2,35.2,54.2,-1.0,27.400000000000006,2,15,5,-7,-0.08110599078341019,0
-0.6,7.0,26.6,1.6,119.4,0,0,2,8,-0.14315245478036176,1
0.2,-15.399999999999999,-68.0,0.0,-232.8,-4,0,-5,-1,0.07529162248144228,1
0.25,-10.75,-11.75,0.25,142.75,4,35,6,5,-0.07432432432432434,1
0.25,-2.75,9.5,2.0,8.75,1,10,2,0,-0.20952380952380956,0
0.2,35.6,7.399999999999999,0.19999999999999996,-106.5,-2,0,0,-5,0.1527777777777778,1
1.0,14.5,5.0,-1.0,-20.0,3,0,1,0,-0.013076923076923097,0
-1.25,-13.5,-2.0,1.75,188.0,0,0,0,-4,0.11594202898550732,1
0.0,27.400000000000006,16.0,-0.4,-37.6,4,0,7,2,-0.09523809523809523,1
0.0,-19.0,-1.0,0.5,206.0,0,0,5,-4,0.09027777777777779,0
0.2,4.399999999999999,1.1999999999999957,-0.3999999999999999,-14.0,1,0,1,3,0.20531400966183577,1
0,0,0,0,0,3,0,8,7,-0.05672969966629582,0
0,0,0,0,0,0,-10,-3,-4,-0.04761904761904767,0
0.0,1.8000000000000007,2.1999999999999993,0.19999999999999996,62.39999999999999,4,13,3,-3,0.11285714285714288,1
0,0,0,0,0,6,0,6,-2,0.07017543859649122,1
0,0,0,0,0,4,0,2,-7,0.12184873949579822,1
0,0,0,0,0,5,0,8,1,0.0980392156862745,1
0,0,0,0,0,1,0,5,7,-0.030000000000000027,1
0,0,0,0,0,-1,-35,-2,4,-0.03167420814479638,0
0.06666666666666671,31.933333333333334,37.0,0.4,42.0,4,0,3,-1,-0.022995283018867885,1
0.0,18.0,27.0,0.5,55.0,0,0,-4,-3,0.05217391304347829,0
0.25,26.0,17.0,0.5,-31.75,1,0,-2,-5,0.09206349206349207,0
0,0,0,0,0,4,-45,3,-3,0.22115384615384615,1
-0.4,-11.799999999999997,-5.0,-0.3999999999999999,-28.599999999999994,2,0,4,2,0.13194444444444442,0
0.75,16.85,7.850000000000001,-1.5,-252.15,-2,15,3,8,0.03921568627450989,1
0.25,-16.25,-22.75,0.5,24.75,0,0,-2,6,-0.04318488529014841,1
0.4666666666666666,-5.600000000000001,-2.200000000000003,0.9333333333333332,95.66666666666666,-6,0,-9,-4,-0.08333333333333337,1
-1.0,3.0,-9.333333333333336,-0.3333333333333333,-19.333333333333332,0,0,-3,4,-0.02564102564102566,1
-0.4,6.600000000000001,8.799999999999997,2.8,70.2,1,0,0,8,0.13181818181818172,1
0,0,0,0,0,0,15,0,2,0.2670807453416149,1
0,0,0,0,0,0,0,-7,-1,-0.20833333333333337,0
0.3333333333333333,34.33333333333333,22.0,-0.6666666666666667,-40.66666666666667,-5,-20,-3,3,-0.2857142857142857,0
1.0,-24.0,-41.0,-1.0,-32.0,-2,0,2,2,-0.13122171945701355,0
1.1,19.4,18.9,-0.8999999999999999,-94.4,0,-20,-1,-6,0.125,0
0.0,-15.5,-81.0,0.5,69.0,0,15,0,7,0.07792207792207795,1
0.2,-11.0,-17.19999999999999,5.8,508.4,-2,15,0,2,0.2063492063492064,1
0.0,34.400000000000006,69.39999999999999,-0.6,6.600000000000001,5,-15,6,-1,0.0033444816053511683,0
0.6000000000000001,6.199999999999999,-1.4000000000000021,-0.19999999999999996,-52.79999999999998,-3,-15,-3,-6,0.025764895330112725,1
0.0,8.799999999999997,21.549999999999997,1.25,98.35,-2,0,-1,7,0.1291291291291291,0
0.0,-47.0,-56.0,0.0,-1.0,-2,0,7,-3,0.051136363636363646,1
0.0,-18.2,-24.200000000000003,-0.6,-18.6,-1,0,1,-1,0.08272058823529416,1
0.3333333333333333,-5.333333333333332,-53.400000000000006,-2.0,-330.4666666666667,-1,0,-1,5,0.006968641114982632,0
0.4,-10.0,2.799999999999997,0.3999999999999999,131.8,1,15,1,8,-0.08456659619450313,0
-0.09999999999999998,14.899999999999999,-4.799999999999997,-2.0,-245.0,0,0,-4,0,0.023809523809523725,1
0.0,-1.2000000000000028,-1.0,1.4,134.6,-6,15,2,0,-0.13961038961038963,1
-1.0,20.0,12.666666666666664,1.1666666666666667,143.0,1,0,4,-2,0.22705314009661837,1
0.2,-3.3999999999999986,-5.933333333333323,-0.2666666666666666,-44.06666666666666,6,0,1,2,-0.07539682539682546,1
-0.6,5.9999999999999964,-2.5999999999999943,0.4,-32.8,-2,0,0,4,0.0625,1
-0.3,10.75,-3.25,-0.55,-88.1,13,0,12,-14,0.2359098228663446,0
0.4,-7.0,-2.3999999999999986,-0.6000000000000001,-173.2,-3,-15,-2,3,0.009740259740259716,0
-1.0,-1.8000000000000007,12.5,0.19999999999999996,187.39999999999998,5,-15,4,-3,-0.03359683794466406,1
0.0,20.666666666666668,8.666666666666664,-0.33333333333333326,-144.0,1,20,0,3,-0.05714285714285705,0
-0.8,17.6,33.0,1.8,272.4,3,0,3,3,0.09615384615384615,1
-0.2,35.25,83.7,0.7999999999999998,9.400000000000006,-1,0,-1,6,0.09090909090909094,0
0.4,26.6,16.599999999999994,-0.7999999999999998,64.5,-1,0,1,1,-0.043749999999999956,1
0.0,15.5,-1.0,-1.0,-57.5,-2,0,-1,10,-0.03578947368421048,0
0.0,8.600000000000001,3.0,-0.8,65.4,1,10,0,-1,-0.04999999999999993,0
0.0,23.0,71.0,-1.0,394.0,-3,15,-4,2,0.1681818181818182,0
0,0,0,0,0,1,10,0,-3,0.20714285714285707,1
-0.19999999999999996,-22.599999999999998,-34.400000000000006,-0.6,-126.8,2,0,0,-8,0.06914893617021278,1
0.04999999999999999,20.75,16.450000000000003,0.8,96.4,0,-10,3,3,0.0851938895417157,1
0.0,33.8,34.599999999999994,1.6,61.8,0,0,3,-1,-0.07068607068607069,1
0.0,-14.600000000000001,-9.799999999999997,0.6000000000000001,175.0,-1,0,-1,5,-0.045031055900621175,0
-0.06666666666666665,-11.399999999999999,-0.2666666666666657,0.8,37.86666666666667,0,5,-4,-6,0.023809523809523725,1
0.0,-24.5,-43.5,-0.5,-158.0,5,15,3,-3,0.02488687782805421,1
-0.06666666666666671,-1.4666666666666686,-15.133333333333333,1.9333333333333336,26.73333333333329,-2,10,-4,-5,-0.09615384615384615,1
0.2,18.4,7.400000000000006,0.0,-3.799999999999997,0,0,-4,0,-0.022058823529411797,1
0.0,2.5,12.0,0.0,1.5,-1,0,5,1,0.08333333333333337,1
0,0,0,0,0,-2,0,-11,1,0.018394648829431426,0
0,0,0,0,0,-1,0,-4,1,0.015151515151515138,1
-0.5,40.25,56.25,0.0,73.75,-3,10,0,4,-0.018826135105204922,1
0.75,-10.700000000000003,-15.100000000000001,-0.6499999999999999,-139.55,-1,-10,-2,6,-0.06818181818181823,1
0.6,7.399999999999999,-6.799999999999997,-1.0,-62.8,-5,0,-2,-7,0.08395802098950522,1
-0.2,-3.1999999999999993,-2.6000000000000014,0.6,105.4,-2,0,-3,-8,0.08432432432432435,1
-0.6,33.4,67.0,1.8,191.8,1,-20,2,0,-0.15166666666666662,1
0.6666666666666666,-33.266666666666666,-64.4,-1.7333333333333334,-175.66666666666666,0,0,0,4,-0.11188811188811187,0
0.0,-9.600000000000001,-20.0,0.4,-7.600000000000001,6,0,2,1,0.09523809523809523,0
-0.2,-26.45,-41.15,-1.9500000000000002,-226.3,3,0,2,-9,0.24537037037037035,0
1.0,41.0,83.0,-1.0,193.33333333333334,-3,0,-5,-1,-0.13684210526315788,1
-1.0,41.5,45.0,0.0,-121.0,2,-20,2,-1,-0.20329670329670324,1
0.3333333333333333,-5.0,11.0,-0.6666666666666667,-109.66666666666667,-1,-10,-3,5,-0.18148148148148147,1
0.0,-6.0,-3.0,2.0,132.0,-2,0,-4,0,0.004201680672268893,1
0.2666666666666666,-24.799999999999997,-20.133333333333326,-0.9333333333333333,141.26666666666668,1,0,2,-5,0.0854341736694677,1
-0.4,13.800000000000004,24.4,2.8,272.0,-2,0,0,-3,0.006734006734006703,0
0.5,11.0,7.0,0.0,-10.0,0,1,-2,-1,0.09921798631476053,0
0.0,23.4,96.4,2.6,310.6,-1,0,2,-1,0.0928620928620929,0
0.25,-15.0,-60.25,-1.0,-54.5,-1,0,1,0,0.05555555555555558,1
0.2,-42.800000000000004,-35.400000000000006,1.4000000000000001,65.4,0,0,1,-2,0.03546099290780147,0
0.0,8.0,16.0,1.0,60.0,-3,0,-1,-6,-0.03589743589743599,1
0.0,-31.4,-26.6,0.6000000000000001,257.6,-1,0,0,6,0.0707692307692307,0
0.6,-11.600000000000001,-23.799999999999997,-0.8,-12.399999999999999,1,0,3,2,-0.03940217391304346,0
0.0,-8.0,27.0,1.0,594.0,-1,-10,-5,4,-0.07738095238095233,0
-0.3333333333333333,-11.0,-7.0,0.0,144.0,-1,0,-1,-3,0.031746031746031744,0
-0.8,23.6,60.06666666666667,1.9333333333333336,189.86666666666665,0,-10,0,-2,0.2529411764705882,1
-0.3,-26.0,-29.6,-1.1,-183.8,-1,0,-3,1,-0.030612244897959218,0
-0.26666666666666666,-30.53333333333334,-0.5333333333333385,1.8,141.2,-3,0,-1,-4,0.02663706992230863,1
0.16666666666666669,1.6666666666666679,5.833333333333336,-1.0,-101.83333333333333,2,25,0,-6,0.012987012987012991,0
0.0,15.399999999999999,27.000000000000007,0.19999999999999996,-14.800000000000011,0,0,4,-1,0.1923076923076923,1
0.0,-14.8,-47.66666666666667,-0.2666666666666666,-209.26666666666668,-4,10,-3,2,-0.11025641025641031,1
0.0,-41.5,-133.0,-2.0,-273.5,-3,0,0,1,-0.11282051282051286,0
0.0,3.4000000000000004,10.2,0.0,81.8,2,0,0,-12,0.04999999999999993,1
0.2,-24.9,-5.5,3.4,91.30000000000001,1,-5,-2,8,0.12962962962962965,0
0.4,-1.3999999999999986,-0.7999999999999972,2.0,127.19999999999999,2,15,3,5,0.033333333333333326,1
0.0,9.0,-7.0,-0.5,37.5,1,0,4,-5,-0.019490254872563728,0
0.2,-61.4,-86.0,-1.6,-139.79999999999998,-1,0,-1,2,-0.11923076923076925,1
0.0,24.8,18.6,-1.6,-203.8,-5,0,-3,1,-0.028846153846153855,0
-0.04999999999999999,-3.5,-20.3,-0.95,-173.3,-2,-23,-2,2,-0.12870619946091644,1
-0.5,-1.1999999999999993,16.4,0.30000000000000004,-141.0,-3,-10,0,4,-0.25,0
0.0,2.0,7.0,-1.0,-132.0,-5,0,4,-9,0.06516290726817042,1
-0.5,21.5,43.0,3.5,404.5,0,15,-1,-2,0.08041958041958042,1
0.6,20.200000000000003,-12.600000000000001,-0.6000000000000001,48.599999999999994,-2,0,-1,2,0.016483516483516425,0
0.8,0.3999999999999986,-18.0,-0.19999999999999996,12.200000000000003,-1,10,3,2,-0.23205741626794263,1
0.0,-6.333333333333336,11.666666666666671,1.0,193.66666666666666,4,0,2,6,-0.04040404040404044,0
0.0,-38.0,-56.5,-1.0,-60.0,-2,20,-4,-4,0.14375000000000004,0
0.5,28.0,39.5,0.0,136.5,-3,15,1,8,0.09009009009009017,1
0.4,30.8,21.60000000000001,-0.7999999999999999,-98.6,3,-2,0,-2,-0.12352941176470589,0
0.0,2.599999999999998,9.0,0.4,43.0,-2,0,0,1,0.030303030303030276,1
-0.6000000000000001,-3.0,4.599999999999994,1.6,83.0,1,0,1,-2,-0.10457516339869277,0
-0.2,-10.199999999999996,7.600000000000001,1.0,145.2,0,-15,0,3,0.04682274247491636,1
0.2,-16.8,4.399999999999999,-0.6,-27.200000000000003,-2,0,-4,4,-0.05208333333333337,0
0.3333333333333333,-12.0,-7.666666666666668,0.6666666666666666,65.0,-1,0,-1,6,0.0410256410256411,0
0.5,-3.5,13.0,0.0,34.0,0,0,-1,-6,0.07246376811594202,1
0.09999999999999998,-15.149999999999999,-20.4,-3.3,-151.15,1,0,0,1,-0.016249999999999987,0
0.6,24.6,28.0,0.4,74.8,0,10,0,2,-0.2413419913419913,0
-0.16666666666666669,-8.833333333333332,6.333333333333336,1.6666666666666667,338.8333333333333,2,-10,1,-1,-0.08333333333333337,0
-0.4666666666666666,-13.266666666666666,10.600000000000001,0.4,22.0,-1,-10,-1,12,-0.19078341013824884,0
-1.0,20.0,42.400000000000006,1.2,149.8,-3,0,-2,3,-0.05076923076923068,0
-0.8,-14.599999999999998,-3.8000000000000043,0.4,97.80000000000001,-3,-2,-9,2,-0.09477124183006536,1
0,0,0,0,0,0,0,-5,-1,-0.051136363636363646,1
0.8,-9.8,-6.399999999999999,0.0,51.4,-5,-15,5,4,-0.3128205128205128,1
0.0,22.6,28.450000000000003,-0.10000000000000009,-46.150000000000006,-3,10,-2,-4,0.13461538461538458,1
0.06666666666666671,-6.533333333333331,10.666666666666664,1.4666666666666668,57.93333333333332,-1,0,1,9,-0.0337711069418386,1
1.0,54.0,109.0,4.0,559.0,1,10,2,-4,-0.05882352941176472,1
0,0,0,0,0,2,0,-1,4,-0.12030075187969924,0
0.2,-13.8,-30.400000000000002,-0.3999999999999999,-60.80000000000001,-1,-15,3,-7,-0.07428571428571429,1
0.0,-10.5,25.0,1.0,162.5,1,0,4,-1,-0.05555555555555547,0
0.0,4.0,20.0,-1.0,8.0,1,0,1,3,0.0,1
0.0,-41.5,-22.5,0.0,89.5,1,10,1,-2,-0.02251082251082248,0
0.2,-21.6,-20.799999999999997,-0.19999999999999996,73.60000000000001,2,0,2,7,0.11111111111111105,0
0,0,0,0,0,-1,15,-3,-1,0.1029411764705882,1
0,0,0,0,0,3,0,-1,3,-0.15673981191222575,0
-0.2,11.2,15.600000000000001,1.4,68.6,1,15,0,2,0.06902356902356899,1
0.25,-12.0,-24.0,1.25,119.5,-3,0,-5,-4,0.12635869565217395,1
0.4,-37.0,-61.8,-0.19999999999999996,-16.0,-1,20,-1,2,0.13453973249409923,0
-0.2,15.0,47.199999999999996,0.6,96.60000000000002,-7,0,-4,1,0.12009803921568629,1
0,0,0,0,0,2,0,7,4,0.004807692307692291,1
0,0,0,0,0,3,0,4,-2,0.1576923076923077,0
0.0,-35.0,-50.0,-1.0,-50.0,1,0,-5,1,0.17032967032967028,0
0.0,-14.000000000000007,-10.0,2.4,187.0,-3,0,-6,2,0.1456221198156682,1
-0.20000000000000007,10.200000000000003,34.8,1.0,170.6,-4,0,-3,6,-0.0337711069418386,0
0.2,12.799999999999997,13.0,-1.7999999999999998,-156.39999999999998,-3,-15,-6,11,-0.2927536231884058,0
0.2,-22.400000000000002,-24.800000000000004,-1.4,-62.2,1,0,2,2,0.13650793650793658,0
0.0,-3.3999999999999986,-10.600000000000001,-1.4,-11.0,0,0,2,10,0.07291666666666663,1
0.0,-20.333333333333336,-23.0,0.33333333333333337,32.0,-1,0,-4,2,0.05263157894736836,1
-1.0,15.333333333333332,52.0,3.0,270.3333333333333,1,0,3,-3,-0.08750000000000002,1
0.0,-25.5,15.0,4.0,490.0,1,0,3,-2,-0.049450549450549386,1
0.0,-10.0,-0.5,1.5,258.0,1,0,0,1,0.1064467766116941,0
0.6,-48.8,-36.0,0.0,-15.399999999999999,0,10,0,4,0.12383900928792568,1
-0.3333333333333333,25.166666666666668,25.333333333333336,1.5,98.5,-3,0,-2,4,0.010101010101010166,1
-0.2,24.200000000000003,69.8,6.0,550.1999999999999,-3,15,1,3,0.23291925465838514,1
0.0,-13.600000000000001,-7.199999999999996,1.0,-4.400000000000006,-3,15,-3,-1,-0.04843304843304841,1
-0.06666666666666671,-2.333333333333332,-5.066666666666663,0.4666666666666668,47.866666666666646,3,0,4,2,0.05067567567567566,1
-0.4,11.399999999999999,36.400000000000006,2.4,327.4,0,-15,5,3,0.05282112845138065,0
0.15000000000000002,29.1,33.75,0.2,46.6,-5,0,-5,1,-0.125,0
-0.4,8.200000000000001,21.4,0.4,55.0,-1,-15,3,1,0.04313725490196085,1
0.4,47.8,57.8,0.6,91.8,5,0,8,5,-0.13054187192118227,1
-0.09999999999999998,19.049999999999997,24.75,1.0,60.8,1,0,2,1,-0.04166666666666663,0
0.5,12.5,25.5,0.0,37.0,2,-10,-1,1,0.12337662337662336,1
0.0,25.666666666666664,35.26666666666666,-0.5333333333333337,-75.86666666666667,4,15,7,-3,0.0,1
0.25,-6.5,-15.5,-0.75,-24.25,0,20,-5,8,-0.051597051597051635,1
0.0,26.8,11.200000000000003,-0.33333333333333337,-187.33333333333334,1,0,-1,-3,-0.06287262872628718,0
0.2,3.5,7.799999999999997,-0.4,-6.100000000000001,4,0,6,-2,0.05555555555555558,0
-0.8,-3.6000000000000014,25.0,0.6,162.0,3,0,3,-1,-0.09714285714285709,0
0.0,6.799999999999999,8.400000000000002,0.7999999999999998,178.0,3,0,2,0,0.17948717948717952,1
0.0,-23.400000000000002,-69.4,-1.4,-173.8,-1,0,0,2,0.07792207792207795,1
0.0,-36.0,-55.0,-1.0,-44.666666666666664,-3,0,-4,6,0.1228070175438597,0
0.5,-0.75,-0.75,1.25,111.75,0,0,1,-5,0.03125,1
0.0,-3.799999999999997,-12.600000000000001,-0.8,51.2,3,10,4,-1,-0.11666666666666659,1
0.0,-88.0,-109.0,0.0,-13.0,2,-10,2,14,-0.05086206896551726,0
0.0,64.33333333333333,87.33333333333333,1.0,-231.33333333333334,0,0,4,1,-0.09090909090909094,1
0.8,-7.199999999999999,-57.2,-2.0,-341.59999999999997,-2,-20,-2,2,0.13055555555555554,1
0.26666666666666666,-21.133333333333336,4.0,-0.3333333333333333,75.93333333333332,-1,-2,0,8,-0.012987012987012991,1
-0.3333333333333333,-73.33333333333333,-116.66666666666666,-0.6666666666666666,-87.66666666666666,1,0,1,1,0.10924369747899154,1
-0.3333333333333333,33.266666666666666,114.73333333333333,3.8,410.0,0,0,0,6,0.13223938223938225,1
0.0,35.8,54.0,2.2,292.8,2,0,5,2,0.00952380952380949,1
0.0,-19.200000000000003,-21.799999999999997,-0.7999999999999998,11.799999999999983,4,0,1,7,0.03937728937728935,1
0.0,3.0,18.0,0.0,243.0,-1,0,6,2,0.01449275362318836,1
0.2,13.0,12.0,2.4,57.400000000000006,1,-15,1,-5,-0.0546290971822887,1
0.5,16.0,29.5,0.5,113.5,0,0,-5,1,-0.1515151515151516,1
0.0,-2.0,-20.0,-1.0,-60.0,5,15,1,5,0.033333333333333326,1
0.4,-8.0,-19.799999999999997,0.0,-70.0,0,0,2,5,0.059684684684684686,0
0.0,38.0,37.0,-3.0,-130.0,-2,0,-1,1,-0.015789473684210464,1
0.4,20.4,24.0,1.4,157.2,2,-9,-3,-3,0.10709677419354835,0
0.8,-15.2,-26.0,0.19999999999999996,32.400000000000006,-3,0,-4,-9,-0.09275362318840585,1
0.5,3.5,-13.5,0.0,-52.5,-2,10,-1,1,-0.09487666034155595,1
-0.3333333333333333,-4.0,-9.0,-2.8,-224.26666666666668,1,15,2,0,0.049450549450549386,0
0.6,2.4000000000000057,-15.0,-2.8000000000000003,-197.0,1,0,2,-7,-0.06144781144781142,1
0.39999999999999997,11.800000000000004,11.599999999999994,2.2,184.0,4,0,2,6,-0.002450980392156854,0
0.0,-6.5,-8.5,2.0,111.5,-2,0,-2,-1,0.12596762843068254,1
-0.2,-11.4,3.3999999999999986,1.6,217.39999999999998,-1,0,-1,-1,0.11965811965811957,1
0.25,-25.25,-26.0,-0.5,-74.0,3,0,3,-1,-0.05152394775036284,0
0.0,-25.0,25.0,1.0,288.0,2,0,0,4,-0.022058823529411797,1
-0.1333333333333333,-16.2,-28.8,-1.8,-160.73333333333335,7,25,4,-6,-0.08260869565217399,1
0.2,-39.8,-46.800000000000004,-0.39999999999999997,-57.0,2,0,-1,-2,0.1688311688311689,1
0.25,-11.0,-6.25,1.0,43.0,-1,0,0,1,-0.0041356492969395475,1
0.0,-49.13333333333333,-64.4,-2.0,-341.4,2,0,5,-5,0.2596153846153846,0
0.4,42.1,95.69999999999999,-2.5,-133.7,4,15,6,-4,0.16746411483253587,1
1.0,-44.3,-39.8,-0.2,-22.700000000000003,3,0,6,-4,0.015384615384615441,1
0.2,3.799999999999997,-8.399999999999999,1.7999999999999998,41.8,3,0,0,-2,-0.09207161125319685,0
0,0,0,0,0,0,0,1,-7,-0.06666666666666665,0
-0.25,17.0,17.25,-0.5,-173.25,0,0,-1,5,0.0174825174825175,0
0.2,-26.6,-37.2,0.0,70.4,2,0,3,6,-0.26,0
-1.0,-15.166666666666664,4.666666666666671,1.5,173.16666666666666,1,0,2,0,-0.09230769230769231,0
-0.09999999999999998,46.75,53.8,1.8,196.6,4,63,10,-10,0.31551724137931036,1
0.1333333333333333,-11.799999999999997,-39.86666666666667,-1.6,-82.86666666666665,1,0,-1,2,-0.12222222222222223,0
-1.0,47.2,41.8,0.8,-19.39999999999999,0,-20,1,1,0.10256410256410264,1
0.0,-6.399999999999999,-18.6,0.0,19.200000000000003,2,0,7,2,-0.12222222222222223,1
0.4666666666666666,16.2,13.533333333333335,0.4,-7.4666666666666615,-2,-10,-4,6,-0.08413926499032887,1
0.4,4.0,17.0,-0.4,76.7,-3,0,-1,5,0.07423117709437965,0
0.0,-16.6,-11.400000000000006,0.6000000000000001,76.80000000000001,0,0,2,-3,0.14102564102564108,1
0.25,10.0,-41.5,-1.5,-197.0,1,0,4,12,-0.07777777777777783,1
0.0,-14.5,64.5,7.5,469.0,5,10,0,-2,0.2857142857142857,0
0.25,-10.75,-40.25,-0.5,-46.75,2,0,-4,3,-0.15089514066496157,1
-0.6666666666666666,4.666666666666668,15.666666666666668,1.0,174.66666666666666,-6,0,-10,0,0.12254901960784315,1
0.2,12.399999999999999,-39.8,-0.6000000000000001,-313.79999999999995,3,15,6,1,-0.01620370370370372,1
0.04999999999999999,-13.799999999999997,19.349999999999994,0.8500000000000001,232.9,3,35,2,-2,0.0977229601518026,1
-0.4,43.6,38.599999999999994,0.0,0.5999999999999979,4,0,2,0,0.03924528301886787,1
-0.2,24.95,13.049999999999997,-0.10000000000000009,12.199999999999989,-1,-35,-5,1,0.14709302325581397,0
0.4,-6.600000000000001,-27.4,0.6,205.0,0,-15,6,1,-0.0608695652173914,1
0.5,-10.5,-6.0,1.0,21.0,-3,-10,-2,1,-0.05714285714285716,0
0.5,28.0,63.5,2.5,340.5,-3,10,-3,0,-0.13186813186813184,1
-0.8,13.200000000000003,21.200000000000003,0.4,-89.19999999999999,3,0,2,7,-0.050000000000000044,0
0.0,11.333333333333332,-15.333333333333336,0.6666666666666666,-1.3333333333333428,0,0,3,7,-0.005797101449275366,0
0.0,-23.333333333333332,-39.33333333333333,-0.6666666666666667,-8.0,3,10,8,-2,-0.18659420289855078,0
-1.0,-2.3999999999999986,35.400000000000006,0.6000000000000001,5.599999999999994,1,0,-1,-8,0.04761904761904767,1
0.2,14.400000000000002,23.599999999999994,0.4,-5.0,-2,-25,-2,-4,-0.02328159645232808,1
0.0,-1.3999999999999986,-12.200000000000003,-1.2000000000000002,-81.39999999999999,-1,-20,0,5,-0.0714285714285714,1
-0.1333333333333333,-5.199999999999999,-16.6,-3.6,-155.86666666666667,2,0,0,0,-0.019886363636363646,1
0.2,7.0,31.799999999999997,0.20000000000000007,109.2,0,0,2,3,0.2142857142857143,1
0.4,-49.5,-53.75,0.15000000000000002,-20.049999999999997,7,10,3,-1,0.10361842105263153,0
0.0,-0.20000000000000284,2.799999999999997,1.4,276.8,2,0,5,2,0.00952380952380949,0
0.0,-14.0,-45.5,1.5,-5.0,5,10,7,-4,0.0368421052631579,0
0.0,-18.5,-8.0,1.5,324.0,4,8,4,-6,0.03703703703703698,1
0.0,-12.600000000000001,-43.6,-0.19999999999999996,-98.6,-1,-10,-1,-6,0.05161290322580647,1
0,0,0,0,0,0,0,-3,-1,0.08791208791208782,1
0.0,-17.333333333333336,-33.333333333333336,-0.6666666666666667,-59.66666666666666,0,-10,-3,8,-0.02982810920121326,0
-0.2,5.600000000000001,-8.400000000000006,-1.7999999999999998,-144.6,-3,0,-3,3,0.15508021390374327,0
0.2,-30.0,-5.399999999999999,2.2,142.8,4,-20,7,9,0.026026026026025995,1
-0.25,2.75,30.75,2.0,370.25,-1,0,0,4,0.04682274247491636,0
2.0,23.200000000000003,2.799999999999997,-2.6,-198.0,-3,0,-6,10,-0.06060606060606066,0
0.0,7.833333333333336,-10.333333333333329,0.5833333333333333,-122.91666666666666,-1,-15,1,-5,-0.1561561561561562,0
0.0,-14.0,-3.0,1.5,31.5,1,0,1,-2,0.031746031746031744,0
0.2,-18.8,-28.6,0.6000000000000001,91.19999999999999,2,0,2,9,-0.19166666666666665,0
0.0,-17.0,-27.0,2.0,124.0,3,0,3,0,-0.005882352941176561,1
-0.3333333333333333,16.666666666666668,29.333333333333336,-0.6666666666666666,55.33333333333333,2,0,1,6,0.09206349206349207,1
0.0,-21.0,-14.0,0.0,16.0,2,0,1,-1,-0.018382352941176516,0
0.4,7.549999999999997,-1.25,-0.75,-29.150000000000006,-2,0,-7,6,0.033333333333333326,0
0.25,-40.05,-56.349999999999994,0.9,11.400000000000006,1,0,0,0,0.09161290322580651,1
0.6,39.6,67.4,3.4,345.6,2,0,-1,10,-0.044117647058823484,1
-0.5,-25.0,-36.5,-1.5,-172.75,-3,-20,-3,-4,0.09705159705159705,0
-0.5,22.0,11.5,-0.5,202.0,0,10,1,-4,0.26409017713365546,1
0.4,-61.45,-59.3,-0.15000000000000002,81.4,-5,15,-5,-4,0.08163265306122447,1
0.0,-23.0,-28.0,0.25,-94.75,-4,-10,-7,6,0.07183908045977005,0
0.0,16.0,19.5,0.75,-151.25,-2,0,-5,7,0.01333333333333342,1
0.0,-6.0,-51.0,2.25,-25.5,-1,15,1,4,0.007692307692307665,0
0.0,32.0,51.0,1.0,60.0,-1,15,4,-3,0.11229946524064172,1
-2.0,16.0,-26.0,0.5,-102.0,0,0,3,2,0.18128654970760227,1
1.4,-27.0,-144.4,-4.0,-607.4,1,-20,4,2,0.09646464646464648,1
-0.2,19.000000000000004,26.8,0.19999999999999996,9.799999999999997,0,0,3,-4,0.1178660049627791,1
-0.2,15.600000000000001,5.199999999999999,-0.4,-49.0,-2,15,-5,8,0.07352941176470584,1
0.2,-9.399999999999999,-29.4,0.40000000000000036,51.19999999999999,1,0,4,-4,0.1282051282051282,0
0.0,26.666666666666664,17.666666666666664,2.25,172.83333333333334,-6,-10,-6,2,0.16722408026755853,1
-0.16666666666666669,-26.666666666666668,-35.0,-0.16666666666666669,-49.333333333333336,0,10,-6,2,-0.008534850640113834,0
0.8,13.2,4.066666666666666,-2.3333333333333335,-101.26666666666667,-1,0,0,-5,0.03130434782608693,1
-0.6,-2.200000000000003,-10.0,-0.6000000000000001,-217.0,0,0,1,5,-0.2978723404255319,0
1.0,-41.25,-74.0,-3.75,-159.25,-1,0,0,2,-0.005050505050505083,1
-0.25,-2.25,13.5,0.16666666666666663,-14.5,0,0,0,0,0.06196581196581197,0
0.0,-8.8,6.600000000000001,2.0,218.6,-3,0,2,2,-0.03428571428571425,1
0.2,-3.799999999999997,-4.399999999999999,0.0,-6.199999999999996,-2,20,-2,-2,-0.07638888888888895,0
0,0,0,0,0,1,15,6,-3,-0.08095238095238089,1
0,0,0,0,0,0,0,0,-3,0.01754385964912286,0
-0.25,18.700000000000003,-5.850000000000001,-3.85,-301.35,3,-24,4,-1,-0.10606060606060608,1
0.0,1.0,29.0,2.0,286.5,1,-20,2,4,-0.01532567049808431,0
0,0,0,0,0,-1,-10,-2,-8,0.06426332288401249,0
0,0,0,0,0,2,15,-1,1,-0.013167013167013186,0
0,0,0,0,0,1,10,2,-4,0.24637681159420288,0
0,0,0,0,0,0,15,-1,2,-0.07239819004524883,1
0,0,0,0,0,3,-20,0,2,0.13101604278074874,1
0.0,1.0,4.0,-1.0,90.5,-4,-10,4,-10,0.023809523809523836,0
0.8,23.4,11.0,-0.5999999999999996,-171.59999999999997,2,0,0,2,0.01666666666666672,1
0.4,30.799999999999997,8.0,-0.2,16.8,2,0,2,-8,-0.10227272727272729,1
0.3333333333333333,12.916666666666668,37.583333333333336,-0.5,151.75,1,0,-2,8,0.09913043478260863,1
-0.5,20.200000000000003,27.4,-0.5,15.200000000000003,0,10,-1,-1,-0.1262626262626262,0
-0.5,33.0,100.0,0.5,316.0,3,0,2,-1,0.02930402930402931,0
0.0,-4.5,29.0,3.0,321.0,-1,0,6,-2,-0.06666666666666665,1
0.2,14.0,29.599999999999994,1.4,167.4,-2,0,2,1,0.011904761904761973,1
0.0,36.5,55.0,-0.5,-9.5,4,0,1,1,-0.17373737373737375,1
0.0,-13.000000000000004,7.600000000000001,3.0,150.2,-2,0,-3,5,0.06563706563706562,0
0.2,26.8,53.2,2.2,188.6,4,0,6,0,-0.0888888888888889,1
0.2,20.933333333333334,40.46666666666667,1.2666666666666668,108.86666666666666,3,15,0,-1,0.036363636363636376,1
0.0,8.0,15.5,0.5,-2.0,-1,0,-3,5,0.2115942028985507,1
0.0,-13.75,-43.75,0.0,15.0,-2,0,2,-2,0.1777777777777778,1
0.5,-8.2,-62.2,-2.4,-442.9,2,15,4,-3,-0.025132275132275117,1
0.4,-9.399999999999999,-1.0,1.4000000000000001,81.4,1,0,2,8,-0.0337711069418386,1
0.0,-25.833333333333336,-38.0,-1.5,-121.0,2,0,3,-2,0.0444444444444444,1
0.2,29.1,61.7,1.6,149.3,-2,0,-2,1,0.01602564102564108,1
0.3333333333333333,-12.333333333333332,-78.33333333333334,-0.6666666666666667,-155.66666666666666,4,0,3,7,-0.1895424836601307,1
-0.2,17.999999999999996,9.199999999999996,-0.4,-165.4,2,0,-2,2,-0.16935483870967738,0
0.0,-65.0,-102.0,0.0,-183.0,1,0,7,1,-0.08432147562582348,1
0.0,33.0,32.0,-4.0,-194.0,6,15,5,-2,0.028421052631579014,1
0,0,0,0,0,1,0,-4,5,0.03076923076923077,1
0.0,39.0,40.0,0.0,-10.0,-2,0,0,-2,-0.07239819004524883,1
-0.3333333333333333,-31.5,-45.33333333333333,-0.3333333333333333,-108.66666666666667,0,0,-3,-8,0.033333333333333326,0
0.39999999999999997,-15.600000000000001,-13.0,1.2000000000000002,-64.20000000000002,-3,0,-1,-3,-0.06682769726247983,0
0,0,0,0,0,3,15,5,0,0.0641025641025641,1
-0.2,6.933333333333334,5.466666666666665,0.8666666666666667,324.06666666666666,2,-10,0,4,-0.15057283142389521,0
0.0,7.0,7.0,0.0,7.0,3,10,0,-3,0.05714285714285716,1
0,0,0,0,0,-1,-10,-2,-6,0.04761904761904767,1
0,0,0,0,0,-1,0,3,-3,0.1428571428571429,1
0,0,0,0,0,2,-10,4,-2,0.1428571428571429,1
0,0,0,0,0,1,10,5,9,0.03203661327231122,0
0,0,0,0,0,0,10,2,-1,0.07211538461538458,1
0.5,-14.0,-22.5,-1.0,-29.5,0,0,0,3,-0.19367588932806323,0
0.6,35.6,30.400000000000002,-0.7999999999999999,-141.4,1,-26,-2,-5,0.07931034482758614,1
0.6,-9.600000000000001,28.400000000000006,1.6,171.8,-3,-24,-5,-3,0.21062618595825422,1
-0.3,-27.4,-11.5,-0.09999999999999998,127.0,-4,21,-4,8,-0.17460317460317454,1
0.5,-2.0,-2.5,1.0,126.5,0,-10,11,1,-0.0461538461538461,1
-0.6,-30.0,-25.4,0.2,-29.5,7,25,2,-11,0.07453416149068315,1
1.0,-7.25,-40.5,0.0,-179.0,-3,0,-7,-3,-0.04065040650406504,0
1.0,35.25,23.0,-4.0,-164.25,3,0,4,-2,-0.024671052631578982,0
0.0,11.2,4.0,-2.0,-89.80000000000001,-1,0,-7,3,0.04312354312354316,0
0.0,-23.599999999999998,-6.799999999999997,0.2,42.00000000000001,2,0,4,-4,0.11428571428571432,1
0.0,15.8,50.5,3.6,494.9,-3,0,-2,8,-0.14423076923076927,0
0.2,7.799999999999997,5.799999999999997,2.2,107.6,2,0,3,-3,-0.1386554621848739,0
-0.5,31.166666666666664,69.83333333333333,2.8333333333333335,309.6666666666667,-1,0,1,10,0.12063492063492065,1
0.5,-27.5,-32.5,-1.25,-170.25,-2,-10,0,2,-0.06999999999999995,1
0.0,26.799999999999997,15.0,-2.2,-282.2,0,0,6,8,-0.14204545454545459,1
-0.19999999999999996,8.800000000000004,-7.0,-1.7999999999999998,-112.6,4,0,2,3,0.09591194968553451,1
0.0,-32.33333333333333,-75.0,0.33333333333333326,-155.33333333333331,0,0,0,-1,0.020161290322580627,1
0.30000000000000004,-62.7,-98.3,-0.19999999999999996,-88.0,-1,0,-1,1,0.0064562410329985775,1
-0.2,-26.2,-47.0,-1.0,-165.79999999999998,3,-20,6,8,-0.015243902439024404,0
-0.3333333333333333,-35.0,-45.33333333333333,-0.3333333333333335,52.0,3,0,1,-3,-0.17613636363636365,1
0.0,-29.666666666666664,-27.666666666666668,0.0,26.66666666666667,3,0,2,-5,-0.14323607427055696,1
0.2,28.4,46.0,1.4,209.2,-1,0,0,-3,0.17503924646781788,1
0.2,2.6999999999999993,16.799999999999997,1.1,169.1,0,15,2,-12,0.010204081632652962,1
0.0,13.0,37.0,0.0,34.0,-1,0,-2,1,-0.016260162601626105,0
0.0,-16.0,-48.0,0.0,-58.0,0,0,-1,-3,0.11616161616161613,0
0.0,67.8,84.4,-0.19999999999999996,2.0,4,15,5,-2,-0.03809523809523807,1
-0.8,-0.3999999999999986,9.799999999999997,0.40000000000000013,128.0,1,-15,4,6,-0.0851648351648352,0
-0.2,-16.8,-10.2,0.2,-2.3999999999999915,-6,-15,-4,4,0.01139601139601143,0
0.19999999999999996,-40.8,-38.6,0.0,-42.2,-5,-5,-8,-2,-0.10952380952380958,0
-0.16666666666666669,5.416666666666664,2.4166666666666643,0.5,-82.25,1,15,3,2,0.1345208845208845,0
1.0,-33.0,-51.0,-1.0,-57.0,-4,10,0,2,0.01848739495798324,1
0.2,1.2000000000000028,-86.0,-0.6000000000000001,-138.0,0,0,6,0,0.04858299595141702,1
0.0,-34.0,-41.0,-1.0,-60.0,0,-10,-4,6,-0.10833333333333339,1
0.0,-22.0,-10.75,2.75,142.0,-2,0,-3,4,-0.09764309764309764,1
0.6666666666666667,10.666666666666666,11.0,1.0,53.0,-7,10,-7,-3,-0.09615384615384615,1
0.0,25.0,75.0,2.0,88.0,2,0,2,0,-0.1428571428571428,1
0.2,6.600000000000001,-7.600000000000001,0.9333333333333335,76.6,2,0,-2,3,-0.18181818181818177,0
0.4,8.0,-4.0,-1.2,-108.4,4,43,9,-8,0.26181353767560667,1
-2.0,14.75,26.5,3.0,198.0,-1,0,0,-7,0.21070234113712372,1
0.8,5.800000000000001,-5.066666666666663,-1.5333333333333334,-200.4666666666667,0,-20,0,-2,-0.0691823899371069,0
-0.6666666666666666,17.333333333333332,70.33333333333334,-2.0,34.33333333333333,0,0,6,10,0.020664869721473522,0
0.4,19.0,26.0,0.2,45.0,1,0,-1,-3,-0.07065217391304346,0
0.0,2.8000000000000007,25.299999999999997,2.2,233.3,-2,0,3,-2,0.03280542986425339,1
0.5,-14.25,-27.0,0.5,113.0,5,50,6,-4,-0.06571428571428573,1
-0.6,6.600000000000001,22.799999999999997,1.4,111.2,0,0,0,2,-0.07606837606837613,1
0.6666666666666666,-35.99999999999999,-43.66666666666667,-1.0,-30.666666666666668,-5,0,-7,-5,0.09523809523809523,0
-0.39999999999999997,8.200000000000003,55.8,1.0,31.19999999999999,-1,0,-1,6,-0.0636363636363636,1
0.0,-12.5,-27.0,0.5,173.5,2,0,-1,-5,-0.015503875968992165,0
0.0,48.0,40.0,0.0,-19.0,-4,-10,0,-2,-0.09999999999999998,1
0.39999999999999997,-5.800000000000001,-25.0,0.0,-102.79999999999998,3,0,5,-5,-0.06769230769230772,1
0.6,8.599999999999998,35.8,0.0,100.80000000000001,1,20,2,1,0.033333333333333326,1
0.6,-17.8,-27.0,1.0,111.19999999999999,0,0,1,3,-0.08333333333333337,0
0.26666666666666666,-1.2000000000000028,16.666666666666664,-0.4666666666666666,-72.0,0,0,3,3,-0.05429864253393657,1
0.4,-11.4,-48.6,-5.4,-471.0,4,15,6,1,-0.2272727272727273,0
0.0,-7.0,-8.0,0.0,-19.0,0,0,2,4,-0.014146772767462346,1
-1.0,-16.0,-28.0,0.0,17.0,-2,15,-4,6,0.02197802197802201,0
0.5,7.75,-1.75,-0.75,-27.0,6,20,12,9,-0.1630094043887148,1
1.0,11.0,23.0,2.0,223.0,-2,20,-1,1,-0.061166429587482196,1
0,0,0,0,0,0,0,4,6,-0.014285714285714346,1
0,0,0,0,0,2,0,10,1,0.1027667984189723,1
0.0,42.5,68.0,1.0,44.0,1,0,4,-2,-0.1428571428571429,1
0.0,0.6000000000000014,7.600000000000001,-0.20000000000000007,-112.99999999999999,-3,0,-2,-1,-0.13547758284600386,0
0.0,17.0,10.5,1.5,57.5,-1,0,-4,-8,0.05363984674329503,1
0.0,-2.0,33.66666666666667,4.333333333333333,247.33333333333331,-2,0,2,-2,0.1777777777777778,0
-1.3333333333333333,21.666666666666668,12.0,2.0,19.666666666666657,0,-15,2,-5,-0.10060060060060061,0
0.3333333333333333,-55.0,-150.16666666666666,2.0,213.83333333333334,-2,-20,-2,2,-0.10999999999999999,1
0.2,-22.2,-33.6,0.19999999999999996,63.400000000000006,-1,0,6,8,-0.18571428571428572,1
0.4,-52.2,-104.2,0.2,-3.6000000000000014,2,0,3,3,0.011805555555555514,0
0.25,-17.25,-30.0,0.25,53.25,0,0,0,6,-0.004807692307692291,0
0.0,-18.333333333333336,-17.333333333333332,3.0,280.0,-1,0,2,-4,-0.09333333333333327,1
0.0,10.5,6.5,1.0,176.5,2,0,3,5,0.0444444444444444,0
0,0,0,0,0,1,-18,0,4,-0.07407407407407407,0
-0.1333333333333333,13.533333333333339,-31.266666666666666,-2.6,-358.4,-3,-35,-2,2,-0.0977229601518026,0
0.19999999999999996,14.8,24.599999999999998,-1.0,-11.799999999999997,-1,0,-1,5,-0.06632653061224492,0
0.1333333333333333,-12.0,-12.600000000000001,-1.2000000000000002,-88.66666666666666,-6,25,-10,1,-0.24824824824824826,1
0.0,-1.4166666666666643,-4.25,0.6666666666666667,17.333333333333343,-2,0,3,4,-0.07500000000000007,0
0.4,-3.799999999999997,-13.400000000000006,-2.4,-37.400000000000006,2,-15,1,0,0.12148337595907921,0
-1.0,7.0,41.0,2.0,413.0,2,0,3,0,0.06434446057087573,1
-0.2,2.5,47.5,1.8,159.9,0,0,1,-3,0.06951871657754016,1
0.25,-29.25,-47.75,-1.0,-40.0,0,10,1,-2,0.04761904761904767,1
0.0,-13.5,-79.0,-3.5,-198.0,-2,10,0,5,0.2314814814814815,0
0.0,-12.600000000000001,18.4,5.6,259.0,-2,0,-2,5,0.18881118881118886,1
0.6666666666666666,-12.0,-2.6666666666666714,0.6666666666666667,-27.0,4,10,5,-2,-0.02375000000000005,0
0.0,-37.0,-56.0,-1.0,-37.5,3,20,6,6,0.23391812865497075,0
-0.39999999999999997,20.599999999999998,11.0,-1.2000000000000002,56.400000000000006,1,0,1,4,0.03063241106719372,0
-0.8,-42.0,-45.4,-1.0,-31.0,7,23,7,-4,-0.06832298136645965,1
0.4,9.200000000000003,-54.400000000000006,-2.2,-402.2,-1,-15,-2,14,-0.06684491978609619,0
0.0,54.0,62.0,1.0,-289.0,-1,-10,1,4,0.13333333333333341,1
-1.0,-26.0,-32.5,0.0,-39.5,-5,0,-8,-2,0.19927536231884058,1
-0.5,13.5,13.5,0.0,-40.0,-2,10,-4,4,0.13022113022113024,1
0.0,-4.5,-7.0,0.5,355.5,2,-10,1,-3,-0.16239316239316237,1
0,0,0,0,0,0,0,2,-2,0.0743034055727555,0
0,0,0,0,0,5,15,6,-3,-0.1047058823529411,1
-0.2,40.800000000000004,78.80000000000001,0.0,24.599999999999994,-1,0,1,1,0.02657004830917875,0
0.4,-0.5,5.049999999999997,0.09999999999999998,47.80000000000001,-4,32,-4,1,-0.11616161616161613,0
0.0,-22.400000000000002,-46.599999999999994,-1.2000000000000002,-164.6,2,0,2,3,-0.10119047619047628,1
0.5,13.0,16.5,0.0,10.5,1,10,4,-5,0.23514211886304903,1
0.2,0.8000000000000007,-20.200000000000003,-0.7999999999999998,-148.4,1,20,-1,1,-0.18459302325581395,1
0.0,17.0,14.666666666666671,1.0,247.66666666666669,-2,0,3,2,-0.021428571428571463,1
0.0,5.0,-9.333333333333336,0.0,-115.16666666666666,3,10,4,-4,-0.059523809523809534,0
0.2,-13.3,-2.200000000000003,1.2,82.4,0,0,3,2,-0.0888888888888889,1
0.0,-4.399999999999999,15.400000000000006,2.0,273.2,6,15,7,-3,0.034965034965035,1
0.0,-12.0,-8.666666666666664,1.3333333333333335,94.0,0,0,4,7,-0.050000000000000044,1
0,0,0,0,0,1,0,-6,3,0.05203619909502266,0
0.0,-10.800000000000004,-27.400000000000006,0.0,-173.39999999999998,-2,0,-4,5,-0.10582010582010581,1
-0.2,-18.999999999999993,95.2,2.4,655.0,0,20,-2,2,-0.11013986013986021,1
0.0,9.26666666666667,19.866666666666667,0.46666666666666634,87.4666666666667,-1,-15,-6,7,0.05128205128205132,0
0.0,17.4,-10.200000000000003,-1.2000000000000002,-67.80000000000001,2,10,2,3,-0.04761904761904767,1
0.3333333333333333,-17.666666666666668,10.333333333333336,2.6666666666666665,184.0,-5,2,4,-1,0.16666666666666674,1
-0.2,-24.0,-63.2,0.6,-78.2,-5,10,-2,-2,0.14610389610389607,1
0.2,-23.2,-30.6,-0.4,-20.4,2,10,5,-5,0.02310030395136775,1
0.3333333333333333,9.333333333333334,12.666666666666666,0.0,0.6666666666666643,0,0,1,-7,-0.04292929292929293,1
0.0,28.799999999999997,55.8,-0.4,131.6,-3,-55,-7,-4,-0.0944700460829494,0
0.0,22.5,19.0,0.0,164.5,-1,-20,-1,2,-0.05135135135135127,1
0.8,2.8000000000000007,-10.2,-0.6,-102.2,1,0,0,0,-0.026666666666666616,0
0.2,2.6000000000000014,-25.0,-0.6000000000000001,-79.6,-1,0,-2,5,-0.09230769230769231,0
1.0,-9.0,-23.0,-1.0,-2.0,-2,0,3,4,0.07814992025518341,1
1.2,2.6000000000000014,-17.466666666666665,-1.3333333333333333,-221.4,-7,-25,-7,7,-0.19393939393939397,1
1.0,9.0,21.200000000000003,0.4,153.8,-2,0,-3,5,0.053291536050156796,1
0.0,-14.0,-25.0,0.0,0.0,-2,0,-2,16,-0.3571428571428571,0
0.0,8.2,36.6,1.2000000000000002,221.2,0,-15,-4,-1,0.021885521885521952,1
0.0,-25.0,-35.5,2.0,62.0,1,10,2,8,-0.17701863354037262,1
0,0,0,0,0,-1,0,0,3,-0.09206349206349207,1
0.0,-40.0,-59.0,-1.0,-60.0,0,0,0,-3,-0.2857142857142857,0
0.5,27.0,42.0,-2.0,123.0,1,-10,4,-1,-0.020703933747412084,1
-0.13333333333333341,-7.600000000000001,-31.799999999999997,-0.8,-184.86666666666665,-2,-20,-4,7,-0.13571428571428568,1
0.0,-5.400000000000002,4.800000000000001,-1.2000000000000002,-49.2,-6,-15,-2,2,0.11279461279461278,1
1.0,-36.0,-53.0,-1.0,-55.0,1,15,2,-3,0.04591836734693877,0
0.8,33.0,32.4,1.1333333333333333,69.0,-2,0,2,0,-0.13032581453634084,1
-0.6,-45.0,-13.799999999999997,1.8,127.8,-2,-10,0,0,0.125,1
0.4,-23.0,-39.2,-0.6,-29.8,-3,37,7,5,-0.24285714285714288,1
0.0,-8.399999999999999,3.0,4.6,244.4,3,-10,3,-5,0.22939068100358428,1
-0.2,-17.3,-43.3,-1.1,-29.30000000000001,-2,0,0,-5,-0.05853658536585371,0
0.0,-11.0,-5.0,-1.0,74.0,-1,-10,3,-9,-0.0714285714285714,1
0.4,-12.0,-3.200000000000003,1.0,227.8,-1,0,1,3,-0.08712121212121215,0
-0.09999999999999998,4.700000000000003,26.700000000000003,-0.35,33.349999999999994,-1,15,3,-2,-0.050673854447439326,1
-0.6,10.399999999999999,97.60000000000001,1.5999999999999996,378.59999999999997,3,-15,5,5,0.11850311850311857,0
-0.39999999999999997,4.800000000000001,10.400000000000002,1.0,24.0,-5,0,-5,16,0.07912087912087917,0
0.0,102.66666666666667,89.66666666666667,-4.666666666666667,-183.33333333333331,-3,-10,-1,4,-0.23308270676691722,0
-0.25,26.6,0.25,-0.19999999999999996,-155.85,-1,10,-3,-3,-0.1717171717171717,1
0.0,61.0,40.0,-1.5,-211.0,4,0,4,-1,-0.05820105820105825,0
-0.5,-37.9,-33.7,2.7,346.6,2,0,0,-5,0.1461538461538462,1
-0.6,-11.0,-1.6000000000000014,1.4,162.8,0,0,0,6,0.03076923076923077,1
-0.5,-35.2,-30.3,0.0,-61.099999999999994,-1,-10,0,1,-0.13076923076923075,0
-0.6000000000000001,12.399999999999999,18.8,1.4,156.0,3,63,10,-9,0.2155172413793104,1
-0.19999999999999996,-0.6000000000000014,-14.400000000000002,0.7999999999999999,67.60000000000001,0,24,2,-3,-0.1520376175548589,1
-0.04999999999999999,-0.6499999999999986,5.399999999999999,0.55,22.349999999999994,1,0,-1,1,-0.0840664711632454,0
-0.5,-3.833333333333332,-15.0,0.6666666666666665,149.16666666666669,-1,0,2,0,0.13586956521739135,0
0.5,6.25,10.5,-0.75,-87.0,1,0,-4,5,-0.05500000000000005,0
-0.6,28.799999999999997,37.199999999999996,-0.8,106.19999999999999,1,0,3,2,0.0012836970474967568,0
-0.25,22.75,47.75,-0.5,-2.25,4,0,2,-3,-0.022222222222222254,0
0.8,50.4,30.4,-1.4,-303.8,-1,0,-4,-10,-0.05936073059360736,0
2.0,-17.5,-18.0,-1.0,-46.5,4,0,7,-5,-0.06182795698924726,0
0.0,-21.0,-30.800000000000004,-1.0,-67.40000000000003,0,10,7,3,-0.008403361344537785,1
0.5,-9.75,-5.5,-0.5,111.5,-2,0,-1,7,-0.06666666666666665,0
0,0,0,0,0,-1,0,-1,-2,-0.03977272727272729,0
0.2,21.0,9.200000000000003,1.2000000000000002,-18.799999999999997,0,0,6,1,0.07226107226107226,1
0,0,0,0,0,1,-10,-2,-1,0.012820512820512775,1
0,0,0,0,0,3,0,1,-2,0.13554987212276215,0
-0.09999999999999998,-6.200000000000003,-19.200000000000003,0.6,-112.1,2,15,3,-8,0.04645270270270274,1
0,0,0,0,0,-7,-10,-8,-1,0.04901960784313719,0
0,0,0,0,0,-5,-10,2,-3,-0.34615384615384615,1
0,0,0,0,0,1,0,6,-1,-0.02371541501976282,0
0,0,0,0,0,4,10,2,5,-0.023809523809523725,1
0,0,0,0,0,5,0,1,-6,-0.10555555555555551,1
0,0,0,0,0,-1,-10,-1,2,0.15652173913043477,1
0.19999999999999996,-8.2,-21.799999999999997,-1.6,-202.6,2,20,2,-11,-0.02231447846393353,0
0.6,-19.8,-34.4,-0.6,-27.6,2,20,4,-4,-0.02083333333333337,1
0.0,25.5,26.5,0.5,-12.5,-1,0,-3,1,-0.00836120401337792,1
-0.2,15.600000000000001,46.8,2.5999999999999996,186.8,-3,0,-1,-2,-0.062169312169312096,0
0.0,-5.399999999999999,8.0,-1.8000000000000003,90.19999999999999,0,0,0,5,-0.022058823529411797,1
0.6,-3.6000000000000014,-27.199999999999996,0.20000000000000018,-130.8,3,0,3,-8,0.0357142857142857,1
0.0,1.5,-11.5,2.0,123.5,1,0,1,-7,0.08225108225108224,1
0.2,5.399999999999999,1.0,-0.3999999999999999,-25.19999999999999,-2,20,-4,1,-0.04166666666666663,0
0.2,-1.6000000000000014,-8.799999999999997,2.2,-52.400000000000006,2,-15,1,1,0.04906643508467223,1
0.0,17.0,38.5,-4.5,-198.5,2,0,8,6,0.10291595197255576,1
-0.09999999999999998,-6.100000000000001,2.1000000000000014,1.0,-8.700000000000003,-3,0,0,0,-0.010457516339869355,0
0.0,4.5,15.5,0.5,-37.0,0,0,-4,3,0.03703703703703709,1
-0.20000000000000007,-17.800000000000004,38.39999999999999,2.1999999999999997,247.4,-3,2,0,2,0.12352941176470589,0
0.0,-45.1,-74.1,-2.6,-179.2,-2,-15,0,2,-0.14086021505376345,0
-0.5,62.5,77.0,2.5,360.5,-4,10,-1,-6,0.0,1
-1.0,24.0,43.0,0.0,-47.0,0,0,-1,-1,-0.032467532467532534,0
0.2,-18.1,-43.3,0.09999999999999998,-28.400000000000006,0,0,1,-2,-0.1842105263157895,1
0.0,-24.0,-42.0,-1.0,-34.0,-2,10,1,2,0.125,0
0.0,-71.0,-85.0,2.0,134.0,1,0,1,6,-0.02564102564102566,0
0.0,-21.5,-25.5,0.0,39.0,3,10,1,-7,-0.07051282051282048,1
0.2,23.0,58.0,-0.20000000000000018,253.60000000000002,-1,0,2,3,-0.03360215053763438,1
0.0,33.0,76.0,-1.0,-52.0,3,0,8,-10,-0.08333333333333337,1
-0.2,-0.20000000000000284,41.800000000000004,-0.7999999999999999,-20.0,-1,0,2,-2,-0.033333333333333326,0
0.0,-6.0,-37.0,-5.0,-451.0,0,-10,-2,9,-0.14967203339296353,0
0.6,9.200000000000003,12.400000000000006,-0.4,31.400000000000006,-2,-15,1,-5,-0.10902255639097747,1
0.41666666666666663,40.0,40.58333333333333,-0.6666666666666667,-54.25,3,0,6,-1,0.05517241379310345,0
